epoch,split,loss,action_mse,continuous_mse,gripper_mse,gripper_sign_accuracy,gripper_open_accuracy,gripper_close_accuracy,gripper_transition_f1,action_correlation,continuous_correlation,gripper_correlation,grad_norm,action_head_update_norm,pred_variance,target_variance,residual_dim0,pred_var_dim0,target_var_dim0,residual_dim1,pred_var_dim1,target_var_dim1,residual_dim2,pred_var_dim2,target_var_dim2,residual_dim3,pred_var_dim3,target_var_dim3,residual_dim4,pred_var_dim4,target_var_dim4,residual_dim5,pred_var_dim5,target_var_dim5,residual_dim6,pred_var_dim6,target_var_dim6
0,eval,,0.3317220211029053,0.16851182281970978,1.3109835386276245,0.6666666865348816,1.0,0.0,0.0,0.3435225486755371,0.32652747631073,0.7427524924278259,,,0.2724657952785492,0.2238403707742691,-0.4190797507762909,0.010068245232105255,0.10825035721063614,0.5079421997070312,0.0002764375531114638,0.06793993711471558,-0.30546435713768005,0.0026181861758232117,0.27903246879577637,0.08986195921897888,0.0006932580145075917,0.0010006166994571686,-0.19098339974880219,0.0012033458333462477,0.010592171922326088,0.09435456246137619,0.0031770269852131605,0.0008783875964581966,0.7226770520210266,0.005715543869882822,0.8888888955116272
1,eval,,0.1798233836889267,0.09014251083135605,0.7179086208343506,0.8229166865348816,1.0,0.46875,0.0,0.4659058451652527,0.34650176763534546,0.733613908290863,,,0.024678347632288933,0.2238403707742691,0.038373660296201706,0.014781685546040535,0.10825035721063614,-0.001338377594947815,0.0031302059069275856,0.06793993711471558,0.32142794132232666,0.002579094609245658,0.27903246879577637,-0.21175169944763184,0.0018234924646094441,0.0010006166994571686,0.1215854063630104,0.0006327680894173682,0.010592171922326088,0.03640938550233841,0.0023655525874346495,0.0008783875964581966,-0.13900484144687653,0.024000082165002823,0.8888888955116272
3,eval,,0.125763401389122,0.06045844778418541,0.5175932049751282,0.8854166865348816,1.0,0.65625,0.0,0.7331216335296631,0.6513338088989258,0.8538848757743835,,,0.04038694128394127,0.2238403707742691,0.06850460916757584,0.022498054429888725,0.10825035721063614,-0.12355420738458633,0.020741581916809082,0.06793993711471558,0.135098397731781,0.01253378577530384,0.27903246879577637,0.09406576305627823,0.0036278332117944956,0.0010006166994571686,0.04996746778488159,0.0017979384865611792,0.010592171922326088,-0.0036996223498135805,0.0010399330640211701,0.0008783875964581966,-0.005007866770029068,0.0778111144900322,0.8888888955116272
5,eval,,0.10284452140331268,0.06772640347480774,0.31355324387550354,0.9791666865348816,1.0,0.9375,0.6666666666666666,0.7405592203140259,0.6534369587898254,0.9226400256156921,,,0.1455589085817337,0.2238403707742691,-0.1876675933599472,0.040008820593357086,0.10825035721063614,0.19582392275333405,0.03406405448913574,0.06793993711471558,-0.2549872100353241,0.04567796364426613,0.27903246879577637,-0.020426621660590172,0.004963012412190437,0.0010006166994571686,-0.12680616974830627,0.00475070858374238,0.010592171922326088,0.023575009778141975,0.0012950170785188675,0.0008783875964581966,0.1732349395751953,0.23122355341911316,0.8888888955116272
6,eval,,0.06425575166940689,0.046179965138435364,0.17271043360233307,0.96875,0.96875,0.96875,0.6666666666666666,0.8460069894790649,0.7493097186088562,0.9287920594215393,,,0.14932434260845184,0.2238403707742691,0.09876885265111923,0.05813580006361008,0.10825035721063614,-0.02733798511326313,0.039309825748205185,0.06793993711471558,-0.15580621361732483,0.09279096871614456,0.27903246879577637,0.04986471310257912,0.00660471199080348,0.0010006166994571686,-0.0732608288526535,0.007686103228479624,0.010592171922326088,-0.07816498726606369,0.0012927049538120627,0.0008783875964581966,0.04032911732792854,0.4281291961669922,0.8888888955116272
7,eval,,0.05925159901380539,0.04581074416637421,0.1398967057466507,0.9583333134651184,0.953125,0.96875,0.0,0.8575597405433655,0.7361810803413391,0.9265390038490295,,,0.16853071749210358,0.2238403707742691,0.09065721184015274,0.07364093512296677,0.10825035721063614,-0.17433349788188934,0.03786155581474304,0.06793993711471558,0.11098960041999817,0.1761852502822876,0.27903246879577637,0.057767435908317566,0.00696601765230298,0.0010006166994571686,0.048060644418001175,0.0102216312661767,0.010592171922326088,-0.025292769074440002,0.0011111466446891427,0.0008783875964581966,-0.11850827932357788,0.7505280375480652,0.8888888955116272
9,eval,,0.054719965904951096,0.03606488183140755,0.1666504591703415,0.9583333134651184,0.953125,0.96875,0.0,0.8782927393913269,0.8064475655555725,0.9194379448890686,,,0.22562308609485626,0.2238403707742691,0.011943678371608257,0.077613465487957,0.10825035721063614,0.031022464856505394,0.047434959560632706,0.06793993711471558,0.10461198538541794,0.2801525890827179,0.27903246879577637,-0.10634919255971909,0.0011460903333500028,0.0010006166994571686,0.03923894837498665,0.004886331968009472,0.010592171922326088,0.033029746264219284,0.0008848499273881316,0.0008783875964581966,-0.08743041753768921,1.0275206565856934,0.8888888955116272
10,eval,,0.0481899119913578,0.0324796661734581,0.1424514502286911,0.9583333134651184,0.953125,0.96875,0.0,0.8929674625396729,0.8377532958984375,0.9187558889389038,,,0.2246299833059311,0.2238403707742691,0.06901037693023682,0.08267237991094589,0.10825035721063614,0.05551251396536827,0.05525403469800949,0.06793993711471558,-0.07490550726652145,0.22594033181667328,0.27903246879577637,-0.02302655577659607,0.0045635937713086605,0.0010006166994571686,-0.08188154548406601,0.004141070879995823,0.010592171922326088,-0.0597495399415493,0.0004895342281088233,0.0008783875964581966,0.018974781036376953,0.856696605682373,0.8888888955116272
12,eval,,0.04614536091685295,0.029462112113833427,0.1462448239326477,0.96875,0.96875,0.96875,0.6666666666666666,0.8914597034454346,0.8364782929420471,0.9231871962547302,,,0.16670170426368713,0.2238403707742691,-0.07513848692178726,0.08565937727689743,0.10825035721063614,-0.005923220422118902,0.05406571924686432,0.06793993711471558,-0.07907555252313614,0.14400142431259155,0.27903246879577637,0.056656140834093094,0.0035248876083642244,0.0010006166994571686,0.010420069098472595,0.004941181745380163,0.010592171922326088,0.04717416688799858,0.00040387737681157887,0.0008783875964581966,0.06735075265169144,0.5904737114906311,0.8888888955116272
13,eval,,0.04318708926439285,0.026852687820792198,0.1411934792995453,0.96875,0.96875,0.96875,0.6666666666666666,0.9033790230751038,0.8571897149085999,0.9249652624130249,,,0.15314409136772156,0.2238403707742691,0.008344002068042755,0.07950402796268463,0.10825035721063614,0.006261858623474836,0.046932950615882874,0.06793993711471558,0.053219228982925415,0.13413558900356293,0.27903246879577637,-0.03696534410119057,0.0013329021167010069,0.0010006166994571686,0.08284922689199448,0.0047978986985981464,0.010592171922326088,0.020759504288434982,0.0008993150549940765,0.0008783875964581966,0.05342038348317146,0.5964766144752502,0.8888888955116272
14,eval,,0.04083486273884773,0.02476007305085659,0.137283593416214,0.9583333134651184,0.953125,0.96875,0.0,0.9089665412902832,0.8704038858413696,0.9254084825515747,,,0.14915834367275238,0.2238403707742691,0.021414170041680336,0.0745084136724472,0.10825035721063614,-0.02246714197099209,0.04099561646580696,0.06793993711471558,0.08161851018667221,0.13524605333805084,0.27903246879577637,-0.04903356730937958,0.001101254834793508,0.0010006166994571686,0.03501360863447189,0.004366540350019932,0.010592171922326088,-0.0235366839915514,0.001146039110608399,0.0008783875964581966,-0.06928666681051254,0.6448830366134644,0.8888888955116272
15,eval,,0.03879588097333908,0.020867973566055298,0.1463633030653,0.9583333134651184,0.953125,0.96875,0.0,0.9133956432342529,0.8940617442131042,0.9260798692703247,,,0.16345606744289398,0.2238403707742691,-0.0015111044049263,0.07071095705032349,0.10825035721063614,-0.041709769517183304,0.03746373578906059,0.06793993711471558,0.01736213080585003,0.14521697163581848,0.27903246879577637,0.007621268276125193,0.0016553302993997931,0.0010006166994571686,-0.03196464478969574,0.00405315775424242,0.010592171922326088,-0.022583892568945885,0.0011936116497963667,0.0008783875964581966,-0.1404740959405899,0.747402548789978,0.8888888955116272
16,eval,,0.03435481712222099,0.019047442823648453,0.12619908154010773,0.96875,0.96875,0.96875,0.6666666666666666,0.9206845760345459,0.9020095467567444,0.9289677739143372,,,0.1952960044145584,0.2238403707742691,0.03744397684931755,0.07059783488512039,0.10825035721063614,-0.016097865998744965,0.03637780621647835,0.06793993711471558,0.04447023198008537,0.1680685132741928,0.27903246879577637,0.028885385021567345,0.00198937626555562,0.0010006166994571686,-0.012195654213428497,0.0039596958085894585,0.010592171922326088,-0.0120545020326972,0.0013637571828439832,0.0008783875964581966,0.03215615823864937,0.8721613883972168,0.8888888955116272
18,eval,,0.032311007380485535,0.017891613766551018,0.11882734298706055,0.96875,0.96875,0.96875,0.6666666666666666,0.925853967666626,0.9064593315124512,0.9318148493766785,,,0.202717125415802,0.2238403707742691,-0.0777926817536354,0.07434920221567154,0.10825035721063614,0.0026180576533079147,0.038761332631111145,0.06793993711471558,-0.08823730796575546,0.20552043616771698,0.27903246879577637,-0.01030469685792923,0.0016879672184586525,0.0010006166994571686,0.002883589593693614,0.005235383287072182,0.010592171922326088,0.04080870375037193,0.0003257385396864265,0.0008783875964581966,0.03131471946835518,0.8210462331771851,0.8888888955116272
19,eval,,0.029820669442415237,0.015455667860805988,0.1160106360912323,0.96875,0.96875,0.96875,0.6666666666666666,0.9313206076622009,0.9184623956680298,0.9330047965049744,,,0.19332978129386902,0.2238403707742691,0.0052877613343298435,0.08195450901985168,0.10825035721063614,0.0381673239171505,0.041897304356098175,0.06793993711471558,-0.0640144795179367,0.22001959383487701,0.27903246879577637,0.025533273816108704,0.001463975408114493,0.0010006166994571686,-0.0268179252743721,0.005840191151946783,0.010592171922326088,-0.03422372415661812,0.00044907533447258174,0.0008783875964581966,-0.0234724972397089,0.7413678765296936,0.8888888955116272
20,eval,,0.029389217495918274,0.014820060692727566,0.11680417507886887,0.96875,0.96875,0.96875,0.6666666666666666,0.9326955676078796,0.9212837219238281,0.9344896674156189,,,0.18387921154499054,0.2238403707742691,0.0571659617125988,0.09096071124076843,0.10825035721063614,-0.01106367539614439,0.045193541795015335,0.06793993711471558,0.0596512109041214,0.23497086763381958,0.27903246879577637,0.0007054650341160595,0.0014647451462224126,0.0010006166994571686,-0.008403081446886063,0.006550228223204613,0.010592171922326088,-0.05585527420043945,0.0006125373765826225,0.0008783875964581966,0.03347655013203621,0.682194709777832,0.8888888955116272
21,eval,,0.02853679656982422,0.013726240023970604,0.11740010976791382,0.96875,0.96875,0.96875,0.6666666666666666,0.9361823201179504,0.9275964498519897,0.9357673525810242,,,0.17124736309051514,0.2238403707742691,-0.02947239577770233,0.09760823100805283,0.10825035721063614,-0.06444556266069412,0.04679643362760544,0.06793993711471558,0.03589968755841255,0.24150170385837555,0.27903246879577637,-0.013397090137004852,0.0013620996614918113,0.0010006166994571686,0.023906076326966286,0.007756802719086409,0.010592171922326088,0.05227845907211304,0.0008740478660911322,0.0008783875964581966,-0.04399288818240166,0.6592797040939331,0.8888888955116272
22,eval,,0.02628464438021183,0.011655556038022041,0.11405915766954422,0.96875,0.96875,0.96875,0.6666666666666666,0.9401271343231201,0.9385994076728821,0.9368466138839722,,,0.18352888524532318,0.2238403707742691,-0.00876995176076889,0.10255374014377594,0.10825035721063614,-0.011651769280433655,0.04889421537518501,0.06793993711471558,-0.019522774964571,0.24487413465976715,0.27903246879577637,-0.0006179393385536969,0.001296592759899795,0.0010006166994571686,0.03395778313279152,0.009205181151628494,0.010592171922326088,0.03332791104912758,0.0009432805818505585,0.0008783875964581966,-0.05337100848555565,0.6946156620979309,0.8888888955116272
23,eval,,0.026149937883019447,0.011559282429516315,0.11369386315345764,0.96875,0.96875,0.96875,0.6666666666666666,0.9405016899108887,0.9397932291030884,0.9384095072746277,,,0.20867499709129333,0.2238403707742691,0.03984079509973526,0.10506859421730042,0.10825035721063614,0.03061431646347046,0.04928550869226456,0.06793993711471558,0.0049981228075921535,0.24583636224269867,0.27903246879577637,-0.0025308828335255384,0.0013975880574434996,0.0010006166994571686,-0.004545337054878473,0.009797868318855762,0.010592171922326088,-0.0635940358042717,0.0008877835352905095,0.0008783875964581966,0.08535414934158325,0.753125786781311,0.8888888955116272
24,eval,,0.02442500740289688,0.01079955231398344,0.10617774724960327,0.96875,0.96875,0.96875,0.6666666666666666,0.9444668889045715,0.9451611042022705,0.9392178654670715,,,0.21080859005451202,0.2238403707742691,-0.037123192101716995,0.10485266894102097,0.10825035721063614,0.013876162469387054,0.047260772436857224,0.06793993711471558,-0.05488675832748413,0.2413143366575241,0.27903246879577637,0.011744648218154907,0.001494375872425735,0.0010006166994571686,-0.0464182011783123,0.009614488109946251,0.010592171922326088,0.005273460876196623,0.0010061698267236352,0.0008783875964581966,0.03650778532028198,0.799184262752533,0.8888888955116272
25,eval,,0.02314426191151142,0.009583522565662861,0.10450867563486099,0.96875,0.96875,0.96875,0.6666666666666666,0.9470550417900085,0.9496962428092957,0.9398607611656189,,,0.20784150063991547,0.2238403707742691,-0.030857538804411888,0.10514761507511139,0.10825035721063614,0.0057548959739506245,0.04492536559700966,0.06793993711471558,-0.03340592235326767,0.24106556177139282,0.27903246879577637,0.008242461830377579,0.0014894502237439156,0.0010006166994571686,-0.006102669984102249,0.009215988218784332,0.010592171922326088,0.04427826404571533,0.0013415884459391236,0.0008783875964581966,-0.007644387427717447,0.8345007300376892,0.8888888955116272
27,eval,,0.021366288885474205,0.008038107305765152,0.10133538395166397,0.96875,0.96875,0.96875,0.6666666666666666,0.9512640833854675,0.958789050579071,0.9417315721511841,,,0.20056837797164917,0.2238403707742691,0.001092712045647204,0.10278861969709396,0.10825035721063614,-0.034948986023664474,0.04241488128900528,0.06793993711471558,0.013185047544538975,0.2410619854927063,0.27903246879577637,-0.0057336799800395966,0.0014049160527065396,0.0010006166994571686,0.0017275664722546935,0.00839006993919611,0.010592171922326088,-0.014197018928825855,0.0018353264313191175,0.0008783875964581966,-0.021701598539948463,0.8190572261810303,0.8888888955116272
28,eval,,0.021087178960442543,0.007905954495072365,0.10017452389001846,0.96875,0.96875,0.96875,0.6666666666666666,0.9521523118019104,0.9591590166091919,0.9426535964012146,,,0.20010073482990265,0.2238403707742691,-0.010983049869537354,0.10223941504955292,0.10825035721063614,-0.00645258417353034,0.04270171374082565,0.06793993711471558,-0.048980962485075,0.24049940705299377,0.27903246879577637,0.01266180444508791,0.0013291487703099847,0.0010006166994571686,-0.024489669129252434,0.008431955240666866,0.010592171922326088,0.02094479650259018,0.001561409211717546,0.0008783875964581966,-0.03373429551720619,0.78408282995224,0.8888888955116272
29,eval,,0.020999159663915634,0.007196158170700073,0.10381718724966049,0.9791666865348816,0.984375,0.96875,0.6666666666666666,0.9528064131736755,0.9629603028297424,0.9439560770988464,,,0.20211224257946014,0.2238403707742691,0.02148882858455181,0.10270753502845764,0.10825035721063614,0.02711285650730133,0.04380301758646965,0.06793993711471558,0.017083249986171722,0.24595917761325836,0.27903246879577637,0.0006725105340592563,0.001382131944410503,0.0010006166994571686,-0.0004326942435000092,0.008710445836186409,0.010592171922326088,-0.011211884208023548,0.0013216425431892276,0.0008783875964581966,0.07965176552534103,0.7479618787765503,0.8888888955116272
30,eval,,0.019596343860030174,0.006695756688714027,0.09699986129999161,0.96875,0.96875,0.96875,0.6666666666666666,0.9557239413261414,0.9653412103652954,0.944731593132019,,,0.19150206446647644,0.2238403707742691,-0.03211938589811325,0.1039709821343422,0.10825035721063614,0.012374193407595158,0.0441146194934845,0.06793993711471558,0.0037044044584035873,0.2527777850627899,0.27903246879577637,0.006626262795180082,0.001304966863244772,0.0010006166994571686,0.0027762062381953,0.009111016057431698,0.010592171922326088,0.00105956569314003,0.0009446280892007053,0.0008783875964581966,-0.003151625394821167,0.7269665002822876,0.8888888955116272
31,eval,,0.01934465393424034,0.006185578182339668,0.09829912334680557,0.96875,0.96875,0.96875,0.6666666666666666,0.956687331199646,0.968219518661499,0.9452555179595947,,,0.19281351566314697,0.2238403707742691,-0.00415465934202075,0.10515052825212479,0.10825035721063614,-0.028962507843971252,0.04349298030138016,0.06793993711471558,-0.002670788438990712,0.26015105843544006,0.27903246879577637,-0.005703930277377367,0.0011530767660588026,0.0010006166994571686,-0.006846562027931213,0.00909261591732502,0.010592171922326088,0.007103681098669767,0.0008364004315808415,0.0008783875964581966,-0.055630773305892944,0.7531747817993164,0.8888888955116272
33,eval,,0.01807749643921852,0.005507827270776033,0.09349548816680908,0.96875,0.96875,0.96875,0.6666666666666666,0.9587790966033936,0.9716630578041077,0.9461303949356079,,,0.20418429374694824,0.2238403707742691,-0.02719968557357788,0.101558618247509,0.10825035721063614,-0.002343465806916356,0.040726371109485626,0.06793993711471558,-0.010277651250362396,0.2606276869773865,0.27903246879577637,0.02499604970216751,0.0008574769017286599,0.0010006166994571686,0.007635781075805426,0.009236027486622334,0.010592171922326088,0.013385173864662647,0.0007127124699763954,0.0008783875964581966,-0.012817122042179108,0.8171354532241821,0.8888888955116272
35,eval,,0.01791531965136528,0.005028658080846071,0.09523531049489975,0.96875,0.96875,0.96875,0.6666666666666666,0.9593557119369507,0.9741555452346802,0.9471485018730164,,,0.21344751119613647,0.2238403707742691,0.025287656113505363,0.10013915598392487,0.10825035721063614,0.0048257820308208466,0.04324986785650253,0.06793993711471558,0.011814985424280167,0.25510352849960327,0.27903246879577637,-0.028639264404773712,0.0007408182718791068,0.0010006166994571686,-0.008944756351411343,0.009591758251190186,0.010592171922326088,-0.029593417420983315,0.0008492374909110367,0.0008783875964581966,0.05921259522438049,0.8261246681213379,0.8888888955116272
36,eval,,0.016702046617865562,0.004390811547636986,0.09056946635246277,0.96875,0.96875,0.96875,0.6666666666666666,0.9620518684387207,0.9777196645736694,0.9477101564407349,,,0.20204181969165802,0.2238403707742691,-0.009347678162157536,0.10202823579311371,0.10825035721063614,-0.01445699017494917,0.04584302008152008,0.06793993711471558,0.0039720539934933186,0.25825026631355286,0.27903246879577637,0.021045297384262085,0.0005805942928418517,0.0010006166994571686,0.0028362907469272614,0.010018543340265751,0.010592171922326088,0.003403664566576481,0.0009728086297400296,0.0008783875964581966,0.005599404219537973,0.7930896282196045,0.8888888955116272
37,eval,,0.01658892259001732,0.0041573550552129745,0.09117833524942398,0.96875,0.96875,0.96875,0.6666666666666666,0.9624554514884949,0.9788007736206055,0.9481421709060669,,,0.19853974878787994,0.2238403707742691,-0.006165593862533569,0.10398893058300018,0.10825035721063614,0.0018281787633895874,0.048359375447034836,0.06793993711471558,-0.008515271358191967,0.2633119821548462,0.27903246879577637,0.015598242171108723,0.0005895038484595716,0.0010006166994571686,0.011835966259241104,0.01026353519409895,0.010592171922326088,0.025557151064276695,0.000980268931016326,0.0008783875964581966,-0.03384941816329956,0.7721362113952637,0.8888888955116272
38,eval,,0.01647835038602352,0.004143855534493923,0.09048530459403992,0.9791666865348816,0.984375,0.96875,0.6666666666666666,0.9625729918479919,0.9785735011100769,0.9488178491592407,,,0.20322293043136597,0.2238403707742691,0.024394741281867027,0.10482451319694519,0.10825035721063614,0.007173703517764807,0.05105471611022949,0.06793993711471558,0.015191999264061451,0.26342135667800903,0.27903246879577637,-0.032193344086408615,0.000677881995216012,0.0010006166994571686,-0.0023938147351145744,0.010084530338644981,0.010592171922326088,-0.018668899312615395,0.0010115561308339238,0.0008783875964581966,0.033809561282396317,0.7542484998703003,0.8888888955116272
39,eval,,0.01594339683651924,0.003771617077291012,0.08897408097982407,0.9791666865348816,0.984375,0.96875,0.6666666666666666,0.9642506837844849,0.9810961484909058,0.9493697881698608,,,0.19803255796432495,0.2238403707742691,-0.03384212777018547,0.10569283366203308,0.10825035721063614,-0.0013008277164772153,0.051562704145908356,0.06793993711471558,-0.013023103587329388,0.26793357729911804,0.27903246879577637,0.007531203795224428,0.0007322683813981712,0.0010006166994571686,-0.01634964719414711,0.009825845248997211,0.010592171922326088,-0.004091597627848387,0.0008508579921908677,0.0008783875964581966,-0.008836309425532818,0.7412140369415283,0.8888888955116272
40,eval,,0.015558364801108837,0.003486356697976589,0.087990403175354,0.9791666865348816,0.984375,0.96875,0.6666666666666666,0.9647607803344727,0.9824374318122864,0.949533224105835,,,0.203314408659935,0.2238403707742691,0.011954612098634243,0.10629250854253769,0.10825035721063614,0.016280392184853554,0.051854975521564484,0.06793993711471558,-0.013006572611629963,0.2698890268802643,0.27903246879577637,0.021047480404376984,0.0007629160536453128,0.0010006166994571686,0.003960993606597185,0.00961610022932291,0.010592171922326088,0.014243192039430141,0.0006848937482573092,0.0008783875964581966,-0.016361307352781296,0.7724007368087769,0.8888888955116272
42,eval,,0.015014163218438625,0.003078724257647991,0.08662679046392441,0.9791666865348816,0.984375,0.96875,0.6666666666666666,0.9661837220191956,0.9843528270721436,0.9504472613334656,,,0.20083290338516235,0.2238403707742691,-0.02428976260125637,0.10631173104047775,0.10825035721063614,-0.0014766203239560127,0.052278678864240646,0.06793993711471558,-0.004094341769814491,0.26929017901420593,0.27903246879577637,0.0025374682154506445,0.0007077276823110878,0.0010006166994571686,-0.0019232431659474969,0.009235985577106476,0.010592171922326088,-0.0007751951925456524,0.000587938935495913,0.0008783875964581966,-0.019789882004261017,0.7710346579551697,0.8888888955116272
43,eval,,0.014924434013664722,0.0031384415924549103,0.08564037829637527,0.9791666865348816,0.984375,0.96875,0.6666666666666666,0.966164767742157,0.9841695427894592,0.9507954120635986,,,0.2060515433549881,0.2238403707742691,0.017147613689303398,0.10623668879270554,0.10825035721063614,0.031596243381500244,0.052317775785923004,0.06793993711471558,-0.01639336347579956,0.26901188492774963,0.27903246879577637,0.010975543409585953,0.0006068533984944224,0.0010006166994571686,-0.004585199523717165,0.008998049423098564,0.010592171922326088,0.006696324795484543,0.0006415334646590054,0.0008783875964581966,-0.011762768030166626,0.7797294855117798,0.8888888955116272
44,eval,,0.01461456622928381,0.0028623035177588463,0.08512815088033676,0.9791666865348816,0.984375,0.96875,0.6666666666666666,0.966887354850769,0.9857298135757446,0.951022744178772,,,0.20969641208648682,0.2238403707742691,-0.0008321520872414112,0.10574939846992493,0.10825035721063614,-0.022332554683089256,0.05299559608101845,0.06793993711471558,-0.015024293214082718,0.26994556188583374,0.27903246879577637,-0.009294617921113968,0.0004808235971722752,0.0010006166994571686,-0.003023819997906685,0.00900608953088522,0.010592171922326088,-0.00516823073849082,0.0007586081046611071,0.0008783875964581966,0.013777495361864567,0.8039121031761169,0.8888888955116272
45,eval,,0.014441929757595062,0.00269914697855711,0.08489862829446793,0.9791666865348816,0.984375,0.96875,0.6666666666666666,0.9672167897224426,0.9862558841705322,0.9511705040931702,,,0.21021056175231934,0.2238403707742691,-0.004273179452866316,0.10694137960672379,0.10825035721063614,-0.010178261436522007,0.05428127571940422,0.06793993711471558,0.018566999584436417,0.27275118231773376,0.27903246879577637,0.004598358180373907,0.0004306049377191812,0.0010006166994571686,0.009127531200647354,0.009399388916790485,0.010592171922326088,-0.009491981007158756,0.0007948566344566643,0.0008783875964581966,0.007789161056280136,0.8262590765953064,0.8888888955116272
48,eval,,0.014168600551784039,0.002494421321898699,0.08421367406845093,0.9791666865348816,0.984375,0.96875,0.6666666666666666,0.9681673049926758,0.987441897392273,0.952767550945282,,,0.1995103508234024,0.2238403707742691,0.006720416713505983,0.10663573443889618,0.10825035721063614,0.01592196710407734,0.05978699028491974,0.06793993711471558,-0.003452844684943557,0.2801918089389801,0.27903246879577637,0.025378433987498283,0.0006077065481804311,0.0010006166994571686,0.0009340786491520703,0.010856824927031994,0.010592171922326088,-0.008284862153232098,0.0007566233980469406,0.0008783875964581966,-0.010344513691961765,0.7262879014015198,0.8888888955116272
52,eval,,0.013905970379710197,0.0026258600410073996,0.08158663660287857,0.9791666865348816,0.984375,0.96875,0.6666666666666666,0.9685809016227722,0.986528217792511,0.953282356262207,,,0.21704252064228058,0.2238403707742691,-0.019383924081921577,0.10011507570743561,0.10825035721063614,0.018813610076904297,0.06113286316394806,0.06793993711471558,-0.0325288251042366,0.27272722125053406,0.27903246879577637,0.027165984734892845,0.0007618935196660459,0.0010006166994571686,-0.016728917136788368,0.010230625048279762,0.010592171922326088,0.018931450322270393,0.0009029401117004454,0.0008783875964581966,0.015863781794905663,0.8347480893135071,0.8888888955116272
55,eval,,0.013713771477341652,0.0025236227083951235,0.08085465431213379,0.9791666865348816,0.984375,0.96875,0.6666666666666666,0.9690515995025635,0.9871057868003845,0.9547334313392639,,,0.2038462907075882,0.2238403707742691,-0.009381200186908245,0.10606382042169571,0.10825035721063614,-0.04807160422205925,0.06518833339214325,0.06793993711471558,0.00988321378827095,0.27417126297950745,0.27903246879577637,0.02079341746866703,0.0005633915425278246,0.0010006166994571686,0.012504112906754017,0.009933259338140488,0.010592171922326088,0.012034110724925995,0.0013305559987202287,0.0008783875964581966,0.03682790324091911,0.7587289214134216,0.8888888955116272
57,eval,,0.013428214006125927,0.002520047128200531,0.07887723296880722,0.9791666865348816,0.984375,0.96875,0.6666666666666666,0.9695737957954407,0.9871246814727783,0.9551061987876892,,,0.21233241260051727,0.2238403707742691,0.011251457035541534,0.1044800654053688,0.10825035721063614,0.037474554032087326,0.06479191035032272,0.06793993711471558,0.01584365777671337,0.2756444811820984,0.27903246879577637,-0.03321855142712593,0.0007211262709461153,0.0010006166994571686,-0.010301901027560234,0.009817383252084255,0.010592171922326088,-0.026034921407699585,0.0007650891202501953,0.0008783875964581966,0.026901811361312866,0.7901649475097656,0.8888888955116272
58,eval,,0.013255441561341286,0.0023551902268081903,0.07865694910287857,0.9791666865348816,0.984375,0.96875,0.6666666666666666,0.9701484441757202,0.9882314205169678,0.955183207988739,,,0.2067195326089859,0.2238403707742691,-0.014611036516726017,0.10402857512235641,0.10825035721063614,-0.04859460890293121,0.06349672377109528,0.06793993711471558,0.011305385269224644,0.2755212187767029,0.27903246879577637,-0.00013655044313054532,0.0005452493787743151,0.0010006166994571686,0.013695205561816692,0.010211504064500332,0.010592171922326088,0.006284462288022041,0.0007934838067740202,0.0008783875964581966,-0.02741248719394207,0.8183323740959167,0.8888888955116272
60,eval,,0.012811425141990185,0.002103005535900593,0.07706194370985031,0.9791666865348816,0.984375,0.96875,0.6666666666666666,0.9709652066230774,0.9892387986183167,0.9557387232780457,,,0.2114688903093338,0.2238403707742691,-0.005808169022202492,0.10094919800758362,0.10825035721063614,0.023752368986606598,0.06162373721599579,0.06793993711471558,0.012552574276924133,0.2731909453868866,0.27903246879577637,-0.020371295511722565,0.0006861036526970565,0.0010006166994571686,-0.008238103240728378,0.010309788398444653,0.010592171922326088,-0.02123127691447735,0.0005861747195012867,0.0008783875964581966,0.010802567936480045,0.8119294047355652,0.8888888955116272
63,eval,,0.012354056350886822,0.0018161444459110498,0.07558152824640274,0.9791666865348816,0.984375,0.96875,0.6666666666666666,0.9721174240112305,0.9906942248344421,0.9567438364028931,,,0.20545707643032074,0.2238403707742691,-0.0036208536475896835,0.10423459857702255,0.10825035721063614,-0.002791446866467595,0.06420198827981949,0.06793993711471558,0.017638158053159714,0.2790938913822174,0.27903246879577637,0.003514018841087818,0.0005788958515040576,0.0010006166994571686,0.007157834712415934,0.010288114659488201,0.010592171922326088,-0.012114542536437511,0.0009648685809224844,0.0008783875964581966,-0.0019193608313798904,0.7806716561317444,0.8888888955116272
67,eval,,0.01226765476167202,0.001943441922776401,0.0742129385471344,0.9791666865348816,0.984375,0.96875,0.6666666666666666,0.972224235534668,0.9900252223014832,0.9573529362678528,,,0.20999452471733093,0.2238403707742691,0.015452578663825989,0.10252506285905838,0.10825035721063614,5.8613717555999756e-05,0.06415527313947678,0.06793993711471558,0.021306606009602547,0.2750205993652344,0.27903246879577637,-0.029595380648970604,0.0009382260614074767,0.0010006166994571686,-0.003465623827651143,0.009951883926987648,0.010592171922326088,-0.013020860962569714,0.0005880157696083188,0.0008783875964581966,-0.0021469127386808395,0.8096407651901245,0.8888888955116272
68,eval,,0.012117533013224602,0.0018106299685314298,0.07395895570516586,0.9791666865348816,0.984375,0.96875,0.6666666666666666,0.9728943109512329,0.9915140271186829,0.9575434327125549,,,0.21087858080863953,0.2238403707742691,0.02111230231821537,0.10196278989315033,0.10825035721063614,0.014165252447128296,0.06349363178014755,0.06793993711471558,0.008605439215898514,0.2755073308944702,0.27903246879577637,0.008074351586401463,0.0008713979041203856,0.0010006166994571686,0.011742482893168926,0.009932180866599083,0.010592171922326088,0.012220952659845352,0.0006302283727563918,0.0008783875964581966,0.008676799014210701,0.8101358413696289,0.8888888955116272
70,eval,,0.011930454522371292,0.0018094945698976517,0.07265620678663254,0.9791666865348816,0.984375,0.96875,0.6666666666666666,0.9729914665222168,0.9907534122467041,0.9583190083503723,,,0.21082989871501923,0.2238403707742691,0.01761259324848652,0.10152924060821533,0.10825035721063614,0.025240996852517128,0.06260167807340622,0.06793993711471558,-0.005189874209463596,0.27433428168296814,0.27903246879577637,-0.0069738030433654785,0.0005467587616294622,0.0010006166994571686,-0.013780147768557072,0.009567865170538425,0.010592171922326088,-0.008345379494130611,0.000882032560184598,0.0008783875964581966,-0.0010859029134735465,0.7984038591384888,0.8888888955116272
73,eval,,0.011672316119074821,0.0016040089540183544,0.07208216190338135,0.9791666865348816,0.984375,0.96875,0.6666666666666666,0.973702609539032,0.9918758273124695,0.959105372428894,,,0.21099403500556946,0.2238403707742691,0.0016109537100419402,0.10603409260511398,0.10825035721063614,0.01593717932701111,0.06534499675035477,0.06793993711471558,-0.0009813538054004312,0.2770277261734009,0.27903246879577637,0.008700416423380375,0.0005827515851706266,0.0010006166994571686,-0.0036570627707988024,0.01028409879654646,0.010592171922326088,0.004480491857975721,0.0008252286352217197,0.0008783875964581966,0.02460365556180477,0.7886735796928406,0.8888888955116272
74,eval,,0.011667894199490547,0.0016844801139086485,0.07156837731599808,0.9791666865348816,0.984375,0.96875,0.6666666666666666,0.9736362099647522,0.9915843605995178,0.9595662951469421,,,0.2084900289773941,0.2238403707742691,-0.004951611626893282,0.10583250969648361,0.10825035721063614,0.01697356067597866,0.06552615761756897,0.06793993711471558,-0.016693776473402977,0.28010815382003784,0.27903246879577637,-0.0018871505744755268,0.0007954231696203351,0.0010006166994571686,-0.016693739220499992,0.010598961263895035,0.010592171922326088,-0.003326510777696967,0.0006564671639353037,0.0008783875964581966,0.011678402312099934,0.762158989906311,0.8888888955116272
76,eval,,0.011469791643321514,0.0016581247327849269,0.07033979147672653,0.9791666865348816,0.984375,0.96875,0.6666666666666666,0.974198579788208,0.9916112422943115,0.9599047303199768,,,0.20673279464244843,0.2238403707742691,-0.00817535724490881,0.10433389991521835,0.10825035721063614,-0.009859788231551647,0.0647975280880928,0.06793993711471558,0.002185218036174774,0.2793521583080292,0.27903246879577637,0.02313579060137272,0.0007630132604390383,0.0010006166994571686,0.007851491682231426,0.010460255667567253,0.010592171922326088,0.014627802185714245,0.0007857453310862184,0.0008783875964581966,0.007999583147466183,0.7821819186210632,0.8888888955116272
77,eval,,0.011443578638136387,0.0015691205626353621,0.0706903263926506,0.9791666865348816,0.984375,0.96875,0.6666666666666666,0.97422194480896,0.9919640421867371,0.9600121378898621,,,0.2070520967245102,0.2238403707742691,0.005390611011534929,0.10317772626876831,0.10825035721063614,0.018124474212527275,0.06467661261558533,0.06793993711471558,-0.002825416624546051,0.27668315172195435,0.27903246879577637,-0.005139185115695,0.000825781375169754,0.0010006166994571686,-0.013522413559257984,0.010210218839347363,0.010592171922326088,-0.005141192581504583,0.0008109091431833804,0.0008783875964581966,-0.02593057043850422,0.7857193350791931,0.8888888955116272
80,eval,,0.011261800304055214,0.001550791086629033,0.06952785700559616,0.9791666865348816,0.984375,0.96875,0.6666666666666666,0.9746679663658142,0.992242157459259,0.9603373408317566,,,0.21924176812171936,0.2238403707742691,0.010342126712203026,0.10404334962368011,0.10825035721063614,-0.008297599852085114,0.06498269736766815,0.06793993711471558,-0.0013554011238738894,0.27953094244003296,0.27903246879577637,-0.02162010781466961,0.0007898110197857022,0.0010006166994571686,-0.0076624020002782345,0.01008619461208582,0.010592171922326088,-0.009168555028736591,0.0008396870689466596,0.0008783875964581966,0.011303916573524475,0.8507357239723206,0.8888888955116272
81,eval,,0.011117965914309025,0.0014690179377794266,0.06901165097951889,0.9791666865348816,0.984375,0.96875,0.6666666666666666,0.9748534560203552,0.9925801753997803,0.9608166813850403,,,0.21153020858764648,0.2238403707742691,-0.015240593813359737,0.10401447117328644,0.10825035721063614,0.0003700201923493296,0.06447523832321167,0.06793993711471558,0.0030042268335819244,0.27672234177589417,0.27903246879577637,-0.004480304662138224,0.000740992312785238,0.0010006166994571686,-0.00017903184925671667,0.010221974924206734,0.010592171922326088,-0.010955397970974445,0.0008033653139136732,0.0008783875964581966,0.024652579799294472,0.8017473220825195,0.8888888955116272
83,eval,,0.01100235152989626,0.0015174478758126497,0.0679117813706398,0.9791666865348816,0.984375,0.96875,0.6666666666666666,0.9753194451332092,0.9923102855682373,0.9615055918693542,,,0.20544956624507904,0.2238403707742691,0.008218049071729183,0.10549209266901016,0.10825035721063614,-0.015334446914494038,0.06349276751279831,0.06793993711471558,0.006993228103965521,0.27956923842430115,0.27903246879577637,-0.01819823868572712,0.0006935488781891763,0.0010006166994571686,1.5920784790068865e-05,0.010293695144355297,0.010592171922326088,-0.008981131948530674,0.0008622705936431885,0.0008783875964581966,-0.006149218883365393,0.7726613879203796,0.8888888955116272
84,eval,,0.010840102098882198,0.001432277844287455,0.06728704273700714,0.9791666865348816,0.984375,0.96875,0.6666666666666666,0.9755537509918213,0.9926676154136658,0.9616080522537231,,,0.2082798033952713,0.2238403707742691,-0.0048548090271651745,0.10629764944314957,0.10825035721063614,-0.002243690425530076,0.06410327553749084,0.06793993711471558,0.01549175102263689,0.2786305546760559,0.27903246879577637,-0.0048433830961585045,0.0006833277293480933,0.0010006166994571686,0.0025888781528919935,0.010130190290510654,0.010592171922326088,-0.002658524550497532,0.0009065390913747251,0.0008783875964581966,0.008483602665364742,0.7922777533531189,0.8888888955116272
92,eval,,0.010836862027645111,0.0014376253820955753,0.06723228842020035,0.9791666865348816,0.984375,0.96875,0.6666666666666666,0.9757310748100281,0.9927281737327576,0.962847113609314,,,0.2134818583726883,0.2238403707742691,0.0016154771437868476,0.10553470253944397,0.10825035721063614,-0.01521244551986456,0.06673570722341537,0.06793993711471558,0.02274485118687153,0.2802429497241974,0.27903246879577637,0.008196625858545303,0.0007725167670287192,0.0010006166994571686,0.005736781284213066,0.01022895984351635,0.010592171922326088,-9.175739251077175e-05,0.0007396975415758789,0.0008783875964581966,0.04832202196121216,0.8084704875946045,0.8888888955116272
99,eval,,0.01040742825716734,0.0013942350633442402,0.06448657810688019,0.9791666865348816,0.984375,0.96875,0.6666666666666666,0.976941704750061,0.9932079911231995,0.9636439085006714,,,0.22653043270111084,0.2238403707742691,0.007663836237043142,0.10804302990436554,0.10825035721063614,0.008237577974796295,0.06749934703111649,0.06793993711471558,-0.019000548869371414,0.28707343339920044,0.27903246879577637,0.015856849029660225,0.000986112398095429,0.0010006166994571686,0.006236185785382986,0.010269188322126865,0.010592171922326088,-0.0009693047613836825,0.0007164807175286114,0.0008783875964581966,0.00888455007225275,0.8823685646057129,0.8888888955116272
102,eval,,0.010348314419388771,0.0015386336017400026,0.06320639699697495,0.9791666865348816,0.984375,0.96875,0.6666666666666666,0.9767937660217285,0.9922171235084534,0.9644399881362915,,,0.2069556564092636,0.2238403707742691,0.018310345709323883,0.10418114811182022,0.10825035721063614,-0.014164703898131847,0.06450828164815903,0.06793993711471558,0.030365685001015663,0.2735045850276947,0.27903246879577637,-0.012778420932590961,0.0006291498430073261,0.0010006166994571686,0.01041962206363678,0.009674491360783577,0.010592171922326088,-0.018458494916558266,0.0010775955161079764,0.0008783875964581966,0.02320753037929535,0.7838084697723389,0.8888888955116272
103,eval,,0.010186840780079365,0.0014801498036831617,0.062426984310150146,0.9791666865348816,0.984375,0.96875,0.6666666666666666,0.9773310422897339,0.9927951097488403,0.9646012783050537,,,0.2047979086637497,0.2238403707742691,-0.03504117950797081,0.10723660886287689,0.10825035721063614,-0.005899479147046804,0.0648486390709877,0.06793993711471558,0.01927768997848034,0.2749153673648834,0.27903246879577637,-0.012506485916674137,0.0006342190899886191,0.0010006166994571686,-0.0015842104330658913,0.009626866318285465,0.010592171922326088,-0.0027912023942917585,0.0011246608337387443,0.0008783875964581966,-0.01404215395450592,0.7905406355857849,0.8888888955116272
105,eval,,0.010171438567340374,0.0015775322681292892,0.0617348812520504,0.9791666865348816,0.984375,0.96875,0.6666666666666666,0.9770824909210205,0.9921770095825195,0.9648910760879517,,,0.2101323902606964,0.2238403707742691,-0.04430549964308739,0.10933580994606018,0.10825035721063614,0.005833115428686142,0.06464268267154694,0.06793993711471558,0.012624088674783707,0.27676957845687866,0.27903246879577637,0.010883285664021969,0.0008208060753531754,0.0010006166994571686,-0.014377494342625141,0.009953024797141552,0.010592171922326088,-0.011316713877022266,0.0009024023311212659,0.0008783875964581966,0.014240299351513386,0.8012967109680176,0.8888888955116272
109,eval,,0.009844101965427399,0.0014110349584370852,0.06044250354170799,0.9791666865348816,0.984375,0.96875,0.6666666666666666,0.9778196811676025,0.9930452108383179,0.9654036164283752,,,0.2175542712211609,0.2238403707742691,0.023550599813461304,0.10456356406211853,0.10825035721063614,0.01428260374814272,0.06729492545127869,0.06793993711471558,-0.018428558483719826,0.2769148349761963,0.27903246879577637,-0.02450876496732235,0.0007506196270696819,0.0010006166994571686,-0.007793699856847525,0.009906665422022343,0.010592171922326088,-0.00864692684262991,0.0007570369052700698,0.0008783875964581966,-0.0005917505477555096,0.8262332081794739,0.8888888955116272
111,eval,,0.009707663208246231,0.001222986145876348,0.06061572954058647,0.9791666865348816,0.984375,0.96875,0.6666666666666666,0.9780852198600769,0.9938852787017822,0.9655737280845642,,,0.21530631184577942,0.2238403707742691,0.02315237559378147,0.10857889801263809,0.10825035721063614,-0.0007160207605920732,0.06600449234247208,0.06793993711471558,-0.012272867374122143,0.2801751494407654,0.27903246879577637,0.005042410455644131,0.0006423708400689065,0.0010006166994571686,-0.008491703309118748,0.009718738496303558,0.010592171922326088,0.0033306449186056852,0.0010149618610739708,0.0008783875964581966,-0.02160789631307125,0.8285027146339417,0.8888888955116272
113,eval,,0.009584779851138592,0.00116215948946774,0.06012050434947014,0.9791666865348816,0.984375,0.96875,0.6666666666666666,0.9783733487129211,0.9940502047538757,0.9656825065612793,,,0.21673552691936493,0.2238403707742691,0.0019403124460950494,0.10732953250408173,0.10825035721063614,-0.019713934510946274,0.0631679892539978,0.06793993711471558,0.007588200271129608,0.28094393014907837,0.27903246879577637,-0.0007419478497467935,0.0007788412040099502,0.0010006166994571686,0.009744818322360516,0.01045718789100647,0.010592171922326088,0.0025415231939405203,0.0008121010032482445,0.0008783875964581966,0.003635140834376216,0.8510125279426575,0.8888888955116272
118,eval,,0.009443654678761959,0.0012022866867482662,0.05889187380671501,0.9791666865348816,0.984375,0.96875,0.6666666666666666,0.9787297248840332,0.9939633011817932,0.9663742780685425,,,0.21880045533180237,0.2238403707742691,0.012117072008550167,0.10851705819368362,0.10825035721063614,-0.01641710475087166,0.06842131912708282,0.06793993711471558,-0.0003576545568648726,0.28991302847862244,0.27903246879577637,-0.01789461448788643,0.000746759760659188,0.0010006166994571686,0.01155371218919754,0.009824743494391441,0.010592171922326088,-0.003670165315270424,0.0008532209903933108,0.0008783875964581966,0.010314492508769035,0.8362624049186707,0.8888888955116272
120,eval,,0.00930680800229311,0.0010691960342228413,0.05873247981071472,0.9791666865348816,0.984375,0.96875,0.6666666666666666,0.9790242314338684,0.9946773648262024,0.9665037393569946,,,0.2168434113264084,0.2238403707742691,-0.011150241829454899,0.10706499218940735,0.10825035721063614,-0.0033195894211530685,0.06692187488079071,0.06793993711471558,0.005320655647665262,0.2716778814792633,0.27903246879577637,-0.006232056766748428,0.0007646125159226358,0.0010006166994571686,-0.0034922363702207804,0.009569376707077026,0.010592171922326088,-0.010266497731208801,0.0008531567291356623,0.0008783875964581966,0.008518743328750134,0.8494159579277039,0.8888888955116272
125,eval,,0.009239796549081802,0.0010661245323717594,0.05828182026743889,0.9791666865348816,0.984375,0.96875,0.6666666666666666,0.9792497158050537,0.9946346879005432,0.9672072529792786,,,0.22101794183254242,0.2238403707742691,0.0033011396881192923,0.10888105630874634,0.10825035721063614,-0.019717775285243988,0.06726042926311493,0.06793993711471558,0.005551615264266729,0.2842708230018616,0.27903246879577637,-0.0021896804682910442,0.0008285275544039905,0.0010006166994571686,-0.0026305748615413904,0.01021817047148943,0.010592171922326088,-0.010852399282157421,0.0008452904294244945,0.0008783875964581966,0.028662951663136482,0.8514763116836548,0.8888888955116272
127,eval,,0.00919367279857397,0.0011281585320830345,0.05758675932884216,0.9791666865348816,0.984375,0.96875,0.6666666666666666,0.9794383645057678,0.9943365454673767,0.9675213098526001,,,0.20910166203975677,0.2238403707742691,0.018911315128207207,0.10478530824184418,0.10825035721063614,-0.012619461864233017,0.06501932442188263,0.06793993711471558,-0.016069067642092705,0.27374202013015747,0.27903246879577637,-0.01417630910873413,0.0006656839395873249,0.0010006166994571686,-0.009856087155640125,0.009636289440095425,0.010592171922326088,0.00511196767911315,0.0009302348480559886,0.0008783875964581966,-0.018696175888180733,0.7944754362106323,0.8888888955116272
130,eval,,0.00905121024698019,0.0010712650837376714,0.05693087354302406,0.9791666865348816,0.984375,0.96875,0.6666666666666666,0.9795772433280945,0.994621217250824,0.9675383567810059,,,0.21523523330688477,0.2238403707742691,-0.011137078516185284,0.10780266672372818,0.10825035721063614,-0.0159310232847929,0.06850472092628479,0.06793993711471558,0.018842412158846855,0.277837336063385,0.27903246879577637,-0.0070460643619298935,0.0008226311183534563,0.0010006166994571686,-0.0005085052107460797,0.009951910935342312,0.010592171922326088,-0.004584079142659903,0.0008000505622476339,0.0008783875964581966,0.012004044838249683,0.8388997912406921,0.8888888955116272
147,eval,,0.008862070739269257,0.0012481046142056584,0.054545868188142776,0.9791666865348816,0.984375,0.96875,0.6666666666666666,0.9802820682525635,0.9939517974853516,0.9694162607192993,,,0.2250540405511856,0.2238403707742691,0.039243970066308975,0.10580240935087204,0.10825035721063614,0.0049992892891168594,0.06299930065870285,0.06793993711471558,-0.014508143067359924,0.28593340516090393,0.27903246879577637,-0.0069441720843315125,0.00082742067752406,0.0010006166994571686,-0.011184756644070148,0.010127645917236805,0.010592171922326088,-0.014012378640472889,0.0007846616790629923,0.0008783875964581966,-0.01872243359684944,0.8828157186508179,0.8888888955116272
151,eval,,0.008813785389065742,0.0014993022195994854,0.05270068719983101,0.9791666865348816,0.984375,0.96875,0.6666666666666666,0.9804137349128723,0.9927608370780945,0.9702728986740112,,,0.207681342959404,0.2238403707742691,-0.03853955864906311,0.1096315085887909,0.10825035721063614,-0.03741488605737686,0.06913979351520538,0.06793993711471558,-0.011795182712376118,0.2748340368270874,0.27903246879577637,0.0032724160701036453,0.000709380314219743,0.0010006166994571686,0.007135944906622171,0.010424149222671986,0.010592171922326088,0.023160433396697044,0.0007852498674765229,0.0008783875964581966,-0.0023032284807413816,0.7914362549781799,0.8888888955116272
153,eval,,0.008556828834116459,0.0011417509522289038,0.0530472956597805,0.9791666865348816,0.984375,0.96875,0.6666666666666666,0.9809185266494751,0.9943602681159973,0.9702489376068115,,,0.21497100591659546,0.2238403707742691,-0.03923647105693817,0.10580224543809891,0.10825035721063614,-0.00040170690044760704,0.0667009949684143,0.06793993711471558,0.0023067991714924574,0.28451603651046753,0.27903246879577637,0.005103548523038626,0.0008758385083638132,0.0010006166994571686,-0.008246427401900291,0.010349336080253124,0.010592171922326088,0.0017483135452494025,0.0006785840378142893,0.0008783875964581966,-0.029760949313640594,0.8507131934165955,0.8888888955116272
157,eval,,0.00818855594843626,0.0009992602281272411,0.051324326545000076,0.9791666865348816,0.984375,0.96875,0.6666666666666666,0.9816747903823853,0.9951468706130981,0.9709226489067078,,,0.21320414543151855,0.2238403707742691,0.012732303701341152,0.10659735649824142,0.10825035721063614,0.025574281811714172,0.063325434923172,0.06793993711471558,-0.007520162034779787,0.27438145875930786,0.27903246879577637,0.0021865733433514833,0.000911044015083462,0.0010006166994571686,0.007942820899188519,0.010332564823329449,0.010592171922326088,-0.0003686331619974226,0.0008849598816595972,0.0008783875964581966,0.010172675363719463,0.8076338171958923,0.8888888955116272
166,eval,,0.00808751117438078,0.0009760467801243067,0.050756294280290604,0.9791666865348816,0.984375,0.96875,0.6666666666666666,0.9818375706672668,0.9950768947601318,0.9712157845497131,,,0.2146293818950653,0.2238403707742691,-0.013669915497303009,0.10058621317148209,0.10825035721063614,-0.00960815604776144,0.06510109454393387,0.06793993711471558,-0.012909461744129658,0.2753007113933563,0.27903246879577637,0.015109866857528687,0.0009363678400404751,0.0010006166994571686,-0.009383976459503174,0.01089039072394371,0.010592171922326088,0.010233511216938496,0.0006939966115169227,0.0008783875964581966,-0.017360353842377663,0.8465222120285034,0.8888888955116272
171,eval,,0.007714768871665001,0.0008338252082467079,0.04900042712688446,0.9791666865348816,0.984375,0.96875,0.6666666666666666,0.9826800227165222,0.9958105683326721,0.9722155332565308,,,0.2122054398059845,0.2238403707742691,0.011335465125739574,0.10853475332260132,0.10825035721063614,0.008677772246301174,0.06488720327615738,0.06793993711471558,0.0022297424729913473,0.27888253331184387,0.27903246879577637,-0.010702433995902538,0.0007777128485031426,0.0010006166994571686,0.007032725494354963,0.009925946593284607,0.010592171922326088,0.004466935992240906,0.0008015026105567813,0.0008783875964581966,-0.0010950745781883597,0.809221625328064,0.8888888955116272
180,eval,,0.007532318588346243,0.0007958520436659455,0.047951117157936096,0.9791666865348816,0.984375,0.96875,0.6666666666666666,0.9830687642097473,0.9959193468093872,0.9728901982307434,,,0.21399633586406708,0.2238403707742691,0.013969715684652328,0.10607142001390457,0.10825035721063614,-0.004800063092261553,0.06642742455005646,0.06793993711471558,-0.010659858584403992,0.2682831883430481,0.27903246879577637,-0.003759254002943635,0.0007339117000810802,0.0010006166994571686,0.0015262578381225467,0.00979603175073862,0.010592171922326088,0.001361277885735035,0.0010090190917253494,0.0008783875964581966,-0.020114073529839516,0.8373697996139526,0.8888888955116272
187,eval,,0.0074369837529957294,0.0008535839733667672,0.04693738743662834,0.9791666865348816,0.984375,0.96875,0.6666666666666666,0.9832936525344849,0.9957088232040405,0.9737146496772766,,,0.212344691157341,0.2238403707742691,0.025315044447779655,0.10522385686635971,0.10825035721063614,0.0037980282213538885,0.06594033539295197,0.06793993711471558,-0.008422254584729671,0.2754790782928467,0.27903246879577637,-0.00654257507994771,0.0008917917148210108,0.0010006166994571686,0.006200332194566727,0.010173341259360313,0.010592171922326088,-0.0014576573157683015,0.0007843744824640453,0.0008783875964581966,-0.025439685210585594,0.8186711072921753,0.8888888955116272
190,eval,,0.007243870757520199,0.0008002713439054787,0.0459054671227932,0.9791666865348816,0.984375,0.96875,0.6666666666666666,0.9838196635246277,0.9959902167320251,0.9740906953811646,,,0.21045328676700592,0.2238403707742691,-0.014624054543673992,0.10633212327957153,0.10825035721063614,0.008961095474660397,0.06566450744867325,0.06793993711471558,0.012811742722988129,0.276090145111084,0.27903246879577637,-0.0014620083384215832,0.0007646172307431698,0.0010006166994571686,0.013508661650121212,0.010256526060402393,0.010592171922326088,-0.0018160942709073424,0.0007895860471762717,0.0008783875964581966,0.00853889063000679,0.8085448741912842,0.8888888955116272
191,eval,,0.007239015307277441,0.0008106371387839317,0.04580928757786751,0.9791666865348816,0.984375,0.96875,0.6666666666666666,0.9837940335273743,0.9958455562591553,0.9741606712341309,,,0.21065105497837067,0.2238403707742691,0.01796633005142212,0.10743716359138489,0.10825035721063614,-0.0150991752743721,0.06512060761451721,0.06793993711471558,-0.00044021662324666977,0.2735605239868164,0.27903246879577637,-0.006586154457181692,0.0008532448555342853,0.0010006166994571686,-0.003785692388191819,0.01046696025878191,0.010592171922326088,0.004197678063064814,0.0008469208260066807,0.0008783875964581966,-0.001704234047792852,0.8044694066047668,0.8888888955116272
196,eval,,0.007047771010547876,0.0006902116583660245,0.04519312456250191,0.9791666865348816,0.984375,0.96875,0.6666666666666666,0.9841897487640381,0.9965006113052368,0.9744593501091003,,,0.21803052723407745,0.2238403707742691,0.001990338321775198,0.10506395250558853,0.10825035721063614,-0.0007128340657800436,0.06748005747795105,0.06793993711471558,0.005912025924772024,0.27762413024902344,0.27903246879577637,5.004368722438812e-05,0.0009948082733899355,0.0010006166994571686,0.0019999893847852945,0.01017762627452612,0.010592171922326088,0.005981167312711477,0.0008348855772055686,0.0008783875964581966,0.01909026689827442,0.8472659587860107,0.8888888955116272
201,eval,,0.006945794448256493,0.0007390335667878389,0.04418635740876198,0.9791666865348816,0.984375,0.96875,0.6666666666666666,0.9844180345535278,0.9963157773017883,0.974855363368988,,,0.2156725376844406,0.2238403707742691,-0.020522424951195717,0.10981971025466919,0.10825035721063614,-0.0008838676731102169,0.06638244539499283,0.06793993711471558,-0.005564869847148657,0.27569395303726196,0.27903246879577637,0.003775165416300297,0.0008841104572638869,0.0010006166994571686,-0.0007385537610389292,0.010205840691924095,0.010592171922326088,-0.002896105172112584,0.0009041589801199734,0.0008783875964581966,-0.006394076626747847,0.8402592539787292,0.8888888955116272
204,eval,,0.006911906413733959,0.0006791639607399702,0.044308364391326904,0.9791666865348816,0.984375,0.96875,0.6666666666666666,0.9844644069671631,0.9965986013412476,0.975078284740448,,,0.22001716494560242,0.2238403707742691,-0.006744230631738901,0.10632922500371933,0.10825035721063614,-0.005856888834387064,0.06795715540647507,0.06793993711471558,-0.0037674959748983383,0.2789436876773834,0.27903246879577637,-0.008352606557309628,0.0010326351039111614,0.0010006166994571686,0.001238349825143814,0.010198135860264301,0.010592171922326088,-0.00041343006887473166,0.0008401418454013765,0.0008783875964581966,0.02336657978594303,0.850641667842865,0.8888888955116272
205,eval,,0.00682713882997632,0.000678845914080739,0.04371689632534981,0.9791666865348816,0.984375,0.96875,0.6666666666666666,0.9846740961074829,0.9965583086013794,0.9751660227775574,,,0.21937234699726105,0.2238403707742691,-0.0020639183931052685,0.10536111891269684,0.10825035721063614,0.010745130479335785,0.0680801197886467,0.06793993711471558,0.0022195654455572367,0.2816300392150879,0.27903246879577637,0.0038460800424218178,0.0010813067201524973,0.0010006166994571686,0.0001812712725950405,0.010442265309393406,0.010592171922326088,-0.0005772950826212764,0.0007395542925223708,0.0008783875964581966,0.010136100463569164,0.8519254326820374,0.8888888955116272
227,eval,,0.006715710740536451,0.0008559615816920996,0.041874200105667114,0.9791666865348816,0.984375,0.96875,0.6666666666666666,0.9850602746009827,0.9959834218025208,0.977057933807373,,,0.20943698287010193,0.2238403707742691,0.013306652195751667,0.10389751195907593,0.10825035721063614,0.012159571051597595,0.06379036605358124,0.06793993711471558,-0.014958211220800877,0.27756181359291077,0.27903246879577637,0.011092851869761944,0.0011785513488575816,0.0010006166994571686,0.009697937406599522,0.010660780593752861,0.010592171922326088,0.017707137390971184,0.0006961000617593527,0.0008783875964581966,-0.030893594026565552,0.8039839863777161,0.8888888955116272
231,eval,,0.006540448870509863,0.0008124879677779973,0.04090821370482445,0.9791666865348816,0.984375,0.96875,0.6666666666666666,0.9855334758758545,0.9958419799804688,0.9775895476341248,,,0.20792435109615326,0.2238403707742691,0.01465174276381731,0.10737918317317963,0.10825035721063614,0.004117006901651621,0.06740215420722961,0.06793993711471558,0.01734289899468422,0.27835533022880554,0.27903246879577637,-0.008225898258388042,0.001066546537913382,0.0010006166994571686,-0.002616090001538396,0.010911986231803894,0.010592171922326088,-0.018166659399867058,0.0009358301758766174,0.0008783875964581966,-0.022867431864142418,0.7924636602401733,0.8888888955116272
238,eval,,0.006443952675908804,0.0009668111451901495,0.039306800812482834,0.9895833134651184,1.0,0.96875,0.6666666666666666,0.9856873750686646,0.9951292276382446,0.9780459403991699,,,0.20915916562080383,0.2238403707742691,0.007636848837137222,0.10717561841011047,0.10825035721063614,-0.038332052528858185,0.0665721446275711,0.06793993711471558,0.007316610310226679,0.2749168574810028,0.27903246879577637,-0.01367051899433136,0.0009764630231074989,0.0010006166994571686,0.013884800486266613,0.01021309569478035,0.010592171922326088,0.011887178756296635,0.0008549922495149076,0.0008783875964581966,0.003904079319909215,0.8025165796279907,0.8888888955116272
242,eval,,0.006292812991887331,0.0007616074872203171,0.039480049163103104,0.9791666865348816,0.984375,0.96875,0.6666666666666666,0.9860723614692688,0.9966549277305603,0.9781908988952637,,,0.20951443910598755,0.2238403707742691,0.0009655708563514054,0.107167087495327,0.10825035721063614,0.012114264070987701,0.06663204729557037,0.06793993711471558,0.017087481915950775,0.2784785330295563,0.27903246879577637,0.012026148848235607,0.0009075148263946176,0.0010006166994571686,0.013525377959012985,0.01110108569264412,0.010592171922326088,0.0065930490382015705,0.0008313814178109169,0.0008783875964581966,-0.028332235291600227,0.8174293041229248,0.8888888955116272
246,eval,,0.006064461078494787,0.0007023371872492135,0.038237202912569046,0.9791666865348816,0.984375,0.96875,0.6666666666666666,0.986524760723114,0.996522068977356,0.9785809516906738,,,0.21159222722053528,0.2238403707742691,-0.008657408878207207,0.10709195584058762,0.10825035721063614,-0.008317532949149609,0.06902990490198135,0.06793993711471558,0.007866554893553257,0.28260675072669983,0.27903246879577637,-0.0036656688898801804,0.0008825291879475117,0.0010006166994571686,-0.004816655535250902,0.009616858325898647,0.010592171922326088,-0.011826488189399242,0.0011274884454905987,0.0008783875964581966,-0.006842710543423891,0.8096650838851929,0.8888888955116272
250,eval,,0.0059717511758208275,0.0008217438007704914,0.03687179461121559,0.9791666865348816,0.984375,0.96875,0.6666666666666666,0.9865947961807251,0.9961446523666382,0.9792484641075134,,,0.21655210852622986,0.2238403707742691,0.019726665690541267,0.10895390808582306,0.10825035721063614,0.020207108929753304,0.06682482361793518,0.06793993711471558,-0.018558047711849213,0.2742209732532501,0.27903246879577637,0.0049668257124722,0.0009485386544838548,0.0010006166994571686,-0.001821958925575018,0.010697025805711746,0.010592171922326088,0.011534432880580425,0.0008813790045678616,0.0008783875964581966,-0.015493406914174557,0.832057774066925,0.8888888955116272
252,eval,,0.005908324383199215,0.0007591859321109951,0.03680315613746643,0.9791666865348816,0.984375,0.96875,0.6666666666666666,0.9868685007095337,0.9965144991874695,0.9791814684867859,,,0.22107546031475067,0.2238403707742691,0.018104448914527893,0.10924991965293884,0.10825035721063614,0.009235554374754429,0.06672050803899765,0.06793993711471558,0.014527693390846252,0.2757476568222046,0.27903246879577637,-0.0008104389416985214,0.000853828911203891,0.0010006166994571686,0.007877050898969173,0.010901679284870625,0.010592171922326088,0.004503010306507349,0.0009485002374276519,0.0008783875964581966,-0.00039745555841363966,0.8770559430122375,0.8888888955116272
255,eval,,0.0058922371827065945,0.0007737183477729559,0.036603353917598724,0.9791666865348816,0.984375,0.96875,0.6666666666666666,0.9868212342262268,0.9960770606994629,0.9795817732810974,,,0.21950577199459076,0.2238403707742691,0.006347195710986853,0.1065276637673378,0.10825035721063614,-0.024757424369454384,0.06838127970695496,0.06793993711471558,-0.0010677020763978362,0.2890055179595947,0.27903246879577637,-0.008571807295084,0.0010403747437521815,0.0010006166994571686,0.005005503538995981,0.010389018803834915,0.010592171922326088,0.010462206788361073,0.000975702132564038,0.0008783875964581966,-0.02477608621120453,0.8674350380897522,0.8888888955116272
265,eval,,0.005751407705247402,0.0008185593178495765,0.035348501056432724,0.9895833134651184,1.0,0.96875,0.6666666666666666,0.9870780110359192,0.9958198070526123,0.9799301028251648,,,0.21858017146587372,0.2238403707742691,0.004757353570312262,0.10460960865020752,0.10825035721063614,-0.014654713682830334,0.06764378398656845,0.06793993711471558,0.014470886439085007,0.2834577262401581,0.27903246879577637,-0.0023531944025307894,0.0009984619682654738,0.0010006166994571686,0.010490410029888153,0.009831168688833714,0.010592171922326088,-0.02281518280506134,0.0010660067200660706,0.0008783875964581966,-0.003066426143050194,0.8613157868385315,0.8888888955116272
272,eval,,0.005405927076935768,0.0007052265573292971,0.033610131591558456,1.0,1.0,1.0,1.0,0.9879144430160522,0.9963951110839844,0.9812966585159302,,,0.21397079527378082,0.2238403707742691,-0.005505019333213568,0.11121655255556107,0.10825035721063614,-0.0177776999771595,0.06898857653141022,0.06793993711471558,0.008673795498907566,0.2771693766117096,0.27903246879577637,0.0010115740587934852,0.000992855173535645,0.0010006166994571686,0.01347552239894867,0.010385804809629917,0.010592171922326088,-0.001427029725164175,0.0010028278920799494,0.0008783875964581966,0.016785098239779472,0.8198453783988953,0.8888888955116272
282,eval,,0.005370916333049536,0.0006946914363652468,0.03342827036976814,1.0,1.0,1.0,1.0,0.9883948564529419,0.9966005086898804,0.9824451804161072,,,0.20547649264335632,0.2238403707742691,0.019898006692528725,0.10428085178136826,0.10825035721063614,0.004409192129969597,0.0647788867354393,0.06793993711471558,0.01555919274687767,0.2743602395057678,0.27903246879577637,-0.002890252275392413,0.0009808226022869349,0.0010006166994571686,0.001529852394014597,0.009972827509045601,0.010592171922326088,-0.0069546266458928585,0.0007780817104503512,0.0008783875964581966,-0.03490062430500984,0.7930611968040466,0.8888888955116272
283,eval,,0.005236031953245401,0.0008714782889001071,0.031423356384038925,1.0,1.0,1.0,1.0,0.98845374584198,0.9957084655761719,0.9825553894042969,,,0.21103493869304657,0.2238403707742691,0.00628766929730773,0.10863759368658066,0.10825035721063614,-0.020109685137867928,0.06973641365766525,0.06793993711471558,0.016529632732272148,0.28117403388023376,0.27903246879577637,-0.0015526408096775413,0.0009166818344965577,0.0010006166994571686,0.03175932541489601,0.009795764461159706,0.010592171922326088,0.0018003544537350535,0.0010094125755131245,0.0008783875964581966,0.0025603442918509245,0.8106999397277832,0.8888888955116272
286,eval,,0.005185998044908047,0.000763517920859158,0.031720876693725586,0.9895833134651184,0.984375,1.0,1.0,0.9887223243713379,0.9963806867599487,0.982507050037384,,,0.20740945637226105,0.2238403707742691,-0.00420788861811161,0.10484354197978973,0.10825035721063614,-0.01725859008729458,0.06616560369729996,0.06793993711471558,0.01553166564553976,0.27539312839508057,0.27903246879577637,0.003849857486784458,0.000979507458396256,0.0010006166994571686,0.01960022933781147,0.011054247617721558,0.010592171922326088,0.014309232123196125,0.0007401646580547094,0.0008783875964581966,-0.006776942405849695,0.8049545288085938,0.8888888955116272
287,eval,,0.005076190456748009,0.0006405340973287821,0.03169013187289238,0.9895833134651184,0.984375,1.0,1.0,0.9889273047447205,0.996818482875824,0.9827830195426941,,,0.2081654816865921,0.2238403707742691,0.00019711675122380257,0.10204973816871643,0.10825035721063614,-0.006240332033485174,0.06287772208452225,0.06793993711471558,0.001341572031378746,0.27849289774894714,0.27903246879577637,-0.0049568344838917255,0.00117002974729985,0.0010006166994571686,-0.011137393303215504,0.010390127077698708,0.010592171922326088,-0.0007348630460910499,0.0006520760944113135,0.0008783875964581966,-0.0020671964157372713,0.7920188903808594,0.8888888955116272
298,eval,,0.004831827245652676,0.0007476303726434708,0.02933700568974018,1.0,1.0,1.0,1.0,0.9893584847450256,0.996657133102417,0.983833372592926,,,0.2134784758090973,0.2238403707742691,-0.005745663773268461,0.10878575593233109,0.10825035721063614,-0.017994912341237068,0.06894812732934952,0.06793993711471558,-0.001749893301166594,0.28071632981300354,0.27903246879577637,-0.019249120727181435,0.0012173656141385436,0.0010006166994571686,-0.016450874507427216,0.010921366512775421,0.010592171922326088,0.002587200840935111,0.000734845467377454,0.0008783875964581966,0.005950517952442169,0.8089299201965332,0.8888888955116272
313,eval,,0.004760142415761948,0.0008014018530957401,0.028512587770819664,1.0,1.0,1.0,1.0,0.989565908908844,0.9959074258804321,0.9848939180374146,,,0.21037375926971436,0.2238403707742691,-0.011278539896011353,0.10417723655700684,0.10825035721063614,0.012894444167613983,0.06562526524066925,0.06793993711471558,-0.020182674750685692,0.26243820786476135,0.27903246879577637,0.02625587023794651,0.0010931346332654357,0.0010006166994571686,0.0007536393241025507,0.010283960960805416,0.010592171922326088,-0.003370741382241249,0.0008392163435928524,0.0008783875964581966,-0.03851684555411339,0.8265678286552429,0.8888888955116272
320,eval,,0.004681790713220835,0.000985932070761919,0.02685694210231304,1.0,1.0,1.0,1.0,0.9897497296333313,0.996268093585968,0.985114574432373,,,0.22223946452140808,0.2238403707742691,-0.03266063332557678,0.10804218053817749,0.10825035721063614,-0.025239860638976097,0.07225754112005234,0.06793993711471558,-0.02600318193435669,0.28132393956184387,0.27903246879577637,-0.010131347924470901,0.001123302849009633,0.0010006166994571686,0.003995979204773903,0.011072915978729725,0.010592171922326088,-0.005760467145591974,0.0007525546825490892,0.0008783875964581966,0.023567592725157738,0.8515903353691101,0.8888888955116272
321,eval,,0.004572566598653793,0.0007831314578652382,0.027309179306030273,1.0,1.0,1.0,1.0,0.9898980259895325,0.996708869934082,0.9857016205787659,,,0.2118636518716812,0.2238403707742691,0.01893051527440548,0.10274207592010498,0.10825035721063614,0.01470546517521143,0.06269444525241852,0.06793993711471558,0.020858585834503174,0.26809176802635193,0.27903246879577637,0.01018540933728218,0.0011354939779266715,0.0010006166994571686,-0.0015347510343417525,0.009869071654975414,0.010592171922326088,0.002025314373895526,0.00076189951505512,0.0008783875964581966,-0.04531087353825569,0.8556709289550781,0.8888888955116272
322,eval,,0.004452825523912907,0.0005759848863817751,0.027713865041732788,1.0,1.0,1.0,1.0,0.9901401996612549,0.9971276521682739,0.9853793382644653,,,0.21681912243366241,0.2238403707742691,0.005898568779230118,0.10611845552921295,0.10825035721063614,-0.0016891049453988671,0.06380215287208557,0.06793993711471558,0.004956430289894342,0.2712527811527252,0.27903246879577637,-0.0046468679793179035,0.0009090364910662174,0.0010006166994571686,0.0009594039875082672,0.009408167563378811,0.010592171922326088,0.00463272025808692,0.0008537191315554082,0.0008783875964581966,0.040618713945150375,0.8332928419113159,0.8888888955116272
323,eval,,0.004159328527748585,0.000671285146381706,0.025087589398026466,1.0,1.0,1.0,1.0,0.9907758235931396,0.9969236254692078,0.9857980012893677,,,0.2216261923313141,0.2238403707742691,-0.0232650488615036,0.10775574296712875,0.10825035721063614,-0.005090035498142242,0.06685151904821396,0.06793993711471558,-0.017373885959386826,0.27918827533721924,0.27903246879577637,0.0019028354436159134,0.0008016800857149065,0.0010006166994571686,0.001003223704174161,0.010401497595012188,0.010592171922326088,-0.007719384040683508,0.0007675227825529873,0.0008783875964581966,0.003723758039996028,0.8678855299949646,0.8888888955116272
326,eval,,0.0040098559111356735,0.000630419934168458,0.02428647316992283,1.0,1.0,1.0,1.0,0.9911065697669983,0.9969847202301025,0.9862841963768005,,,0.21591819822788239,0.2238403707742691,0.00621294230222702,0.10589199513196945,0.10825035721063614,0.021235940977931023,0.06621953099966049,0.06793993711471558,0.010993166826665401,0.2656962275505066,0.27903246879577637,0.003527330933138728,0.0011772220022976398,0.0010006166994571686,-0.008081370033323765,0.010299881920218468,0.010592171922326088,0.0016229810426011682,0.000850189127959311,0.0008783875964581966,0.001580535783432424,0.8494530320167542,0.8888888955116272
330,eval,,0.003991136327385902,0.000572919612750411,0.024500438943505287,0.9895833134651184,0.984375,1.0,1.0,0.9913325309753418,0.9972814321517944,0.986667275428772,,,0.21428470313549042,0.2238403707742691,-0.015421743504703045,0.10806624591350555,0.10825035721063614,-0.013351687230169773,0.06764478981494904,0.06793993711471558,-0.007594246417284012,0.27699774503707886,0.27903246879577637,0.0034423917531967163,0.001168999937362969,0.0010006166994571686,0.0010033283615484834,0.010915234684944153,0.010592171922326088,-0.00682758679613471,0.0008699762402102351,0.0008783875964581966,-0.027799159288406372,0.8403467535972595,0.8888888955116272
333,eval,,0.003876788541674614,0.000560057524126023,0.023777173832058907,1.0,1.0,1.0,1.0,0.991323709487915,0.9971545934677124,0.9870712757110596,,,0.22118167579174042,0.2238403707742691,-0.007175062317401171,0.10927417874336243,0.10825035721063614,-0.008990972302854061,0.06775277853012085,0.06793993711471558,0.0158988106995821,0.28284338116645813,0.27903246879577637,-0.007213324774056673,0.0009432529914192855,0.0010006166994571686,-0.002918807091191411,0.010433932766318321,0.010592171922326088,-0.0006473407265730202,0.0008994679083116353,0.0008783875964581966,0.030464261770248413,0.8593667149543762,0.8888888955116272
335,eval,,0.0037326784804463387,0.0004993870388716459,0.023132428526878357,1.0,1.0,1.0,1.0,0.9917542338371277,0.9974783062934875,0.9873349070549011,,,0.2154207080602646,0.2238403707742691,0.0029480059165507555,0.10695935785770416,0.10825035721063614,-0.0024683817755430937,0.06773770600557327,0.06793993711471558,-0.009236318990588188,0.2760893404483795,0.27903246879577637,0.002767472295090556,0.0011470499448478222,0.0010006166994571686,-0.005624828860163689,0.010409715585410595,0.010592171922326088,-0.003398302011191845,0.0008255775319412351,0.0008783875964581966,-0.02363673597574234,0.8403416872024536,0.8888888955116272
346,eval,,0.003561751451343298,0.0005676888395100832,0.02152613364160061,1.0,1.0,1.0,1.0,0.9920580387115479,0.9971882104873657,0.9879665970802307,,,0.22431187331676483,0.2238403707742691,-0.010585433803498745,0.11174044758081436,0.10825035721063614,-0.014680535532534122,0.0708511546254158,0.06793993711471558,0.0008571278303861618,0.2823854684829712,0.27903246879577637,0.006362190004438162,0.0008732430287636817,0.0010006166994571686,0.00023021106608211994,0.009928219020366669,0.010592171922326088,-0.007438851520419121,0.0009389190818183124,0.0008783875964581966,0.01480341237038374,0.8798689842224121,0.8888888955116272
348,eval,,0.0035616804379969835,0.0006281367386691272,0.02116294763982296,1.0,1.0,1.0,1.0,0.9923632144927979,0.9969503879547119,0.9886777997016907,,,0.20932938158512115,0.2238403707742691,-0.024017730727791786,0.10626604408025742,0.10825035721063614,-0.010163319297134876,0.06744857877492905,0.06793993711471558,0.001746316091157496,0.27333036065101624,0.27903246879577637,0.0033270774874836206,0.000994154834188521,0.0010006166994571686,0.004711675923317671,0.010506768710911274,0.010592171922326088,0.0025665401481091976,0.0007777424762025476,0.0008783875964581966,-0.0027609255630522966,0.8070447444915771,0.8888888955116272
350,eval,,0.0035189311020076275,0.0007024580263532698,0.020417770370841026,1.0,1.0,1.0,1.0,0.9922420382499695,0.9966112375259399,0.9885827302932739,,,0.22652986645698547,0.2238403707742691,-0.03163980692625046,0.11183090507984161,0.10825035721063614,0.001763736829161644,0.06802301108837128,0.06793993711471558,-0.013408643193542957,0.28299930691719055,0.27903246879577637,0.006802331656217575,0.001070172875188291,0.0010006166994571686,-0.002886885777115822,0.010919099673628807,0.010592171922326088,0.0039059880655258894,0.0007954948814585805,0.0008783875964581966,0.006615770980715752,0.8947883248329163,0.8888888955116272
351,eval,,0.0033252618741244078,0.0005399524234235287,0.020037120208144188,1.0,1.0,1.0,1.0,0.9925640821456909,0.9972810745239258,0.9887703061103821,,,0.2232103943824768,0.2238403707742691,0.004979092627763748,0.11148328334093094,0.10825035721063614,-0.003937010187655687,0.0697152316570282,0.06793993711471558,0.0029406214598566294,0.2734353542327881,0.27903246879577637,-0.006936309393495321,0.0010577688226476312,0.0010006166994571686,-0.008552628569304943,0.010687055997550488,0.010592171922326088,-0.00645110197365284,0.0009673858294263482,0.0008783875964581966,0.013169948942959309,0.875422477722168,0.8888888955116272
356,eval,,0.003285164711996913,0.0005906657897867262,0.019452160224318504,1.0,1.0,1.0,1.0,0.9926700592041016,0.9970155954360962,0.9891366362571716,,,0.21848121285438538,0.2238403707742691,0.006503341719508171,0.10943387448787689,0.10825035721063614,0.01635637693107128,0.06565821915864944,0.06793993711471558,0.01635621301829815,0.2814119756221771,0.27903246879577637,-0.00513383187353611,0.0009652162552811205,0.0010006166994571686,-0.008806471712887287,0.01108752191066742,0.010592171922326088,-0.010784580372273922,0.0008961406419984996,0.0008783875964581966,0.008387594483792782,0.8452374339103699,0.8888888955116272
358,eval,,0.0031190323643386364,0.0004900617059320211,0.01889285445213318,1.0,1.0,1.0,1.0,0.9930770397186279,0.9976126551628113,0.9894008040428162,,,0.2194702923297882,0.2238403707742691,0.0019188789883628488,0.10947532206773758,0.10825035721063614,0.0020763485226780176,0.06766929477453232,0.06793993711471558,0.013314586132764816,0.2721613645553589,0.27903246879577637,0.002700954442843795,0.0010706710163503885,0.0010006166994571686,0.000809044751804322,0.010086639784276485,0.010592171922326088,0.0045664687640964985,0.0007732236408628523,0.0008783875964581966,0.012035630643367767,0.8660591840744019,0.8888888955116272
359,eval,,0.0031039416790008545,0.0004709645581897348,0.018901804462075233,1.0,1.0,1.0,1.0,0.9930655360221863,0.9976295232772827,0.9894177317619324,,,0.2178255021572113,0.2238403707742691,-6.430313078453764e-05,0.10684279352426529,0.10825035721063614,9.762045374372974e-05,0.06709783524274826,0.06793993711471558,-0.002976669929921627,0.2702903747558594,0.27903246879577637,-0.00503559922799468,0.0010887335520237684,0.0010006166994571686,0.00027849196339957416,0.009929271414875984,0.010592171922326088,-0.005831459537148476,0.000831815879791975,0.0008783875964581966,0.008571254089474678,0.8502810001373291,0.8888888955116272
379,eval,,0.002987547544762492,0.0007165960851125419,0.01661325804889202,1.0,1.0,1.0,1.0,0.9933866858482361,0.9965160489082336,0.9906533360481262,,,0.22643756866455078,0.2238403707742691,0.0249974075704813,0.10500861704349518,0.10825035721063614,-0.002427511615678668,0.06557146459817886,0.06793993711471558,-0.018509235233068466,0.28117847442626953,0.27903246879577637,0.010613608174026012,0.0013639430981129408,0.0010006166994571686,-0.019343301653862,0.011737975291907787,0.010592171922326088,-0.0049617597833275795,0.0009424839518032968,0.0008783875964581966,-0.0008365524117834866,0.8884897232055664,0.8888888955116272
386,eval,,0.0027692699804902077,0.0005104421870782971,0.016322234645485878,1.0,1.0,1.0,1.0,0.9939525723457336,0.9974625110626221,0.9912222027778625,,,0.21577927470207214,0.2238403707742691,0.0035782449413090944,0.10192351788282394,0.10825035721063614,-0.0034789256751537323,0.06836024671792984,0.06793993711471558,-0.010290057398378849,0.2820188105106354,0.27903246879577637,-0.012500186450779438,0.0010472557041794062,0.0010006166994571686,0.008692651055753231,0.010523798875510693,0.010592171922326088,-0.007623143028467894,0.001069377874955535,0.0008783875964581966,-0.021068697795271873,0.8391351103782654,0.8888888955116272
397,eval,,0.00268828053958714,0.0006166842067614198,0.015117858536541462,1.0,1.0,1.0,1.0,0.9940048456192017,0.9969367384910583,0.991597592830658,,,0.2243177592754364,0.2238403707742691,0.024833068251609802,0.11351116001605988,0.10825035721063614,0.0005703351926058531,0.06528033316135406,0.06793993711471558,-0.0003753369674086571,0.2756699025630951,0.27903246879577637,-0.013972491025924683,0.0010010296246036887,0.0010006166994571686,0.00047322179307229817,0.010139682330191135,0.010592171922326088,0.007958020083606243,0.0007433978607878089,0.0008783875964581966,-0.011861249804496765,0.8930081129074097,0.8888888955116272
400,eval,,0.0026738580781966448,0.0005220042075961828,0.015584980137646198,1.0,1.0,1.0,1.0,0.9942588210105896,0.9973503351211548,0.9917944669723511,,,0.2114977240562439,0.2238403707742691,-0.014562702737748623,0.10464665293693542,0.10825035721063614,-0.006968940142542124,0.06720715016126633,0.06793993711471558,0.0018344972049817443,0.2805929481983185,0.27903246879577637,0.01093871146440506,0.0010897545143961906,0.0010006166994571686,0.015499085187911987,0.011120245791971684,0.010592171922326088,-4.0192662709159777e-05,0.000906364934053272,0.0008783875964581966,-0.0020438760984688997,0.8147215247154236,0.8888888955116272
404,eval,,0.0026251536328345537,0.00048043212154880166,0.0154934823513031,1.0,1.0,1.0,1.0,0.9944150447845459,0.9975967407226562,0.9920017719268799,,,0.21247395873069763,0.2238403707742691,0.002521565416827798,0.10350756347179413,0.10825035721063614,0.003488946007564664,0.06569325178861618,0.06793993711471558,-0.0011975351953878999,0.2708922028541565,0.27903246879577637,-0.003665689378976822,0.0009437329135835171,0.0010006166994571686,-0.01739085465669632,0.010699659585952759,0.010592171922326088,0.0008601276203989983,0.0008948586764745414,0.0008783875964581966,-0.029477747157216072,0.8349670767784119,0.8888888955116272
405,eval,,0.002522099995985627,0.00046490199747495353,0.014865287579596043,1.0,1.0,1.0,1.0,0.994482159614563,0.9976475834846497,0.9919826984405518,,,0.21450161933898926,0.2238403707742691,-0.0006283428519964218,0.10618938505649567,0.10825035721063614,0.009274167008697987,0.06683114171028137,0.06793993711471558,-0.004001278895884752,0.2746993899345398,0.27903246879577637,0.0025596453342586756,0.0010774316033348441,0.0010006166994571686,0.013550684787333012,0.011585233733057976,0.010592171922326088,-0.006170155946165323,0.0006694456096738577,0.0008783875964581966,7.437542080879211e-05,0.8269652128219604,0.8888888955116272
407,eval,,0.002489721169695258,0.000461923104012385,0.014656510204076767,1.0,1.0,1.0,1.0,0.9945442080497742,0.9976914525032043,0.9919120073318481,,,0.22787204384803772,0.2238403707742691,0.001883369404822588,0.10825211554765701,0.10825035721063614,0.011687424965202808,0.0681505799293518,0.06793993711471558,0.003831928363069892,0.2838837206363678,0.27903246879577637,0.005271510686725378,0.001106448587961495,0.0010006166994571686,-0.003157638246193528,0.009770791977643967,0.010592171922326088,-0.007977466098964214,0.0010443052742630243,0.0008783875964581966,0.007394872605800629,0.9062166213989258,0.8888888955116272
408,eval,,0.002477981150150299,0.00045019175740890205,0.014644715934991837,1.0,1.0,1.0,1.0,0.9945805072784424,0.9977442622184753,0.992138147354126,,,0.21724160015583038,0.2238403707742691,-0.003415192710235715,0.10492675006389618,0.10825035721063614,-0.006440972909331322,0.06607302278280258,0.06793993711471558,-0.01117671374231577,0.2743840515613556,0.27903246879577637,-0.00425244914367795,0.0010467931861057878,0.0010006166994571686,0.0020213534589856863,0.010394745506346226,0.010592171922326088,0.006006231065839529,0.001039951341226697,0.0008783875964581966,-0.026099346578121185,0.862912654876709,0.8888888955116272
437,eval,,0.0022319352719932795,0.0005678763845935464,0.012216288596391678,1.0,1.0,1.0,1.0,0.9951023459434509,0.9974222183227539,0.9931124448776245,,,0.22645628452301025,0.2238403707742691,0.005863213445991278,0.10483613610267639,0.10825035721063614,0.007599063217639923,0.06992363184690475,0.06793993711471558,-0.01985771395266056,0.2850220799446106,0.27903246879577637,-0.0027922571171075106,0.0007550043519586325,0.0010006166994571686,-0.003425427945330739,0.010049340315163136,0.010592171922326088,-0.018412066623568535,0.0009218348423019052,0.0008783875964581966,0.0005724833463318646,0.8835857510566711,0.8888888955116272
438,eval,,0.002203195821493864,0.0005050420295447111,0.012392118573188782,1.0,1.0,1.0,1.0,0.9950679540634155,0.9975103735923767,0.9932470917701721,,,0.2220398634672165,0.2238403707742691,-0.016391893848776817,0.10717104375362396,0.10825035721063614,-0.004956889431923628,0.06803832203149796,0.06793993711471558,-0.010519757866859436,0.2740631103515625,0.27903246879577637,0.0009023093734867871,0.0009846367174759507,0.0010006166994571686,-0.005651688203215599,0.009984537959098816,0.010592171922326088,0.011686771176755428,0.0007463599904440343,0.0008783875964581966,0.020366832613945007,0.870290994644165,0.8888888955116272
441,eval,,0.0021280329674482346,0.00047396981972269714,0.012052410282194614,1.0,1.0,1.0,1.0,0.995305061340332,0.9977110028266907,0.9934054017066956,,,0.21845966577529907,0.2238403707742691,-0.010869980789721012,0.11319953203201294,0.10825035721063614,-0.0011642595054581761,0.06591679900884628,0.06793993711471558,-0.01034409087151289,0.28230398893356323,0.27903246879577637,0.004243347328156233,0.0009075272246263921,0.0010006166994571686,-0.01333229523152113,0.011159866116940975,0.010592171922326088,0.005908293183892965,0.0008326885290443897,0.0008783875964581966,-0.004787821788340807,0.8427838683128357,0.8888888955116272
473,eval,,0.0017820660723373294,0.00043668525177054107,0.009854350239038467,1.0,1.0,1.0,1.0,0.9960318803787231,0.9977670907974243,0.9945364594459534,,,0.2199801355600357,0.2238403707742691,-0.01039548497647047,0.1131533682346344,0.10825035721063614,-0.002654547803103924,0.06571381539106369,0.06793993711471558,0.0018584466306492686,0.27761730551719666,0.27903246879577637,0.004659164696931839,0.0012433514930307865,0.0010006166994571686,-0.0012904800241813064,0.010458113625645638,0.010592171922326088,0.013162251561880112,0.0009004801395349205,0.0008783875964581966,0.00889782328158617,0.8616393804550171,0.8888888955116272
497,eval,,0.0016658813692629337,0.0004493385786190629,0.008965138345956802,1.0,1.0,1.0,1.0,0.996321976184845,0.9977307319641113,0.9950165152549744,,,0.21779923141002655,0.2238403707742691,-0.01649671606719494,0.1053750067949295,0.10825035721063614,0.008370676077902317,0.06526809930801392,0.06793993711471558,0.0016542120138183236,0.27681267261505127,0.27903246879577637,0.008044923655688763,0.001243285252712667,0.0010006166994571686,0.01448210421949625,0.010794228874146938,0.010592171922326088,-0.007913363166153431,0.0008907619048841298,0.0008783875964581966,-0.004155058413743973,0.8604601621627808,0.8888888955116272
499,eval,,0.0016485998639836907,0.00047723777242936194,0.008676773868501186,1.0,1.0,1.0,1.0,0.9963698387145996,0.9979894757270813,0.9953480362892151,,,0.22144345939159393,0.2238403707742691,0.01922837644815445,0.10664153099060059,0.10825035721063614,-0.005737849976867437,0.06638884544372559,0.06793993711471558,0.009092913940548897,0.27857425808906555,0.27903246879577637,0.019680095836520195,0.0011356434551998973,0.0010006166994571686,0.010578684508800507,0.010407409630715847,0.010592171922326088,0.002384645864367485,0.00104255392216146,0.0008783875964581966,-0.019801022484898567,0.8915696144104004,0.8888888955116272
500,eval,,0.0015407955506816506,0.0003559688339009881,0.008649755269289017,1.0,1.0,1.0,1.0,0.9966230392456055,0.9982019066810608,0.995472252368927,,,0.2171647995710373,0.2238403707742691,-0.009820801205933094,0.11126930266618729,0.10825035721063614,0.001870912965387106,0.06654053181409836,0.06793993711471558,0.0002880576066672802,0.2715874910354614,0.27903246879577637,-0.003909270279109478,0.0010443717474117875,0.0010006166994571686,0.0069745429791510105,0.009989611804485321,0.010592171922326088,-0.0021211032290011644,0.0008519699913449585,0.0008783875964581966,0.014090866781771183,0.8428154587745667,0.8888888955116272
501,eval,,0.0015261070802807808,0.0004546147247310728,0.007955060340464115,1.0,1.0,1.0,1.0,0.9967042207717896,0.9978897571563721,0.9956068396568298,,,0.22121764719486237,0.2238403707742691,0.0013917094329372048,0.10767991840839386,0.10825035721063614,0.005529147107154131,0.06715661287307739,0.06793993711471558,-0.012377187609672546,0.27270862460136414,0.27903246879577637,-0.013676398433744907,0.0010187794687226415,0.0010006166994571686,-0.021115368232131004,0.010008434765040874,0.010592171922326088,0.0016311705112457275,0.000816653948277235,0.0008783875964581966,-0.011620141565799713,0.871404230594635,0.8888888955116272
505,eval,,0.0014801779761910439,0.0004363936895970255,0.007742883171886206,1.0,1.0,1.0,1.0,0.9967435598373413,0.9979909658432007,0.9956587553024292,,,0.22089706361293793,0.2238403707742691,0.016232669353485107,0.10586895048618317,0.10825035721063614,-0.010131752118468285,0.0653606504201889,0.06793993711471558,0.006913089659065008,0.27995842695236206,0.27903246879577637,0.008643366396427155,0.000975604634732008,0.0010006166994571686,0.010997641831636429,0.01028378028422594,0.010592171922326088,0.006806574761867523,0.0009873724775388837,0.0008783875964581966,-0.006461621727794409,0.8817691206932068,0.8888888955116272
509,eval,,0.0013777620624750853,0.0003782588755711913,0.007374781649559736,1.0,1.0,1.0,1.0,0.9969578385353088,0.9983079433441162,0.9958957433700562,,,0.21912150084972382,0.2238403707742691,0.003732847049832344,0.10170051455497742,0.10825035721063614,0.004504126962274313,0.06457392126321793,0.06793993711471558,0.01328614354133606,0.271197646856308,0.27903246879577637,-0.0061081163585186005,0.0011773864971473813,0.0010006166994571686,0.001921251998282969,0.010333459824323654,0.010592171922326088,0.0077557940967381,0.0007748569478280842,0.0008783875964581966,-0.009403686039149761,0.8858239054679871,0.8888888955116272
515,eval,,0.0013764315517619252,0.00034640918602235615,0.007556565571576357,1.0,1.0,1.0,1.0,0.9970138669013977,0.998295247554779,0.9959015250205994,,,0.21743172407150269,0.2238403707742691,0.003007208928465843,0.11024533212184906,0.10825035721063614,-0.0024859169498085976,0.06746629625558853,0.06793993711471558,0.006095891818404198,0.2740534842014313,0.27903246879577637,-0.0070069716311991215,0.0010918775806203485,0.0010006166994571686,0.012147076427936554,0.009974752552807331,0.010592171922326088,0.008298875764012337,0.0009362559067085385,0.0008783875964581966,0.004467963706701994,0.851301908493042,0.8888888955116272
520,eval,,0.0013698264956474304,0.000425549631472677,0.007035487797111273,1.0,1.0,1.0,1.0,0.997038722038269,0.9981077909469604,0.9960445165634155,,,0.2233588844537735,0.2238403707742691,-0.00940691214054823,0.1081329733133316,0.10825035721063614,-0.012079618871212006,0.07133454084396362,0.06793993711471558,-0.0180850550532341,0.27761536836624146,0.27903246879577637,0.003975077997893095,0.0009596917079761624,0.0010006166994571686,0.000824284739792347,0.010866053402423859,0.010592171922326088,-0.008618214167654514,0.0008998892153613269,0.0008783875964581966,-0.003691216930747032,0.8782163858413696,0.8888888955116272
525,eval,,0.00136099464725703,0.0003528552479110658,0.007409831043332815,1.0,1.0,1.0,1.0,0.9969865083694458,0.9983087778091431,0.995864748954773,,,0.21980950236320496,0.2238403707742691,-0.0103146405890584,0.10725166648626328,0.10825035721063614,-0.0036963950842618942,0.06870709359645844,0.06793993711471558,-0.007238424848765135,0.2659677565097809,0.27903246879577637,0.003617343492805958,0.0009990193648263812,0.0010006166994571686,-0.001281804172322154,0.011237871833145618,0.010592171922326088,-0.0031318441033363342,0.0006863570888526738,0.0008783875964581966,0.005275886971503496,0.8689039349555969,0.8888888955116272
526,eval,,0.0012976567959412932,0.0004566953284665942,0.006343425717204809,1.0,1.0,1.0,1.0,0.9972301125526428,0.9979930520057678,0.9964455962181091,,,0.2192291021347046,0.2238403707742691,0.01948014833033085,0.10862752795219421,0.10825035721063614,0.008467026986181736,0.0657113790512085,0.06793993711471558,0.015824830159544945,0.26720985770225525,0.27903246879577637,-0.001320277457125485,0.001127894502133131,0.0010006166994571686,-0.001603817567229271,0.010347027331590652,0.010592171922326088,0.004626782611012459,0.0008092876523733139,0.0008783875964581966,0.0022255151998251677,0.8722218871116638,0.8888888955116272
530,eval,,0.0012645360548049212,0.0003382432332728058,0.006822292227298021,1.0,1.0,1.0,1.0,0.9972855448722839,0.9983407855033875,0.9966306686401367,,,0.2217080444097519,0.2238403707742691,0.010516073554754257,0.1066807359457016,0.10825035721063614,-0.001874879584647715,0.06778746098279953,0.06793993711471558,0.011122065596282482,0.2780129909515381,0.27903246879577637,-0.006739350501447916,0.0010126233100891113,0.0010006166994571686,0.0027945407200604677,0.010739072225987911,0.010592171922326088,0.006180112715810537,0.0009479061118327081,0.0008783875964581966,0.02752476930618286,0.8656784892082214,0.8888888955116272
532,eval,,0.0012471695663407445,0.00031438711448572576,0.00684386445209384,1.0,1.0,1.0,1.0,0.9972859025001526,0.9984521865844727,0.9967451095581055,,,0.22628185153007507,0.2238403707742691,0.006545318756252527,0.1096673458814621,0.10825035721063614,-0.000323069398291409,0.06830567866563797,0.06793993711471558,-0.0038599094841629267,0.2848639488220215,0.27903246879577637,-0.0022977169137448072,0.0008763293735682964,0.0010006166994571686,-0.0015945947961881757,0.010229814797639847,0.010592171922326088,-0.00048722606152296066,0.0008438513032160699,0.0008783875964581966,0.03239912912249565,0.8753435015678406,0.8888888955116272
543,eval,,0.0011651082895696163,0.0003997702442575246,0.005757137667387724,1.0,1.0,1.0,1.0,0.9975066781044006,0.9981567859649658,0.9968620538711548,,,0.21915103495121002,0.2238403707742691,0.001996968174353242,0.10760488361120224,0.10825035721063614,-0.010309897363185883,0.06592623889446259,0.06793993711471558,-0.008884139358997345,0.2749815583229065,0.27903246879577637,-0.0028614348266273737,0.0010220222175121307,0.0010006166994571686,0.0046602836810052395,0.00956071075052023,0.010592171922326088,-0.0224474985152483,0.0008145589963532984,0.0008783875964581966,-0.004041518550366163,0.8588877320289612,0.8888888955116272
552,eval,,0.0011026991996914148,0.0004148873267695308,0.005229571368545294,1.0,1.0,1.0,1.0,0.9975677728652954,0.997943103313446,0.997068464756012,,,0.22497974336147308,0.2238403707742691,0.006375110242515802,0.1068323403596878,0.10825035721063614,-0.014138731174170971,0.06827247887849808,0.06793993711471558,-0.016977351158857346,0.27666229009628296,0.27903246879577637,-0.011920559220016003,0.0008865873096510768,0.0010006166994571686,0.013166497461497784,0.010508067905902863,0.010592171922326088,0.002880025887861848,0.0009761996916495264,0.0008783875964581966,-0.0010316837579011917,0.8929842114448547,0.8888888955116272
557,eval,,0.0010960603831335902,0.0004468070692382753,0.00499158026650548,1.0,1.0,1.0,1.0,0.99775630235672,0.9982231259346008,0.9972195029258728,,,0.22472670674324036,0.2238403707742691,-0.008059767074882984,0.10301122814416885,0.10825035721063614,-0.012577559798955917,0.06858700513839722,0.06793993711471558,-0.020263172686100006,0.27898016571998596,0.27903246879577637,0.002363389590755105,0.001058573485352099,0.0010006166994571686,-0.005241279024630785,0.01043254230171442,0.010592171922326088,-0.016027314588427544,0.0011560224229469895,0.0008783875964581966,-0.006117948796600103,0.8919064402580261,0.8888888955116272
565,eval,,0.0010899120243266225,0.000562039203941822,0.004257148131728172,1.0,1.0,1.0,1.0,0.9977421164512634,0.9977571964263916,0.9976051449775696,,,0.21951845288276672,0.2238403707742691,-0.00028675273642875254,0.10637044161558151,0.10825035721063614,0.02283548004925251,0.06427652388811111,0.06793993711471558,0.030103789642453194,0.270422101020813,0.27903246879577637,0.011191442608833313,0.0010145973647013307,0.0010006166994571686,0.002352603478357196,0.010223248973488808,0.010592171922326088,-0.006683841347694397,0.0008197093266062438,0.0008783875964581966,-0.0018733050674200058,0.8867117762565613,0.8888888955116272
567,eval,,0.0009514692355878651,0.00041831156704574823,0.00415041483938694,1.0,1.0,1.0,1.0,0.9979283809661865,0.9979305863380432,0.9977286458015442,,,0.22755788266658783,0.2238403707742691,-0.00570289371535182,0.10810351371765137,0.10825035721063614,0.0007446694071404636,0.07156555354595184,0.06793993711471558,0.010418620891869068,0.29335829615592957,0.27903246879577637,-0.0020181869622319937,0.0008502479176968336,0.0010006166994571686,0.005023009143769741,0.010660956613719463,0.010592171922326088,-0.012478423304855824,0.000975507078692317,0.0008783875964581966,-0.0030057758558541536,0.9045168161392212,0.8888888955116272
573,eval,,0.0009300285018980503,0.00036907626781612635,0.004295742139220238,1.0,1.0,1.0,1.0,0.9981036186218262,0.9983004927635193,0.9978293180465698,,,0.21693310141563416,0.2238403707742691,0.0037883699405938387,0.10989592969417572,0.10825035721063614,-0.01480425987392664,0.06387989968061447,0.06793993711471558,-0.01292606070637703,0.27072879672050476,0.27903246879577637,-0.005644368473440409,0.0008309318218380213,0.0010006166994571686,0.0034284039866179228,0.010296514257788658,0.010592171922326088,-0.009522419422864914,0.0007370357634499669,0.0008783875964581966,-0.008639644831418991,0.8493861556053162,0.8888888955116272
574,eval,,0.0008395122713409364,0.0003537871816661209,0.003753862576559186,1.0,1.0,1.0,1.0,0.9982043504714966,0.9984986186027527,0.9979724884033203,,,0.21753060817718506,0.2238403707742691,-0.0042942059226334095,0.1056644469499588,0.10825035721063614,0.0036695015151053667,0.06303855031728745,0.06793993711471558,0.006067218724638224,0.2630690634250641,0.27903246879577637,0.004610978066921234,0.0010275879176333547,0.0010006166994571686,0.001113095204345882,0.010791551321744919,0.010592171922326088,0.010604103095829487,0.0008439644007012248,0.0008783875964581966,-0.012123133055865765,0.8806538581848145,0.8888888955116272
581,eval,,0.0007925283862277865,0.00033829425228759646,0.003517933888360858,1.0,1.0,1.0,1.0,0.9982754588127136,0.9984580874443054,0.9981913566589355,,,0.21966519951820374,0.2238403707742691,0.004396388772875071,0.10547324270009995,0.10825035721063614,0.018788820132613182,0.06530122458934784,0.06793993711471558,0.012679778039455414,0.2791145443916321,0.27903246879577637,-0.0030712310690432787,0.0010835658758878708,0.0010006166994571686,-0.0017384187085554004,0.011069323867559433,0.010592171922326088,0.005466305185109377,0.0009173406288027763,0.0008783875964581966,-0.01666419208049774,0.8757963180541992,0.8888888955116272
582,eval,,0.0007821174222044647,0.0002801584778353572,0.0037938712630420923,1.0,1.0,1.0,1.0,0.9982593059539795,0.9986687302589417,0.9981306195259094,,,0.22470615804195404,0.2238403707742691,-0.0038475263863801956,0.10375889390707016,0.10825035721063614,-0.007823732681572437,0.0675058662891388,0.06793993711471558,-0.010403129272162914,0.2764611542224884,0.27903246879577637,-0.000347847118973732,0.0008014733903110027,0.0010006166994571686,-0.0028722144197672606,0.010901865549385548,0.010592171922326088,-0.0009772785706445575,0.0008366566617041826,0.0008783875964581966,0.02176506258547306,0.8851906657218933,0.8888888955116272
583,eval,,0.0007400599424727261,0.0002630364615470171,0.0036022013518959284,1.0,1.0,1.0,1.0,0.9983863234519958,0.9987046122550964,0.9981632232666016,,,0.22099699079990387,0.2238403707742691,-0.0004270245262887329,0.10818678885698318,0.10825035721063614,-0.008864568546414375,0.06617558002471924,0.06793993711471558,0.003781235544010997,0.2730688452720642,0.27903246879577637,0.002034031553193927,0.000986680039204657,0.0010006166994571686,0.0027401912957429886,0.010285916738212109,0.010592171922326088,-0.006353842094540596,0.0008422112441621721,0.0008783875964581966,-0.01822523958981037,0.8908770084381104,0.8888888955116272
594,eval,,0.0006968704401515424,0.0002998305135406554,0.0030791100580245256,1.0,1.0,1.0,1.0,0.9985161423683167,0.9985894560813904,0.9983282685279846,,,0.22634045779705048,0.2238403707742691,-0.007095523178577423,0.11042850464582443,0.10825035721063614,0.006348378956317902,0.06846319884061813,0.06793993711471558,0.0014044515555724502,0.28873708844184875,0.27903246879577637,0.006193121429532766,0.001011340762488544,0.0010006166994571686,0.010692345909774303,0.010391156189143658,0.010592171922326088,0.0053689139895141125,0.0008554988307878375,0.0008783875964581966,0.009820407256484032,0.8927847146987915,0.8888888955116272
600,eval,,0.0006626631366088986,0.00028473761631175876,0.0029302157927304506,1.0,1.0,1.0,1.0,0.998569905757904,0.998589038848877,0.9984851479530334,,,0.22302596271038055,0.2238403707742691,-0.007087526377290487,0.10489573329687119,0.10825035721063614,0.003197006182745099,0.06562227755784988,0.06793993711471558,0.004736101720482111,0.28527504205703735,0.27903246879577637,-0.00533337565138936,0.0008859922527335584,0.0010006166994571686,-0.007438918109983206,0.010827078483998775,0.010592171922326088,-0.0063805668614804745,0.0008729036198928952,0.0008783875964581966,-0.015165294520556927,0.8918754458427429,0.8888888955116272
601,eval,,0.0006277338834479451,0.00027811317704617977,0.0027254580054432154,1.0,1.0,1.0,1.0,0.9986124038696289,0.9986982345581055,0.9985500574111938,,,0.22161605954170227,0.2238403707742691,0.011920660734176636,0.10626046359539032,0.10825035721063614,0.006782166659832001,0.06878798454999924,0.06793993711471558,-0.005454040598124266,0.28360405564308167,0.27903246879577637,0.0027993246912956238,0.0009466077899560332,0.0010006166994571686,-0.0007197029772214592,0.010794933885335922,0.010592171922326088,0.003973294515162706,0.0009156956220977008,0.0008783875964581966,-0.005204354878515005,0.8655831813812256,0.8888888955116272
609,eval,,0.0005982251022942364,0.000300811865599826,0.0023827042896300554,1.0,1.0,1.0,1.0,0.9987578988075256,0.9985982179641724,0.9987884163856506,,,0.22101975977420807,0.2238403707742691,-0.006027974653989077,0.11199275404214859,0.10825035721063614,0.012313004583120346,0.0657019093632698,0.06793993711471558,0.005555800627917051,0.27707621455192566,0.27903246879577637,0.008164618164300919,0.0010130618466064334,0.0010006166994571686,0.007383681833744049,0.011070852167904377,0.010592171922326088,0.003906310070306063,0.0007670832565054297,0.0008783875964581966,0.01112943422049284,0.867439329624176,0.8888888955116272
614,eval,,0.0005476065562106669,0.0002636438875924796,0.0022513822186738253,1.0,1.0,1.0,1.0,0.998789370059967,0.998649537563324,0.9987986087799072,,,0.22114378213882446,0.2238403707742691,0.00783522892743349,0.10745786875486374,0.10825035721063614,-0.0001200651386170648,0.06720368564128876,0.06793993711471558,-0.0057970560155808926,0.2735762894153595,0.27903246879577637,-0.001797181204892695,0.0008812615997157991,0.0010006166994571686,-0.002308676950633526,0.009971212595701218,0.010592171922326088,0.002583627123385668,0.0007995401974767447,0.0008783875964581966,0.005393638741225004,0.8692021369934082,0.8888888955116272
615,eval,,0.0005443152040243149,0.00029765869840048254,0.0020242545288056135,1.0,1.0,1.0,1.0,0.998833179473877,0.9986023902893066,0.9988945722579956,,,0.22502446174621582,0.2238403707742691,-0.014635552652180195,0.10840806365013123,0.10825035721063614,-0.012040761299431324,0.06900014728307724,0.06793993711471558,0.002378926845267415,0.28128352761268616,0.27903246879577637,0.0017920946702361107,0.0008982375729829073,0.0010006166994571686,-0.0006585808587260544,0.010272261686623096,0.010592171922326088,-0.005884561222046614,0.0008433879702351987,0.0008783875964581966,-0.0014190716901794076,0.9013278484344482,0.8888888955116272
616,eval,,0.0005378781352192163,0.0002546573232393712,0.0022372028324753046,1.0,1.0,1.0,1.0,0.9988567233085632,0.998767077922821,0.9988141655921936,,,0.2259676158428192,0.2238403707742691,0.0038345251232385635,0.10802382230758667,0.10825035721063614,0.00926752109080553,0.06737297028303146,0.06793993711471558,-0.0010230053449049592,0.2807919979095459,0.27903246879577637,-0.0013405339559540153,0.0011672601103782654,0.0010006166994571686,0.0003769407921936363,0.010936661623418331,0.010592171922326088,0.008191489614546299,0.0009154893923550844,0.0008783875964581966,0.010793954133987427,0.8937699794769287,0.8888888955116272
617,eval,,0.000510778627358377,0.0002667811932042241,0.0019747631158679724,1.0,1.0,1.0,1.0,0.9988806247711182,0.9986550807952881,0.998934268951416,,,0.2206660956144333,0.2238403707742691,-0.006488875951617956,0.10745634138584137,0.10825035721063614,-0.004773440770804882,0.06557352095842361,0.06793993711471558,0.0023532456252723932,0.2804369032382965,0.27903246879577637,0.004607580602169037,0.001228685025125742,0.0010006166994571686,-0.0008233202970586717,0.011094849556684494,0.010592171922326088,-0.005635078996419907,0.0008068599854595959,0.0008783875964581966,0.0013212021440267563,0.8702963590621948,0.8888888955116272
619,eval,,0.0004768863436765969,0.00023770940606482327,0.0019119479693472385,1.0,1.0,1.0,1.0,0.9989460706710815,0.9987961053848267,0.9989452958106995,,,0.22553743422031403,0.2238403707742691,-0.004470124375075102,0.11039227992296219,0.10825035721063614,-0.0028831325471401215,0.06785961240530014,0.06793993711471558,-0.004487950820475817,0.2807254493236542,0.27903246879577637,0.0038958860095590353,0.0008513391949236393,0.0010006166994571686,-0.003154709003865719,0.010496440343558788,0.010592171922326088,0.004793311003595591,0.0007990935118868947,0.0008783875964581966,0.004884069319814444,0.8940998911857605,0.8888888955116272
621,eval,,0.0004684519371949136,0.00023495884670410305,0.0018694102764129639,1.0,1.0,1.0,1.0,0.999004065990448,0.9988592863082886,0.9990267157554626,,,0.22425299882888794,0.2238403707742691,-0.001589974039234221,0.10807231813669205,0.10825035721063614,0.0045090410858392715,0.06801935285329819,0.06793993711471558,0.007003889884799719,0.28212612867355347,0.27903246879577637,-0.0017616580007597804,0.0010381867177784443,0.0010006166994571686,0.0032141804695129395,0.010690524242818356,0.010592171922326088,0.009585023857653141,0.0009329970343969762,0.0008783875964581966,0.01183164119720459,0.8872970342636108,0.8888888955116272
624,eval,,0.00045051443157717586,0.0002453914494253695,0.001681252382695675,1.0,1.0,1.0,1.0,0.9990041255950928,0.9987583160400391,0.999074399471283,,,0.22382356226444244,0.2238403707742691,0.005801552906632423,0.10920524597167969,0.10825035721063614,-0.008265315555036068,0.06739707291126251,0.06793993711471558,-0.004436186049133539,0.27445271611213684,0.27903246879577637,-0.007954760454595089,0.0008886957075446844,0.0010006166994571686,0.0036104631144553423,0.010304930619895458,0.010592171922326088,0.0011861211387440562,0.0008677326841279864,0.0008783875964581966,-0.00497056171298027,0.8937036991119385,0.8888888955116272
627,eval,,0.00043002888560295105,0.00022515910677611828,0.0016592476749792695,1.0,1.0,1.0,1.0,0.9990440011024475,0.9988635182380676,0.9990664124488831,,,0.22241492569446564,0.2238403707742691,0.0009729635785333812,0.1060270145535469,0.10825035721063614,0.0002905766014009714,0.06591270118951797,0.06793993711471558,0.0047599817626178265,0.27897992730140686,0.27903246879577637,-0.00513309333473444,0.0010627445299178362,0.0010006166994571686,0.004681904334574938,0.010625842027366161,0.010592171922326088,0.0014444264816120267,0.0009036183473654091,0.0008783875964581966,0.00020454016339499503,0.8859795928001404,0.8888888955116272
629,eval,,0.00041439596679992974,0.0002122211008099839,0.001627445570193231,1.0,1.0,1.0,1.0,0.9990851879119873,0.9989430904388428,0.9990890026092529,,,0.22243329882621765,0.2238403707742691,0.005574155133217573,0.10855553299188614,0.10825035721063614,0.0045670801773667336,0.06688015162944794,0.06793993711471558,0.0032416407484561205,0.277169793844223,0.27903246879577637,-0.0006791276973672211,0.0009433234808966517,0.0010006166994571686,0.002568218158558011,0.01055288314819336,0.010592171922326088,-0.0007386042852886021,0.0008893141057342291,0.0008783875964581966,-0.0007653788779862225,0.8819889426231384,0.8888888955116272
650,eval,,0.00038560244138352573,0.00024143180053215474,0.0012506261700764298,1.0,1.0,1.0,1.0,0.9991775751113892,0.9988694787025452,0.9993501901626587,,,0.22366295754909515,0.2238403707742691,-0.004100190941244364,0.10565146803855896,0.10825035721063614,-0.007073996122926474,0.06389162689447403,0.06793993711471558,-0.009634441696107388,0.2732252776622772,0.27903246879577637,-6.637171463808045e-05,0.0010004446376115084,0.0010006166994571686,0.002778616501018405,0.010356375016272068,0.010592171922326088,-0.004134453367441893,0.0008381627849303186,0.0008783875964581966,-0.006998125929385424,0.9006778597831726,0.8888888955116272
653,eval,,0.0003424949827603996,0.00020998480613343418,0.0011375561589375138,1.0,1.0,1.0,1.0,0.9992387294769287,0.9989511966705322,0.9993682503700256,,,0.2239104062318802,0.2238403707742691,0.0006581617053598166,0.1077263131737709,0.10825035721063614,-0.0004815869906451553,0.0671558678150177,0.06793993711471558,-0.00480816513299942,0.27111539244651794,0.27903246879577637,-0.0013324129395186901,0.0010189877357333899,0.0010006166994571686,-0.007793214172124863,0.010000298731029034,0.010592171922326088,0.003588468534871936,0.0008724760846234858,0.0008783875964581966,0.0013416657457128167,0.8946052193641663,0.8888888955116272
662,eval,,0.0003222846717108041,0.00021585944341495633,0.0009608360123820603,1.0,1.0,1.0,1.0,0.9992940425872803,0.9989637136459351,0.999474287033081,,,0.22194309532642365,0.2238403707742691,-0.0008742383797653019,0.1065644845366478,0.10825035721063614,0.0026018188800662756,0.06704853475093842,0.06793993711471558,0.011498662643134594,0.278165727853775,0.27903246879577637,0.004008910618722439,0.0009002859005704522,0.0010006166994571686,-0.003641503630205989,0.010308760218322277,0.010592171922326088,0.004478732123970985,0.0008363773231394589,0.0008783875964581966,-0.0051018293015658855,0.8892322778701782,0.8888888955116272
664,eval,,0.0003069570811931044,0.00019292091019451618,0.000991174136288464,1.0,1.0,1.0,1.0,0.9993232488632202,0.9990224242210388,0.9994636178016663,,,0.22200559079647064,0.2238403707742691,-0.002451858716085553,0.10948696732521057,0.10825035721063614,-0.002354604657739401,0.06685111671686172,0.06793993711471558,-0.0008937823586165905,0.2784719169139862,0.27903246879577637,-0.002318680053576827,0.0010661539854481816,0.0010006166994571686,-0.0011457487707957625,0.010614180937409401,0.010592171922326088,0.0005930587649345398,0.0009036147384904325,0.0008783875964581966,0.00032091824687086046,0.8764071464538574,0.8888888955116272
670,eval,,0.00028658390510827303,0.00019379256991669536,0.0008433320908807218,1.0,1.0,1.0,1.0,0.9993598461151123,0.9990147948265076,0.9995282292366028,,,0.22371220588684082,0.2238403707742691,-0.0017852145247161388,0.10999125242233276,0.10825035721063614,-0.002676657633855939,0.06940452009439468,0.06793993711471558,-0.005267904605716467,0.27848175168037415,0.27903246879577637,0.005581198260188103,0.0009900724980980158,0.0010006166994571686,0.0030297264456748962,0.010260491631925106,0.010592171922326088,0.0014768432592973113,0.0008841881062835455,0.0008783875964581966,0.0007815944845788181,0.884233832359314,0.8888888955116272
675,eval,,0.0002854502236004919,0.00018216035095974803,0.0009051896049641073,1.0,1.0,1.0,1.0,0.999363899230957,0.9990774393081665,0.9995560646057129,,,0.22422266006469727,0.2238403707742691,0.0005393424071371555,0.10759090632200241,0.10825035721063614,-0.0017649842193350196,0.0678805261850357,0.06793993711471558,-0.007342062890529633,0.27827295660972595,0.27903246879577637,-7.606390863656998e-05,0.0009283506078645587,0.0010006166994571686,0.0016630521276965737,0.011040898971259594,0.010592171922326088,0.00020383209630381316,0.0008558661211282015,0.0008783875964581966,0.01040815282613039,0.8828046917915344,0.8888888955116272
697,eval,,0.00027930663782171905,0.00021302707318682224,0.0006769841420464218,1.0,1.0,1.0,1.0,0.9994179606437683,0.9989743828773499,0.9996500611305237,,,0.22088664770126343,0.2238403707742691,0.001407699310220778,0.10482252389192581,0.10825035721063614,-0.0021094954572618008,0.06667603552341461,0.06793993711471558,-0.009465106762945652,0.2699625492095947,0.27903246879577637,-0.0063397386111319065,0.0009706722339615226,0.0010006166994571686,-0.0062439353205263615,0.01070187333971262,0.010592171922326088,0.005217104684561491,0.000817568099591881,0.0008783875964581966,-0.00524028530344367,0.8784204125404358,0.8888888955116272
698,eval,,0.00024810852482914925,0.0001817353768274188,0.000646347354631871,1.0,1.0,1.0,1.0,0.9994558095932007,0.9990890622138977,0.9996482729911804,,,0.22410394251346588,0.2238403707742691,-0.0029818303883075714,0.10832031071186066,0.10825035721063614,0.004985097795724869,0.0664965957403183,0.06793993711471558,0.004169662948697805,0.27810975909233093,0.27903246879577637,0.005986436735838652,0.0010289690690115094,0.0010006166994571686,0.002174494555220008,0.010085692629218102,0.010592171922326088,-0.00356939435005188,0.0009126965887844563,0.0008783875964581966,0.0035200424026697874,0.893884003162384,0.8888888955116272
729,eval,,0.00024699806817807257,0.00020472577307373285,0.0005006319261156023,1.0,1.0,1.0,1.0,0.99945467710495,0.9990245699882507,0.9997422099113464,,,0.22351448237895966,0.2238403707742691,0.002108106855303049,0.1062714233994484,0.10825035721063614,0.004236893262714148,0.06502393633127213,0.06793993711471558,0.010642795823514462,0.2735764980316162,0.27903246879577637,-0.0044014775194227695,0.0010561675298959017,0.0010006166994571686,-0.00027675789897330105,0.010219775140285492,0.010592171922326088,-0.001976695144549012,0.0009624717640690506,0.0008783875964581966,0.0015203034272417426,0.9004042744636536,0.8888888955116272
730,eval,,0.00023140055418480188,0.00018502985767554492,0.0005096246022731066,1.0,1.0,1.0,1.0,0.9994924068450928,0.9990525245666504,0.9997406601905823,,,0.22177754342556,0.2238403707742691,0.0018434199737384915,0.10770325362682343,0.10825035721063614,-0.005485209170728922,0.0661604180932045,0.06793993711471558,-0.006115233525633812,0.27845558524131775,0.27903246879577637,0.0006366415764205158,0.0009693746687844396,0.0010006166994571686,0.0050463140942156315,0.010347605682909489,0.010592171922326088,0.0047149029560387135,0.0008407123386859894,0.0008783875964581966,-0.004773465450853109,0.8789007067680359,0.8888888955116272
734,eval,,0.00022733189689461142,0.00018985799397341907,0.00045217512524686754,1.0,1.0,1.0,1.0,0.9994966983795166,0.9990864396095276,0.9997696876525879,,,0.2239486277103424,0.2238403707742691,0.005902299657464027,0.10811673849821091,0.10825035721063614,0.004840057343244553,0.06788472831249237,0.06793993711471558,-0.008294112980365753,0.2795482575893402,0.27903246879577637,-0.0032302439212799072,0.0010589382145553827,0.0010006166994571686,-0.007629691157490015,0.010432749055325985,0.010592171922326088,-0.00435743248090148,0.0008494164212606847,0.0008783875964581966,0.003192278789356351,0.8777777552604675,0.8888888955116272
749,eval,,0.00022374681429937482,0.00019112598965875804,0.00041947150020860136,1.0,1.0,1.0,1.0,0.9995453357696533,0.9991021156311035,0.9997979998588562,,,0.2249412089586258,0.2238403707742691,0.004441601689904928,0.10655181854963303,0.10825035721063614,-0.011065556667745113,0.06726209819316864,0.06793993711471558,-0.006179668474942446,0.28130215406417847,0.27903246879577637,0.0017902065301313996,0.0009776442311704159,0.0010006166994571686,-0.006525141652673483,0.011084476485848427,0.010592171922326088,-0.005620894487947226,0.0008819241775199771,0.0008783875964581966,-0.006778855342417955,0.8956915736198425,0.8888888955116272
751,eval,,0.00021214367006905377,0.0001748001086525619,0.0004362052713986486,1.0,1.0,1.0,1.0,0.9995841383934021,0.999224841594696,0.9997861385345459,,,0.22293075919151306,0.2238403707742691,-0.0055178566835820675,0.11076348274946213,0.10825035721063614,-0.003177109407261014,0.06739611178636551,0.06793993711471558,-0.005972037557512522,0.2783941626548767,0.27903246879577637,-0.002267786767333746,0.0010536269983276725,0.0010006166994571686,-0.0064990888349711895,0.01007155328989029,0.010592171922326088,-0.00529064005240798,0.0008151129586622119,0.0008783875964581966,-0.006546241696923971,0.8816879987716675,0.8888888955116272
752,eval,,0.0002027781738433987,0.00016650668112561107,0.00042040713015012443,1.0,1.0,1.0,1.0,0.9995840191841125,0.9992130994796753,0.9997895359992981,,,0.22444742918014526,0.2238403707742691,0.00879822950810194,0.10832230001688004,0.10825035721063614,0.002580119064077735,0.0660969689488411,0.06793993711471558,0.002902471460402012,0.2773842215538025,0.27903246879577637,0.003871569177135825,0.0010450318222865462,0.0010006166994571686,0.0019747253973037004,0.010526756756007671,0.010592171922326088,0.0013616461073979735,0.0009754350176081061,0.0008783875964581966,0.00640496239066124,0.8928277492523193,0.8888888955116272
759,eval,,0.00020093140483368188,0.00016892173152882606,0.00039298940100707114,1.0,1.0,1.0,1.0,0.9995564818382263,0.9991719722747803,0.9998010396957397,,,0.22278104722499847,0.2238403707742691,-0.0009635635651648045,0.10799680650234222,0.10825035721063614,-0.0017209745710715652,0.06796002388000488,0.06793993711471558,-0.006547977682203054,0.27072712779045105,0.27903246879577637,-0.0021327922586351633,0.0010822189506143332,0.0010006166994571686,0.002587009221315384,0.010399342514574528,0.010592171922326088,-0.005294660106301308,0.0009064011392183602,0.0008783875964581966,0.0055201114155352116,0.8829109072685242,0.8888888955116272
762,eval,,0.00018601297051645815,0.00015482475282624364,0.0003731421020347625,1.0,1.0,1.0,1.0,0.9995846152305603,0.9992254376411438,0.999812662601471,,,0.22351579368114471,0.2238403707742691,-0.0016178922960534692,0.1070706769824028,0.10825035721063614,0.0041835717856884,0.06531853973865509,0.06793993711471558,0.0024501681327819824,0.2762657701969147,0.27903246879577637,-0.0016383472830057144,0.001015045796521008,0.0010006166994571686,-0.001843543373979628,0.010366084985435009,0.010592171922326088,0.00301464949734509,0.0007910696440376341,0.0008783875964581966,-0.00449076434597373,0.8969393372535706,0.8888888955116272
766,eval,,0.00018169975373893976,0.00015376739611383528,0.0003492941614240408,1.0,1.0,1.0,1.0,0.999596118927002,0.999218225479126,0.9998103976249695,,,0.22281068563461304,0.2238403707742691,0.003967443946748972,0.10746029764413834,0.10825035721063614,0.004840173292905092,0.0658627524971962,0.06793993711471558,-0.00033873863867484033,0.2760801315307617,0.27903246879577637,-0.00448093144223094,0.0010270304046571255,0.0010006166994571686,0.0002751092833932489,0.01022710558027029,0.010592171922326088,0.0008873527403920889,0.000847869087010622,0.0008783875964581966,-0.003440447151660919,0.8873018622398376,0.8888888955116272
767,eval,,0.00017883096006698906,0.00015206569514703006,0.0003394223749637604,1.0,1.0,1.0,1.0,0.9996009469032288,0.9992339015007019,0.9998299479484558,,,0.22340908646583557,0.2238403707742691,0.0064026303589344025,0.1082635372877121,0.10825035721063614,0.0038281623274087906,0.0668385848402977,0.06793993711471558,0.002111024223268032,0.27924802899360657,0.27903246879577637,-0.0006559338071383536,0.0010549661237746477,0.0010006166994571686,-0.0025383143220096827,0.011012026108801365,0.010592171922326088,-0.0010239422554150224,0.00087708979845047,0.0008783875964581966,-0.006073453929275274,0.8878592252731323,0.8888888955116272
773,eval,,0.00017739909526426345,0.00015670557331759483,0.00030156035791151226,1.0,1.0,1.0,1.0,0.9996117353439331,0.9992140531539917,0.9998349547386169,,,0.22461676597595215,0.2238403707742691,0.008815674111247063,0.11034879833459854,0.10825035721063614,0.0020996315870434046,0.06650254130363464,0.06793993711471558,0.0020750584080815315,0.2769724726676941,0.27903246879577637,-0.0007833167910575867,0.0010106689296662807,0.0010006166994571686,-0.003211062401533127,0.010343534871935844,0.010592171922326088,0.001351047307252884,0.0008914325735531747,0.0008783875964581966,0.0007927982951514423,0.8937435746192932,0.8888888955116272
780,eval,,0.00016252572822850198,0.00013932948058936745,0.0003017032577190548,1.0,1.0,1.0,1.0,0.9996389150619507,0.9992877244949341,0.9998462200164795,,,0.22452329099178314,0.2238403707742691,-0.0019113986054435372,0.10790931433439255,0.10825035721063614,0.005658559501171112,0.066888228058815,0.06793993711471558,-0.001434165402315557,0.27668896317481995,0.27903246879577637,0.002862401306629181,0.0010728143388405442,0.0010006166994571686,-0.0007590106688439846,0.010780572891235352,0.010592171922326088,-0.0016815410926938057,0.0008812483865767717,0.0008783875964581966,-0.0029442589730024338,0.8969845175743103,0.8888888955116272
786,eval,,0.0001550981105538085,0.0001343067124253139,0.0002798465720843524,1.0,1.0,1.0,1.0,0.999657392501831,0.9993168115615845,0.9998495578765869,,,0.223812997341156,0.2238403707742691,-0.0001259230775758624,0.10641458630561829,0.10825035721063614,0.0034374380484223366,0.06713350862264633,0.06793993711471558,0.0020772521384060383,0.2798086702823639,0.27903246879577637,0.0007665267330594361,0.0009611870627850294,0.0010006166994571686,-0.0006273614126257598,0.010611052624881268,0.010592171922326088,-2.0274523194530047e-05,0.0010108378482982516,0.0008783875964581966,0.003474986180663109,0.8889875411987305,0.8888888955116272
797,eval,,0.00015370608889497817,0.00013511301949620247,0.00026526450528763235,1.0,1.0,1.0,1.0,0.9996622204780579,0.9993305802345276,0.9998510479927063,,,0.22277913987636566,0.2238403707742691,-0.003323160344734788,0.10896210372447968,0.10825035721063614,-0.0038936648052185774,0.06748146563768387,0.06793993711471558,0.0002871121687348932,0.2742944657802582,0.27903246879577637,-0.0015932071255519986,0.001068989047780633,0.0010006166994571686,0.00030017568496987224,0.010781806893646717,0.010592171922326088,-9.278545621782541e-05,0.0008879327215254307,0.0008783875964581966,-0.00038051852607168257,0.8875635266304016,0.8888888955116272
799,eval,,0.0001522265374660492,0.0001345485943602398,0.00025829410878941417,1.0,1.0,1.0,1.0,0.9996681213378906,0.9993233680725098,0.9998638033866882,,,0.2236500382423401,0.2238403707742691,-0.0025577445048838854,0.10623719543218613,0.10825035721063614,-0.0018606433877721429,0.06837999075651169,0.06793993711471558,-0.0006870482466183603,0.28023260831832886,0.27903246879577637,0.0006053256220184267,0.0009106001816689968,0.0010006166994571686,-0.005844747647643089,0.010732664726674557,0.010592171922326088,0.0009830790804699063,0.0008618306019343436,0.0008783875964581966,-0.00398190738633275,0.8899767994880676,0.8888888955116272
893,eval,,0.00015029447968117893,0.00013193907216191292,0.0002604270412120968,1.0,1.0,1.0,1.0,0.9996687173843384,0.9993318915367126,0.999878466129303,,,0.22250701487064362,0.2238403707742691,-0.004040726460516453,0.10863657295703888,0.10825035721063614,-0.003399795852601528,0.06804031133651733,0.06793993711471558,0.0014695702120661736,0.28262150287628174,0.27903246879577637,-0.0015556741273030639,0.0010663027642294765,0.0010006166994571686,-0.0006540454924106598,0.010182342492043972,0.010592171922326088,0.0012532291002571583,0.0008979164413176477,0.0008783875964581966,0.002401636214926839,0.876953125,0.8888888955116272
894,eval,,0.0001427585375495255,0.000130557527882047,0.00021596450824290514,1.0,1.0,1.0,1.0,0.9996975660324097,0.9993509650230408,0.999898374080658,,,0.22607648372650146,0.2238403707742691,0.002303358167409897,0.10852539539337158,0.10825035721063614,0.005431881174445152,0.06847010552883148,0.06793993711471558,-0.002076116157695651,0.2799796164035797,0.27903246879577637,0.0006260350346565247,0.0010768026113510132,0.0010006166994571686,0.0042414432391524315,0.010286031290888786,0.010592171922326088,-0.0034851375967264175,0.0009356422815471888,0.0008783875964581966,0.0002803554234560579,0.8999439477920532,0.8888888955116272
904,eval,,0.00013702914293389767,0.0001272523368243128,0.0001956902997335419,1.0,1.0,1.0,1.0,0.999697208404541,0.9993493556976318,0.9999098181724548,,,0.22478295862674713,0.2238403707742691,-0.006359474267810583,0.10754887759685516,0.10825035721063614,0.0007550216396339238,0.06743001192808151,0.06793993711471558,-0.0021700330544263124,0.28024929761886597,0.27903246879577637,0.0025865049101412296,0.0009214627789333463,0.0010006166994571686,0.002164555015042424,0.010572620667517185,0.010592171922326088,0.00029047770658507943,0.0009543635533191264,0.0008783875964581966,0.005489897448569536,0.8930190205574036,0.8888888955116272
907,eval,,0.00013035126903560013,0.00012019382847938687,0.0001912957086460665,1.0,1.0,1.0,1.0,0.999709963798523,0.9993866682052612,0.999912679195404,,,0.22315578162670135,0.2238403707742691,-0.000111366156488657,0.10842534154653549,0.10825035721063614,-0.0008769181440584362,0.06752344220876694,0.06793993711471558,0.003947762306779623,0.28027862310409546,0.27903246879577637,0.0010494844755157828,0.0010190274333581328,0.0010006166994571686,-0.0002772480365820229,0.010635251179337502,0.010592171922326088,8.386061381315812e-05,0.0008679747697897255,0.0008783875964581966,-0.005998231936246157,0.889015257358551,0.8888888955116272
918,eval,,0.00012126904039178044,0.00011403828830225393,0.00016465364024043083,1.0,1.0,1.0,1.0,0.9997326731681824,0.9994201064109802,0.999916672706604,,,0.22395044565200806,0.2238403707742691,0.0011086296290159225,0.10908594727516174,0.10825035721063614,-0.004099718295037746,0.06751812994480133,0.06793993711471558,-0.0009690734441392124,0.2797875702381134,0.27903246879577637,0.000145852638524957,0.001019307179376483,0.0010006166994571686,-0.00046773828216828406,0.010726509615778923,0.010592171922326088,-0.00046024020412005484,0.0007900492055341601,0.0008783875964581966,-0.0039518121629953384,0.8905238509178162,0.8888888955116272
919,eval,,0.00012051849626004696,0.00011474547500256449,0.00015515678387600929,1.0,1.0,1.0,1.0,0.999731719493866,0.9994146823883057,0.9999139308929443,,,0.22350960969924927,0.2238403707742691,-0.0003068307414650917,0.1093326136469841,0.10825035721063614,-0.0017187976045534015,0.06708355247974396,0.06793993711471558,-0.0011388730490580201,0.27898213267326355,0.27903246879577637,0.0012784854043275118,0.0010330062359571457,0.0010006166994571686,-8.823823736747727e-05,0.010602771304547787,0.010592171922326088,-0.0017699794843792915,0.0007952341111376882,0.0008783875964581966,-6.951950490474701e-05,0.8860496282577515,0.8888888955116272
947,eval,,0.00011994746455457062,0.00011239016021136194,0.00016529136337339878,1.0,1.0,1.0,1.0,0.9997377991676331,0.9994291067123413,0.999923586845398,,,0.22443848848342896,0.2238403707742691,-0.006100720260292292,0.10895577818155289,0.10825035721063614,-0.0030367064755409956,0.06826867163181305,0.06793993711471558,0.0009116638102568686,0.2803049087524414,0.27903246879577637,0.0010280172573402524,0.000996455899439752,0.0010006166994571686,0.0017649522051215172,0.010779310017824173,0.010592171922326088,-0.0002607920323498547,0.0008846745477057993,0.0008783875964581966,-0.003951350226998329,0.8957415223121643,0.8888888955116272
950,eval,,0.00011306068336125463,0.00010842568008229136,0.00014087087765801698,1.0,1.0,1.0,1.0,0.9997499585151672,0.9994499683380127,0.9999258518218994,,,0.2242473065853119,0.2238403707742691,0.0044339559972286224,0.10713565349578857,0.10825035721063614,-0.0003568905813153833,0.06684369593858719,0.06793993711471558,7.632793858647346e-05,0.27800264954566956,0.27903246879577637,0.0008149847853928804,0.0009765020222403109,0.0010006166994571686,0.0025581952650099993,0.0101681062951684,0.010592171922326088,-0.002140918979421258,0.0008551321807317436,0.0008783875964581966,0.0009788982570171356,0.8940771818161011,0.8888888955116272
970,eval,,0.00011277391604380682,0.00010960981308016926,0.00013175848289392889,1.0,1.0,1.0,1.0,0.9997482895851135,0.9994396567344666,0.9999265074729919,,,0.22379258275032043,0.2238403707742691,-0.0012159040197730064,0.10876448452472687,0.10825035721063614,0.0013423495693132281,0.06834821403026581,0.06793993711471558,-0.0013289069756865501,0.2777000963687897,0.27903246879577637,0.0051062754355371,0.0010498305782675743,0.0010006166994571686,0.0023320456966757774,0.010943558067083359,0.010592171922326088,-0.006028839852660894,0.000858563871588558,0.0008783875964581966,0.0006255675107240677,0.8872374892234802,0.8888888955116272
975,eval,,0.00011019180237781256,0.00010525150719331577,0.00013983348617330194,1.0,1.0,1.0,1.0,0.9997586607933044,0.999466598033905,0.9999315142631531,,,0.22416162490844727,0.2238403707742691,-0.0013070398708805442,0.10680294781923294,0.10825035721063614,0.0038192763458937407,0.06701980531215668,0.06793993711471558,0.0021055082324892282,0.27890413999557495,0.27903246879577637,0.0018774528289213777,0.0009884011233225465,0.0010006166994571686,0.003908790647983551,0.010850080288946629,0.010592171922326088,-0.004914950113743544,0.0008592596859671175,0.0008783875964581966,0.003917254973202944,0.8919006586074829,0.8888888955116272
977,eval,,0.00010914107406279072,0.00010514730092836544,0.00013310382200870663,1.0,1.0,1.0,1.0,0.999760627746582,0.9994702339172363,0.9999269843101501,,,0.22451549768447876,0.2238403707742691,0.0038231126964092255,0.10854773223400116,0.10825035721063614,-0.0037653890904039145,0.06897106021642685,0.06793993711471558,0.00015993579290807247,0.27923887968063354,0.27903246879577637,-0.0009941707830876112,0.0009985225042328238,0.0010006166994571686,-0.0011993699008598924,0.01052556000649929,0.010592171922326088,-0.004711977671831846,0.0008782954537309706,0.0008783875964581966,-0.0010444814106449485,0.8916411995887756,0.8888888955116272
999,eval,,0.00010311337246093899,9.677201160229743e-05,0.0001411615521647036,1.0,1.0,1.0,1.0,0.9997729063034058,0.9995089173316956,0.9999362230300903,,,0.22327451407909393,0.2238403707742691,-0.004389696288853884,0.10863760858774185,0.10825035721063614,-0.0003612946020439267,0.06814565509557724,0.06793993711471558,0.003051330568268895,0.2782444357872009,0.27903246879577637,5.6737655540928245e-05,0.000959712197072804,0.0010006166994571686,0.0005753456498496234,0.010522623546421528,0.010592171922326088,0.0035891856532543898,0.0008676447905600071,0.0008783875964581966,0.005060300230979919,0.8859805464744568,0.8888888955116272
