epoch,split,loss,action_mse,continuous_mse,gripper_mse,gripper_sign_accuracy,gripper_open_accuracy,gripper_close_accuracy,gripper_transition_f1,action_correlation,continuous_correlation,gripper_correlation,grad_norm,action_head_update_norm,pred_variance,target_variance,residual_dim0,pred_var_dim0,target_var_dim0,residual_dim1,pred_var_dim1,target_var_dim1,residual_dim2,pred_var_dim2,target_var_dim2,residual_dim3,pred_var_dim3,target_var_dim3,residual_dim4,pred_var_dim4,target_var_dim4,residual_dim5,pred_var_dim5,target_var_dim5,residual_dim6,pred_var_dim6,target_var_dim6
0,eval,,0.4661782681941986,0.3627466857433319,1.086767315864563,0.6666666865348816,1.0,0.0,0.0,0.33980071544647217,0.3787101209163666,0.4749670922756195,,,0.45026978850364685,0.2230832874774933,0.7269081473350525,0.002537759020924568,0.1054597720503807,-0.10628858953714371,0.0006948945228941739,0.06807716190814972,-0.7731744647026062,0.000512721948325634,0.2785532772541046,-0.6322793960571289,0.0024954115506261587,0.0009857550030574203,-0.4328647553920746,0.0014044379349797964,0.010582201182842255,0.07712206989526749,0.003643209347501397,0.0009014703100547194,0.5061385035514832,0.004994151648133993,0.8888888955116272
1,eval,,0.20572368800640106,0.09786179661750793,0.8528950810432434,0.6666666865348816,1.0,0.0,0.0,0.3506935238838196,0.2392348349094391,0.5674532055854797,,,0.06974167376756668,0.2230832874774933,-0.3669241666793823,0.004345858935266733,0.1054597720503807,-0.1494392454624176,0.001346580102108419,0.06807716190814972,0.04833376035094261,0.0014224101323634386,0.2785532772541046,-0.10298720747232437,0.0009004871244542301,0.0009857550030574203,0.11006542295217514,0.00393228605389595,0.010582201182842255,0.05018704757094383,0.0015935692936182022,0.0009014703100547194,0.27350008487701416,0.013492604717612267,0.8888888955116272
3,eval,,0.19080963730812073,0.08115683495998383,0.8487264513969421,0.4479166567325592,0.21875,0.90625,0.0,0.382082462310791,0.4847119450569153,0.6728543043136597,,,0.03848215937614441,0.2230832874774933,-0.1135336235165596,0.019791705533862114,0.1054597720503807,0.17220617830753326,0.010516620241105556,0.06807716190814972,0.20299966633319855,0.007578752469271421,0.2785532772541046,0.25064560770988464,0.000251075834967196,0.0009857550030574203,-0.0756397545337677,0.0035637239925563335,0.010582201182842255,0.04816367104649544,0.0006399221601895988,0.0009014703100547194,-0.4368673861026764,0.048554908484220505,0.8888888955116272
4,eval,,0.14730426669120789,0.07598350197076797,0.575228750705719,0.90625,1.0,0.71875,0.0,0.6022580862045288,0.5799873471260071,0.741828441619873,,,0.08626001328229904,0.2230832874774933,0.04043127968907356,0.03239813819527626,0.1054597720503807,-0.046700313687324524,0.014726672321557999,0.06807716190814972,-0.15591003000736237,0.012113235890865326,0.2785532772541046,-0.11028224229812622,0.0009118060115724802,0.0009857550030574203,-0.3190951645374298,0.003326006466522813,0.010582201182842255,0.09284895658493042,0.0007077131886035204,0.0009014703100547194,0.001208526431582868,0.07866489142179489,0.8888888955116272
6,eval,,0.1265833079814911,0.06693224608898163,0.484489768743515,0.8125,1.0,0.4375,0.0,0.6822222471237183,0.6379271149635315,0.8146878480911255,,,0.15477994084358215,0.2230832874774933,0.2310817390680313,0.062379900366067886,0.1054597720503807,-0.03777385875582695,0.025764940306544304,0.06807716190814972,-0.13594184815883636,0.041094470769166946,0.2785532772541046,-0.17215929925441742,0.0016760623548179865,0.0009857550030574203,0.21429681777954102,0.0064568668603897095,0.010582201182842255,-0.07177361845970154,0.001104474999010563,0.0009014703100547194,0.3050607144832611,0.2152426540851593,0.8888888955116272
7,eval,,0.07929470390081406,0.04014962911605835,0.3141650855541229,0.9270833134651184,0.9375,0.90625,0.0,0.8118163347244263,0.7720240950584412,0.8229997754096985,,,0.11099226027727127,0.2230832874774933,0.0015276098856702447,0.07078829407691956,0.1054597720503807,0.058193638920784,0.031009212136268616,0.06807716190814972,-0.02059183456003666,0.07693422585725784,0.2785532772541046,-0.01078993920236826,0.0020327111706137657,0.0009857550030574203,0.117589570581913,0.006538857240229845,0.010582201182842255,0.056388210505247116,0.0018455014796927571,0.0009014703100547194,-0.01639547385275364,0.37378525733947754,0.8888888955116272
10,eval,,0.07377203553915024,0.03731366619467735,0.29252222180366516,0.9166666865348816,0.921875,0.90625,0.0,0.8286685943603516,0.7920770049095154,0.8361584544181824,,,0.20414036512374878,0.2230832874774933,-0.044974733144044876,0.07417620718479156,0.1054597720503807,0.044491421431303024,0.054292723536491394,0.06807716190814972,0.13999538123607635,0.2394638955593109,0.2785532772541046,0.055728405714035034,0.0040640500374138355,0.0009857550030574203,-0.007664633449167013,0.006699972320348024,0.010582201182842255,-0.06697121262550354,0.00296371360309422,0.0009014703100547194,-0.015135386027395725,0.8950551152229309,0.8888888955116272
11,eval,,0.06780010461807251,0.031340040266513824,0.28656044602394104,0.9270833134651184,0.9375,0.90625,0.0,0.8457810878753662,0.8313891887664795,0.8407500982284546,,,0.20822755992412567,0.2230832874774933,0.03864617273211479,0.07719626277685165,0.1054597720503807,0.029207594692707062,0.054261062294244766,0.06807716190814972,-0.045094460248947144,0.20800338685512543,0.2785532772541046,-0.05282385274767876,0.00298797688446939,0.0009857550030574203,0.11471002548933029,0.007307596039026976,0.010582201182842255,0.003011651337146759,0.0006644821260124445,0.0009014703100547194,0.14103703200817108,0.758246898651123,0.8888888955116272
13,eval,,0.0629371851682663,0.029320128262043,0.26463958621025085,0.9270833134651184,0.9375,0.90625,0.0,0.8478692173957825,0.8443602323532104,0.8524451851844788,,,0.16181132197380066,0.2230832874774933,0.08770889788866043,0.08478330075740814,0.1054597720503807,-0.09019601345062256,0.042027562856674194,0.06807716190814972,-0.14026641845703125,0.1415766030550003,0.2785532772541046,-0.06287720054388046,0.0010885708034038544,0.0009857550030574203,-0.0002802408707793802,0.006647301837801933,0.010582201182842255,0.01686677150428295,0.001075832056812942,0.0009014703100547194,0.08491825312376022,0.4670829176902771,0.8888888955116272
14,eval,,0.057740166783332825,0.02324521355330944,0.2647099494934082,0.9270833134651184,0.9375,0.90625,0.0,0.8686826825141907,0.8736621141433716,0.8564643263816833,,,0.12977205216884613,0.2230832874774933,0.06922420114278793,0.08329858630895615,0.1054597720503807,-0.03364910930395126,0.03817331790924072,0.06807716190814972,-0.010513528250157833,0.13264256715774536,0.2785532772541046,-0.024159153923392296,0.0015956045826897025,0.0009857550030574203,-0.07626461982727051,0.006359744817018509,0.010582201182842255,-0.02937665395438671,0.0009003006271086633,0.0009014703100547194,-0.05055477097630501,0.42048072814941406,0.8888888955116272
15,eval,,0.056549038738012314,0.021749205887317657,0.26534804701805115,0.9270833134651184,0.9375,0.90625,0.0,0.8764938712120056,0.8860092759132385,0.8595526814460754,,,0.11948616802692413,0.2230832874774933,-0.023592732846736908,0.07970637083053589,0.1054597720503807,0.03719799593091011,0.036336749792099,0.06807716190814972,0.07761583477258682,0.1312406361103058,0.2785532772541046,0.015108431689441204,0.002249789424240589,0.0009857550030574203,-0.07640466839075089,0.006148878484964371,0.010582201182842255,-0.020284103229641914,0.0008280370966531336,0.0009014703100547194,-0.10371831059455872,0.43638375401496887,0.8888888955116272
16,eval,,0.054201528429985046,0.02142278663814068,0.25087401270866394,0.9270833134651184,0.9375,0.90625,0.0,0.8805067539215088,0.8942918181419373,0.8621844053268433,,,0.12424225360155106,0.2230832874774933,-0.08383741974830627,0.07794665545225143,0.1054597720503807,0.07015075534582138,0.03637348860502243,0.06807716190814972,0.09854412078857422,0.1399112045764923,0.2785532772541046,0.053090650588274,0.002386864274740219,0.0009857550030574203,0.0018979314481839538,0.006336142309010029,0.010582201182842255,0.010484889149665833,0.0009042464662343264,0.0009014703100547194,-0.09906873852014542,0.48879116773605347,0.8888888955116272
17,eval,,0.0486149787902832,0.018728550523519516,0.22793357074260712,0.9270833134651184,0.9375,0.90625,0.0,0.8884767293930054,0.9063930511474609,0.8646897077560425,,,0.14487525820732117,0.2230832874774933,-0.10376671701669693,0.07907916605472565,0.1054597720503807,0.005241370294243097,0.037071630358695984,0.06807716190814972,0.050532612949609756,0.15939505398273468,0.2785532772541046,0.0753202959895134,0.0019915408920496702,0.0009857550030574203,0.042462531477212906,0.0065726363100111485,0.010582201182842255,0.00830997433513403,0.0012084984919056296,0.0009014703100547194,-0.004938224330544472,0.5699827075004578,0.8888888955116272
18,eval,,0.04439520090818405,0.014094107784330845,0.22620175778865814,0.9270833134651184,0.9375,0.90625,0.0,0.8950433135032654,0.9255648255348206,0.8663016557693481,,,0.1796041578054428,0.2230832874774933,-0.032286182045936584,0.08463507145643234,0.1054597720503807,-0.011141923256218433,0.03997444733977318,0.06807716190814972,-0.03724836930632591,0.18821778893470764,0.2785532772541046,0.03033440001308918,0.0016055864980444312,0.0009857550030574203,0.020286792889237404,0.007104657124727964,0.010582201182842255,-0.0023566181771457195,0.0013747158227488399,0.0009014703100547194,0.06626308709383011,0.6732539534568787,0.8888888955116272
20,eval,,0.04433057829737663,0.013878575526177883,0.227042555809021,0.9375,0.953125,0.90625,0.0,0.8991617560386658,0.9292489886283875,0.8700906038284302,,,0.21602240204811096,0.2230832874774933,0.07839756458997726,0.10058105736970901,0.1054597720503807,0.0012864178279414773,0.04738343879580498,0.06807716190814972,-0.05100833997130394,0.23943668603897095,0.2785532772541046,-0.07597140967845917,0.0010480438359081745,0.0009857550030574203,-0.03983933478593826,0.01023809239268303,0.010582201182842255,0.0051545738242566586,0.0008975580567494035,0.0009014703100547194,0.08838003873825073,0.7702241539955139,0.8888888955116272
21,eval,,0.040255818516016006,0.0110306516289711,0.21560680866241455,0.9375,0.953125,0.90625,0.0,0.9060726165771484,0.9423151612281799,0.871597409248352,,,0.19664248824119568,0.2230832874774933,0.011967182159423828,0.10095778107643127,0.1054597720503807,-0.057400453835725784,0.04711852967739105,0.06807716190814972,-0.021869787946343422,0.24480988085269928,0.2785532772541046,-0.019962765276432037,0.0009851350914686918,0.0009857550030574203,0.0016721325227990746,0.012444992549717426,0.010582201182842255,-0.0010686604073271155,0.0013139026705175638,0.0009014703100547194,0.025373147800564766,0.7369439601898193,0.8888888955116272
22,eval,,0.03930366784334183,0.010348256677389145,0.21303613483905792,0.9375,0.953125,0.90625,0.0,0.9078635573387146,0.9453084468841553,0.8729543089866638,,,0.1759987473487854,0.2230832874774933,-0.039001092314720154,0.09699513763189316,0.1054597720503807,-0.021821418777108192,0.04570433124899864,0.06807716190814972,0.019337356090545654,0.2433822900056839,0.2785532772541046,0.029722852632403374,0.001222758088260889,0.0009857550030574203,0.03821253776550293,0.013979753479361534,0.010582201182842255,-8.614597754785791e-05,0.0016917471075430512,0.0009014703100547194,-0.03879144787788391,0.6701236963272095,0.8888888955116272
24,eval,,0.03802425414323807,0.008972149342298508,0.21233685314655304,0.9375,0.953125,0.90625,0.0,0.9123771786689758,0.9536256790161133,0.8750304579734802,,,0.16570205986499786,0.2230832874774933,-0.02142871916294098,0.0874534621834755,0.1054597720503807,0.04126906022429466,0.04249332845211029,0.06807716190814972,0.034798819571733475,0.2250334918498993,0.2785532772541046,0.03403717651963234,0.0013450478436425328,0.0009857550030574203,-0.025603294372558594,0.014230256900191307,0.010582201182842255,-0.01571168564260006,0.0007306623738259077,0.0009014703100547194,0.012472952716052532,0.5815186500549316,0.8888888955116272
25,eval,,0.03677404671907425,0.008169826120138168,0.20839937031269073,0.9375,0.953125,0.90625,0.0,0.9150375127792358,0.9575757384300232,0.8767377734184265,,,0.16922305524349213,0.2230832874774933,0.03271352872252464,0.08191177248954773,0.1054597720503807,-0.017702072858810425,0.040632084012031555,0.06807716190814972,-0.03291158005595207,0.21517959237098694,0.2785532772541046,0.008526832796633244,0.0008538594120182097,0.0009857550030574203,-0.016013141721487045,0.013593403622508049,0.010582201182842255,-0.009886521846055984,0.0005080780829302967,0.0009014703100547194,-0.010854064486920834,0.6007480025291443,0.8888888955116272
26,eval,,0.03667867183685303,0.008756770752370358,0.2042100876569748,0.9375,0.953125,0.90625,0.0,0.9150558710098267,0.9546219110488892,0.8786847591400146,,,0.17494678497314453,0.2230832874774933,0.04063330963253975,0.07873039692640305,0.1054597720503807,-0.035253629088401794,0.04042176529765129,0.06807716190814972,-0.052628036588430405,0.21883834898471832,0.2785532772541046,-0.047625403851270676,0.0007721158908680081,0.0009857550030574203,0.00630939519032836,0.012972243130207062,0.010582201182842255,0.018748054280877113,0.0006172226858325303,0.0009014703100547194,-0.027930714190006256,0.6391034126281738,0.8888888955116272
27,eval,,0.03517041727900505,0.007594890892505646,0.20062357187271118,0.9375,0.953125,0.90625,0.0,0.9180954694747925,0.9622520208358765,0.8802034854888916,,,0.18004141747951508,0.2230832874774933,0.003936304245144129,0.07844118773937225,0.1054597720503807,-0.03850893676280975,0.04095698893070221,0.06807716190814972,0.00835395697504282,0.23644760251045227,0.2785532772541046,-0.05313838645815849,0.0009966964134946465,0.0009857550030574203,0.007344467099756002,0.012501755729317665,0.010582201182842255,0.010432574898004532,0.0008022693218663335,0.0009014703100547194,0.018981793895363808,0.6771910190582275,0.8888888955116272
28,eval,,0.034176815301179886,0.006676879245787859,0.19917643070220947,0.9375,0.953125,0.90625,0.0,0.9204937815666199,0.9660159349441528,0.8814114928245544,,,0.18484844267368317,0.2230832874774933,-0.0031795960385352373,0.07898914068937302,0.1054597720503807,0.0019363346509635448,0.04144999012351036,0.06807716190814972,0.03962163254618645,0.26123541593551636,0.2785532772541046,0.008229010738432407,0.0010336750419810414,0.0009857550030574203,0.0068325200118124485,0.012067067436873913,0.010582201182842255,-0.01587376929819584,0.0009325449354946613,0.0009014703100547194,0.02910100854933262,0.6947342753410339,0.8888888955116272
31,eval,,0.032855335623025894,0.005509125534445047,0.1969326138496399,0.9375,0.953125,0.90625,0.0,0.9240611791610718,0.972326397895813,0.8836950659751892,,,0.1872910112142563,0.2230832874774933,-0.016595205292105675,0.08824245631694794,0.1054597720503807,-0.03865206614136696,0.04430663213133812,0.06807716190814972,0.013729092665016651,0.27188724279403687,0.2785532772541046,-0.014880876988172531,0.0007839523022994399,0.0009857550030574203,-0.0035842107608914375,0.010695238597691059,0.010582201182842255,-0.006990129593759775,0.0009240657091140747,0.0009014703100547194,-0.043014153838157654,0.7253060936927795,0.8888888955116272
32,eval,,0.032526805996894836,0.005769776180386543,0.1930689811706543,0.9375,0.953125,0.90625,0.0,0.9245316982269287,0.970329999923706,0.8849406242370605,,,0.18223309516906738,0.2230832874774933,0.04030655324459076,0.0925205871462822,0.1054597720503807,-0.006178806070238352,0.04653160646557808,0.06807716190814972,0.0471617616713047,0.26077884435653687,0.2785532772541046,-0.03673318400979042,0.0006572800921276212,0.0009857550030574203,0.013025096617639065,0.010484342463314533,0.010582201182842255,-0.00829899962991476,0.0008520910050719976,0.0009014703100547194,-0.010818962939083576,0.674549400806427,0.8888888955116272
33,eval,,0.03170551359653473,0.004839123692363501,0.19290386140346527,0.9375,0.953125,0.90625,0.0,0.9265556931495667,0.9747315645217896,0.8863240480422974,,,0.18330547213554382,0.2230832874774933,0.021681539714336395,0.09604205191135406,0.1054597720503807,0.020355449989438057,0.04845394939184189,0.06807716190814972,-0.01618431694805622,0.25774550437927246,0.2785532772541046,-0.007222781423479319,0.0006592578138224781,0.0009857550030574203,-0.003671692917123437,0.010730584152042866,0.010582201182842255,0.01296854019165039,0.0008098965045064688,0.0009014703100547194,0.021780753508210182,0.6287094354629517,0.8888888955116272
34,eval,,0.031387489289045334,0.004728259053081274,0.19134287536144257,0.9375,0.953125,0.90625,0.0,0.927068829536438,0.9753955006599426,0.8875580430030823,,,0.18662096560001373,0.2230832874774933,-0.011943445540964603,0.10058196634054184,0.1054597720503807,-0.009081035852432251,0.05012064054608345,0.06807716190814972,-0.03896678611636162,0.2603001296520233,0.2785532772541046,0.028133844956755638,0.0005839168443344533,0.0009857550030574203,-0.008991463109850883,0.011028381064534187,0.010582201182842255,0.005260102450847626,0.0008714766590856016,0.0009014703100547194,0.033271655440330505,0.6353361010551453,0.8888888955116272
35,eval,,0.031101422384381294,0.004427725449204445,0.19114361703395844,0.9375,0.953125,0.90625,0.0,0.9278796911239624,0.9773898124694824,0.8881487250328064,,,0.1841491311788559,0.2230832874774933,0.028938600793480873,0.10332972556352615,0.1054597720503807,-0.009593675844371319,0.052240025252103806,0.06807716190814972,0.010204029269516468,0.26571765542030334,0.2785532772541046,0.012888799421489239,0.0004809844249393791,0.0009857550030574203,0.03233945742249489,0.01121555920690298,0.010582201182842255,-0.011667720973491669,0.0011325665982440114,0.0009014703100547194,-0.056989893317222595,0.6795227527618408,0.8888888955116272
36,eval,,0.03105463832616806,0.004249943420290947,0.19188280403614044,0.9375,0.953125,0.90625,0.0,0.9279890060424805,0.9778153896331787,0.8885117173194885,,,0.1904185265302658,0.2230832874774933,-0.008491368032991886,0.10436718165874481,0.1054597720503807,0.0063008591532707214,0.052986446768045425,0.06807716190814972,0.029793553054332733,0.2695220410823822,0.2785532772541046,-0.03058779239654541,0.0005360668292269111,0.0009857550030574203,-0.001519290148280561,0.01155633945018053,0.010582201182842255,0.008631695993244648,0.001327087520621717,0.0009014703100547194,-0.06625960022211075,0.7329517602920532,0.8888888955116272
37,eval,,0.030457476153969765,0.0043501826003193855,0.18710124492645264,0.9375,0.953125,0.90625,0.0,0.9295457601547241,0.9783675074577332,0.8895338773727417,,,0.20045630633831024,0.2230832874774933,-0.044770557433366776,0.10520530492067337,0.1054597720503807,0.006216197740286589,0.05212532728910446,0.06807716190814972,0.0014462318504229188,0.27011415362358093,0.2785532772541046,-0.00587502121925354,0.00047801388427615166,0.0009857550030574203,-0.04414248466491699,0.011602296493947506,0.010582201182842255,-0.0009001487051136792,0.001238499884493649,0.0009014703100547194,0.036069709807634354,0.7308170199394226,0.8888888955116272
38,eval,,0.030022133141756058,0.0042695337906479836,0.18453772366046906,0.9375,0.953125,0.90625,0.0,0.9307217001914978,0.9784010648727417,0.8904910683631897,,,0.19912372529506683,0.2230832874774933,0.038255345076322556,0.1030036136507988,0.1054597720503807,0.008701415732502937,0.051735732704401016,0.06807716190814972,-0.023578591644763947,0.26451823115348816,0.2785532772541046,0.043194785714149475,0.0004884770605713129,0.0009857550030574203,0.015503805130720139,0.011127209290862083,0.010582201182842255,-0.02132352627813816,0.0012772104237228632,0.0009014703100547194,0.021807951852679253,0.7154390215873718,0.8888888955116272
39,eval,,0.029571734368801117,0.004031760152429342,0.18281157314777374,0.9375,0.953125,0.90625,0.0,0.9317069053649902,0.9802023768424988,0.8915717005729675,,,0.18931221961975098,0.2230832874774933,0.038465943187475204,0.10024591535329819,0.1054597720503807,0.012960820458829403,0.05218731611967087,0.06807716190814972,-0.019070280715823174,0.26287657022476196,0.2785532772541046,5.855783820152283e-05,0.0005530263879336417,0.0009857550030574203,0.04130726680159569,0.010616364888846874,0.010582201182842255,0.01895492896437645,0.0013176942011341453,0.0009014703100547194,-0.01680256985127926,0.681968092918396,0.8888888955116272
40,eval,,0.02946510724723339,0.0041031790897250175,0.18163669109344482,0.9375,0.953125,0.90625,0.0,0.9321436285972595,0.979983389377594,0.8926033973693848,,,0.18360097706317902,0.2230832874774933,-0.040336478501558304,0.100147545337677,0.1054597720503807,-0.021231815218925476,0.0519605427980423,0.06807716190814972,0.02105623297393322,0.2638877034187317,0.2785532772541046,-0.04572594538331032,0.0006066591013222933,0.0009857550030574203,-0.011726592667400837,0.010375902988016605,0.010582201182842255,0.023836538195610046,0.001297394628636539,0.0009014703100547194,0.012205016799271107,0.6610382199287415,0.8888888955116272
41,eval,,0.028755024075508118,0.003498683450743556,0.18029308319091797,0.9375,0.953125,0.90625,0.0,0.9339937567710876,0.9826865196228027,0.8934304118156433,,,0.18374985456466675,0.2230832874774933,-0.010098004713654518,0.09841471165418625,0.1054597720503807,-0.015945957973599434,0.05207233130931854,0.06807716190814972,0.01931132934987545,0.2659931182861328,0.2785532772541046,-0.0025927589740604162,0.0006694722105748951,0.0009857550030574203,-0.02827494405210018,0.009923331439495087,0.010582201182842255,-0.028256498277187347,0.0013461963972076774,0.0009014703100547194,-0.011271675117313862,0.6625599265098572,0.8888888955116272
42,eval,,0.028481392189860344,0.003325757570564747,0.17941522598266602,0.9375,0.953125,0.90625,0.0,0.9341139793395996,0.9826525449752808,0.8943511843681335,,,0.19048967957496643,0.2230832874774933,0.00664905970916152,0.09861822426319122,0.1054597720503807,0.0169814620167017,0.05398404970765114,0.06807716190814972,-0.010990314185619354,0.2663930654525757,0.2785532772541046,0.030800985172390938,0.0006902166060172021,0.0009857550030574203,-0.015511681325733662,0.009849741123616695,0.010582201182842255,-0.01521602738648653,0.0013125785626471043,0.0009014703100547194,0.02628902904689312,0.663364827632904,0.8888888955116272
43,eval,,0.02815595082938671,0.003165493020787835,0.1780986785888672,0.9375,0.953125,0.90625,0.0,0.9350273609161377,0.9838107824325562,0.8946175575256348,,,0.19678588211536407,0.2230832874774933,-0.0018537339055910707,0.10172697901725769,0.1054597720503807,0.0018191998824477196,0.05724162608385086,0.06807716190814972,-0.007256343495100737,0.2675100266933441,0.2785532772541046,0.005145959556102753,0.0007849399698898196,0.0009857550030574203,0.018193494528532028,0.009920242242515087,0.010582201182842255,0.03126051649451256,0.0012608696706593037,0.0009014703100547194,0.0244812723249197,0.7197703123092651,0.8888888955116272
44,eval,,0.02811586856842041,0.0031630531884729862,0.17783278226852417,0.9375,0.953125,0.90625,0.0,0.9349822402000427,0.9835641980171204,0.8949397802352905,,,0.20130573213100433,0.2230832874774933,-0.0016173440963029861,0.10463761538267136,0.1054597720503807,-0.03031465969979763,0.059092603623867035,0.06807716190814972,0.006424068007618189,0.2717011570930481,0.2785532772541046,-0.014284820295870304,0.0009126257500611246,0.0009857550030574203,0.02211916632950306,0.0099569633603096,0.010582201182842255,0.0030185815412551165,0.0012436517281457782,0.0009014703100547194,0.01087187509983778,0.7589541077613831,0.8888888955116272
45,eval,,0.027575157582759857,0.0029780317563563585,0.17515791952610016,0.9375,0.953125,0.90625,0.0,0.9363225102424622,0.9848403930664062,0.8961636424064636,,,0.20145101845264435,0.2230832874774933,0.012066416442394257,0.10425705462694168,0.1054597720503807,0.013810782693326473,0.06064227968454361,0.06807716190814972,-0.01590830087661743,0.2779295742511749,0.2785532772541046,-0.0078372647985816,0.0007901816279627383,0.0009857550030574203,-0.006416525691747665,0.009850160218775272,0.010582201182842255,-0.023593267425894737,0.001170800649560988,0.0009014703100547194,-0.007467031944543123,0.7298283576965332,0.8888888955116272
46,eval,,0.027256358414888382,0.0029146396555006504,0.17330670356750488,0.9375,0.953125,0.90625,0.0,0.9369512796401978,0.9849780201911926,0.8972533345222473,,,0.19745057821273804,0.2230832874774933,-0.005263708531856537,0.10316486656665802,0.1054597720503807,0.013288279063999653,0.060593053698539734,0.06807716190814972,-0.010492723435163498,0.27829015254974365,0.2785532772541046,0.0058747329749166965,0.000753789849113673,0.0009857550030574203,-0.031105300411581993,0.009776339866220951,0.010582201182842255,0.004555037710815668,0.001004431047476828,0.0009014703100547194,0.00145888386759907,0.7067487835884094,0.8888888955116272
47,eval,,0.02706519514322281,0.0029399727936834097,0.17181652784347534,0.9375,0.953125,0.90625,0.0,0.9375876784324646,0.9849810600280762,0.8983275890350342,,,0.18919026851654053,0.2230832874774933,-0.0016685040900483727,0.10182222723960876,0.1054597720503807,-0.025435814633965492,0.060242459177970886,0.06807716190814972,0.028155053034424782,0.2755836546421051,0.2785532772541046,0.014584935270249844,0.0007804394117556512,0.0009857550030574203,0.007326599210500717,0.009486288763582706,0.010582201182842255,0.009857081808149815,0.0008738284814171493,0.0009014703100547194,0.002749186009168625,0.6909677982330322,0.8888888955116272
48,eval,,0.027001170441508293,0.0028765955939888954,0.17174863815307617,0.9375,0.953125,0.90625,0.0,0.9377350211143494,0.9854806661605835,0.8993028998374939,,,0.18849226832389832,0.2230832874774933,0.020070252940058708,0.09829430282115936,0.1054597720503807,0.006840774789452553,0.06011895835399628,0.06807716190814972,0.0004915492609143257,0.27282199263572693,0.2785532772541046,-0.003402525559067726,0.0008112252689898014,0.0009857550030574203,0.03432437404990196,0.009141914546489716,0.010582201182842255,-0.0003725503047462553,0.000827352050691843,0.0009014703100547194,-0.03709607943892479,0.6866982579231262,0.8888888955116272
49,eval,,0.02664743736386299,0.0026904912665486336,0.1703891009092331,0.9375,0.953125,0.90625,0.0,0.9388462901115417,0.9862715005874634,0.9001396894454956,,,0.18932677805423737,0.2230832874774933,-0.00397814717143774,0.09570394456386566,0.1054597720503807,0.005662499461323023,0.05919530987739563,0.06807716190814972,-0.021528996527194977,0.27336859703063965,0.2785532772541046,-0.01093184482306242,0.0008002788526937366,0.0009857550030574203,-0.008160825818777084,0.009182851761579514,0.010582201182842255,-0.006461745593696833,0.0007658051326870918,0.0009014703100547194,-0.033736374229192734,0.6797314286231995,0.8888888955116272
50,eval,,0.026435449719429016,0.002818612614646554,0.16813643276691437,0.9375,0.953125,0.90625,0.0,0.939050018787384,0.9857677221298218,0.9008867740631104,,,0.19062192738056183,0.2230832874774933,-0.010022827424108982,0.09648542106151581,0.1054597720503807,-0.022370537742972374,0.0591769739985466,0.06807716190814972,0.017231987789273262,0.27710938453674316,0.2785532772541046,0.004100855439901352,0.0007821382023394108,0.0009857550030574203,-0.028307156637310982,0.009506900794804096,0.010582201182842255,-0.00758478045463562,0.0007026289822533727,0.0009014703100547194,0.013890529982745647,0.6849047541618347,0.8888888955116272
51,eval,,0.02627704292535782,0.0026432613376528025,0.16807971894741058,0.9375,0.953125,0.90625,0.0,0.9398065805435181,0.9867243766784668,0.9021536707878113,,,0.19035756587982178,0.2230832874774933,0.0063389199785888195,0.09721428155899048,0.1054597720503807,0.023101119324564934,0.06032107397913933,0.06807716190814972,0.013457230292260647,0.2823695242404938,0.2785532772541046,0.0018189451657235622,0.0007501656073145568,0.0009857550030574203,0.005122897680848837,0.009835070930421352,0.010582201182842255,0.008910823613405228,0.0006855964311398566,0.0009014703100547194,0.03290899097919464,0.6578687429428101,0.8888888955116272
52,eval,,0.026154598221182823,0.0028820002917200327,0.16579017043113708,0.9375,0.953125,0.90625,0.0,0.9397977590560913,0.9858106970787048,0.9033323526382446,,,0.19158439338207245,0.2230832874774933,0.01617954485118389,0.09890694171190262,0.1054597720503807,0.024917693808674812,0.061725910753011703,0.06807716190814972,-0.02743726223707199,0.285844624042511,0.2785532772541046,0.005598319228738546,0.0007002386846579611,0.0009857550030574203,0.023519346490502357,0.010295565240085125,0.010582201182842255,0.005535107105970383,0.0007326820632442832,0.0009014703100547194,0.00798578467220068,0.6480073928833008,0.8888888955116272
53,eval,,0.025850191712379456,0.0026935581117868423,0.16478998959064484,0.9375,0.953125,0.90625,0.0,0.9408201575279236,0.9863507747650146,0.9039174318313599,,,0.18963713943958282,0.2230832874774933,0.006026035640388727,0.1008150726556778,0.1054597720503807,-0.03151276335120201,0.06278301775455475,0.06807716190814972,-0.01468744408339262,0.2818124294281006,0.2785532772541046,-0.0006384127191267908,0.0007938902708701789,0.0009857550030574203,-0.001388008357025683,0.010643677785992622,0.010582201182842255,-0.00760409003123641,0.0008712055860087276,0.0009014703100547194,-0.03545093908905983,0.6753444671630859,0.8888888955116272
54,eval,,0.025531839579343796,0.002782289870083332,0.16202913224697113,0.9375,0.953125,0.90625,0.0,0.9413794279098511,0.9859511256217957,0.9046484231948853,,,0.18977299332618713,0.2230832874774933,-0.014140896499156952,0.1031063124537468,0.1054597720503807,-0.020640941336750984,0.06331513077020645,0.06807716190814972,0.027569055557250977,0.2742995023727417,0.2785532772541046,-0.018272822722792625,0.0007852845010347664,0.0009857550030574203,-0.02347462810575962,0.010677769780158997,0.010582201182842255,-0.00019104790408164263,0.0008467665174975991,0.0009014703100547194,-0.006353461649268866,0.6877766847610474,0.8888888955116272
55,eval,,0.02514548785984516,0.00258453655987978,0.16051119565963745,0.9375,0.953125,0.90625,0.0,0.9421209096908569,0.9869516491889954,0.9053146839141846,,,0.19511747360229492,0.2230832874774933,0.0006991455447860062,0.10384998470544815,0.1054597720503807,0.035618703812360764,0.06292674690485,0.06807716190814972,0.009575139731168747,0.26928865909576416,0.2785532772541046,0.0006272916216403246,0.0006609431584365666,0.0009857550030574203,0.0024214584846049547,0.010459870100021362,0.010582201182842255,0.004507450852543116,0.0008044888381846249,0.0009014703100547194,7.097733760019764e-05,0.7077077031135559,0.8888888955116272
56,eval,,0.025051798671483994,0.0026016372721642256,0.1597527712583542,0.9375,0.953125,0.90625,0.0,0.942221999168396,0.9864428639411926,0.9058791399002075,,,0.20053066313266754,0.2230832874774933,-0.011881724931299686,0.1054367944598198,0.1054597720503807,-0.008011872880160809,0.06279707700014114,0.06807716190814972,-0.013495247811079025,0.27053701877593994,0.2785532772541046,0.030073270201683044,0.0006584293441846967,0.0009857550030574203,0.014739357866346836,0.010478278622031212,0.010582201182842255,-0.006358994636684656,0.0008139299461618066,0.0009014703100547194,0.017184888944029808,0.7335681319236755,0.8888888955116272
57,eval,,0.024865437299013138,0.002435359638184309,0.15944591164588928,0.9375,0.953125,0.90625,0.0,0.9427473545074463,0.9875683784484863,0.9063553214073181,,,0.2042263001203537,0.2230832874774933,-0.020877769216895103,0.10640357434749603,0.1054597720503807,-0.016907604411244392,0.06213652715086937,0.06807716190814972,0.003253764705732465,0.27602577209472656,0.2785532772541046,-0.00983580481261015,0.0006862872978672385,0.0009857550030574203,-0.003378103720024228,0.010646835900843143,0.010582201182842255,0.006805580109357834,0.0008347028051503003,0.0009014703100547194,0.02074611373245716,0.7616299986839294,0.8888888955116272
59,eval,,0.024721190333366394,0.0027348685543984175,0.15663914382457733,0.9375,0.953125,0.90625,0.0,0.9430603981018066,0.9865004420280457,0.9079160094261169,,,0.20179526507854462,0.2230832874774933,0.04499473050236702,0.10497680306434631,0.1054597720503807,-0.004410036373883486,0.06028370186686516,0.06807716190814972,-0.008886061608791351,0.2800461947917938,0.2785532772541046,0.020513195544481277,0.0006149265682324767,0.0009857550030574203,0.01571413315832615,0.01095822174102068,0.010582201182842255,-0.011747315526008606,0.0009261061786673963,0.0009014703100547194,-0.020825617015361786,0.7432973384857178,0.8888888955116272
60,eval,,0.02431781031191349,0.002463717944920063,0.15544235706329346,0.9375,0.953125,0.90625,0.0,0.9441352486610413,0.9874016046524048,0.9087331295013428,,,0.19665397703647614,0.2230832874774933,-0.023609226569533348,0.10223482549190521,0.1054597720503807,-0.02369312010705471,0.059207234531641006,0.06807716190814972,-0.016243210062384605,0.2758316397666931,0.2785532772541046,0.005411624908447266,0.0006210031569935381,0.0009857550030574203,0.004973927047103643,0.010855480097234249,0.010582201182842255,0.013805297203361988,0.0009372158092446625,0.0009014703100547194,-0.024372244253754616,0.7349840402603149,0.8888888955116272
61,eval,,0.02399156242609024,0.0024012646172195673,0.15353333950042725,0.9375,0.953125,0.90625,0.0,0.9450749754905701,0.9876577854156494,0.9105759859085083,,,0.1883200854063034,0.2230832874774933,-0.017657585442066193,0.09941623359918594,0.1054597720503807,0.018801268190145493,0.059395741671323776,0.06807716190814972,0.021745869889855385,0.2675943374633789,0.2785532772541046,-0.014842427335679531,0.0007095923647284508,0.0009857550030574203,-0.0017939949175342917,0.010426836088299751,0.010582201182842255,-0.005125888157635927,0.0008670046809129417,0.0009014703100547194,0.013996797613799572,0.6726717352867126,0.8888888955116272
62,eval,,0.023837413638830185,0.0024416157975792885,0.15221218764781952,0.9375,0.953125,0.90625,0.0,0.9454752206802368,0.987668514251709,0.9113705158233643,,,0.18872810900211334,0.2230832874774933,0.02953491546213627,0.09653966873884201,0.1054597720503807,0.018942581489682198,0.060461074113845825,0.06807716190814972,0.0064003984443843365,0.26745712757110596,0.2785532772541046,0.01167936623096466,0.0008291838457807899,0.0009857550030574203,-0.0014028321020305157,0.010130567476153374,0.010582201182842255,-0.013116784393787384,0.0008761054486967623,0.0009014703100547194,-0.016182448714971542,0.6760908961296082,0.8888888955116272
64,eval,,0.023514246568083763,0.002338423626497388,0.15056918561458588,0.9375,0.953125,0.90625,0.0,0.9463033080101013,0.9880190491676331,0.9134806990623474,,,0.1916579008102417,0.2230832874774933,0.007484132889658213,0.09607279300689697,0.1054597720503807,-5.3578754886984825e-05,0.06264811009168625,0.06807716190814972,0.015978412702679634,0.2805394232273102,0.2785532772541046,-0.01058486569672823,0.0009756530052982271,0.0009857550030574203,0.029106536880135536,0.009811635129153728,0.010582201182842255,-0.005811130627989769,0.000819725391920656,0.0009014703100547194,0.03917619585990906,0.6689956784248352,0.8888888955116272
65,eval,,0.023158468306064606,0.00237649935297668,0.14785027503967285,0.9375,0.953125,0.90625,0.0,0.946755588054657,0.9881558418273926,0.9137380719184875,,,0.19559107720851898,0.2230832874774933,0.029274167492985725,0.09756238758563995,0.1054597720503807,0.022378074005246162,0.06433358043432236,0.06807716190814972,-0.004932494834065437,0.2815887928009033,0.2785532772541046,-0.010264216922223568,0.0009434482199139893,0.0009857550030574203,0.009678035043179989,0.009817653335630894,0.010582201182842255,0.0018974370323121548,0.000819787266664207,0.0009014703100547194,-0.024929920211434364,0.7045539617538452,0.8888888955116272
69,eval,,0.02307276427745819,0.003234376898035407,0.14210309088230133,0.9375,0.953125,0.90625,0.0,0.9476986527442932,0.9863686561584473,0.9173439145088196,,,0.19585485756397247,0.2230832874774933,-0.06924906373023987,0.10252269357442856,0.1054597720503807,-0.03475870564579964,0.062414903193712234,0.06807716190814972,-0.013081907294690609,0.2765544354915619,0.2785532772541046,0.009484187699854374,0.0006499927258118987,0.0009857550030574203,-0.034237783402204514,0.010542613454163074,0.010582201182842255,-0.005516829434782267,0.0007538625504821539,0.0009014703100547194,0.021696629002690315,0.7010604739189148,0.8888888955116272
71,eval,,0.02208593301475048,0.002388398163020611,0.1402711272239685,0.9375,0.953125,0.90625,0.0,0.9493682384490967,0.9879745244979858,0.9189703464508057,,,0.19388696551322937,0.2230832874774933,0.01762356609106064,0.09973831474781036,0.1054597720503807,0.009196423925459385,0.06425371021032333,0.06807716190814972,-0.01006655115634203,0.276435524225235,0.2785532772541046,-0.018377652391791344,0.0006648993585258722,0.0009857550030574203,0.010808105580508709,0.010396147146821022,0.010582201182842255,0.03974482789635658,0.0007864176295697689,0.0009014703100547194,-0.03818595036864281,0.7089449763298035,0.8888888955116272
74,eval,,0.02144407294690609,0.002430829219520092,0.13552352786064148,0.9583333134651184,0.984375,0.90625,0.6666666666666666,0.9516388177871704,0.9886775612831116,0.9221169352531433,,,0.18951940536499023,0.2230832874774933,-0.00014848262071609497,0.09997781366109848,0.1054597720503807,0.026079995557665825,0.06308214366436005,0.06807716190814972,0.0038428723346441984,0.2763483226299286,0.2785532772541046,0.01249454915523529,0.0006213596207089722,0.0009857550030574203,0.010083702392876148,0.010309772565960884,0.010582201182842255,0.04364702105522156,0.0007749338401481509,0.0009014703100547194,0.00018368785094935447,0.6721020936965942,0.8888888955116272
76,eval,,0.021087458357214928,0.002589320531114936,0.13207627832889557,0.9583333134651184,0.984375,0.90625,0.6666666666666666,0.9515674710273743,0.9868965744972229,0.9234936237335205,,,0.20163916051387787,0.2230832874774933,0.027241995558142662,0.1064641922712326,0.1054597720503807,0.023779163137078285,0.06495565921068192,0.06807716190814972,-0.0031947947572916746,0.2730783522129059,0.2785532772541046,-0.011092367582023144,0.0006418381817638874,0.0009857550030574203,0.0020847751293331385,0.010420511476695538,0.010582201182842255,-0.0507856048643589,0.0007883563521318138,0.0009014703100547194,0.020972466096282005,0.7088016867637634,0.8888888955116272
77,eval,,0.02082035318017006,0.0025435471907258034,0.13048119843006134,0.9583333134651184,0.984375,0.90625,0.6666666666666666,0.9526993632316589,0.9887187480926514,0.9237062931060791,,,0.20516251027584076,0.2230832874774933,0.04327155277132988,0.10887427628040314,0.1054597720503807,0.028075873851776123,0.06673118472099304,0.06807716190814972,-0.013313140720129013,0.2711535096168518,0.2785532772541046,0.005170117132365704,0.0006370774935930967,0.0009857550030574203,0.014105848036706448,0.010603043250739574,0.010582201182842255,0.024165326729416847,0.0007881098426878452,0.0009014703100547194,-0.0008527698810212314,0.7504072785377502,0.8888888955116272
80,eval,,0.020276274532079697,0.0026329585816711187,0.1261361688375473,0.96875,1.0,0.90625,0.6666666666666666,0.9542605876922607,0.9884088635444641,0.9276310205459595,,,0.1960933804512024,0.2230832874774933,0.04236804321408272,0.10240153968334198,0.1054597720503807,0.042939167469739914,0.06184399500489235,0.06807716190814972,-0.0028806806076318026,0.27785152196884155,0.2785532772541046,0.017108876258134842,0.0007479676278308034,0.0009857550030574203,0.016493752598762512,0.010209810920059681,0.010582201182842255,-0.006885640323162079,0.000969808257650584,0.0009014703100547194,0.00659009488299489,0.686975359916687,0.8888888955116272
82,eval,,0.019601302221417427,0.002304268069565296,0.12338351458311081,0.9583333134651184,0.984375,0.90625,0.6666666666666666,0.9553807377815247,0.9887584447860718,0.9280821084976196,,,0.200541153550148,0.2230832874774933,-0.01292557641863823,0.10056331008672714,0.1054597720503807,-0.011267428286373615,0.06294888257980347,0.06807716190814972,0.018795866519212723,0.2740704417228699,0.2785532772541046,-0.032601963728666306,0.0008352891309186816,0.0009857550030574203,-0.00036348903086036444,0.010240809060633183,0.010582201182842255,-0.0296583604067564,0.001169197028502822,0.0009014703100547194,-0.010569513775408268,0.7588533759117126,0.8888888955116272
84,eval,,0.01959700882434845,0.0026900761295109987,0.12103859335184097,0.9583333134651184,0.984375,0.90625,0.6666666666666666,0.9552802443504333,0.9874497652053833,0.9300512075424194,,,0.20044085383415222,0.2230832874774933,0.01698335073888302,0.10405324399471283,0.1054597720503807,-0.0026370228733867407,0.06790991127490997,0.06807716190814972,-0.021169139072299004,0.2808084785938263,0.2785532772541046,0.04237646982073784,0.0007881025085225701,0.0009857550030574203,0.004573851358145475,0.010624244809150696,0.010582201182842255,0.04767881706357002,0.0010537505149841309,0.0009014703100547194,-0.025809764862060547,0.7356009483337402,0.8888888955116272
85,eval,,0.019032875075936317,0.0021744598634541035,0.12018335610628128,0.9583333134651184,0.984375,0.90625,0.6666666666666666,0.957102358341217,0.9897986650466919,0.9305752515792847,,,0.20023898780345917,0.2230832874774933,-0.023086363449692726,0.1039370521903038,0.1054597720503807,-0.024556437507271767,0.06621018052101135,0.06807716190814972,-0.013285099528729916,0.2789229154586792,0.2785532772541046,-0.023099659010767937,0.000797481625340879,0.0009857550030574203,-0.003853009082376957,0.010554920881986618,0.010582201182842255,-2.2677259039483033e-05,0.0010195440845564008,0.0009014703100547194,-0.029837531968951225,0.7480215430259705,0.8888888955116272
88,eval,,0.018844515085220337,0.0025489998515695333,0.11661761999130249,0.96875,1.0,0.90625,0.6666666666666666,0.9573681354522705,0.9875379204750061,0.9340633153915405,,,0.1925317347049713,0.2230832874774933,-0.044230375438928604,0.10033247619867325,0.1054597720503807,-0.032237276434898376,0.061018336564302444,0.06807716190814972,-0.01325328927487135,0.27603816986083984,0.2785532772541046,0.011268052272498608,0.0006258384673856199,0.0009857550030574203,-0.01687725819647312,0.010207715444266796,0.010582201182842255,0.024481967091560364,0.0007800521561875939,0.0009014703100547194,0.02155703864991665,0.6851826906204224,0.8888888955116272
89,eval,,0.01844901777803898,0.0024330082815140486,0.1145450696349144,0.96875,1.0,0.90625,0.6666666666666666,0.9579261541366577,0.9875873327255249,0.9334911108016968,,,0.20290450751781464,0.2230832874774933,0.0012297725770622492,0.10125923156738281,0.1054597720503807,0.0024588233791291714,0.06342048197984695,0.06807716190814972,0.024172594770789146,0.2756099998950958,0.2785532772541046,-0.0362388901412487,0.0007404226344078779,0.0009857550030574203,0.007391553372144699,0.009995615109801292,0.010582201182842255,-0.041444212198257446,0.0009403081494383514,0.0009014703100547194,-0.01528299879282713,0.7704322338104248,0.8888888955116272
90,eval,,0.018068158999085426,0.0019352094968780875,0.11486584693193436,0.96875,1.0,0.90625,0.6666666666666666,0.9589088559150696,0.9902398586273193,0.934333324432373,,,0.20914269983768463,0.2230832874774933,0.011972948908805847,0.10414453595876694,0.1054597720503807,0.021763378754258156,0.06640007346868515,0.06807716190814972,-0.009228271432220936,0.279055655002594,0.2785532772541046,0.00313126971013844,0.0007622314151376486,0.0009857550030574203,-0.007997247390449047,0.010457499884068966,0.010582201182842255,0.004854522179812193,0.0009164782240986824,0.0009014703100547194,0.042591288685798645,0.7549789547920227,0.8888888955116272
93,eval,,0.01731025241315365,0.001882342156022787,0.10987772792577744,0.96875,1.0,0.90625,0.6666666666666666,0.9604895710945129,0.9902505278587341,0.93639075756073,,,0.2008410096168518,0.2230832874774933,0.007272199261933565,0.10392128676176071,0.1054597720503807,-0.00031067230156622827,0.06672011315822601,0.06807716190814972,0.017930040135979652,0.27188071608543396,0.2785532772541046,-0.009129210375249386,0.0008597937412559986,0.0009857550030574203,0.00583606818690896,0.010267267934978008,0.010582201182842255,-0.005429163109511137,0.001214468851685524,0.0009014703100547194,-0.016308367252349854,0.7597651481628418,0.8888888955116272
101,eval,,0.016352884471416473,0.002126757986843586,0.10170964151620865,0.96875,1.0,0.90625,0.6666666666666666,0.962772011756897,0.9891688227653503,0.9413186311721802,,,0.2031230926513672,0.2230832874774933,0.006698691751807928,0.10661262273788452,0.1054597720503807,-0.03370226174592972,0.06871189922094345,0.06807716190814972,0.008591136895120144,0.2819116413593292,0.2785532772541046,0.002456721616908908,0.0008096906822174788,0.0009857550030574203,0.013443763367831707,0.01080271229147911,0.010582201182842255,-0.03581012412905693,0.0009073515539057553,0.0009014703100547194,-0.0035476821940392256,0.7510278820991516,0.8888888955116272
106,eval,,0.0161365307867527,0.002064985688775778,0.10056579113006592,0.96875,1.0,0.90625,0.6666666666666666,0.9637537002563477,0.9893678426742554,0.9457846879959106,,,0.19731397926807404,0.2230832874774933,0.009205272421240807,0.10206424444913864,0.1054597720503807,-0.0207451730966568,0.0669194683432579,0.06807716190814972,0.006950492039322853,0.27776598930358887,0.2785532772541046,0.04421387240290642,0.0010617468506097794,0.0009857550030574203,-0.0007966227713041008,0.010583545081317425,0.010582201182842255,-0.010645481757819653,0.0009539771708659828,0.0009014703100547194,0.05368843674659729,0.6874723434448242,0.8888888955116272
107,eval,,0.015812231227755547,0.0023266661446541548,0.09672562032938004,0.96875,1.0,0.90625,0.6666666666666666,0.9651980996131897,0.9908350110054016,0.9464631080627441,,,0.19385993480682373,0.2230832874774933,0.04908839985728264,0.10302194207906723,0.1054597720503807,0.02060515247285366,0.06720563769340515,0.06807716190814972,0.014405951835215092,0.28356245160102844,0.2785532772541046,0.014326873235404491,0.0010828714584931731,0.0009857550030574203,0.020065702497959137,0.010632888413965702,0.010582201182842255,0.01805010624229908,0.0010212844936177135,0.0009014703100547194,-0.012893852777779102,0.68830406665802,0.8888888955116272
108,eval,,0.01574615389108658,0.002631495241075754,0.09443411976099014,0.96875,1.0,0.90625,0.6666666666666666,0.9650417566299438,0.9890942573547363,0.9454344511032104,,,0.20903407037258148,0.2230832874774933,-0.05324646830558777,0.10436686873435974,0.1054597720503807,-0.004512395244091749,0.06652534753084183,0.06807716190814972,-0.017569268122315407,0.2843038737773895,0.2785532772541046,-0.0500878281891346,0.001139870029874146,0.0009857550030574203,-0.022049948573112488,0.010895042680203915,0.010582201182842255,0.009429797530174255,0.001006873557344079,0.0009014703100547194,-0.005359301809221506,0.7824236750602722,0.8888888955116272
109,eval,,0.01521480642259121,0.0021873407531529665,0.09337959438562393,0.96875,1.0,0.90625,0.6666666666666666,0.965323269367218,0.9888305068016052,0.9462314248085022,,,0.20719361305236816,0.2230832874774933,-0.00020019889052491635,0.10161059349775314,0.1054597720503807,-0.02969866804778576,0.06448164582252502,0.06807716190814972,0.010194004513323307,0.2808428704738617,0.2785532772541046,0.02325434982776642,0.0011321641504764557,0.0009857550030574203,0.001844499260187149,0.010128560476005077,0.010582201182842255,-0.04457816854119301,0.0010618108790367842,0.0009014703100547194,0.01608545146882534,0.7779427170753479,0.8888888955116272
114,eval,,0.014847745187580585,0.0024005635641515255,0.08953084796667099,0.9791666865348816,1.0,0.9375,1.0,0.9664391875267029,0.9879883527755737,0.9485460519790649,,,0.20816358923912048,0.2230832874774933,-0.029728660359978676,0.10447502881288528,0.1054597720503807,-0.030726561322808266,0.06522194296121597,0.06807716190814972,-0.02479841373860836,0.2695748805999756,0.2785532772541046,0.0034317399840801954,0.0007746227784082294,0.0009857550030574203,-0.0222451314330101,0.010973439551889896,0.010582201182842255,0.04566299542784691,0.0008632284589111805,0.0009014703100547194,-0.019921306520700455,0.8063608407974243,0.8888888955116272
115,eval,,0.01476218830794096,0.002573999110609293,0.08789133280515671,0.96875,1.0,0.90625,0.6666666666666666,0.9668354392051697,0.9883859157562256,0.9493016004562378,,,0.2074095457792282,0.2230832874774933,-0.018837742507457733,0.10455700755119324,0.1054597720503807,-0.042868468910455704,0.06292742490768433,0.06807716190814972,0.02483692765235901,0.2768583297729492,0.2785532772541046,-0.006511603947728872,0.0008635114063508809,0.0009857550030574203,-0.00628793565556407,0.010487803258001804,0.010582201182842255,-0.05775975063443184,0.0009647755068726838,0.0009014703100547194,0.006202158983796835,0.7962750792503357,0.8888888955116272
120,eval,,0.014480097219347954,0.0029540597461163998,0.0836363211274147,1.0,1.0,1.0,1.0,0.9682999849319458,0.987226128578186,0.9533026218414307,,,0.19666878879070282,0.2230832874774933,0.053299639374017715,0.09740746766328812,0.1054597720503807,-0.01066329050809145,0.06658808887004852,0.06807716190814972,0.012400406412780285,0.2724853754043579,0.2785532772541046,0.06871632486581802,0.0013573202304542065,0.0009857550030574203,0.017820371314883232,0.009468190371990204,0.010582201182842255,-0.008130623959004879,0.0011256200959905982,0.0009014703100547194,0.0009036796982400119,0.7194762229919434,0.8888888955116272
121,eval,,0.013291518203914165,0.0016714819939807057,0.08301172405481339,1.0,1.0,1.0,1.0,0.9699529409408569,0.9913220405578613,0.9529229402542114,,,0.20164674520492554,0.2230832874774933,-0.006806745659559965,0.09828479588031769,0.1054597720503807,0.00021436407405417413,0.06696616858243942,0.06807716190814972,-0.009669539518654346,0.2768963575363159,0.2785532772541046,-0.009239429607987404,0.0010827864753082395,0.0009857550030574203,0.005883159581571817,0.010151803493499756,0.010582201182842255,0.029961546882987022,0.0010648546740412712,0.0009014703100547194,-0.02531655691564083,0.7620684504508972,0.8888888955116272
126,eval,,0.012511687353253365,0.0016254247166216373,0.0778292641043663,1.0,1.0,1.0,1.0,0.9719476699829102,0.9916447401046753,0.9563059210777283,,,0.2015499472618103,0.2230832874774933,-0.004145659040659666,0.1031607836484909,0.1054597720503807,0.008071567863225937,0.06299187988042831,0.06807716190814972,0.00526017090305686,0.27708372473716736,0.2785532772541046,-0.02301979251205921,0.0007555094780400395,0.0009857550030574203,-0.018132368102669716,0.010781638324260712,0.010582201182842255,0.005934515502303839,0.0009635539609007537,0.0009014703100547194,-0.031988922506570816,0.761949360370636,0.8888888955116272
129,eval,,0.012303628958761692,0.0018636197783052921,0.07494369894266129,1.0,1.0,1.0,1.0,0.9726777672767639,0.9908581972122192,0.9579982161521912,,,0.20044541358947754,0.2230832874774933,-0.032430071383714676,0.10046874731779099,0.1054597720503807,-0.0039480882696807384,0.06685920804738998,0.06807716190814972,-0.006464913487434387,0.27832528948783875,0.2785532772541046,-0.029362214729189873,0.0013259350089356303,0.0009857550030574203,-0.011667904444038868,0.009758327156305313,0.010582201182842255,0.02215494215488434,0.0013378221774473786,0.0009014703100547194,-0.021973341703414917,0.7505450248718262,0.8888888955116272
131,eval,,0.011902411468327045,0.0016431850381195545,0.07345777004957199,1.0,1.0,1.0,1.0,0.973313570022583,0.9917983412742615,0.9590567946434021,,,0.20954138040542603,0.2230832874774933,0.005455616861581802,0.10488980263471603,0.1054597720503807,0.026478393003344536,0.06509136408567429,0.06807716190814972,0.010918050073087215,0.27722808718681335,0.2785532772541046,0.004447626415640116,0.00124101631809026,0.0009857550030574203,0.008533357642591,0.01022092904895544,0.010582201182842255,-0.009665274061262608,0.0008733209688216448,0.0009014703100547194,0.03980681672692299,0.774796724319458,0.8888888955116272
132,eval,,0.011521263048052788,0.0015168309910222888,0.07154785841703415,1.0,1.0,1.0,1.0,0.9738669991493225,0.9921466708183289,0.9590514302253723,,,0.21373799443244934,0.2230832874774933,-0.010473176836967468,0.10544212907552719,0.1054597720503807,0.006971717346459627,0.06528013199567795,0.06807716190814972,-0.01879408024251461,0.27393823862075806,0.2785532772541046,-0.0006110169342719018,0.0010236646048724651,0.0009857550030574203,0.012549853883683681,0.010490044951438904,0.010582201182842255,0.015177364461123943,0.0007669290062040091,0.0009014703100547194,0.01545811165124178,0.8151373267173767,0.8888888955116272
134,eval,,0.011296724900603294,0.0015298720682039857,0.0698978453874588,1.0,1.0,1.0,1.0,0.9744118452072144,0.9921735525131226,0.9604865908622742,,,0.2073904424905777,0.2230832874774933,-0.009125448763370514,0.10554944723844528,0.1054597720503807,0.016241401433944702,0.06635741144418716,0.06807716190814972,0.0035786849912256002,0.27785158157348633,0.2785532772541046,-0.020113060250878334,0.0008641011663712561,0.0009857550030574203,-0.013519197702407837,0.010449300520122051,0.010582201182842255,-0.0033198511227965355,0.00097098876722157,0.0009014703100547194,0.014313556253910065,0.7685436010360718,0.8888888955116272
135,eval,,0.010985992848873138,0.0014274157583713531,0.06833746284246445,1.0,1.0,1.0,1.0,0.9751485586166382,0.9928146004676819,0.9607948660850525,,,0.21160657703876495,0.2230832874774933,0.002409961773082614,0.10322006046772003,0.1054597720503807,0.008982209488749504,0.06465306878089905,0.06807716190814972,0.0012307212455198169,0.2761973440647125,0.2785532772541046,0.012580200098454952,0.0008829613798297942,0.0009857550030574203,0.013441868126392365,0.010291282087564468,0.010582201182842255,0.0014435480115935206,0.0010085998801514506,0.0009014703100547194,0.0016351783415302634,0.8174469470977783,0.8888888955116272
138,eval,,0.010673417709767818,0.0013954532332718372,0.06634119898080826,1.0,1.0,1.0,1.0,0.9762669801712036,0.9927915334701538,0.9631838798522949,,,0.2004193663597107,0.2230832874774933,-0.0013789786025881767,0.10033831000328064,0.1054597720503807,-0.013156763277947903,0.06808137148618698,0.06807716190814972,0.007341168820858002,0.279003769159317,0.2785532772541046,-0.0027015050873160362,0.0010939703788608313,0.0009857550030574203,-0.003279896453022957,0.009893427602946758,0.010582201182842255,-0.0030340191442519426,0.0012459015706554055,0.0009014703100547194,-0.022074013948440552,0.7534176707267761,0.8888888955116272
140,eval,,0.010358189232647419,0.0015061956364661455,0.06347015500068665,1.0,1.0,1.0,1.0,0.976599931716919,0.9926212430000305,0.9636915326118469,,,0.21279241144657135,0.2230832874774933,0.01939707249403,0.10411686450242996,0.1054597720503807,0.02408672124147415,0.06735199689865112,0.06807716190814972,-0.004342210944741964,0.2775880992412567,0.2785532772541046,0.00079748360440135,0.0009951713727787137,0.0009857550030574203,0.006515850778669119,0.010189983062446117,0.010582201182842255,-0.0023663127794861794,0.0009113707928918302,0.0009014703100547194,0.00016993843019008636,0.8080254793167114,0.8888888955116272
142,eval,,0.010250123217701912,0.001467208843678236,0.0629476010799408,1.0,1.0,1.0,1.0,0.9768556952476501,0.9926528930664062,0.9639681577682495,,,0.2159942239522934,0.2230832874774933,-0.016303010284900665,0.11070654541254044,0.1054597720503807,-0.002576977713033557,0.06663011759519577,0.06807716190814972,-0.009404093958437443,0.28490492701530457,0.2785532772541046,-0.012481577694416046,0.0008300390327349305,0.0009857550030574203,-0.0026789866387844086,0.011404106393456459,0.010582201182842255,0.010118260979652405,0.0007911353022791445,0.0009014703100547194,-0.006278985645622015,0.8302954435348511,0.8888888955116272
147,eval,,0.009689734317362309,0.001429700176231563,0.05924994871020317,1.0,1.0,1.0,1.0,0.9781405329704285,0.9928138256072998,0.9669389724731445,,,0.2074127346277237,0.2230832874774933,0.005094949621707201,0.1045629158616066,0.1054597720503807,0.0026096226647496223,0.06900633126497269,0.06807716190814972,-0.005334746092557907,0.27756381034851074,0.2785532772541046,0.01344651635736227,0.0011810611467808485,0.0009857550030574203,0.0017830267315730453,0.010560211725533009,0.010582201182842255,0.018693896010518074,0.0012407201575115323,0.0009014703100547194,-0.03269888088107109,0.7960577607154846,0.8888888955116272
150,eval,,0.009673587046563625,0.0016134806210175157,0.058034222573041916,1.0,1.0,1.0,1.0,0.9782415628433228,0.9917213916778564,0.9676156640052795,,,0.21396087110042572,0.2230832874774933,-0.012976594269275665,0.10706710815429688,0.1054597720503807,-0.015203426592051983,0.0654369592666626,0.06807716190814972,-0.023040756583213806,0.2769741117954254,0.2785532772541046,0.0064049032516777515,0.001014509703963995,0.0009857550030574203,-0.00897835660725832,0.010910922661423683,0.010582201182842255,0.031789351254701614,0.000910772243514657,0.0009014703100547194,-0.03696798160672188,0.8418801426887512,0.8888888955116272
151,eval,,0.009574430994689465,0.001399124157615006,0.058626268059015274,1.0,1.0,1.0,1.0,0.9788916110992432,0.9928088784217834,0.9680549502372742,,,0.20049795508384705,0.2230832874774933,-0.005987431854009628,0.10284996777772903,0.1054597720503807,-0.01372747216373682,0.06732781231403351,0.06807716190814972,0.019001910462975502,0.2742794156074524,0.2785532772541046,-0.00037318444810807705,0.0010990396840497851,0.0009857550030574203,0.006983812898397446,0.010289022698998451,0.010582201182842255,-0.011018738150596619,0.0009188919211737812,0.0009014703100547194,-0.04101104661822319,0.7746307849884033,0.8888888955116272
157,eval,,0.008835561573505402,0.0016257099341601133,0.05209466814994812,1.0,1.0,1.0,1.0,0.9800086617469788,0.9916316866874695,0.9702631235122681,,,0.21298180520534515,0.2230832874774933,0.02406613528728485,0.09545498341321945,0.1054597720503807,0.005422098096460104,0.059685345739126205,0.06807716190814972,0.010798540897667408,0.2700021266937256,0.2785532772541046,-0.017717137932777405,0.0011104090372100472,0.0009857550030574203,0.017304396256804466,0.009733092039823532,0.010582201182842255,-0.024656856432557106,0.0009620690834708512,0.0009014703100547194,-0.0024161909241229296,0.8423854112625122,0.8888888955116272
160,eval,,0.008782224729657173,0.0017981117125600576,0.05068691074848175,1.0,1.0,1.0,1.0,0.9802413582801819,0.9913579821586609,0.9718621969223022,,,0.2101721167564392,0.2230832874774933,0.019678913056850433,0.11638586968183517,0.1054597720503807,0.021712051704525948,0.07263277471065521,0.06807716190814972,0.028753018006682396,0.2874264419078827,0.2785532772541046,-0.018445653840899467,0.0011971167987212539,0.0009857550030574203,0.00545521080493927,0.011370694264769554,0.010582201182842255,-0.01967947743833065,0.0011909928871318698,0.0009014703100547194,0.0027495790272951126,0.7733370661735535,0.8888888955116272
162,eval,,0.008308053947985172,0.0014776092721149325,0.04929071664810181,1.0,1.0,1.0,1.0,0.9812668561935425,0.9923699498176575,0.9720006585121155,,,0.21888437867164612,0.2230832874774933,-0.014158454723656178,0.10628172010183334,0.1054597720503807,-0.023641610518097878,0.06382552534341812,0.06807716190814972,-0.010912789963185787,0.2798932194709778,0.2785532772541046,0.015694724395871162,0.0009622627985663712,0.0009857550030574203,-0.005858862306922674,0.010666261427104473,0.010582201182842255,0.020070642232894897,0.0011828159913420677,0.0009014703100547194,-0.0021416402887552977,0.8663487434387207,0.8888888955116272
163,eval,,0.008123264648020267,0.0015135479625314474,0.0477815680205822,1.0,1.0,1.0,1.0,0.9816731214523315,0.9924209117889404,0.9728206992149353,,,0.21378858387470245,0.2230832874774933,0.013674706220626831,0.09803672134876251,0.1054597720503807,0.01834641955792904,0.05987044423818588,0.06807716190814972,0.028925208374857903,0.2759788930416107,0.2785532772541046,-0.01590251363813877,0.0009963571792468429,0.0009857550030574203,0.003189246403053403,0.009972911328077316,0.010582201182842255,-0.008657637983560562,0.0009985973592847586,0.0009014703100547194,-0.008541308343410492,0.8537731170654297,0.8888888955116272
167,eval,,0.008021006360650063,0.001497769495472312,0.04716043174266815,1.0,1.0,1.0,1.0,0.9819831848144531,0.9922898411750793,0.9736104011535645,,,0.22187435626983643,0.2230832874774933,0.01737499237060547,0.1043279692530632,0.1054597720503807,0.0003887653292622417,0.06428464502096176,0.06807716190814972,0.022706637158989906,0.2824550271034241,0.2785532772541046,-0.011552351526916027,0.0012027084594592452,0.0009857550030574203,-0.004265052732080221,0.010718568228185177,0.010582201182842255,-0.00238696183077991,0.0010215454967692494,0.0009014703100547194,-0.010740448720753193,0.8935951590538025,0.8888888955116272
173,eval,,0.007393066305667162,0.0015282683307304978,0.04258185252547264,1.0,1.0,1.0,1.0,0.9834677577018738,0.9921430945396423,0.9760932922363281,,,0.20963196456432343,0.2230832874774933,-0.03303511068224907,0.09804697334766388,0.1054597720503807,0.004349607974290848,0.064799964427948,0.06807716190814972,0.003217339515686035,0.28678056597709656,0.2785532772541046,-0.011875887401401997,0.0009061917662620544,0.0009857550030574203,-0.004136750474572182,0.010394618846476078,0.010582201182842255,0.017353713512420654,0.0010570266749709845,0.0009014703100547194,-0.016449833288788795,0.8143686056137085,0.8888888955116272
174,eval,,0.007366570178419352,0.0015179510228335857,0.04245828464627266,1.0,1.0,1.0,1.0,0.9836370944976807,0.9923640489578247,0.9763112664222717,,,0.2071465700864792,0.2230832874774933,-0.00865346658974886,0.09882380813360214,0.1054597720503807,-0.015435745008289814,0.07004442811012268,0.06807716190814972,0.008083279244601727,0.27393877506256104,0.2785532772541046,-0.001474267221055925,0.0010138697689399123,0.0009857550030574203,-0.022476807236671448,0.00997139886021614,0.010582201182842255,0.0014980946434661746,0.0011786909308284521,0.0009014703100547194,-0.0036857996601611376,0.7950643301010132,0.8888888955116272
175,eval,,0.007273922208696604,0.0015452399384230375,0.04164601489901543,1.0,1.0,1.0,1.0,0.9836494326591492,0.9922360777854919,0.9763028025627136,,,0.2144378423690796,0.2230832874774933,0.03396959602832794,0.0987124815583229,0.1054597720503807,-0.004631326533854008,0.0676669254899025,0.06807716190814972,-0.005673340056091547,0.2655220925807953,0.2785532772541046,0.013965115882456303,0.0010138641810044646,0.0009857550030574203,0.0218727495521307,0.00974920392036438,0.010582201182842255,-0.016370227560400963,0.0010831812396645546,0.0009014703100547194,-0.0010159617522731423,0.8399768471717834,0.8888888955116272
180,eval,,0.00712577486410737,0.0014229586813598871,0.04134267196059227,1.0,1.0,1.0,1.0,0.9839699864387512,0.9926188588142395,0.9772330522537231,,,0.21794354915618896,0.2230832874774933,0.025638317689299583,0.100635826587677,0.1054597720503807,-0.022555267438292503,0.06416382640600204,0.06807716190814972,-0.013401477597653866,0.26413434743881226,0.2785532772541046,0.00016232061898335814,0.0009959425078704953,0.0009857550030574203,-0.004527094773948193,0.010276298969984055,0.010582201182842255,0.009888986125588417,0.0012289057485759258,0.0009014703100547194,-0.031322382390499115,0.8835840225219727,0.8888888955116272
181,eval,,0.006962920073419809,0.001552185625769198,0.03942732885479927,1.0,1.0,1.0,1.0,0.9848660230636597,0.9936557412147522,0.9776381850242615,,,0.21251124143600464,0.2230832874774933,-0.04124929755926132,0.09964508563280106,0.1054597720503807,-0.02422468364238739,0.06204492971301079,0.06807716190814972,-0.004719554912298918,0.2707221508026123,0.2785532772541046,-0.007624959107488394,0.0009711661259643734,0.0009857550030574203,-0.014125493355095387,0.009912995621562004,0.010582201182842255,-0.0066716051660478115,0.0012758338125422597,0.0009014703100547194,-0.01078860741108656,0.8475458025932312,0.8888888955116272
193,eval,,0.006085820961743593,0.0012203350197523832,0.03527873754501343,1.0,1.0,1.0,1.0,0.9864956140518188,0.9938910007476807,0.9802489876747131,,,0.20975854992866516,0.2230832874774933,0.006898762658238411,0.1059531569480896,0.1054597720503807,-0.015421447344124317,0.06485156714916229,0.06807716190814972,0.0049990080296993256,0.2668026387691498,0.2785532772541046,-0.016894040629267693,0.0009814653312787414,0.0009857550030574203,0.0012432881630957127,0.009962796233594418,0.010582201182842255,-0.016112610697746277,0.0010156688513234258,0.0009014703100547194,-0.007950922474265099,0.8153815269470215,0.8888888955116272
203,eval,,0.005641360767185688,0.0013307662447914481,0.03150492534041405,1.0,1.0,1.0,1.0,0.987593412399292,0.9943383932113647,0.982427716255188,,,0.2114875167608261,0.2230832874774933,-0.032691340893507004,0.09915221482515335,0.1054597720503807,-0.02284746617078781,0.06250675022602081,0.06807716190814972,-0.005637727212160826,0.27145618200302124,0.2785532772541046,-0.005769156385213137,0.0009352475171908736,0.0009857550030574203,-0.017271095886826515,0.009913325309753418,0.010582201182842255,0.001366331591270864,0.0009490895899944007,0.0009014703100547194,0.013928994536399841,0.8238203525543213,0.8888888955116272
206,eval,,0.0053520724177360535,0.0010838084854185581,0.03096165508031845,1.0,1.0,1.0,1.0,0.9879842400550842,0.9944389462471008,0.9827722907066345,,,0.21340730786323547,0.2230832874774933,0.002161132637411356,0.10411716997623444,0.1054597720503807,-0.001654398045502603,0.07014536112546921,0.06807716190814972,-0.006467967759817839,0.2801911532878876,0.2785532772541046,0.0009415410459041595,0.0011053370544686913,0.0009857550030574203,0.005622499156743288,0.009750241413712502,0.010582201182842255,-0.009924645535647869,0.0010663187131285667,0.0009014703100547194,0.0012277954956516623,0.813848614692688,0.8888888955116272
218,eval,,0.00499138655140996,0.0013825674541294575,0.026644298806786537,1.0,1.0,1.0,1.0,0.9887656569480896,0.9928573369979858,0.9849629998207092,,,0.21622438728809357,0.2230832874774933,0.011170872487127781,0.1034281849861145,0.1054597720503807,-0.0373719297349453,0.06821887940168381,0.06807716190814972,0.0035501744132488966,0.2774723768234253,0.2785532772541046,0.025086522102355957,0.00145993463229388,0.0009857550030574203,-0.003275725059211254,0.010324675589799881,0.010582201182842255,-0.016474975273013115,0.000854385201819241,0.0009014703100547194,0.005097063258290291,0.8451588153839111,0.8888888955116272
219,eval,,0.004898106213659048,0.0012523852055892348,0.02677243761718273,1.0,1.0,1.0,1.0,0.9890012741088867,0.9937057495117188,0.9850818514823914,,,0.21490757167339325,0.2230832874774933,0.008286968804895878,0.10297030955553055,0.1054597720503807,0.027503520250320435,0.06670884042978287,0.06807716190814972,-0.015477617271244526,0.2691136300563812,0.2785532772541046,-0.012023299932479858,0.001184845226816833,0.0009857550030574203,0.010139868594706059,0.009745178744196892,0.010582201182842255,0.014722801744937897,0.0008877798682078719,0.0009014703100547194,-0.017025746405124664,0.8392800092697144,0.8888888955116272
220,eval,,0.004670288413763046,0.0011027073487639427,0.026075774803757668,1.0,1.0,1.0,1.0,0.9895408749580383,0.994367241859436,0.9852792024612427,,,0.21355563402175903,0.2230832874774933,-0.0076078795827925205,0.10559594631195068,0.1054597720503807,-0.012243769131600857,0.06462686508893967,0.06807716190814972,0.025486214086413383,0.2778613865375519,0.2785532772541046,-0.0010318475542590022,0.001196212600916624,0.0009857550030574203,4.080597500433214e-05,0.009999744594097137,0.010582201182842255,-0.004431120585650206,0.0009872288210317492,0.0009014703100547194,-0.005214090924710035,0.8473410606384277,0.8888888955116272
226,eval,,0.00455811619758606,0.0011156629770994186,0.025212837383151054,1.0,1.0,1.0,1.0,0.9897604584693909,0.9944353103637695,0.9859009385108948,,,0.21782468259334564,0.2230832874774933,-0.02053236775100231,0.10312215983867645,0.1054597720503807,-0.007751205936074257,0.06911914050579071,0.06807716190814972,-0.013643606565892696,0.2747415602207184,0.2785532772541046,-0.012759010307490826,0.0011653213296085596,0.0009857550030574203,-0.004366414621472359,0.01053313072770834,0.010582201182842255,0.019184883683919907,0.0010110005969181657,0.0009014703100547194,0.015248573385179043,0.8462561368942261,0.8888888955116272
227,eval,,0.004442678764462471,0.0010614179773256183,0.024730244651436806,1.0,1.0,1.0,1.0,0.9900913238525391,0.9946802258491516,0.9860653877258301,,,0.21947656571865082,0.2230832874774933,-0.006446769926697016,0.10858730971813202,0.1054597720503807,-0.011899431236088276,0.07333622127771378,0.06807716190814972,0.002867932664230466,0.27733469009399414,0.2785532772541046,-0.005584689322859049,0.0011844740947708488,0.0009857550030574203,-0.012188698165118694,0.01068506296724081,0.010582201182842255,-0.0012087422655895352,0.0009470081422477961,0.0009014703100547194,-0.011389895342290401,0.8655037879943848,0.8888888955116272
229,eval,,0.004423677921295166,0.0009647977421991527,0.025176962837576866,1.0,1.0,1.0,1.0,0.9900575280189514,0.9950171113014221,0.9858814477920532,,,0.2215474396944046,0.2230832874774933,0.0005907646846026182,0.10405433177947998,0.1054597720503807,-0.002993115456774831,0.06081334128975868,0.06807716190814972,-0.0021142123732715845,0.28356677293777466,0.2785532772541046,-0.0005013312329538167,0.001099470886401832,0.0009857550030574203,0.00477832043543458,0.010917297564446926,0.010582201182842255,0.0133930379524827,0.0009303313563577831,0.0009014703100547194,-0.009222722612321377,0.8883310556411743,0.8888888955116272
230,eval,,0.004419781733304262,0.0009828103939071298,0.0250416100025177,1.0,1.0,1.0,1.0,0.9902758002281189,0.9950253367424011,0.9864304065704346,,,0.21387450397014618,0.2230832874774933,0.0010832486441358924,0.09875766187906265,0.1054597720503807,-0.0027756213676184416,0.05995381250977516,0.06807716190814972,0.00022441403416451067,0.2818704843521118,0.2785532772541046,-0.009791053831577301,0.0010958241764456034,0.0009857550030574203,-0.015879416838288307,0.010366625152528286,0.010582201182842255,-0.0014466604916378856,0.0009878193959593773,0.0009014703100547194,-0.03189227357506752,0.850077748298645,0.8888888955116272
235,eval,,0.004335926380008459,0.0011908395681530237,0.023206444457173347,1.0,1.0,1.0,1.0,0.990408718585968,0.9938947558403015,0.987450361251831,,,0.2124137133359909,0.2230832874774933,-0.013597455807030201,0.11100876331329346,0.1054597720503807,-0.01811346970498562,0.06736624240875244,0.06807716190814972,-0.0019478563917800784,0.284775972366333,0.2785532772541046,-0.007082754280418158,0.0011059048119932413,0.0009857550030574203,-0.006897775921970606,0.011348724365234375,0.010582201182842255,0.030089519917964935,0.0008417466306127608,0.0009014703100547194,-0.020428458228707314,0.8210194706916809,0.8888888955116272
236,eval,,0.004181685391813517,0.00109378423076123,0.022709093987941742,1.0,1.0,1.0,1.0,0.9907596707344055,0.9946342706680298,0.9874471426010132,,,0.2196272313594818,0.2230832874774933,0.00537334056571126,0.10417457669973373,0.1054597720503807,-0.02245335467159748,0.06611350923776627,0.06807716190814972,0.012512422166764736,0.2724057137966156,0.2785532772541046,-0.015095468610525131,0.001151898643001914,0.0009857550030574203,-0.007580600678920746,0.010667345486581326,0.010582201182842255,-0.014931592158973217,0.0008964029257185757,0.0009014703100547194,-0.01943054236471653,0.8900716304779053,0.8888888955116272
242,eval,,0.003861354198306799,0.0011926834704354405,0.019873380661010742,1.0,1.0,1.0,1.0,0.9913085699081421,0.9938704967498779,0.9888210296630859,,,0.21906740963459015,0.2230832874774933,-0.017017660662531853,0.10047338157892227,0.1054597720503807,0.03595095872879028,0.06354933977127075,0.06807716190814972,0.0044478499330580235,0.28606098890304565,0.2785532772541046,-0.017759377136826515,0.0011661159805953503,0.0009857550030574203,-0.010834611020982265,0.01085232850164175,0.010582201182842255,-0.003746236441656947,0.0010756144765764475,0.0009014703100547194,0.005045859143137932,0.8520209193229675,0.8888888955116272
247,eval,,0.0038060727529227734,0.0010082566877827048,0.02059296704828739,1.0,1.0,1.0,1.0,0.9914371967315674,0.9951254725456238,0.9893803000450134,,,0.21829286217689514,0.2230832874774933,0.022708749398589134,0.10616596043109894,0.1054597720503807,0.0043138726614415646,0.064548559486866,0.06807716190814972,0.012704147957265377,0.2815963923931122,0.2785532772541046,-0.014175248332321644,0.0009718548972159624,0.0009857550030574203,0.011202502995729446,0.010509931482374668,0.010582201182842255,0.011907055042684078,0.0008595247636549175,0.0009014703100547194,-0.04223998263478279,0.8802837133407593,0.8888888955116272
248,eval,,0.003634440479800105,0.0009894529357552528,0.01950436644256115,1.0,1.0,1.0,1.0,0.9919043183326721,0.9955294728279114,0.9894944429397583,,,0.22282519936561584,0.2230832874774933,-0.017396293580532074,0.09797383844852448,0.1054597720503807,-0.004149169195443392,0.06434128433465958,0.06807716190814972,-0.010417141020298004,0.272406667470932,0.2785532772541046,-0.010346281342208385,0.0011995943496003747,0.0009857550030574203,-0.014289777725934982,0.009502080269157887,0.010582201182842255,-0.007864613085985184,0.0008646910428069532,0.0009014703100547194,0.02988838218152523,0.8810163736343384,0.8888888955116272
250,eval,,0.0035397049505263567,0.0010728301713243127,0.018340954557061195,1.0,1.0,1.0,1.0,0.9921144843101501,0.9949847459793091,0.9899504780769348,,,0.2166157066822052,0.2230832874774933,0.025983324274420738,0.10464836657047272,0.1054597720503807,-0.0028484174981713295,0.06539437174797058,0.06807716190814972,0.023172125220298767,0.26856252551078796,0.2785532772541046,-0.0019738979171961546,0.0010476593161001801,0.0009857550030574203,0.009323113597929478,0.00979667529463768,0.010582201182842255,0.004779978655278683,0.001049339072778821,0.0009014703100547194,-0.023294970393180847,0.8799596428871155,0.8888888955116272
252,eval,,0.0034623753745108843,0.000983912730589509,0.018333150073885918,1.0,1.0,1.0,1.0,0.9924696683883667,0.995431125164032,0.9903887510299683,,,0.2215002030134201,0.2230832874774933,0.005961532238870859,0.10707392543554306,0.1054597720503807,0.019268406555056572,0.06865335255861282,0.06807716190814972,0.0026354931760579348,0.29167625308036804,0.2785532772541046,0.011417773552238941,0.0013137820642441511,0.0009857550030574203,0.008360764943063259,0.010658206418156624,0.010582201182842255,-0.0058698044158518314,0.0009925978956744075,0.0009014703100547194,0.03221605718135834,0.8403250575065613,0.8888888955116272
253,eval,,0.003219204256311059,0.000875897821970284,0.017279043793678284,1.0,1.0,1.0,1.0,0.9928560853004456,0.9955781102180481,0.9906781315803528,,,0.21379126608371735,0.2230832874774933,0.013785288669168949,0.10314420610666275,0.1054597720503807,-0.009604007005691528,0.06534521281719208,0.06807716190814972,0.004893193952739239,0.27380427718162537,0.2785532772541046,0.001405020128004253,0.0010464552324265242,0.0009857550030574203,0.003684181487187743,0.010407915338873863,0.010582201182842255,0.013275738805532455,0.0010505965910851955,0.0009014703100547194,-0.02570955641567707,0.8517848253250122,0.8888888955116272
256,eval,,0.0031548291444778442,0.000934490526560694,0.016476860269904137,1.0,1.0,1.0,1.0,0.9929487109184265,0.995175302028656,0.9908015727996826,,,0.22388140857219696,0.2230832874774933,-0.013811267912387848,0.10669643431901932,0.1054597720503807,-0.0014964169822633266,0.06636468321084976,0.06807716190814972,-0.006381089333444834,0.2826015055179596,0.2785532772541046,0.0026315096765756607,0.0011094328947365284,0.0009857550030574203,-0.009272167459130287,0.011143121868371964,0.010582201182842255,0.024572735652327538,0.0008930817130021751,0.0009014703100547194,-0.007104812189936638,0.8955609798431396,0.8888888955116272
259,eval,,0.002967705950140953,0.0009442026494070888,0.015108726918697357,1.0,1.0,1.0,1.0,0.9933592677116394,0.9952123165130615,0.9915026426315308,,,0.21681608259677887,0.2230832874774933,-0.004916161298751831,0.09898266941308975,0.1054597720503807,-0.012524877674877644,0.06471183151006699,0.06807716190814972,-0.010559942573308945,0.26786431670188904,0.2785532772541046,0.01306405384093523,0.0011349364649504423,0.0009857550030574203,-0.011956773698329926,0.009954280219972134,0.010582201182842255,0.012218881398439407,0.0010161405662074685,0.0009014703100547194,0.004570357967168093,0.8612865209579468,0.8888888955116272
261,eval,,0.002880667569115758,0.0009008555207401514,0.014759541489183903,1.0,1.0,1.0,1.0,0.9935506582260132,0.9955078959465027,0.9917492270469666,,,0.2186577469110489,0.2230832874774933,0.005851453635841608,0.10669906437397003,0.1054597720503807,0.007048115134239197,0.0685497373342514,0.06807716190814972,0.0017497432418167591,0.28377220034599304,0.2785532772541046,0.007240707520395517,0.00106026919092983,0.0009857550030574203,0.0019870195537805557,0.010561359114944935,0.010582201182842255,0.002307815244421363,0.0008929423638619483,0.0009014703100547194,-0.004425672348588705,0.8528878688812256,0.8888888955116272
265,eval,,0.002784179523587227,0.000955291383434087,0.01375750545412302,1.0,1.0,1.0,1.0,0.9938282370567322,0.9953470826148987,0.9922373294830322,,,0.22145870327949524,0.2230832874774933,0.007813402451574802,0.1092681810259819,0.1054597720503807,0.007210207637399435,0.06908154487609863,0.06807716190814972,0.021815888583660126,0.28711265325546265,0.2785532772541046,0.004080900922417641,0.001025487552396953,0.0009857550030574203,0.006109470967203379,0.011281650513410568,0.010582201182842255,-0.006726881023496389,0.0011009714799001813,0.0009014703100547194,0.00261678802780807,0.871310830116272,0.8888888955116272
266,eval,,0.0026426315307617188,0.0008063765708357096,0.013660161755979061,1.0,1.0,1.0,1.0,0.9941018223762512,0.9958953261375427,0.9923180937767029,,,0.22428834438323975,0.2230832874774933,-0.0005418797372840345,0.10628972202539444,0.1054597720503807,0.003814598312601447,0.06775923818349838,0.06807716190814972,-0.006061926018446684,0.28316792845726013,0.2785532772541046,-0.009199856780469418,0.0011843900429084897,0.0009857550030574203,-0.0009894310496747494,0.010274113155901432,0.010582201182842255,0.00443276995792985,0.0008873695624060929,0.0009014703100547194,-0.0021104763727635145,0.8887753486633301,0.8888888955116272
274,eval,,0.0025961606297641993,0.0009779422543942928,0.012305472046136856,1.0,1.0,1.0,1.0,0.9941875338554382,0.9949920177459717,0.9933578372001648,,,0.21748919785022736,0.2230832874774933,0.004861905705183744,0.10054058581590652,0.1054597720503807,-0.027809450402855873,0.06764600425958633,0.06807716190814972,0.008989769965410233,0.2787020206451416,0.2785532772541046,0.007787249982357025,0.001124788192100823,0.0009857550030574203,-0.007639702875167131,0.01137447264045477,0.010582201182842255,-0.003567303763702512,0.00103716179728508,0.0009014703100547194,0.018528388813138008,0.8512830138206482,0.8888888955116272
280,eval,,0.002457950497046113,0.0009580570040270686,0.011457310058176517,1.0,1.0,1.0,1.0,0.9948294162750244,0.9953371286392212,0.9940115809440613,,,0.21109236776828766,0.2230832874774933,-0.013552905060350895,0.10245980322360992,0.1054597720503807,-0.0009910595836117864,0.06577854603528976,0.06807716190814972,-0.003218363970518112,0.2648451626300812,0.2785532772541046,-0.009723931550979614,0.0010017957538366318,0.0009857550030574203,-0.02510841377079487,0.010036925785243511,0.010582201182842255,0.01372381579130888,0.0009940365562215447,0.0009014703100547194,-0.009749454446136951,0.8277584910392761,0.8888888955116272
281,eval,,0.0023739293683320284,0.0009257539641112089,0.011062979698181152,1.0,1.0,1.0,1.0,0.9946781396865845,0.9952770471572876,0.9939829111099243,,,0.22298581898212433,0.2230832874774933,-0.0018615052103996277,0.10663970559835434,0.1054597720503807,-0.017317650839686394,0.0645013302564621,0.06807716190814972,0.00918276235461235,0.27627232670783997,0.2785532772541046,-0.0049886396154761314,0.0010208446765318513,0.0009857550030574203,0.007658692076802254,0.010211202315986156,0.010582201182842255,-0.011642850004136562,0.0012100156163796782,0.0009014703100547194,0.018992798402905464,0.8897401690483093,0.8888888955116272
284,eval,,0.0023722019977867603,0.0009074161644093692,0.01116091851145029,1.0,1.0,1.0,1.0,0.9947309494018555,0.9957417249679565,0.9937938451766968,,,0.21759925782680511,0.2230832874774933,-0.024638595059514046,0.09784570336341858,0.1054597720503807,-0.007293917704373598,0.06388900429010391,0.06807716190814972,0.0038500726222991943,0.273890882730484,0.2785532772541046,-0.018878044560551643,0.0012640825007110834,0.0009857550030574203,0.0020607870537787676,0.00961703434586525,0.010582201182842255,0.0049183545634150505,0.0009166665258817375,0.0009014703100547194,0.011727985925972462,0.8686830401420593,0.8888888955116272
288,eval,,0.0022111807484179735,0.0008154422393999994,0.010585610754787922,1.0,1.0,1.0,1.0,0.9950484037399292,0.995825469493866,0.9940500855445862,,,0.22329135239124298,0.2230832874774933,0.011030073277652264,0.10789060592651367,0.1054597720503807,-0.001296896138228476,0.06595421582460403,0.06807716190814972,-0.014877951703965664,0.2742280066013336,0.2785532772541046,0.003038473427295685,0.0009686661651358008,0.0009857550030574203,-0.007392138242721558,0.011185475625097752,0.010582201182842255,0.007973515428602695,0.0008942853892222047,0.0009014703100547194,-0.005010867957025766,0.8854539394378662,0.8888888955116272
289,eval,,0.002098317025229335,0.0008710158290341496,0.009462124668061733,1.0,1.0,1.0,1.0,0.9953153133392334,0.9956578612327576,0.994663655757904,,,0.21814414858818054,0.2230832874774933,-0.010168450884521008,0.10343588888645172,0.1054597720503807,-0.016822120174765587,0.0625908374786377,0.06807716190814972,0.018348416313529015,0.2774762809276581,0.2785532772541046,-0.0035587127786129713,0.0009836239041760564,0.0009857550030574203,0.007920491509139538,0.010620169341564178,0.010582201182842255,-0.008692193776369095,0.0011373626766726375,0.0009014703100547194,-0.0006067324429750443,0.8785306811332703,0.8888888955116272
291,eval,,0.0020557213574647903,0.0007546517881564796,0.009862137958407402,1.0,1.0,1.0,1.0,0.9954149127006531,0.9962130188941956,0.9944525957107544,,,0.22292855381965637,0.2230832874774933,-0.005139031447470188,0.10214366018772125,0.1054597720503807,-0.0038742590695619583,0.06719377636909485,0.06807716190814972,-0.015894509851932526,0.2791301906108856,0.2785532772541046,-0.0027490307111293077,0.0012359371175989509,0.0009857550030574203,-0.0069175041280686855,0.010297191329300404,0.010582201182842255,0.006455542985349894,0.0010383925400674343,0.0009014703100547194,0.005190253723412752,0.880211353302002,0.8888888955116272
292,eval,,0.0019928831607103348,0.0007961576920934021,0.00917323399335146,1.0,1.0,1.0,1.0,0.995527982711792,0.9958862662315369,0.9948655962944031,,,0.22216388583183289,0.2230832874774933,0.004551698919385672,0.1047639325261116,0.1054597720503807,-0.0005339539493434131,0.06769608706235886,0.06807716190814972,0.008491170592606068,0.27480021119117737,0.2785532772541046,-0.00453902455046773,0.0012257503112778068,0.0009857550030574203,0.012139136902987957,0.010231155902147293,0.010582201182842255,-0.009855895303189754,0.0010336673585698009,0.0009014703100547194,-0.004124241415411234,0.8933326601982117,0.8888888955116272
296,eval,,0.0019106391118839383,0.000804005772806704,0.008550439961254597,1.0,1.0,1.0,1.0,0.995792031288147,0.9961681962013245,0.9951978921890259,,,0.22077399492263794,0.2230832874774933,0.017175009474158287,0.10772471874952316,0.1054597720503807,0.0046279896050691605,0.06635035574436188,0.06807716190814972,0.005723228678107262,0.2811198830604553,0.2785532772541046,0.0188530832529068,0.0009631770080886781,0.0009857550030574203,0.003934431355446577,0.010642270557582378,0.010582201182842255,-0.005892603192478418,0.0009193180012516677,0.0009014703100547194,-0.0018746411660686135,0.8700938820838928,0.8888888955116272
299,eval,,0.0019041212508454919,0.000740064075216651,0.008888465352356434,1.0,1.0,1.0,1.0,0.9957414269447327,0.9962008595466614,0.9950265288352966,,,0.21850918233394623,0.2230832874774933,-0.008028172887861729,0.09825626760721207,0.1054597720503807,-0.0008884322014637291,0.0666588544845581,0.06807716190814972,0.0015246942639350891,0.27757129073143005,0.2785532772541046,0.0025466331280767918,0.0013307560002431273,0.0009857550030574203,-0.002546577015891671,0.010537099093198776,0.010582201182842255,0.015789194032549858,0.0009090704843401909,0.0009014703100547194,-0.007932600565254688,0.8754999041557312,0.8888888955116272
301,eval,,0.0017676746938377619,0.0007424771320074797,0.007918857969343662,1.0,1.0,1.0,1.0,0.9960627555847168,0.9962756633758545,0.9955374598503113,,,0.22302572429180145,0.2230832874774933,0.01594102755188942,0.10707318782806396,0.1054597720503807,0.007701344788074493,0.06560778617858887,0.06807716190814972,0.0012296456843614578,0.279026061296463,0.2785532772541046,-0.0009348536841571331,0.0010889916447922587,0.0009857550030574203,-0.005401074420660734,0.010581527836620808,0.010582201182842255,0.005376032087951899,0.0009248245623894036,0.0009014703100547194,-0.0004983718390576541,0.8842151165008545,0.8888888955116272
308,eval,,0.0017334974836558104,0.0008603610331192613,0.006972316652536392,1.0,1.0,1.0,1.0,0.9962578415870667,0.9958586096763611,0.9961245059967041,,,0.22046931087970734,0.2230832874774933,-0.01901838928461075,0.10222989320755005,0.1054597720503807,0.00012177880853414536,0.06292830407619476,0.06807716190814972,-0.017825782299041748,0.27640578150749207,0.2785532772541046,-0.019331643357872963,0.001031445455737412,0.0009857550030574203,0.001956704305484891,0.01073460653424263,0.010582201182842255,0.006873311009258032,0.0009240575018338859,0.0009014703100547194,-0.00963055994361639,0.8788038492202759,0.8888888955116272
309,eval,,0.001716729486361146,0.000734801753424108,0.007608294952660799,1.0,1.0,1.0,1.0,0.9961787462234497,0.9962627291679382,0.9957402944564819,,,0.21814076602458954,0.2230832874774933,0.009650364518165588,0.10272818058729172,0.1054597720503807,-0.0006333983619697392,0.06371399760246277,0.06807716190814972,0.009646172635257244,0.27301517128944397,0.2785532772541046,0.00941949337720871,0.001050407998263836,0.0009857550030574203,0.00197004247456789,0.010620630346238613,0.010582201182842255,-0.012389689683914185,0.001023357966914773,0.0009014703100547194,-0.005265256389975548,0.8721802234649658,0.8888888955116272
310,eval,,0.0016325258184224367,0.000723684614058584,0.007085572928190231,1.0,1.0,1.0,1.0,0.9963427782058716,0.9963623285293579,0.9961533546447754,,,0.22241200506687164,0.2230832874774933,0.007906603626906872,0.10664045810699463,0.1054597720503807,0.0032077746000140905,0.0668981671333313,0.06807716190814972,0.0017649004003033042,0.27816668152809143,0.2785532772541046,0.005454098340123892,0.0010564700933173299,0.0009857550030574203,-0.00583195686340332,0.010760681703686714,0.010582201182842255,0.014040310867130756,0.0010306069161742926,0.0009014703100547194,-0.015118192881345749,0.8926453590393066,0.8888888955116272
321,eval,,0.0015990694519132376,0.0008612280944362283,0.006026118528097868,1.0,1.0,1.0,1.0,0.9964656233787537,0.9958276748657227,0.9967021942138672,,,0.22214627265930176,0.2230832874774933,0.02628365159034729,0.10498824715614319,0.1054597720503807,0.0010177589720115066,0.06379202753305435,0.06807716190814972,0.009483866393566132,0.2755499482154846,0.2785532772541046,-0.008558962494134903,0.000985243241302669,0.0009857550030574203,0.01036835927516222,0.010254415683448315,0.010582201182842255,0.006820122245699167,0.0007905148668214679,0.0009014703100547194,-0.010768469423055649,0.8972727656364441,0.8888888955116272
322,eval,,0.0015111928805708885,0.0007570147863589227,0.006036261562258005,1.0,1.0,1.0,1.0,0.9966571927070618,0.9964224696159363,0.9967458248138428,,,0.22190353274345398,0.2230832874774933,-0.01406062487512827,0.1011585146188736,0.1054597720503807,-0.011056416667997837,0.06668689846992493,0.06807716190814972,-0.012698798440396786,0.2747783660888672,0.2785532772541046,0.010350581258535385,0.0011028074659407139,0.0009857550030574203,-0.014664179645478725,0.010263139382004738,0.010582201182842255,-0.006461461540311575,0.0009571086848154664,0.0009014703100547194,0.015678802505135536,0.8759235143661499,0.8888888955116272
323,eval,,0.0014116836246103048,0.000712412700522691,0.005607308354228735,1.0,1.0,1.0,1.0,0.9968390464782715,0.9963172674179077,0.9968608617782593,,,0.22001907229423523,0.2230832874774933,-0.01218033954501152,0.10373950749635696,0.1054597720503807,0.0070092338137328625,0.07030606269836426,0.06807716190814972,0.004217823967337608,0.2770537734031677,0.2785532772541046,-0.003241143189370632,0.0011047624284401536,0.0009857550030574203,0.01149076223373413,0.010046564042568207,0.010582201182842255,0.0022525337990373373,0.0011383660603314638,0.0009014703100547194,-0.004706599283963442,0.8764559030532837,0.8888888955116272
333,eval,,0.0013337557902559638,0.000760252180043608,0.004774776753038168,1.0,1.0,1.0,1.0,0.9971228837966919,0.9961243867874146,0.9974941611289978,,,0.21513940393924713,0.2230832874774933,-0.01741071417927742,0.1007985919713974,0.1054597720503807,0.004756746347993612,0.06629472970962524,0.06807716190814972,0.00749806547537446,0.276504248380661,0.2785532772541046,-0.007578355725854635,0.0010896117892116308,0.0009857550030574203,0.007136818487197161,0.010014706291258335,0.010582201182842255,0.012347787618637085,0.000977420131675899,0.0009014703100547194,0.0007111678714863956,0.8508514165878296,0.8888888955116272
334,eval,,0.0012663265224546194,0.0007191929034888744,0.0045491294004023075,1.0,1.0,1.0,1.0,0.9973445534706116,0.9967418909072876,0.9974667429924011,,,0.22450999915599823,0.2230832874774933,0.006559981498867273,0.1043909341096878,0.1054597720503807,-0.0073194135911762714,0.06857719272375107,0.06807716190814972,-0.017262881621718407,0.27656593918800354,0.2785532772541046,-0.012995165772736073,0.001114355749450624,0.0009857550030574203,-0.01137863751500845,0.010421578772366047,0.010582201182842255,-0.011849842965602875,0.0009173909784294665,0.0009014703100547194,-0.006561315152794123,0.8897879719734192,0.8888888955116272
335,eval,,0.0012176657328382134,0.0006506222998723388,0.004619926679879427,1.0,1.0,1.0,1.0,0.9973428845405579,0.9966764450073242,0.9975616931915283,,,0.2257072627544403,0.2230832874774933,0.0029966856818646193,0.10707420110702515,0.1054597720503807,0.0019204459385946393,0.06905657052993774,0.06807716190814972,-0.01040494441986084,0.2735142707824707,0.2785532772541046,0.010960574261844158,0.0011463627452030778,0.0009857550030574203,-0.00027847682940773666,0.010922415181994438,0.010582201182842255,0.007839635014533997,0.0009130553808063269,0.0009014703100547194,0.016220642253756523,0.8944360613822937,0.8888888955116272
339,eval,,0.0011779417982324958,0.000668542692437768,0.004234334919601679,1.0,1.0,1.0,1.0,0.9973592758178711,0.9966419339179993,0.9977394938468933,,,0.22113873064517975,0.2230832874774933,-0.0219444390386343,0.10221334546804428,0.1054597720503807,0.006497944239526987,0.06487160176038742,0.06807716190814972,0.005708479788154364,0.2768556773662567,0.2785532772541046,-0.007008363027125597,0.0010676785605028272,0.0009857550030574203,-0.010019560344517231,0.01006067544221878,0.010582201182842255,0.006532049272209406,0.0009505886700935662,0.0009014703100547194,0.014638729393482208,0.880302906036377,0.8888888955116272
342,eval,,0.0011023469269275665,0.0006240447401069105,0.003972161561250687,1.0,1.0,1.0,1.0,0.9975484013557434,0.9967826008796692,0.9978471398353577,,,0.22295263409614563,0.2230832874774933,0.007283592130988836,0.10386621952056885,0.1054597720503807,-0.003725917311385274,0.06930048018693924,0.06807716190814972,0.0013295607641339302,0.277283638715744,0.2785532772541046,0.005950476974248886,0.001350388047285378,0.0009857550030574203,-0.000788979756180197,0.0103203309699893,0.010582201182842255,-0.01934882067143917,0.0008754865848459303,0.0009014703100547194,-0.011496581137180328,0.8927933573722839,0.8888888955116272
343,eval,,0.001083332928828895,0.0006047728238627315,0.003954692278057337,1.0,1.0,1.0,1.0,0.9976093173027039,0.996918797492981,0.9978098273277283,,,0.21881847083568573,0.2230832874774933,-0.010411374270915985,0.1006828024983406,0.1054597720503807,0.008878882974386215,0.06665007025003433,0.06807716190814972,0.0012490322114899755,0.27712637186050415,0.2785532772541046,0.00034916773438453674,0.0012672506272792816,0.0009857550030574203,0.0021588699892163277,0.010135906748473644,0.010582201182842255,0.014819190837442875,0.0009539836901240051,0.0009014703100547194,0.0006305010174401104,0.8699198365211487,0.8888888955116272
344,eval,,0.0010636629303917289,0.0005745118833146989,0.003998568281531334,1.0,1.0,1.0,1.0,0.9976567029953003,0.9970358610153198,0.9979495406150818,,,0.21912504732608795,0.2230832874774933,0.011781270615756512,0.10200545936822891,0.1054597720503807,-0.005452111829072237,0.06486920267343521,0.06807716190814972,0.007680179551243782,0.2785097062587738,0.2785532772541046,0.001078086905181408,0.0011873735347762704,0.0009857550030574203,0.0002163052122341469,0.010322115384042263,0.010582201182842255,-0.007537331897765398,0.000998090486973524,0.0009014703100547194,0.014034204185009003,0.8615912795066833,0.8888888955116272
361,eval,,0.0010377780999988317,0.0006919003208167851,0.0031130441930145025,1.0,1.0,1.0,1.0,0.9976967573165894,0.996557891368866,0.99843829870224,,,0.21932747960090637,0.2230832874774933,0.026614926755428314,0.10418219119310379,0.1054597720503807,-0.0011448337463662028,0.06416451185941696,0.06807716190814972,0.007265811786055565,0.26833856105804443,0.2785532772541046,0.001974639482796192,0.0010424271458759904,0.0009857550030574203,0.004150561522692442,0.01010530348867178,0.010582201182842255,-0.008592113852500916,0.000957311422098428,0.0009014703100547194,-0.018402334302663803,0.8857715129852295,0.8888888955116272
364,eval,,0.0008641122840344906,0.0005285802762955427,0.002877303631976247,1.0,1.0,1.0,1.0,0.9980753064155579,0.9972954988479614,0.9984999895095825,,,0.22456607222557068,0.2230832874774933,-0.0059503852389752865,0.10198723524808884,0.1054597720503807,0.0064019630663096905,0.06700227409601212,0.06807716190814972,-0.004871529061347246,0.278547465801239,0.2785532772541046,-0.009523539803922176,0.0012169675901532173,0.0009857550030574203,-0.00965605303645134,0.010261383838951588,0.010582201182842255,0.007777428720146418,0.0008560005226172507,0.0009014703100547194,0.014337520115077496,0.8912036418914795,0.8888888955116272
366,eval,,0.0008306098752655089,0.0005234103882685304,0.002673806855455041,1.0,1.0,1.0,1.0,0.9981900453567505,0.997376561164856,0.9985576272010803,,,0.22253358364105225,0.2230832874774933,0.0007222583517432213,0.10393569618463516,0.1054597720503807,0.010004431940615177,0.06736645847558975,0.06807716190814972,0.013322520069777966,0.2751830816268921,0.2785532772541046,-0.0015192129649221897,0.0011198819847777486,0.0009857550030574203,-0.00035817836760543287,0.011156133376061916,0.010582201182842255,0.0015242580557242036,0.0008731539128348231,0.0009014703100547194,0.010417078621685505,0.8895562887191772,0.8888888955116272
372,eval,,0.000810760713648051,0.0005287521053105593,0.002502812771126628,1.0,1.0,1.0,1.0,0.9981833100318909,0.9973360896110535,0.9986981749534607,,,0.2216084748506546,0.2230832874774933,-0.006579601671546698,0.10476154088973999,0.1054597720503807,-0.012736774981021881,0.06598084419965744,0.06807716190814972,0.010894200764596462,0.28038880228996277,0.2785532772541046,-0.009055260568857193,0.0010795503621920943,0.0009857550030574203,-0.0063612256199121475,0.010672567412257195,0.010582201182842255,0.005625184625387192,0.0007621622062288225,0.0009014703100547194,0.013468642719089985,0.8810460567474365,0.8888888955116272
373,eval,,0.0007574207265861332,0.00046909094089642167,0.0024874003138393164,1.0,1.0,1.0,1.0,0.9983136653900146,0.9975833296775818,0.9986304640769958,,,0.2243555635213852,0.2230832874774933,-0.0010673335054889321,0.10413383692502975,0.1054597720503807,0.009543031454086304,0.06534189730882645,0.06807716190814972,-0.0009728665463626385,0.2795693278312683,0.2785532772541046,0.0012124136555939913,0.0010596193606033921,0.0009857550030574203,0.0044235000386834145,0.010481534525752068,0.010582201182842255,-0.003739184932783246,0.0008401393424719572,0.0009014703100547194,-0.0021447446197271347,0.8998017907142639,0.8888888955116272
392,eval,,0.0007509601418860257,0.0004893603036180139,0.00232055876404047,1.0,1.0,1.0,1.0,0.9983429312705994,0.9975504875183105,0.999017596244812,,,0.22016564011573792,0.2230832874774933,-0.009876064024865627,0.10258802026510239,0.1054597720503807,-0.012283749878406525,0.06793224066495895,0.06807716190814972,0.008252519182860851,0.27455779910087585,0.2785532772541046,0.009004547260701656,0.0010432038689032197,0.0009857550030574203,0.006412414833903313,0.010313226841390133,0.010582201182842255,-0.0057949498295784,0.0008731493726372719,0.0009014703100547194,0.022684305906295776,0.8725907802581787,0.8888888955116272
393,eval,,0.0006804885342717171,0.00048707087989896536,0.0018409951590001583,1.0,1.0,1.0,1.0,0.9985018968582153,0.9976255893707275,0.9989888668060303,,,0.22219671308994293,0.2230832874774933,0.007342046592384577,0.10426951944828033,0.1054597720503807,0.015224064700305462,0.06578576564788818,0.06807716190814972,0.007354041561484337,0.2812480926513672,0.2785532772541046,-0.0035643011797219515,0.0010028014658018947,0.0009857550030574203,-0.0001477708574384451,0.010371478274464607,0.010582201182842255,0.005195791367441416,0.0008997386903502047,0.0009014703100547194,-0.006654038559645414,0.8870779275894165,0.8888888955116272
411,eval,,0.0006729542510583997,0.0004118601209484041,0.0022395197302103043,1.0,1.0,1.0,1.0,0.9985177516937256,0.9978715777397156,0.9989774823188782,,,0.2255299836397171,0.2230832874774933,0.008807718753814697,0.10060841590166092,0.1054597720503807,0.005074615590274334,0.06672865897417068,0.06807716190814972,-0.00598143832758069,0.2766478955745697,0.2785532772541046,-0.0024707901757210493,0.0011908154701814055,0.0009857550030574203,-0.0005078857066109776,0.010399140417575836,0.010582201182842255,0.0013047768734395504,0.0009609638946130872,0.0009014703100547194,-0.014318317174911499,0.915084183216095,0.8888888955116272
412,eval,,0.0006664852844551206,0.00041936791967600584,0.0021491895895451307,1.0,1.0,1.0,1.0,0.9985995888710022,0.9978539943695068,0.9990676045417786,,,0.21659918129444122,0.2230832874774933,-0.0012275390326976776,0.10527342557907104,0.1054597720503807,-0.01243519876152277,0.06830975413322449,0.06807716190814972,0.0012377151288092136,0.2782822847366333,0.2785532772541046,0.0025282271672040224,0.0011195761617273092,0.0009857550030574203,0.003034321591258049,0.010393384844064713,0.010582201182842255,-0.006700411438941956,0.0009558596648275852,0.0009014703100547194,0.0014866068959236145,0.8460109829902649,0.8888888955116272
413,eval,,0.0006108536035753787,0.0004216373199597001,0.0017461511306464672,1.0,1.0,1.0,1.0,0.9986582398414612,0.9978966116905212,0.9990504384040833,,,0.22330234944820404,0.2230832874774933,0.005401302594691515,0.10913331061601639,0.1054597720503807,0.008561194874346256,0.0675613209605217,0.06807716190814972,-0.0013351105153560638,0.27816247940063477,0.2785532772541046,-0.0017906088614836335,0.0009977077133953571,0.0009857550030574203,-0.000505797506775707,0.010901423171162605,0.010582201182842255,0.007010233122855425,0.0009504728368483484,0.0009014703100547194,0.006747895386070013,0.880376398563385,0.8888888955116272
438,eval,,0.0005450043245218694,0.00043358482071198523,0.0012135215802118182,1.0,1.0,1.0,1.0,0.9988150596618652,0.9977923631668091,0.9993960857391357,,,0.22404804825782776,0.2230832874774933,0.0007495833560824394,0.10626119375228882,0.1054597720503807,0.005597991403192282,0.06927132606506348,0.06807716190814972,-0.0016562059754505754,0.2726982533931732,0.2785532772541046,-0.008243611082434654,0.0011267466470599174,0.0009857550030574203,-0.012083887122571468,0.009686628356575966,0.010582201182842255,-0.000850976153742522,0.0009724711999297142,0.0009014703100547194,-0.009805337525904179,0.9003728032112122,0.8888888955116272
453,eval,,0.0005050604231655598,0.0004042951622977853,0.0011096518719568849,1.0,1.0,1.0,1.0,0.9988768100738525,0.9979395270347595,0.9995189309120178,,,0.22244161367416382,0.2230832874774933,0.005966407712548971,0.10556729882955551,0.1054597720503807,0.006193253677338362,0.06340266019105911,0.06807716190814972,-0.005872659385204315,0.28265735507011414,0.2785532772541046,0.005382730159908533,0.0009313877671957016,0.0009857550030574203,-0.00084271578816697,0.010872820392251015,0.010582201182842255,-0.009278584271669388,0.0008036444196477532,0.0009014703100547194,-0.015918953344225883,0.8859657645225525,0.8888888955116272
455,eval,,0.0004683492297772318,0.0003997820895165205,0.0008797521586529911,1.0,1.0,1.0,1.0,0.998982846736908,0.9980003237724304,0.9995233416557312,,,0.22606788575649261,0.2230832874774933,0.004436162766069174,0.1047147586941719,0.1054597720503807,0.012015368789434433,0.0710219070315361,0.06807716190814972,-0.00242265104316175,0.28089436888694763,0.2785532772541046,-0.011785943992435932,0.0011703321943059564,0.0009857550030574203,-0.004299658816307783,0.01063271053135395,0.010582201182842255,0.00822590570896864,0.0009269448346458375,0.0009014703100547194,0.0024723492097109556,0.8977641463279724,0.8888888955116272
460,eval,,0.0004622219712473452,0.00036831211764365435,0.0010256805690005422,1.0,1.0,1.0,1.0,0.999023973941803,0.998153567314148,0.9995341300964355,,,0.21941694617271423,0.2230832874774933,-0.0020711005199700594,0.10381006449460983,0.1054597720503807,0.0032830529380589724,0.06476866453886032,0.06807716190814972,-0.010549180209636688,0.276970237493515,0.2785532772541046,0.0014574582455679774,0.0009609402623027563,0.0009857550030574203,-0.015131328254938126,0.010549393482506275,0.010582201182842255,0.0024349475279450417,0.0009209011332131922,0.0009014703100547194,-0.006616877857595682,0.8648385405540466,0.8888888955116272
461,eval,,0.0004535368934739381,0.00037115602754056454,0.0009478221763856709,1.0,1.0,1.0,1.0,0.9990334510803223,0.9981167912483215,0.9995417594909668,,,0.2257590889930725,0.2230832874774933,0.00713053485378623,0.10402429848909378,0.1054597720503807,0.009700409136712551,0.06893869489431381,0.06807716190814972,0.0009845163440331817,0.27429255843162537,0.2785532772541046,-0.00512341083958745,0.0010523130185902119,0.0009857550030574203,0.011496703140437603,0.010650468990206718,0.010582201182842255,-0.007830251939594746,0.0010189329041168094,0.0009014703100547194,0.007607109844684601,0.9045527577400208,0.8888888955116272
466,eval,,0.00043361957068555057,0.00035272896639071405,0.0009189628181047738,1.0,1.0,1.0,1.0,0.9990472793579102,0.9983273148536682,0.9995630979537964,,,0.22150658071041107,0.2230832874774933,-0.013582684099674225,0.10338982194662094,0.1054597720503807,-0.010524448938667774,0.06652253121137619,0.06807716190814972,0.0031583691015839577,0.280022531747818,0.2785532772541046,0.001391992554999888,0.0010144163388758898,0.0009857550030574203,-0.006932227406650782,0.01035233587026596,0.010582201182842255,-0.0032749827951192856,0.0009412554791197181,0.0009014703100547194,0.010962526313960552,0.8792188763618469,0.8888888955116272
468,eval,,0.000432857807027176,0.00035351759288460016,0.000908898189663887,1.0,1.0,1.0,1.0,0.999035120010376,0.9982312321662903,0.9995424747467041,,,0.22226890921592712,0.2230832874774933,0.012567481957376003,0.1061185970902443,0.1054597720503807,0.0012658416526392102,0.06824055314064026,0.06807716190814972,0.0074298083782196045,0.27722981572151184,0.2785532772541046,0.0007194499485194683,0.0010546803241595626,0.0009857550030574203,0.008671910502016544,0.010618111118674278,0.010582201182842255,-0.01010945439338684,0.0009495279518887401,0.0009014703100547194,-0.009746012277901173,0.8897764086723328,0.8888888955116272
471,eval,,0.00042913955985568464,0.00034465413773432374,0.0009360525873489678,1.0,1.0,1.0,1.0,0.9990460276603699,0.9983448386192322,0.9996029734611511,,,0.2226751148700714,0.2230832874774933,-0.010103494860231876,0.10453811287879944,0.1054597720503807,-0.01126860175281763,0.06846584379673004,0.06807716190814972,0.0022151952143758535,0.2778788208961487,0.2785532772541046,0.0004319092258810997,0.0010522559750825167,0.0009857550030574203,-0.009806012734770775,0.010288557037711143,0.010582201182842255,0.0002300197957083583,0.000912368472199887,0.0009014703100547194,0.014927146025002003,0.8830260038375854,0.8888888955116272
502,eval,,0.00036727567203342915,0.00031908476375974715,0.000656420539598912,1.0,1.0,1.0,1.0,0.9991880059242249,0.9983590245246887,0.9996531009674072,,,0.2248452603816986,0.2230832874774933,-0.010967456735670567,0.10610827058553696,0.1054597720503807,0.00973465945571661,0.06867007911205292,0.06807716190814972,0.006093991454690695,0.28355157375335693,0.2785532772541046,-0.002226963872089982,0.0009968664962798357,0.0009857550030574203,-0.0029036439955234528,0.010978396981954575,0.010582201182842255,0.004676967393606901,0.0009747531148605049,0.0009014703100547194,-0.0021404989529401064,0.8994902968406677,0.8888888955116272
515,eval,,0.0003503639600239694,0.000319122860673815,0.0005378106143325567,1.0,1.0,1.0,1.0,0.9992146492004395,0.9983472228050232,0.999699056148529,,,0.22250987589359283,0.2230832874774933,0.008616785518825054,0.1057935282588005,0.1054597720503807,-0.008316767401993275,0.06885179877281189,0.06807716190814972,0.004542226903140545,0.27855485677719116,0.2785532772541046,0.0012954301200807095,0.0010286809410899878,0.0009857550030574203,0.00684921583160758,0.010719433426856995,0.010582201182842255,-0.012164938263595104,0.000929257832467556,0.0009014703100547194,-0.0004931613802909851,0.8853248953819275,0.8888888955116272
517,eval,,0.0003449627838563174,0.00029679591534659266,0.0006339638493955135,1.0,1.0,1.0,1.0,0.9992417097091675,0.9984678030014038,0.999688982963562,,,0.2203553467988968,0.2230832874774933,0.0028302103746682405,0.10366177558898926,0.1054597720503807,0.009705163538455963,0.0644996240735054,0.06807716190814972,-0.004120038356631994,0.2775036692619324,0.2785532772541046,0.0019118693890050054,0.0009523651679046452,0.0009857550030574203,0.0015455289976671338,0.010295460931956768,0.010582201182842255,-0.005829453933984041,0.0008741578203625977,0.0009014703100547194,-0.0021122570615261793,0.8718825578689575,0.8888888955116272
518,eval,,0.0003357797395437956,0.000295645761070773,0.0005765845417045057,1.0,1.0,1.0,1.0,0.9992961287498474,0.9985581636428833,0.9997068047523499,,,0.22214630246162415,0.2230832874774933,-0.005523356143385172,0.10456664860248566,0.1054597720503807,-0.008501495234668255,0.06881211698055267,0.06807716190814972,-0.00729239359498024,0.2759798765182495,0.2785532772541046,0.001369048492051661,0.0009889082284644246,0.0009857550030574203,-0.00753302127122879,0.010524414479732513,0.010582201182842255,0.0025184175465255976,0.0009100307943299413,0.0009014703100547194,-0.007418148219585419,0.8872230052947998,0.8888888955116272
523,eval,,0.0003251868474762887,0.00029151138733141124,0.0005272398120723665,1.0,1.0,1.0,1.0,0.999271810054779,0.9984984993934631,0.9997145533561707,,,0.22236958146095276,0.2230832874774933,-0.002852380508556962,0.10431595891714096,0.1054597720503807,0.011272815056145191,0.06773451715707779,0.06807716190814972,-0.0021395962685346603,0.27697208523750305,0.2785532772541046,-0.005105199292302132,0.001004591234959662,0.0009857550030574203,-0.0035859958734363317,0.010346378199756145,0.010582201182842255,0.009796357713639736,0.0010356337297707796,0.0009014703100547194,-0.004369725007563829,0.8866923451423645,0.8888888955116272
527,eval,,0.00030831454205326736,0.0002696050505619496,0.0005405714618973434,1.0,1.0,1.0,1.0,0.9993113875389099,0.9986104369163513,0.9997249245643616,,,0.22234387695789337,0.2230832874774933,-0.0037822017911821604,0.10366684943437576,0.1054597720503807,0.009531521238386631,0.06679663807153702,0.06807716190814972,-0.0065621365793049335,0.2795153260231018,0.2785532772541046,-0.0014716520672664046,0.000998710049316287,0.0009857550030574203,-0.003234677715227008,0.010534740053117275,0.010582201182842255,0.005564977880567312,0.0009321285178884864,0.0009014703100547194,-0.006918804720044136,0.8846107125282288,0.8888888955116272
528,eval,,0.00030393913039006293,0.0002658962912391871,0.0005321957287378609,1.0,1.0,1.0,1.0,0.9993190169334412,0.9986687302589417,0.9997256994247437,,,0.22265522181987762,0.2230832874774933,-0.0010438138851895928,0.10441974550485611,0.1054597720503807,-0.009899438358843327,0.06544985622167587,0.06807716190814972,0.007475033402442932,0.27820858359336853,0.2785532772541046,-0.0023374275770038366,0.0009986410150304437,0.0009857550030574203,-0.0016253531211987138,0.010415528900921345,0.010582201182842255,-0.0021492582745850086,0.0008930122130550444,0.0009014703100547194,0.006342136766761541,0.8923178315162659,0.8888888955116272
530,eval,,0.0002992869704030454,0.00025505738449282944,0.0005646643694490194,1.0,1.0,1.0,1.0,0.9993658065795898,0.9987229108810425,0.9997244477272034,,,0.2197599709033966,0.2230832874774933,0.0002894965873565525,0.10555694252252579,0.1054597720503807,0.0006657854537479579,0.06763950735330582,0.06807716190814972,0.010671733878552914,0.2757541537284851,0.2785532772541046,-0.00011868966976180673,0.001016669673845172,0.0009857550030574203,0.0031548200640827417,0.010549272410571575,0.010582201182842255,-0.0008625683840364218,0.0009245768887922168,0.0009014703100547194,0.0032491956371814013,0.8733388185501099,0.8888888955116272
532,eval,,0.00028396211564540863,0.0002504861622583121,0.00048481766134500504,1.0,1.0,1.0,1.0,0.9993680119514465,0.9987086653709412,0.999738872051239,,,0.22350800037384033,0.2230832874774933,0.00019197269284632057,0.10497128963470459,0.1054597720503807,-0.0017770532285794616,0.0684746503829956,0.06807716190814972,0.004236299078911543,0.2773660719394684,0.2785532772541046,0.00044224431621842086,0.0010093492455780506,0.0009857550030574203,0.008059925399720669,0.010380354709923267,0.010582201182842255,-0.005723008420318365,0.0009316386422142386,0.0009014703100547194,0.0031407985370606184,0.8946493268013,0.8888888955116272
538,eval,,0.0002740107011049986,0.00023452432651538402,0.000510929326992482,1.0,1.0,1.0,1.0,0.999391496181488,0.9987871646881104,0.9997385740280151,,,0.22188657522201538,0.2230832874774933,-0.001694241538643837,0.10443192720413208,0.1054597720503807,0.00293159787543118,0.06753288954496384,0.06807716190814972,0.00011049444583477452,0.27890118956565857,0.2785532772541046,0.0019127476261928678,0.0010093359742313623,0.0009857550030574203,0.002319133374840021,0.010357477702200413,0.010582201182842255,-0.0013753316598013043,0.0009112179977819324,0.0009014703100547194,0.004778870847076178,0.8793052434921265,0.8888888955116272
539,eval,,0.00026998890098184347,0.00023232519743032753,0.0004959711222909391,1.0,1.0,1.0,1.0,0.9993957877159119,0.9988082051277161,0.9997420310974121,,,0.22230713069438934,0.2230832874774933,-0.0023261269088834524,0.10401537269353867,0.1054597720503807,-0.002475704997777939,0.06719733029603958,0.06807716190814972,-0.0037985288072377443,0.2768910229206085,0.2785532772541046,0.0007217745296657085,0.0009740802343003452,0.0009857550030574203,-0.002140496391803026,0.010476906783878803,0.010582201182842255,0.0014821655349805951,0.0009498879080638289,0.0009014703100547194,0.005446107592433691,0.8831090331077576,0.8888888955116272
659,eval,,0.000254762708209455,0.00021157818264327943,0.000513870210852474,1.0,1.0,1.0,1.0,0.9994640946388245,0.998932421207428,0.9998264908790588,,,0.22305573523044586,0.2230832874774933,-0.0004630092589650303,0.10530392080545425,0.1054597720503807,9.454204700887203e-05,0.06817232072353363,0.06807716190814972,0.0018031573854386806,0.27600258588790894,0.2785532772541046,0.00751229515299201,0.000980257405899465,0.0009857550030574203,0.007902000099420547,0.01032817829400301,0.010582201182842255,-0.003423890797421336,0.0008952398784458637,0.0009014703100547194,0.0142599418759346,0.8857827186584473,0.8888888955116272
664,eval,,0.00023657087876927108,0.00022644206183031201,0.00029734394047409296,1.0,1.0,1.0,1.0,0.9994701147079468,0.9988266229629517,0.9998454451560974,,,0.22283941507339478,0.2230832874774933,-0.0005390250007621944,0.10382755100727081,0.1054597720503807,-0.0026905161794275045,0.07071183621883392,0.06807716190814972,-0.007393663749098778,0.27450549602508545,0.2785532772541046,-0.0027726071421056986,0.0010770459193736315,0.0009857550030574203,0.0040756696835160255,0.01033044047653675,0.010582201182842255,0.010395843535661697,0.0009928279323503375,0.0009014703100547194,-0.004583083558827639,0.89100182056427,0.8888888955116272
670,eval,,0.0002017790247919038,0.00018354121129959822,0.0003112057747785002,1.0,1.0,1.0,1.0,0.9995534420013428,0.9990974068641663,0.9998459815979004,,,0.2232339233160019,0.2230832874774933,-0.0015248666750267148,0.10342429578304291,0.1054597720503807,-0.004106095992028713,0.06750189512968063,0.06807716190814972,0.0009830357739701867,0.2775561213493347,0.2785532772541046,-0.0019229915924370289,0.0009885741164907813,0.0009857550030574203,-0.005900534335523844,0.010331100784242153,0.010582201182842255,-0.004499857779592276,0.0009303079568780959,0.0009014703100547194,0.0060471720062196255,0.8902551531791687,0.8888888955116272
718,eval,,0.00018644820374902338,0.00017585601017344743,0.0002500015252735466,1.0,1.0,1.0,1.0,0.9995883107185364,0.9991134405136108,0.9998626708984375,,,0.22137504816055298,0.2230832874774933,0.0021854008082300425,0.10420700162649155,0.1054597720503807,-0.0031749142799526453,0.0673908144235611,0.06807716190814972,0.007067197933793068,0.27510321140289307,0.2785532772541046,-0.007053778041154146,0.0010283133015036583,0.0009857550030574203,0.0026532113552093506,0.010542917996644974,0.010582201182842255,-0.0017192893428727984,0.0009773506317287683,0.0009014703100547194,-0.0023245506454259157,0.8873793482780457,0.8888888955116272
739,eval,,0.00018537853611633182,0.00017474853666499257,0.00024915847461670637,1.0,1.0,1.0,1.0,0.9995860457420349,0.9991081953048706,0.9998810887336731,,,0.2227819561958313,0.2230832874774933,0.0041317809373140335,0.10555775463581085,0.1054597720503807,0.006590285804122686,0.06644264608621597,0.06807716190814972,-0.005056989844888449,0.2792262136936188,0.2785532772541046,-0.0061028096824884415,0.0009868463966995478,0.0009857550030574203,-0.0011386559344828129,0.0105068888515234,0.010582201182842255,0.00157603167463094,0.0009010887006297708,0.0009014703100547194,-0.0058484491892158985,0.8850382566452026,0.8888888955116272
741,eval,,0.00017539008695166558,0.00016094089369289577,0.00026208540657535195,1.0,1.0,1.0,1.0,0.9996079206466675,0.9991702437400818,0.9998765587806702,,,0.22264409065246582,0.2230832874774933,-0.005024837329983711,0.10743185877799988,0.1054597720503807,0.004304766654968262,0.06851118057966232,0.06807716190814972,0.0019468130776658654,0.2799491286277771,0.2785532772541046,-0.0030750695150345564,0.0009796798694878817,0.0009857550030574203,0.003574052592739463,0.010512297973036766,0.010582201182842255,-0.0022573142778128386,0.000811173056717962,0.0009014703100547194,0.0049265045672655106,0.8805621266365051,0.8888888955116272
783,eval,,0.0001678189728409052,0.00015858950791880488,0.00022319583513308316,1.0,1.0,1.0,1.0,0.9996248483657837,0.9991823434829712,0.9998771548271179,,,0.22332602739334106,0.2230832874774933,0.0009720747475512326,0.10453566163778305,0.1054597720503807,0.006622299551963806,0.0679062083363533,0.06807716190814972,-0.004003733862191439,0.27533814311027527,0.2785532772541046,0.0056565082632005215,0.0010751902591437101,0.0009857550030574203,-0.0034882500767707825,0.010364913381636143,0.010582201182842255,-0.0008630857337266207,0.0009679465438239276,0.0009014703100547194,-0.0015571614494547248,0.8915073871612549,0.8888888955116272
999,eval,,0.012502409517765045,0.006952852942049503,0.045799750834703445,1.0,1.0,1.0,1.0,0.9726226329803467,0.9696972966194153,0.9893965125083923,,,0.22631390392780304,0.2230832874774933,0.05325242504477501,0.10150837898254395,0.1054597720503807,0.09562812000513077,0.047438111156225204,0.06807716190814972,-0.099288709461689,0.27303454279899597,0.2785532772541046,-0.04813924804329872,0.0009271343587897718,0.0009857550030574203,0.045293089002370834,0.012252024374902248,0.010582201182842255,0.021280281245708466,0.0009670548024587333,0.0009014703100547194,-0.1639421582221985,0.8947568535804749,0.8888888955116272
