epoch,split,loss,action_mse,continuous_mse,gripper_mse,gripper_sign_accuracy,gripper_open_accuracy,gripper_close_accuracy,gripper_transition_f1,action_correlation,continuous_correlation,gripper_correlation,grad_norm,action_head_update_norm,pred_variance,target_variance,residual_dim0,pred_var_dim0,target_var_dim0,residual_dim1,pred_var_dim1,target_var_dim1,residual_dim2,pred_var_dim2,target_var_dim2,residual_dim3,pred_var_dim3,target_var_dim3,residual_dim4,pred_var_dim4,target_var_dim4,residual_dim5,pred_var_dim5,target_var_dim5,residual_dim6,pred_var_dim6,target_var_dim6
0,eval,,0.421108603477478,0.3560028076171875,0.8117437362670898,0.6666666865348816,1.0,0.0,0.0,0.17402665317058563,0.25224485993385315,0.587729811668396,,,0.20025525987148285,0.2235412299633026,0.4095619022846222,0.0005226820358075202,0.10736531764268875,0.0041383057832717896,0.0007885078666731715,0.06802359968423843,-0.3372533619403839,0.0006664033280685544,0.2787151634693146,0.26613324880599976,0.00038034477620385587,0.0009938456350937486,0.5764122009277344,0.0007952270680107176,0.010587310418486595,0.9999249577522278,0.001219450612552464,0.0008865827112458646,-0.054332185536623,0.006041309330612421,0.8888888955116272
1,eval,,0.23711036145687103,0.14450830221176147,0.7927225232124329,0.7083333134651184,1.0,0.125,0.0,0.2595129907131195,0.29815736413002014,0.7127613425254822,,,0.055401455610990524,0.2235412299633026,-0.13924002647399902,0.0017420570366084576,0.10736531764268875,0.1918712854385376,0.0015407726168632507,0.06802359968423843,0.023902440443634987,0.004015317186713219,0.2787151634693146,0.5452351570129395,0.0011523690773174167,0.0009938456350937486,0.29659342765808105,0.0005987865733914077,0.010587310418486595,0.13931754231452942,0.0007816292927600443,0.0008865827112458646,-0.1742406040430069,0.010375844314694405,0.8888888955116272
2,eval,,0.18850579857826233,0.10234547406435013,0.7054678797721863,0.6666666865348816,1.0,0.0,0.0,0.49113062024116516,0.45169830322265625,0.7566266059875488,,,0.05154364928603172,0.2235412299633026,-0.14465779066085815,0.008897659368813038,0.10736531764268875,-0.14621110260486603,0.003273561131209135,0.06802359968423843,0.06727901101112366,0.012310135178267956,0.2787151634693146,-0.12600819766521454,0.0005940861883573234,0.0009938456350937486,-0.22527392208576202,0.0006759517127647996,0.010587310418486595,-0.36594319343566895,0.00046658265637233853,0.0008865827112458646,-0.020456111058592796,0.0205165334045887,0.8888888955116272
4,eval,,0.15322159230709076,0.0841183289885521,0.5678412914276123,0.71875,1.0,0.15625,0.0,0.5817780494689941,0.5388316512107849,0.7851999402046204,,,0.09434296935796738,0.2235412299633026,0.09199214726686478,0.03304784372448921,0.10736531764268875,0.04921164736151695,0.011189017444849014,0.06802359968423843,0.05116746947169304,0.03143908828496933,0.2787151634693146,-0.29540207982063293,0.0003651228325907141,0.0009938456350937486,-0.2488938421010971,0.0017150964122265577,0.010587310418486595,-0.174688458442688,0.0005857586511410773,0.0008865827112458646,0.06696432828903198,0.07214143127202988,0.8888888955116272
5,eval,,0.11455028504133224,0.05354083701968193,0.48060694336891174,0.9583333134651184,0.96875,0.9375,0.6666666666666666,0.7307420969009399,0.6824038028717041,0.8099476099014282,,,0.061872318387031555,0.2235412299633026,-0.04479636251926422,0.04078112170100212,0.10736531764268875,0.07028987258672714,0.015456387773156166,0.06802359968423843,-0.008077515289187431,0.034485794603824615,0.2787151634693146,0.16395115852355957,0.0007873315480537713,0.0009938456350937486,0.013946800492703915,0.0025991059374064207,0.010587310418486595,0.03714622184634209,0.00048808622523210943,0.0008865827112458646,-0.009440303780138493,0.11943289637565613,0.8888888955116272
7,eval,,0.09891858696937561,0.06683090329170227,0.2914447486400604,0.9479166865348816,0.953125,0.9375,0.0,0.7706490755081177,0.6574546694755554,0.8620125651359558,,,0.09978608787059784,0.2235412299633026,-0.03570643439888954,0.055545106530189514,0.10736531764268875,-0.01942230761051178,0.02165277488529682,0.06802359968423843,-0.05230685696005821,0.05729032680392265,0.2787151634693146,0.177643820643425,0.0008796000620350242,0.0009938456350937486,0.2768922746181488,0.003777116071432829,0.010587310418486595,0.2621012032032013,0.0005376710323616862,0.0008865827112458646,-0.07661913335323334,0.32898563146591187,0.8888888955116272
8,eval,,0.0630388930439949,0.034644559025764465,0.2334049493074417,0.9479166865348816,0.953125,0.9375,0.0,0.8568001389503479,0.8165033459663391,0.8740659952163696,,,0.1482231467962265,0.2235412299633026,0.04467030242085457,0.06464120000600815,0.10736531764268875,0.057015612721443176,0.024701302871108055,0.06802359968423843,-0.009678550064563751,0.09203421324491501,0.2787151634693146,0.0034824528265744448,0.0006001847796142101,0.0009938456350937486,0.05616715922951698,0.003782623214647174,0.010587310418486595,0.11386579275131226,0.0007110059377737343,0.0008865827112458646,0.1302538812160492,0.5513197779655457,0.8888888955116272
12,eval,,0.050980180501937866,0.02474583126604557,0.20838628709316254,0.9375,0.9375,0.9375,0.0,0.8818479180335999,0.8649760484695435,0.8811918497085571,,,0.20436187088489532,0.2235412299633026,0.05258240923285484,0.07689151912927628,0.10736531764268875,-0.018426934257149696,0.056100450456142426,0.06802359968423843,0.038273464888334274,0.22645841538906097,0.2787151634693146,-0.007008695974946022,0.001231401925906539,0.0009938456350937486,-0.0021505404729396105,0.00731743685901165,0.010587310418486595,-0.011123673059046268,0.000873030920047313,0.0008865827112458646,-0.006111601833254099,0.8633937835693359,0.8888888955116272
15,eval,,0.04961615428328514,0.02123255468904972,0.21991775929927826,0.9479166865348816,0.953125,0.9375,0.0,0.8983033299446106,0.8997640609741211,0.8904635310173035,,,0.12205559760332108,0.2235412299633026,-0.026176102459430695,0.07258664816617966,0.10736531764268875,0.028527244925498962,0.04174812138080597,0.06802359968423843,0.02347816713154316,0.14716008305549622,0.2787151634693146,0.059997860342264175,0.0010381420142948627,0.0009938456350937486,0.06697633862495422,0.008127158507704735,0.010587310418486595,0.10112828016281128,0.000429473293479532,0.0008865827112458646,-0.058066368103027344,0.43469759821891785,0.8888888955116272
16,eval,,0.04663298651576042,0.01703883521258831,0.2241978496313095,0.9479166865348816,0.953125,0.9375,0.0,0.9065088033676147,0.9169705510139465,0.8930158019065857,,,0.12031868100166321,0.2235412299633026,-0.02340204268693924,0.07403550297021866,0.10736531764268875,-0.015743426978588104,0.041449204087257385,0.06802359968423843,0.01504296064376831,0.144805446267128,0.2787151634693146,0.013013482093811035,0.0006984600913710892,0.0009938456350937486,0.010161343961954117,0.00780408876016736,0.010587310418486595,0.035026226192712784,0.0004328136856202036,0.0008865827112458646,-0.10716702789068222,0.4370952248573303,0.8888888955116272
17,eval,,0.04173997417092323,0.01620078831911087,0.1949750781059265,0.9479166865348816,0.953125,0.9375,0.0,0.909025251865387,0.9222216606140137,0.8959886431694031,,,0.1450214833021164,0.2235412299633026,-0.010692817158997059,0.07838380336761475,0.10736531764268875,-0.02486834116280079,0.044282253831624985,0.06802359968423843,-0.008945115841925144,0.15134552121162415,0.2787151634693146,-0.03043024241924286,0.0006254826439544559,0.0009938456350937486,-0.048341553658246994,0.00789493415504694,0.010587310418486595,-0.048730820417404175,0.00039475481025874615,0.0008865827112458646,0.012597907334566116,0.4970516264438629,0.8888888955116272
18,eval,,0.041480597108602524,0.0161003265529871,0.19376219809055328,0.9479166865348816,0.953125,0.9375,0.0,0.9025118350982666,0.9168091416358948,0.8973642587661743,,,0.17864462733268738,0.2235412299633026,0.039207231253385544,0.08407408744096756,0.10736531764268875,0.005446440074592829,0.05012306198477745,0.06802359968423843,0.016899755224585533,0.17141792178153992,0.2787151634693146,-0.054124865680933,0.00100269028916955,0.0009938456350937486,-0.05675031244754791,0.008318522945046425,0.010587310418486595,-0.08743297308683395,0.0005095129017718136,0.0008865827112458646,0.12364981323480606,0.59713214635849,0.8888888955116272
19,eval,,0.037845678627491,0.013339514844119549,0.18488265573978424,0.9479166865348816,0.953125,0.9375,0.0,0.9117772579193115,0.931581437587738,0.8975746035575867,,,0.19585824012756348,0.2235412299633026,0.009768661111593246,0.08618110418319702,0.10736531764268875,0.017069004476070404,0.05608592554926872,0.06802359968423843,-0.012694059871137142,0.20177149772644043,0.2787151634693146,-0.06614010035991669,0.0015485225012525916,0.0009938456350937486,-0.02508699893951416,0.008589253760874271,0.010587310418486595,-0.05545264482498169,0.0009769829921424389,0.0008865827112458646,0.1091465950012207,0.6920765042304993,0.8888888955116272
20,eval,,0.03416356444358826,0.010948166251182556,0.17345595359802246,0.9479166865348816,0.953125,0.9375,0.0,0.9205138087272644,0.9420290589332581,0.8978284597396851,,,0.19378267228603363,0.2235412299633026,-0.0009884549072012305,0.08948593586683273,0.10736531764268875,-0.0018234439194202423,0.058319341391325,0.06802359968423843,0.0003843344748020172,0.2358352392911911,0.2787151634693146,-0.014391046017408371,0.0016724041197448969,0.0009938456350937486,-0.0021241300273686647,0.008418053388595581,0.010587310418486595,0.011730004101991653,0.00159297080244869,0.0008865827112458646,-0.01909543015062809,0.7630647420883179,0.8888888955116272
22,eval,,0.033508557826280594,0.01074531115591526,0.1700880527496338,0.9479166865348816,0.953125,0.9375,0.0,0.922849714756012,0.9433456063270569,0.9012804627418518,,,0.20304247736930847,0.2235412299633026,-0.04350268840789795,0.08602917194366455,0.10736531764268875,-0.014216269366443157,0.05374213308095932,0.06802359968423843,-0.02716672234237194,0.254893958568573,0.2787151634693146,0.0626007542014122,0.0011738117318600416,0.0009938456350937486,0.039643704891204834,0.00784988608211279,0.010587310418486595,0.022144699469208717,0.0012186270905658603,0.0008865827112458646,0.04410954937338829,0.7847157120704651,0.8888888955116272
23,eval,,0.032489486038684845,0.009414578787982464,0.1709389090538025,0.9479166865348816,0.953125,0.9375,0.0,0.9264938831329346,0.9518352150917053,0.9031516313552856,,,0.20444157719612122,0.2235412299633026,0.021667970344424248,0.08566401153802872,0.10736531764268875,0.05592479929327965,0.05188955366611481,0.06802359968423843,-0.01677694357931614,0.2525399327278137,0.2787151634693146,-0.011338512413203716,0.0010680112754926085,0.0009938456350937486,0.02297826297581196,0.007900023832917213,0.010587310418486595,0.02056778222322464,0.0009376751841045916,0.0008865827112458646,0.08337628096342087,0.746039628982544,0.8888888955116272
24,eval,,0.030616143718361855,0.008729787543416023,0.1619342863559723,0.9479166865348816,0.953125,0.9375,0.0,0.9298173785209656,0.9563854336738586,0.9045810699462891,,,0.1794312298297882,0.2235412299633026,0.029597515240311623,0.08414538949728012,0.10736531764268875,-0.026032164692878723,0.045582424849271774,0.06802359968423843,0.057550687342882156,0.2447310984134674,0.2787151634693146,-0.0027796055655926466,0.0007544142426922917,0.0009938456350937486,0.011726710945367813,0.007817174308001995,0.010587310418486595,0.006110005080699921,0.0008103271829895675,0.0008865827112458646,-0.012424337677657604,0.7011861801147461,0.8888888955116272
26,eval,,0.0300269927829504,0.007915113121271133,0.16269828379154205,0.9479166865348816,0.953125,0.9375,0.0,0.9332529306411743,0.961132824420929,0.9076216220855713,,,0.1752014011144638,0.2235412299633026,-0.02053503692150116,0.08395013213157654,0.10736531764268875,0.020670276135206223,0.03588513284921646,0.06802359968423843,-0.023250924423336983,0.23474010825157166,0.2787151634693146,-0.021188080310821533,0.0005088666803203523,0.0009938456350937486,-0.04039883613586426,0.008506032638251781,0.010587310418486595,-0.032516591250896454,0.0006843238952569664,0.0008865827112458646,-0.06360962241888046,0.657539427280426,0.8888888955116272
27,eval,,0.02997542917728424,0.0074698892422020435,0.16500867903232574,0.9583333134651184,0.96875,0.9375,0.6666666666666666,0.9316989183425903,0.9616296291351318,0.908562421798706,,,0.188055619597435,0.2235412299633026,0.02926103211939335,0.08604062348604202,0.10736531764268875,0.03950989618897438,0.035419635474681854,0.06802359968423843,0.014364282600581646,0.24169838428497314,0.2787151634693146,0.007571300957351923,0.0005819224752485752,0.0009938456350937486,-0.0076980446465313435,0.009671437554061413,0.010587310418486595,-0.026785070076584816,0.0007188955787569284,0.0008865827112458646,0.08976856619119644,0.66237473487854,0.8888888955116272
29,eval,,0.027834685519337654,0.006749481428414583,0.15434592962265015,0.9479166865348816,0.953125,0.9375,0.0,0.935816764831543,0.9646555185317993,0.9094932079315186,,,0.18908551335334778,0.2235412299633026,-0.018932117149233818,0.092983178794384,0.10736531764268875,0.0003886837512254715,0.03862804174423218,0.06802359968423843,-0.028705881908535957,0.2755921483039856,0.2787151634693146,-0.01782231032848358,0.0006438316777348518,0.0009938456350937486,0.0207444466650486,0.010265904478728771,0.010587310418486595,0.04338165745139122,0.000600476807449013,0.0008865827112458646,-0.00970236212015152,0.6927886605262756,0.8888888955116272
31,eval,,0.02662382461130619,0.0057190340012311935,0.15205256640911102,0.9479166865348816,0.953125,0.9375,0.0,0.9386732578277588,0.9705715775489807,0.910474419593811,,,0.1970767378807068,0.2235412299633026,-0.013241681270301342,0.09739993512630463,0.10736531764268875,-0.0180546622723341,0.04439213499426842,0.06802359968423843,-0.009538702666759491,0.2700258195400238,0.2787151634693146,0.025061702355742455,0.0007359436131082475,0.0009938456350937486,-0.008019435219466686,0.009614278562366962,0.010587310418486595,-0.02745244838297367,0.0005090520717203617,0.0008865827112458646,0.0035605214070528746,0.7416260838508606,0.8888888955116272
34,eval,,0.025845905765891075,0.004854505881667137,0.15179431438446045,0.9583333134651184,0.96875,0.9375,0.6666666666666666,0.940518319606781,0.9747125506401062,0.9119083285331726,,,0.1968269795179367,0.2235412299633026,-0.009603097103536129,0.09952283650636673,0.10736531764268875,0.03216303884983063,0.04878949373960495,0.06802359968423843,-0.009707595221698284,0.2663367688655853,0.2787151634693146,-0.0006496082642115653,0.0008579277782700956,0.0009938456350937486,-0.018791787326335907,0.009334194473922253,0.010587310418486595,0.011225256137549877,0.0006224690587259829,0.0008865827112458646,0.04099581390619278,0.7050142288208008,0.8888888955116272
35,eval,,0.02565731853246689,0.004626610316336155,0.15184153616428375,0.9479166865348816,0.953125,0.9375,0.0,0.9411653876304626,0.9759281873703003,0.9122048020362854,,,0.19030840694904327,0.2235412299633026,-0.01472703367471695,0.10132406651973724,0.10736531764268875,0.016560299322009087,0.04736902564764023,0.06802359968423843,-0.032276034355163574,0.2685755491256714,0.2787151634693146,0.00792976375669241,0.00069825240643695,0.0009938456350937486,0.00961663294583559,0.009295676834881306,0.010587310418486595,0.00891536008566618,0.00064083217876032,0.0008865827112458646,-0.04586825147271156,0.7013693451881409,0.8888888955116272
37,eval,,0.024354413151741028,0.003947981633245945,0.14679300785064697,0.9583333134651184,0.96875,0.9375,0.6666666666666666,0.9441346526145935,0.9798370599746704,0.9138256311416626,,,0.19233733415603638,0.2235412299633026,0.0010924073867499828,0.10064052045345306,0.10736531764268875,-0.011570863425731659,0.047499995678663254,0.06802359968423843,-0.012135845609009266,0.2544423043727875,0.2787151634693146,0.005074517335742712,0.0006320092361420393,0.0009938456350937486,0.0010006129741668701,0.009897219017148018,0.010587310418486595,-0.007732175290584564,0.0005201075109653175,0.0008865827112458646,-0.0022450454998761415,0.7187300324440002,0.8888888955116272
39,eval,,0.02418506145477295,0.00402753846719861,0.1451301872730255,0.9583333134651184,0.96875,0.9375,0.6666666666666666,0.9445515871047974,0.9796873927116394,0.9147555232048035,,,0.195936381816864,0.2235412299633026,0.024794897064566612,0.10385199636220932,0.10736531764268875,0.017529144883155823,0.05229941010475159,0.06802359968423843,0.03633113577961922,0.2671794295310974,0.2787151634693146,-0.021191174164414406,0.0008111661882139742,0.0009938456350937486,-0.007485186215490103,0.010985556058585644,0.010587310418486595,0.01312167476862669,0.0006086252396926284,0.0008865827112458646,-0.005904297810047865,0.7386561632156372,0.8888888955116272
41,eval,,0.023824866861104965,0.0036681245546787977,0.14476531744003296,0.9583333134651184,0.96875,0.9375,0.6666666666666666,0.9454801082611084,0.9812045693397522,0.9156637787818909,,,0.19921256601810455,0.2235412299633026,-0.0163904819637537,0.10310882329940796,0.10736531764268875,-0.024046191945672035,0.05187732353806496,0.06802359968423843,-0.020385170355439186,0.28252148628234863,0.2787151634693146,0.030170878395438194,0.0006293756305240095,0.0009938456350937486,0.005135288927704096,0.011415080167353153,0.010587310418486595,-0.015264235436916351,0.0006206809193827212,0.0008865827112458646,-0.03393442928791046,0.7491632103919983,0.8888888955116272
42,eval,,0.023416832089424133,0.003313378430902958,0.14403754472732544,0.9583333134651184,0.96875,0.9375,0.6666666666666666,0.9466745257377625,0.9833366870880127,0.9165565371513367,,,0.19966921210289001,0.2235412299633026,0.012936912477016449,0.10437031835317612,0.10736531764268875,-0.0005235960707068443,0.055677663534879684,0.06802359968423843,0.031130850315093994,0.2814856171607971,0.2787151634693146,0.010265324264764786,0.0008228651131503284,0.0009938456350937486,0.008215020410716534,0.011358622461557388,0.010587310418486595,-0.0020967330783605576,0.000742122414521873,0.0008865827112458646,0.04175972566008568,0.7265012264251709,0.8888888955116272
43,eval,,0.023174773901700974,0.0034443875774741173,0.14155709743499756,0.9583333134651184,0.96875,0.9375,0.6666666666666666,0.9467467069625854,0.9823421239852905,0.9172764420509338,,,0.2003166824579239,0.2235412299633026,0.006269292905926704,0.10533907264471054,0.10736531764268875,0.024738019332289696,0.05963180214166641,0.06802359968423843,-0.021392138674855232,0.26920896768569946,0.2787151634693146,-0.037648361176252365,0.000883632805198431,0.0009938456350937486,-0.0029894940089434385,0.010900057852268219,0.010587310418486595,0.018631214275956154,0.0007812655530869961,0.0008865827112458646,0.014032326638698578,0.7146098613739014,0.8888888955116272
44,eval,,0.022642839699983597,0.0030219692271202803,0.14036805927753448,0.9583333134651184,0.96875,0.9375,0.6666666666666666,0.9481332302093506,0.9844213724136353,0.9178766012191772,,,0.1943334937095642,0.2235412299633026,0.005347393918782473,0.10500320792198181,0.10736531764268875,-0.015674641355872154,0.05969211086630821,0.06802359968423843,0.010866035707294941,0.2633545696735382,0.2787151634693146,0.0134080545976758,0.0008473159978166223,0.0009938456350937486,-0.0163338053971529,0.010532098822295666,0.010587310418486595,0.0007737413980066776,0.0007676388486288488,0.0008865827112458646,0.0019511108985170722,0.7163181900978088,0.8888888955116272
46,eval,,0.022634290158748627,0.0031020957976579666,0.1398274451494217,0.9583333134651184,0.96875,0.9375,0.6666666666666666,0.9480911493301392,0.9845089316368103,0.9186140298843384,,,0.2036927193403244,0.2235412299633026,-0.017541203647851944,0.10551978647708893,0.10736531764268875,0.0033481407444924116,0.06153592839837074,0.06802359968423843,-0.03949625790119171,0.26447221636772156,0.2787151634693146,-0.019160019233822823,0.0008957928512245417,0.0009938456350937486,0.013352841138839722,0.010201120749115944,0.010587310418486595,-0.0019432035041972995,0.0008368957787752151,0.0008865827112458646,0.030378207564353943,0.7323599457740784,0.8888888955116272
47,eval,,0.022170329466462135,0.002781068906188011,0.13850589096546173,0.9583333134651184,0.96875,0.9375,0.6666666666666666,0.9491560459136963,0.9857897162437439,0.9188206195831299,,,0.20095418393611908,0.2235412299633026,0.017230600118637085,0.10643457621335983,0.10736531764268875,-0.0013340028235688806,0.06079701706767082,0.06802359968423843,0.0038469843566417694,0.27908122539520264,0.2787151634693146,-0.0013888232642784715,0.0008674637647345662,0.0009938456350937486,-0.009777247905731201,0.01033826544880867,0.010587310418486595,0.023589402437210083,0.0009619254851713777,0.0008865827112458646,-0.0037716187071055174,0.7408844828605652,0.8888888955116272
49,eval,,0.02195700630545616,0.002657195320352912,0.1377558708190918,0.9583333134651184,0.96875,0.9375,0.6666666666666666,0.9501703381538391,0.9864127039909363,0.9207250475883484,,,0.19201789796352386,0.2235412299633026,-0.013063850812613964,0.10127348452806473,0.10736531764268875,0.002600192092359066,0.058858927339315414,0.06802359968423843,-0.01792800985276699,0.2704567611217499,0.2787151634693146,0.003914515022188425,0.0006030577351339161,0.0009938456350937486,0.009740326553583145,0.010178817436099052,0.010587310418486595,-0.020061884075403214,0.0007815235876478255,0.0008865827112458646,-0.03930794820189476,0.7033809423446655,0.8888888955116272
50,eval,,0.021826062351465225,0.0027230377309024334,0.13644422590732574,0.9583333134651184,0.96875,0.9375,0.6666666666666666,0.9503359794616699,0.9862344264984131,0.9212082624435425,,,0.19388796389102936,0.2235412299633026,0.025426698848605156,0.100763238966465,0.10736531764268875,-0.009075562469661236,0.059928469359874725,0.06802359968423843,0.02328413911163807,0.263397216796875,0.2787151634693146,0.007228292990475893,0.0005766525282524526,0.0009938456350937486,-0.002043746178969741,0.010019081644713879,0.010587310418486595,-0.008415541611611843,0.0008379784412682056,0.0008865827112458646,0.030951635912060738,0.7022818922996521,0.8888888955116272
52,eval,,0.02160848118364811,0.0024349030572921038,0.136649951338768,0.9583333134651184,0.96875,0.9375,0.6666666666666666,0.9505773186683655,0.9874254465103149,0.9217305779457092,,,0.19874504208564758,0.2235412299633026,-0.009627710096538067,0.10315153002738953,0.10736531764268875,0.012353364378213882,0.061301782727241516,0.06802359968423843,0.0008565403404645622,0.28350669145584106,0.2787151634693146,-0.0034601495135575533,0.0005589422071352601,0.0009938456350937486,-0.005678232759237289,0.010215128771960735,0.010587310418486595,0.012690273113548756,0.0008675312274135649,0.0008865827112458646,-0.05424977466464043,0.7506853938102722,0.8888888955116272
54,eval,,0.02129637822508812,0.0026757812593132257,0.13301996886730194,0.9583333134651184,0.96875,0.9375,0.6666666666666666,0.9513728618621826,0.9868133664131165,0.9228158593177795,,,0.21014635264873505,0.2235412299633026,-0.013832931406795979,0.105440653860569,0.10736531764268875,0.002986830659210682,0.06255485117435455,0.06802359968423843,-0.03659794107079506,0.27973994612693787,0.2787151634693146,-0.010680039413273335,0.0005258020828478038,0.0009938456350937486,0.02068873681128025,0.009835480712354183,0.010587310418486595,-0.01835992932319641,0.0008370505529455841,0.0008865827112458646,0.033091116696596146,0.7605628967285156,0.8888888955116272
55,eval,,0.02098151296377182,0.002600671723484993,0.13126657903194427,0.9583333134651184,0.96875,0.9375,0.6666666666666666,0.9521651864051819,0.9869354367256165,0.9235787987709045,,,0.2044062316417694,0.2235412299633026,0.010946348309516907,0.10633113235235214,0.10736531764268875,0.03694428130984306,0.06363524496555328,0.06802359968423843,0.013234256766736507,0.2746989130973816,0.2787151634693146,-0.015648595988750458,0.000636207521893084,0.0009938456350937486,-0.0075327083468437195,0.009719147346913815,0.010587310418486595,0.009593527764081955,0.0009213342564180493,0.0008865827112458646,0.02354300022125244,0.7467898726463318,0.8888888955116272
64,eval,,0.02097540721297264,0.0036159551236778498,0.12513212859630585,0.9583333134651184,0.96875,0.9375,0.6666666666666666,0.9528501033782959,0.9821197390556335,0.9280596375465393,,,0.1902596354484558,0.2235412299633026,-0.03394900634884834,0.0985480397939682,0.10736531764268875,-0.07037577033042908,0.0560464970767498,0.06802359968423843,0.02001127041876316,0.28708600997924805,0.2787151634693146,0.04681096598505974,0.0003687399148475379,0.0009938456350937486,-0.0053703212179243565,0.009700899943709373,0.010587310418486595,-0.023024311289191246,0.0007470257696695626,0.0008865827112458646,-0.029907681047916412,0.7127735614776611,0.8888888955116272
65,eval,,0.019768981263041496,0.002383279148489237,0.12408318370580673,0.9583333134651184,0.96875,0.9375,0.6666666666666666,0.9551709890365601,0.9879762530326843,0.9287110567092896,,,0.1965068131685257,0.2235412299633026,-0.0013290137285366654,0.09756547957658768,0.10736531764268875,0.03017067164182663,0.06007196009159088,0.06802359968423843,0.018327342346310616,0.27320927381515503,0.2787151634693146,0.008613700978457928,0.00045703776413574815,0.0009938456350937486,0.019497158005833626,0.009664282202720642,0.010587310418486595,-0.03074856661260128,0.0007405531941913068,0.0008865827112458646,0.027790715917944908,0.7098844051361084,0.8888888955116272
67,eval,,0.019740723073482513,0.0024817020166665316,0.12329486012458801,0.9583333134651184,0.96875,0.9375,0.6666666666666666,0.9550638198852539,0.9886105060577393,0.9286256432533264,,,0.20769472420215607,0.2235412299633026,-0.02367813140153885,0.10074509680271149,0.10736531764268875,-0.04887780174612999,0.05965421721339226,0.06802359968423843,-0.00892039854079485,0.2725577652454376,0.2787151634693146,-0.0041984389536082745,0.000576846010517329,0.0009938456350937486,-0.013618417084217072,0.010212471708655357,0.010587310418486595,0.007571430876851082,0.000737300724722445,0.0008865827112458646,0.02740786224603653,0.7904901504516602,0.8888888955116272
68,eval,,0.01971559226512909,0.0026603741571307182,0.12204691022634506,0.9583333134651184,0.96875,0.9375,0.6666666666666666,0.9549768567085266,0.9863389134407043,0.929135262966156,,,0.20526480674743652,0.2235412299633026,-0.03503750264644623,0.10316937416791916,0.10736531764268875,0.001735664322040975,0.06333860009908676,0.06802359968423843,0.04292475804686546,0.28624674677848816,0.2787151634693146,0.03332557901740074,0.000701885437592864,0.0009938456350937486,0.0006729972083121538,0.010558785870671272,0.010587310418486595,-0.02306877262890339,0.0008220067247748375,0.0008865827112458646,0.02216304838657379,0.7781567573547363,0.8888888955116272
69,eval,,0.019148388877511024,0.0022099879570305347,0.12077879905700684,0.9583333134651184,0.96875,0.9375,0.6666666666666666,0.9563668966293335,0.9896812438964844,0.9296485185623169,,,0.20731115341186523,0.2235412299633026,0.031093185767531395,0.10399066656827927,0.10736531764268875,0.029539471492171288,0.06778810173273087,0.06802359968423843,-0.012941700406372547,0.2840954661369324,0.2787151634693146,-0.005709346383810043,0.0007638390525244176,0.0009938456350937486,0.008942103944718838,0.010458624921739101,0.010587310418486595,0.010333930142223835,0.0009055524133145809,0.0008865827112458646,-0.008665197528898716,0.7580626606941223,0.8888888955116272
70,eval,,0.019059505313634872,0.0022594905458390713,0.11985961347818375,0.9583333134651184,0.96875,0.9375,0.6666666666666666,0.956530749797821,0.988723635673523,0.930239200592041,,,0.2044048309326172,0.2235412299633026,0.012881916016340256,0.10340713709592819,0.10736531764268875,-0.024301404133439064,0.0655110701918602,0.06802359968423843,-0.03778501972556114,0.27419108152389526,0.2787151634693146,-0.020136164501309395,0.0007111384766176343,0.0009938456350937486,0.008474000729620457,0.010235436260700226,0.010587310418486595,0.015925785526633263,0.000859243213199079,0.0008865827112458646,-0.0033051602076739073,0.7475101947784424,0.8888888955116272
71,eval,,0.018897946923971176,0.0022206755820661783,0.11896157264709473,0.9583333134651184,0.96875,0.9375,0.6666666666666666,0.9571748375892639,0.9888938069343567,0.9311057329177856,,,0.19347357749938965,0.2235412299633026,-0.02700825035572052,0.10257143527269363,0.10736531764268875,-0.00029782834462821484,0.06348569691181183,0.06802359968423843,0.03593583405017853,0.26791924238204956,0.2787151634693146,0.02070489339530468,0.0007209268514998257,0.0009938456350937486,-0.003979769069701433,0.010090340860188007,0.010587310418486595,-0.017274005338549614,0.0008108023321256042,0.0008865827112458646,-0.00443275086581707,0.7254572510719299,0.8888888955116272
72,eval,,0.018620554357767105,0.0018192902207374573,0.11942815035581589,0.9583333134651184,0.96875,0.9375,0.6666666666666666,0.9577686786651611,0.9906769394874573,0.9314994215965271,,,0.19566740095615387,0.2235412299633026,-0.00614786334335804,0.10244900733232498,0.10736531764268875,0.013611135073006153,0.0629720538854599,0.06802359968423843,0.0024551248643547297,0.26261547207832336,0.2787151634693146,0.0012149483663961291,0.0006833639345131814,0.0009938456350937486,-0.00769848795607686,0.009939425624907017,0.010587310418486595,-0.0020656937267631292,0.0007675612578168511,0.0008865827112458646,-0.03857610002160072,0.7395960688591003,0.8888888955116272
74,eval,,0.018534407019615173,0.0020324126817286015,0.11754637956619263,0.9583333134651184,0.96875,0.9375,0.6666666666666666,0.9581910967826843,0.990028977394104,0.9328526854515076,,,0.19844618439674377,0.2235412299633026,0.001790244015865028,0.10338564962148666,0.10736531764268875,0.018118785694241524,0.06192627176642418,0.06802359968423843,0.033791348338127136,0.28520312905311584,0.2787151634693146,0.006541946437209845,0.0006903038010932505,0.0009938456350937486,0.009561654180288315,0.010466770268976688,0.010587310418486595,-0.008815675973892212,0.0007753497920930386,0.0008865827112458646,0.03183833882212639,0.7145867347717285,0.8888888955116272
76,eval,,0.01815793290734291,0.0020522114355117083,0.11479226499795914,0.9583333134651184,0.96875,0.9375,0.6666666666666666,0.9586323499679565,0.9900086522102356,0.9334933161735535,,,0.20544615387916565,0.2235412299633026,0.0032346018124371767,0.10569381713867188,0.10736531764268875,-0.03729076310992241,0.06313441693782806,0.06802359968423843,-0.02487708069384098,0.2836070656776428,0.2787151634693146,0.0023639623541384935,0.0006281123496592045,0.0009938456350937486,-0.009477303363382816,0.010358261875808239,0.010587310418486595,0.003889125771820545,0.0006925704656168818,0.0008865827112458646,0.014861219562590122,0.7459856867790222,0.8888888955116272
78,eval,,0.017924102023243904,0.001782541861757636,0.1147734522819519,0.9583333134651184,0.96875,0.9375,0.6666666666666666,0.9593355655670166,0.9910230040550232,0.9339199662208557,,,0.20500190556049347,0.2235412299633026,-0.009627226740121841,0.10548579692840576,0.10736531764268875,-0.0067320093512535095,0.06391694396734238,0.06802359968423843,-0.020210398361086845,0.2700502872467041,0.2787151634693146,-0.004354949574917555,0.0006394687807187438,0.0009938456350937486,-0.002078017918393016,0.009979148395359516,0.010587310418486595,0.0026204681489616632,0.0006583662470802665,0.0008865827112458646,-0.03394879028201103,0.7843843102455139,0.8888888955116272
81,eval,,0.017606062814593315,0.0018269154243171215,0.1122809424996376,0.9583333134651184,0.96875,0.9375,0.6666666666666666,0.960067868232727,0.9907925724983215,0.9356087446212769,,,0.20288051664829254,0.2235412299633026,0.004977475386112928,0.101353719830513,0.10736531764268875,0.0032814405858516693,0.061949197202920914,0.06802359968423843,-0.03499972075223923,0.27508461475372314,0.2787151634693146,-0.012173891067504883,0.0005627866485156119,0.0009938456350937486,-0.002660611644387245,0.009983621537685394,0.010587310418486595,0.009199424646794796,0.0007305330946110189,0.0008865827112458646,-0.036672208458185196,0.7567548751831055,0.8888888955116272
82,eval,,0.017537467181682587,0.002080264501273632,0.11028069257736206,0.9583333134651184,0.96875,0.9375,0.6666666666666666,0.960484504699707,0.9895278811454773,0.9367478489875793,,,0.19299854338169098,0.2235412299633026,0.011141877621412277,0.10120176523923874,0.10736531764268875,-0.03893532231450081,0.0632777065038681,0.06802359968423843,0.02802511490881443,0.27005261182785034,0.2787151634693146,0.023060061037540436,0.0005837544449605048,0.0009938456350937486,-0.012183815240859985,0.010157305747270584,0.010587310418486595,-0.003859062446281314,0.0007766130729578435,0.0008865827112458646,-0.0015658047050237656,0.7156149744987488,0.8888888955116272
83,eval,,0.017481446266174316,0.0020974676590412855,0.10978531837463379,0.9583333134651184,0.96875,0.9375,0.6666666666666666,0.9602558612823486,0.9893777966499329,0.937277615070343,,,0.19933302700519562,0.2235412299633026,-0.03805771842598915,0.10192945599555969,0.10736531764268875,0.027364425361156464,0.0677892193198204,0.06802359968423843,-0.011527658440172672,0.26900091767311096,0.2787151634693146,-0.015583072789013386,0.0006840783171355724,0.0009938456350937486,0.013369813561439514,0.010376055724918842,0.010587310418486595,-0.015102565288543701,0.0007848487584851682,0.0008865827112458646,0.018872598186135292,0.7157131433486938,0.8888888955116272
84,eval,,0.017057031393051147,0.0018494698451831937,0.10830239206552505,0.9583333134651184,0.96875,0.9375,0.6666666666666666,0.9611875414848328,0.9907957315444946,0.9376270771026611,,,0.20226897299289703,0.2235412299633026,0.031232619658112526,0.10438729077577591,0.10736531764268875,0.00933846179395914,0.06752413511276245,0.06802359968423843,-0.01051993016153574,0.2762303650379181,0.2787151634693146,-0.0024173397105187178,0.0007335888221859932,0.0009938456350937486,-0.014422493986785412,0.010516352020204067,0.010587310418486595,0.018213553354144096,0.000871320313308388,0.0008865827112458646,-0.0007837259327061474,0.730052649974823,0.8888888955116272
88,eval,,0.016755543649196625,0.0018720605876296759,0.10605644434690475,0.9583333134651184,0.96875,0.9375,0.6666666666666666,0.96216881275177,0.9904243350028992,0.9398884177207947,,,0.195537731051445,0.2235412299633026,0.003980403766036034,0.10379139333963394,0.10736531764268875,0.03255143761634827,0.06474907696247101,0.06802359968423843,-0.009184327907860279,0.2679615914821625,0.2787151634693146,-0.027498459443449974,0.0006733934278599918,0.0009938456350937486,0.013405583798885345,0.009603152982890606,0.010587310418486595,0.009224295616149902,0.0007949951104819775,0.0008865827112458646,-0.021065622568130493,0.7087406516075134,0.8888888955116272
96,eval,,0.0165385939180851,0.001833928283303976,0.10476658493280411,0.9583333134651184,0.96875,0.9375,0.6666666666666666,0.9630531072616577,0.9911119937896729,0.9417549967765808,,,0.20951886475086212,0.2235412299633026,-0.020089447498321533,0.10518950968980789,0.10736531764268875,-0.0334271676838398,0.06058501824736595,0.06802359968423843,-0.01318002212792635,0.2857908308506012,0.2787151634693146,0.012859844602644444,0.0005311584682203829,0.0009938456350937486,-0.018035924062132835,0.01044710073620081,0.010587310418486595,0.00788197573274374,0.0006799330585636199,0.0008865827112458646,-0.06116411089897156,0.8283387422561646,0.8888888955116272
101,eval,,0.015562835149466991,0.00196901336312294,0.09712577611207962,0.9583333134651184,0.96875,0.9375,0.6666666666666666,0.9649533629417419,0.9905705451965332,0.9440016746520996,,,0.21314817667007446,0.2235412299633026,0.00848331581801176,0.10099257528781891,0.10736531764268875,0.05036592483520508,0.05977388843894005,0.06802359968423843,0.003263358259573579,0.28516027331352234,0.2787151634693146,-0.013893995434045792,0.0007402317132800817,0.0009938456350937486,0.010169348679482937,0.010497971437871456,0.010587310418486595,0.006075880024582148,0.0007733746897429228,0.0008865827112458646,0.018031278625130653,0.8027393221855164,0.8888888955116272
104,eval,,0.014944495633244514,0.0018949761288240552,0.0932416096329689,0.9583333134651184,0.96875,0.9375,0.6666666666666666,0.9663510322570801,0.990465521812439,0.9465997815132141,,,0.19760945439338684,0.2235412299633026,-0.01558638084679842,0.10571899265050888,0.10736531764268875,0.01685570366680622,0.06888258457183838,0.06802359968423843,0.03328891471028328,0.2589896321296692,0.2787151634693146,0.006048109382390976,0.0009391038329340518,0.0009938456350937486,0.001794967451132834,0.009980943985283375,0.010587310418486595,-0.023441463708877563,0.0007626890437677503,0.0008865827112458646,-0.012251864187419415,0.7502132654190063,0.8888888955116272
109,eval,,0.014334033243358135,0.0015226854011416435,0.09120211750268936,0.9583333134651184,0.96875,0.9375,0.6666666666666666,0.9675189256668091,0.9923974871635437,0.9482852816581726,,,0.20600610971450806,0.2235412299633026,0.012058825232088566,0.1013127788901329,0.10736531764268875,-0.00010190065950155258,0.06071974337100983,0.06802359968423843,0.012372296303510666,0.2589096128940582,0.2787151634693146,0.0014504799619317055,0.0005537384422495961,0.0009938456350937486,-0.012525118887424469,0.00975061021745205,0.010587310418486595,-0.010355997830629349,0.000826583884190768,0.0008865827112458646,0.03873002156615257,0.7781587839126587,0.8888888955116272
112,eval,,0.014186536893248558,0.0016702075954526663,0.0892845019698143,0.9583333134651184,0.96875,0.9375,0.6666666666666666,0.9678901433944702,0.9914398789405823,0.9499437808990479,,,0.20769691467285156,0.2235412299633026,-0.007772097364068031,0.10403498262166977,0.10736531764268875,0.0016708608018234372,0.06810053437948227,0.06802359968423843,0.017658915370702744,0.29377317428588867,0.2787151634693146,0.019166728481650352,0.0006878762505948544,0.0009938456350937486,-0.02627386711537838,0.008819768205285072,0.010587310418486595,0.007040638010948896,0.0010003165807574987,0.0008865827112458646,0.04164659604430199,0.7526105046272278,0.8888888955116272
113,eval,,0.013865536078810692,0.0016428329981863499,0.08720175176858902,0.9583333134651184,0.96875,0.9375,0.6666666666666666,0.9685393571853638,0.9917070865631104,0.949688196182251,,,0.21188731491565704,0.2235412299633026,-0.0014650323428213596,0.10762894153594971,0.10736531764268875,0.006348031107336283,0.0690605416893959,0.06802359968423843,0.010916118510067463,0.28574422001838684,0.2787151634693146,-0.008755229413509369,0.0010119611397385597,0.0009938456350937486,0.038460809737443924,0.010152981616556644,0.010587310418486595,-0.01652432791888714,0.0009075211128219962,0.0008865827112458646,-0.0013481434434652328,0.8063881397247314,0.8888888955116272
118,eval,,0.013396401889622211,0.0016545153921470046,0.08384773135185242,0.9583333134651184,0.96875,0.9375,0.6666666666666666,0.9699577689170837,0.991981029510498,0.952154815196991,,,0.21234363317489624,0.2235412299633026,0.003287944942712784,0.10517994314432144,0.10736531764268875,0.007304765284061432,0.062093500047922134,0.06802359968423843,0.04141564294695854,0.29168272018432617,0.2787151634693146,0.015326570719480515,0.0006178172188811004,0.0009938456350937486,-0.01025395654141903,0.010580522939562798,0.010587310418486595,0.0034066366497427225,0.000853321107570082,0.0008865827112458646,0.028569713234901428,0.8110157251358032,0.8888888955116272
119,eval,,0.013082938268780708,0.001482475083321333,0.08268571645021439,0.9583333134651184,0.96875,0.9375,0.6666666666666666,0.9704868793487549,0.992445707321167,0.9533095955848694,,,0.20232097804546356,0.2235412299633026,-0.0017112139612436295,0.10191957652568817,0.10736531764268875,0.01372916717082262,0.06390386819839478,0.06802359968423843,0.007102642673999071,0.2916333079338074,0.2787151634693146,-0.023292003199458122,0.0006681346567347646,0.0009938456350937486,0.013676679693162441,0.010663923807442188,0.010587310418486595,0.009645271115005016,0.0008632300887256861,0.0008865827112458646,-0.025876639410853386,0.7534071803092957,0.8888888955116272
121,eval,,0.01283824723213911,0.0015815617516636848,0.08037835359573364,0.9583333134651184,0.96875,0.9375,0.6666666666666666,0.9712473750114441,0.9923841953277588,0.9542840123176575,,,0.2027248740196228,0.2235412299633026,0.00028250436298549175,0.10467004776000977,0.10736531764268875,-0.001004402874968946,0.06746064871549606,0.06802359968423843,0.03746351972222328,0.26379701495170593,0.2787151634693146,0.017600862309336662,0.0008750861743465066,0.0009938456350937486,0.0034178232308477163,0.010110568255186081,0.010587310418486595,-0.014033016748726368,0.0007770892698317766,0.0008865827112458646,0.021934112533926964,0.7704428434371948,0.8888888955116272
123,eval,,0.012763692066073418,0.0016049484256654978,0.07971615344285965,0.9583333134651184,0.96875,0.9375,0.6666666666666666,0.9713751673698425,0.992348849773407,0.9550272226333618,,,0.20790769159793854,0.2235412299633026,0.0321711041033268,0.10786380618810654,0.10736531764268875,0.005976403597742319,0.06877236813306808,0.06802359968423843,0.009458827786147594,0.2810177206993103,0.2787151634693146,0.02077641151845455,0.001030930783599615,0.0009938456350937486,-0.0229939091950655,0.00978464912623167,0.010587310418486595,0.011395465582609177,0.0010108593851327896,0.0008865827112458646,0.02552829682826996,0.7572991251945496,0.8888888955116272
125,eval,,0.012218596413731575,0.0013356691924855113,0.07751614600419998,0.9583333134651184,0.96875,0.9375,0.6666666666666666,0.9724461436271667,0.993501603603363,0.9554417133331299,,,0.21311745047569275,0.2235412299633026,-0.004977669101208448,0.106651172041893,0.10736531764268875,-0.02496240846812725,0.06568040698766708,0.06802359968423843,-0.013287250883877277,0.2744498550891876,0.2787151634693146,-0.0023458246141672134,0.0008248078520409763,0.0009938456350937486,-0.00461731618270278,0.009670986793935299,0.010587310418486595,-0.002129593165591359,0.0009213451412506402,0.0008865827112458646,-0.00449860654771328,0.8236914277076721,0.8888888955116272
127,eval,,0.012016447260975838,0.0014584276359528303,0.07536456733942032,0.9583333134651184,0.96875,0.9375,0.6666666666666666,0.9728862047195435,0.9924837946891785,0.9571297764778137,,,0.20521123707294464,0.2235412299633026,-0.014171808026731014,0.10408954322338104,0.10736531764268875,0.016171500086784363,0.0660339742898941,0.06802359968423843,-0.015034586191177368,0.2722315490245819,0.2787151634693146,-0.01913437619805336,0.0008266842341981828,0.0009938456350937486,0.021898463368415833,0.010364958085119724,0.010587310418486595,0.0035028450656682253,0.001038438524119556,0.0008865827112458646,-0.015254599042236805,0.7724683284759521,0.8888888955116272
129,eval,,0.011601968668401241,0.001296471687965095,0.07343494892120361,0.96875,0.984375,0.9375,0.6666666666666666,0.9738117456436157,0.9933875203132629,0.9584264755249023,,,0.20586398243904114,0.2235412299633026,-0.01875155419111252,0.10746938735246658,0.10736531764268875,0.01620342582464218,0.06727148592472076,0.06802359968423843,0.00166172010358423,0.285864919424057,0.2787151634693146,-0.0008798348717391491,0.0006853487575426698,0.0009938456350937486,-0.00176717946305871,0.010402384214103222,0.010587310418486595,-0.006662394851446152,0.0010515995090827346,0.0008865827112458646,9.072882676264271e-05,0.7586591243743896,0.8888888955116272
131,eval,,0.011518789455294609,0.0014718613820150495,0.0718003585934639,0.96875,0.984375,0.9375,0.6666666666666666,0.9742253422737122,0.9926765561103821,0.9592139720916748,,,0.20350418984889984,0.2235412299633026,0.004683340433984995,0.10700994729995728,0.10736531764268875,-0.03389328345656395,0.06690463423728943,0.06802359968423843,-0.01040276326239109,0.26176968216896057,0.2787151634693146,0.005825271364301443,0.0006799534312449396,0.0009938456350937486,-0.0010813818080350757,0.009780204854905605,0.010587310418486595,-0.003299096832051873,0.0009609907283447683,0.0008865827112458646,-0.013074535876512527,0.7741721272468567,0.8888888955116272
133,eval,,0.011247624643146992,0.0013732437510043383,0.0704939216375351,0.9583333134651184,0.96875,0.9375,0.6666666666666666,0.9745439887046814,0.9933257699012756,0.9596133828163147,,,0.21509426832199097,0.2235412299633026,0.012798077426850796,0.10680627822875977,0.10736531764268875,0.007006628904491663,0.06785430759191513,0.06802359968423843,-0.004058136139065027,0.29363688826560974,0.2787151634693146,-0.009620963595807552,0.0008916286169551313,0.0009938456350937486,-0.007787521928548813,0.011051253415644169,0.010587310418486595,0.024456074461340904,0.0009805223671719432,0.0008865827112458646,-0.011952449567615986,0.815670371055603,0.8888888955116272
134,eval,,0.011151597835123539,0.0013099254574626684,0.07020163536071777,0.9791666865348816,0.984375,0.96875,1.0,0.9749072790145874,0.9936085939407349,0.9611380696296692,,,0.2046240121126175,0.2235412299633026,0.005539011675864458,0.10596097260713577,0.10736531764268875,-0.0011054709320887923,0.06681536883115768,0.06802359968423843,-0.0011825273977592587,0.3029405176639557,0.2787151634693146,-0.0009351481567136943,0.0008948327740654349,0.0009938456350937486,-0.0027278868947178125,0.011308131739497185,0.010587310418486595,0.004756821785122156,0.0009868028573691845,0.0008865827112458646,-0.002319150371477008,0.7338742613792419,0.8888888955116272
136,eval,,0.010816414840519428,0.0012946058996021748,0.06794727593660355,0.9791666865348816,0.984375,0.96875,1.0,0.9755469560623169,0.9935248494148254,0.9617831110954285,,,0.20890510082244873,0.2235412299633026,0.006776887457817793,0.10513194650411606,0.10736531764268875,-0.014734708704054356,0.06389199197292328,0.06802359968423843,-0.009108020924031734,0.2616579532623291,0.2787151634693146,-0.012022930197417736,0.0009467889904044569,0.0009938456350937486,-0.006754864007234573,0.010419078171253204,0.010587310418486595,0.004816154018044472,0.0008455173228867352,0.0008865827112458646,0.030099665746092796,0.786445140838623,0.8888888955116272
138,eval,,0.010519495233893394,0.0012569660320878029,0.06609467417001724,0.9791666865348816,1.0,0.9375,0.6666666666666666,0.9763256907463074,0.993696391582489,0.9626767039299011,,,0.21432025730609894,0.2235412299633026,-0.0047641173005104065,0.10659892112016678,0.10736531764268875,0.009881041012704372,0.06565199047327042,0.06802359968423843,0.0061017912812530994,0.29198890924453735,0.2787151634693146,0.012453974224627018,0.0008939674589782953,0.0009938456350937486,0.003246497130021453,0.010574647225439548,0.010587310418486595,-0.002057305769994855,0.0009087341604754329,0.0008865827112458646,0.028723502531647682,0.8013035655021667,0.8888888955116272
139,eval,,0.010506218299269676,0.0013166951248422265,0.06564336270093918,0.9895833134651184,1.0,0.96875,1.0,0.9763169884681702,0.9933446049690247,0.963204562664032,,,0.2071932852268219,0.2235412299633026,0.007243726402521133,0.10444559901952744,0.10736531764268875,-0.014362618327140808,0.06469500064849854,0.06802359968423843,-0.019726930186152458,0.28473061323165894,0.2787151634693146,-0.0029043080285191536,0.0008673221454955637,0.0009938456350937486,0.010387749411165714,0.010384433902800083,0.010587310418486595,-0.0003726113645825535,0.000932857277803123,0.0008865827112458646,0.009688308462500572,0.7595628499984741,0.8888888955116272
141,eval,,0.01048135943710804,0.0015272540040314198,0.06420599669218063,0.9895833134651184,1.0,0.96875,1.0,0.9764549136161804,0.9932838082313538,0.9648306369781494,,,0.20686346292495728,0.2235412299633026,-0.0294528529047966,0.10148034244775772,0.10736531764268875,-0.006732368376106024,0.06244925409555435,0.06802359968423843,-0.02438075840473175,0.25699561834335327,0.2787151634693146,-0.014078959822654724,0.0009109761449508369,0.0009938456350937486,-0.008104703389108181,0.010310162790119648,0.010587310418486595,0.0014703409979119897,0.0008725679363124073,0.0008865827112458646,0.04184356704354286,0.7700727581977844,0.8888888955116272
142,eval,,0.010364027693867683,0.001511183101683855,0.06348109990358353,0.9895833134651184,1.0,0.96875,1.0,0.9776020050048828,0.992894172668457,0.9660016298294067,,,0.19771885871887207,0.2235412299633026,0.020348086953163147,0.10521137714385986,0.10736531764268875,-0.0113174794241786,0.06674544513225555,0.06802359968423843,0.038927432149648666,0.2783764600753784,0.2787151634693146,0.011300455778837204,0.0009418845293112099,0.0009938456350937486,0.0011690553510561585,0.010690231807529926,0.010587310418486595,0.006913349032402039,0.0010297588305547833,0.0008865827112458646,0.019569672644138336,0.7226032018661499,0.8888888955116272
148,eval,,0.009709475561976433,0.0018710166914388537,0.056740228086709976,0.9895833134651184,1.0,0.96875,1.0,0.9781200885772705,0.9908665418624878,0.9677240252494812,,,0.21322424709796906,0.2235412299633026,-0.014544881880283356,0.1037602350115776,0.10736531764268875,0.04310962185263634,0.0641440749168396,0.06802359968423843,0.02444700337946415,0.29031315445899963,0.2787151634693146,-0.02369878441095352,0.0008934105862863362,0.0009938456350937486,0.008196129463613033,0.011184768751263618,0.010587310418486595,0.020020343363285065,0.0009374868823215365,0.0008865827112458646,-0.01681940071284771,0.8288183808326721,0.8888888955116272
151,eval,,0.00930289551615715,0.0016330144135281444,0.055322181433439255,0.9895833134651184,1.0,0.96875,1.0,0.9791310429573059,0.9916646480560303,0.969029426574707,,,0.2173665165901184,0.2235412299633026,-0.010158509016036987,0.11233148723840714,0.10736531764268875,0.014691267162561417,0.06856878101825714,0.06802359968423843,-0.015729287639260292,0.2603076994419098,0.2787151634693146,-0.023683615028858185,0.001151954522356391,0.0009938456350937486,0.021428152918815613,0.01018630713224411,0.010587310418486595,-0.010644622147083282,0.000975364469923079,0.0008865827112458646,-0.029783809557557106,0.8625642657279968,0.8888888955116272
152,eval,,0.008855490013957024,0.0015511100646108389,0.05268177390098572,1.0,1.0,1.0,1.0,0.980050265789032,0.9920947551727295,0.9701758623123169,,,0.21174375712871552,0.2235412299633026,0.006659109145402908,0.10669190436601639,0.10736531764268875,0.0028373810928314924,0.06595108658075333,0.06802359968423843,-0.010671979747712612,0.2762446105480194,0.2787151634693146,-0.002792438492178917,0.0009895103285089135,0.0009938456350937486,-0.037995804101228714,0.00985209085047245,0.010587310418486595,0.028571859002113342,0.0009830021299421787,0.0008865827112458646,-0.013657336123287678,0.8071393370628357,0.8888888955116272
154,eval,,0.008501009084284306,0.0013975952751934528,0.05112149193882942,1.0,1.0,1.0,1.0,0.9808171987533569,0.9928942918777466,0.9708917140960693,,,0.2142767310142517,0.2235412299633026,0.004571579862385988,0.10135471075773239,0.10736531764268875,-0.01359474752098322,0.06695480644702911,0.06802359968423843,-0.01616380363702774,0.2851371169090271,0.2787151634693146,-0.0018857078393921256,0.00089340127306059,0.0009938456350937486,0.028546949848532677,0.010885337367653847,0.010587310418486595,-0.017174307256937027,0.0009161900961771607,0.0008865827112458646,-0.0017573678633198142,0.8176637887954712,0.8888888955116272
157,eval,,0.008275115862488747,0.0013213553465902805,0.049997683614492416,1.0,1.0,1.0,1.0,0.9817926287651062,0.9933830499649048,0.973102331161499,,,0.2024584859609604,0.2235412299633026,-0.0020146220922470093,0.10646262019872665,0.10736531764268875,-0.026189511641860008,0.06197010725736618,0.06802359968423843,-0.010901005007326603,0.2686655521392822,0.2787151634693146,0.005078957881778479,0.0006833316874690354,0.0009938456350937486,0.011639553122222424,0.009881574660539627,0.010587310418486595,-0.009139143861830235,0.001066003693267703,0.0008865827112458646,0.014149688184261322,0.7503678798675537,0.8888888955116272
160,eval,,0.008270476944744587,0.0013345000334084034,0.04988633096218109,1.0,1.0,1.0,1.0,0.981460690498352,0.9931473135948181,0.973811149597168,,,0.2182995229959488,0.2235412299633026,-0.008262851275503635,0.1041254848241806,0.10736531764268875,-0.01711367629468441,0.06919975578784943,0.06802359968423843,0.014003315009176731,0.2923126518726349,0.2787151634693146,0.009829096496105194,0.0010025020455941558,0.0009938456350937486,-0.017493074759840965,0.01070333644747734,0.010587310418486595,0.006941692437976599,0.0010184554848819971,0.0008865827112458646,0.06084860488772392,0.8149932026863098,0.8888888955116272
162,eval,,0.007715021725744009,0.0012484053149819374,0.04651471599936485,1.0,1.0,1.0,1.0,0.9826350212097168,0.9937548637390137,0.9748652577400208,,,0.2119210660457611,0.2235412299633026,0.004798827227205038,0.10380718857049942,0.10736531764268875,-0.01647810824215412,0.06423427909612656,0.06802359968423843,-0.02265910618007183,0.2629556953907013,0.2787151634693146,-0.005187161732465029,0.0009613269357942045,0.0009938456350937486,0.010287645272910595,0.009363212622702122,0.010587310418486595,-0.005057763308286667,0.0009187167743220925,0.0008865827112458646,0.040658507496118546,0.7955244183540344,0.8888888955116272
166,eval,,0.007009632419794798,0.001172324875369668,0.04203347861766815,1.0,1.0,1.0,1.0,0.9842093586921692,0.9941215515136719,0.9761120676994324,,,0.21667000651359558,0.2235412299633026,0.007875756360590458,0.10724634677171707,0.10736531764268875,0.016639845445752144,0.06583184748888016,0.06802359968423843,-0.001195427030324936,0.28053414821624756,0.2787151634693146,-0.0012028570054098964,0.001055072876624763,0.0009938456350937486,0.009666758589446545,0.011142034083604813,0.010587310418486595,-0.008278905414044857,0.0009665479883551598,0.0008865827112458646,-0.007040534168481827,0.8379988074302673,0.8888888955116272
170,eval,,0.006854653358459473,0.001067748642526567,0.0415760800242424,1.0,1.0,1.0,1.0,0.9846773743629456,0.9945053458213806,0.9767072796821594,,,0.22374802827835083,0.2235412299633026,0.01563553512096405,0.10625009983778,0.10736531764268875,-0.01074205245822668,0.06793197989463806,0.06802359968423843,0.003534425748512149,0.2759203612804413,0.2787151634693146,0.006477033253759146,0.0009273478062823415,0.0009938456350937486,-0.006187465041875839,0.010395699180662632,0.010587310418486595,-0.0005077447858639061,0.0009643775993026793,0.0008865827112458646,-0.0017311051487922668,0.8954206705093384,0.8888888955116272
173,eval,,0.006470967549830675,0.0011496731312945485,0.03839873895049095,1.0,1.0,1.0,1.0,0.985630452632904,0.9940829873085022,0.9788777828216553,,,0.20828992128372192,0.2235412299633026,0.014347552321851254,0.10208436846733093,0.10736531764268875,-0.0020257614087313414,0.06136167421936989,0.06802359968423843,-0.012508333660662174,0.2768614888191223,0.2787151634693146,0.009897762909531593,0.0008046044385991991,0.0009938456350937486,0.011905394494533539,0.010635812766849995,0.010587310418486595,-0.014993824064731598,0.0011942993151023984,0.0008865827112458646,-0.009403136558830738,0.7901327013969421,0.8888888955116272
175,eval,,0.006329399533569813,0.0010841998737305403,0.03780059888958931,1.0,1.0,1.0,1.0,0.9857738614082336,0.994473934173584,0.9785656332969666,,,0.21510079503059387,0.2235412299633026,-0.0034230202436447144,0.10202820599079132,0.10736531764268875,-0.0003302475961390883,0.06375125795602798,0.06802359968423843,0.002167636528611183,0.2726163864135742,0.2787151634693146,-0.0084031717851758,0.0008310229168273509,0.0009938456350937486,-0.013681589625775814,0.010354834608733654,0.010587310418486595,0.01273258775472641,0.0009902523597702384,0.0008865827112458646,-0.010158799588680267,0.852341890335083,0.8888888955116272
178,eval,,0.006163858342915773,0.0013068533735349774,0.03530588373541832,1.0,1.0,1.0,1.0,0.986362099647522,0.9940474629402161,0.9800361394882202,,,0.2223728746175766,0.2235412299633026,-0.030121490359306335,0.10966106504201889,0.10736531764268875,-0.011203416623175144,0.0633670836687088,0.06802359968423843,-0.021213864907622337,0.2822343409061432,0.2787151634693146,-0.007813059724867344,0.000997912953607738,0.0009938456350937486,-0.007462833542376757,0.010609332472085953,0.010587310418486595,0.0043034628033638,0.0008739391341805458,0.0008865827112458646,0.010539445094764233,0.8678514957427979,0.8888888955116272
179,eval,,0.0060674273408949375,0.0012250972213223577,0.035121407359838486,1.0,1.0,1.0,1.0,0.9865661263465881,0.9940063953399658,0.9803085923194885,,,0.21954672038555145,0.2235412299633026,0.021180495619773865,0.10411502420902252,0.10736531764268875,0.001887093880213797,0.05939312279224396,0.06802359968423843,0.024584069848060608,0.2897297441959381,0.2787151634693146,0.005581643432378769,0.0009071879321709275,0.0009938456350937486,-0.007506649941205978,0.010471155866980553,0.010587310418486595,0.0019650242757052183,0.0008396136690862477,0.0008865827112458646,0.02132362127304077,0.8582210540771484,0.8888888955116272
181,eval,,0.00584426149725914,0.0010941303335130215,0.034345049411058426,1.0,1.0,1.0,1.0,0.9868942499160767,0.9947362542152405,0.9811227321624756,,,0.2133117914199829,0.2235412299633026,-0.012252289801836014,0.09837525337934494,0.10736531764268875,-0.01871572621166706,0.06580235809087753,0.06802359968423843,-0.0052397423423826694,0.2674316465854645,0.2787151634693146,0.0021782980766147375,0.0010051103308796883,0.0009938456350937486,-0.0006745273130945861,0.010568194091320038,0.010587310418486595,-0.00028570074937306345,0.0008168962667696178,0.0008865827112458646,0.028974754735827446,0.8259157538414001,0.8888888955116272
183,eval,,0.005818760953843594,0.0011507663875818253,0.03382672369480133,1.0,1.0,1.0,1.0,0.9869188070297241,0.9945098161697388,0.9815599322319031,,,0.21635830402374268,0.2235412299633026,-0.010744825005531311,0.11103605479001999,0.10736531764268875,0.004938983824104071,0.06590521335601807,0.06802359968423843,-0.03012964315712452,0.2812754809856415,0.2787151634693146,-0.009885667823255062,0.0009080215240828693,0.0009938456350937486,0.0049948301166296005,0.010338532738387585,0.010587310418486595,0.0006651913281530142,0.0011563231237232685,0.0008865827112458646,0.02247505821287632,0.8035621643066406,0.8888888955116272
184,eval,,0.005696818232536316,0.0011672844411805272,0.03287401795387268,1.0,1.0,1.0,1.0,0.9872564077377319,0.9939960241317749,0.9818204045295715,,,0.2215810865163803,0.2235412299633026,0.01782672293484211,0.10953228920698166,0.10736531764268875,-0.018326541408896446,0.061017803847789764,0.06802359968423843,0.005597710609436035,0.28417372703552246,0.2787151634693146,0.014085509814321995,0.0008091931231319904,0.0009938456350937486,-0.0026092969346791506,0.010381393134593964,0.010587310418486595,-0.014373634941875935,0.0011596792610362172,0.0008865827112458646,0.029118195176124573,0.8582231402397156,0.8888888955116272
187,eval,,0.005678714253008366,0.0012975450372323394,0.03196572884917259,1.0,1.0,1.0,1.0,0.9875600337982178,0.9943334460258484,0.983001172542572,,,0.20859496295452118,0.2235412299633026,0.023431958630681038,0.10388772934675217,0.10736531764268875,0.009177159518003464,0.07136676460504532,0.06802359968423843,0.027536438778042793,0.2817685306072235,0.2787151634693146,0.019493820145726204,0.0010194634087383747,0.0009938456350937486,0.006114605348557234,0.01135085429996252,0.010587310418486595,-0.0019122384255751967,0.0009998937603086233,0.0008865827112458646,-0.03557640686631203,0.8093496561050415,0.8888888955116272
191,eval,,0.005379344802349806,0.001314498600549996,0.02976841665804386,1.0,1.0,1.0,1.0,0.9880524277687073,0.9935654997825623,0.9833545088768005,,,0.2119293063879013,0.2235412299633026,0.007459936663508415,0.09793949872255325,0.10736531764268875,-0.03457721695303917,0.059943828731775284,0.06802359968423843,-0.018453070893883705,0.2698686122894287,0.2787151634693146,0.0066856336779892445,0.0008264917996712029,0.0009938456350937486,0.007293086498975754,0.009916297160089016,0.010587310418486595,-0.009365041740238667,0.0009172873687930405,0.0008865827112458646,0.007012782618403435,0.8240723013877869,0.8888888955116272
193,eval,,0.0053262352012097836,0.001437024213373661,0.02866150252521038,1.0,1.0,1.0,1.0,0.9882769584655762,0.9932287931442261,0.9840254187583923,,,0.2211373746395111,0.2235412299633026,-0.021042948588728905,0.10899700969457626,0.10736531764268875,0.00858988706022501,0.06847116351127625,0.06802359968423843,-0.0314386747777462,0.28357893228530884,0.2787151634693146,-0.01803981326520443,0.0009937344584614038,0.0009938456350937486,-0.016632897779345512,0.010295918211340904,0.010587310418486595,0.028339659795165062,0.0009092410909943283,0.0008865827112458646,-0.022107845172286034,0.8595947623252869,0.8888888955116272
198,eval,,0.005313186440616846,0.0011804813984781504,0.03010941483080387,1.0,1.0,1.0,1.0,0.9883520007133484,0.9944427609443665,0.9854555726051331,,,0.22103385627269745,0.2235412299633026,0.004441187251359224,0.10494327545166016,0.10736531764268875,-0.0010202489793300629,0.07027078419923782,0.06802359968423843,-0.030662452802062035,0.29259979724884033,0.2787151634693146,0.010592068545520306,0.0007979547954164445,0.0009938456350937486,0.00385829689912498,0.010706346482038498,0.010587310418486595,0.00010639708489179611,0.0008531628409400582,0.0008865827112458646,-0.06643382459878922,0.8729560971260071,0.8888888955116272
208,eval,,0.004946396220475435,0.0015421995194628835,0.025371575728058815,1.0,1.0,1.0,1.0,0.9889519810676575,0.9924842715263367,0.9871892333030701,,,0.2229890674352646,0.2235412299633026,0.011923694051802158,0.10336451977491379,0.10736531764268875,-0.022026801481842995,0.06578061729669571,0.06802359968423843,-0.013025462627410889,0.3027991056442261,0.2787151634693146,-0.0222898181527853,0.0009743198752403259,0.0009938456350937486,-0.005187524016946554,0.011534209363162518,0.010587310418486595,0.027045568451285362,0.00109625025652349,0.0008865827112458646,0.048542965203523636,0.8300459980964661,0.8888888955116272
209,eval,,0.004838264547288418,0.0017674410482868552,0.02326320856809616,1.0,1.0,1.0,1.0,0.9894258975982666,0.9924660921096802,0.9876651763916016,,,0.21831488609313965,0.2235412299633026,-0.006116129923611879,0.10705915838479996,0.10736531764268875,0.013947871513664722,0.0702279657125473,0.06802359968423843,-0.053732823580503464,0.28936219215393066,0.2787151634693146,0.014584537595510483,0.0009028869681060314,0.0009938456350937486,-0.01746070757508278,0.010891052894294262,0.010587310418486595,-0.008087116293609142,0.001157033140771091,0.0008865827112458646,-0.02458525262773037,0.8131747245788574,0.8888888955116272
214,eval,,0.004336272832006216,0.0013299859128892422,0.022373994812369347,1.0,1.0,1.0,1.0,0.9904205203056335,0.9935634136199951,0.9879447221755981,,,0.21653325855731964,0.2235412299633026,0.01679394394159317,0.10022006928920746,0.10736531764268875,-0.0019868072122335434,0.06832896173000336,0.06802359968423843,-0.035237010568380356,0.2797061502933502,0.2787151634693146,0.015918351709842682,0.0009346111910417676,0.0009938456350937486,-0.021774334833025932,0.010788766667246819,0.010587310418486595,-0.0045579299330711365,0.000807045609690249,0.0008865827112458646,-0.025743158534169197,0.8303333520889282,0.8888888955116272
216,eval,,0.004328357521444559,0.0014184333849698305,0.02178790420293808,1.0,1.0,1.0,1.0,0.9903092980384827,0.99372798204422,0.9879443049430847,,,0.21704354882240295,0.2235412299633026,-0.020752957090735435,0.1049216017127037,0.10736531764268875,-0.035593632608652115,0.060124076902866364,0.06802359968423843,0.007876474410295486,0.25902730226516724,0.2787151634693146,-0.017705410718917847,0.0008971374481916428,0.0009938456350937486,0.0038524391129612923,0.010367355309426785,0.010587310418486595,0.017510168254375458,0.0008783675730228424,0.0008865827112458646,0.02129683457314968,0.8779928684234619,0.8888888955116272
217,eval,,0.00409467238932848,0.0012621968053281307,0.021089529618620872,1.0,1.0,1.0,1.0,0.9908347129821777,0.9938657879829407,0.9883403778076172,,,0.22214816510677338,0.2235412299633026,0.0033331650774925947,0.1099422499537468,0.10736531764268875,0.01142787467688322,0.06432867050170898,0.06802359968423843,-0.0201780553907156,0.2874051630496979,0.2787151634693146,0.02674625627696514,0.000739040959160775,0.0009938456350937486,-0.014655716717243195,0.010626128874719143,0.010587310418486595,-0.005004773382097483,0.0009839021367952228,0.0008865827112458646,0.01759326457977295,0.8439697027206421,0.8888888955116272
218,eval,,0.0040411860682070255,0.0012402981519699097,0.020846515893936157,1.0,1.0,1.0,1.0,0.9911506175994873,0.9947883486747742,0.988727331161499,,,0.22882124781608582,0.2235412299633026,0.021464385092258453,0.1129843220114708,0.10736531764268875,0.01872825436294079,0.06885329633951187,0.06802359968423843,-0.0022637781221419573,0.30185937881469727,0.2787151634693146,-0.012216579169034958,0.0008730049594305456,0.0009938456350937486,0.021988799795508385,0.011277388781309128,0.010587310418486595,-0.002914523473009467,0.0010170917958021164,0.0008865827112458646,-0.02561228908598423,0.8994726538658142,0.8888888955116272
219,eval,,0.0038286049384623766,0.0011016284115612507,0.020190468057990074,1.0,1.0,1.0,1.0,0.9915788769721985,0.9948371648788452,0.9888832569122314,,,0.22583867609500885,0.2235412299633026,-0.012505046091973782,0.1081729382276535,0.10736531764268875,-0.030605213716626167,0.06743130087852478,0.06802359968423843,-0.0012377930106595159,0.27931517362594604,0.2787151634693146,-0.003231630427762866,0.0008321090717799962,0.0009938456350937486,-0.010262351483106613,0.010808617807924747,0.010587310418486595,-0.001860676915384829,0.000864522997289896,0.0008865827112458646,0.016277281567454338,0.9002684950828552,0.8888888955116272
220,eval,,0.0035997142549604177,0.0010051545687019825,0.01916707493364811,1.0,1.0,1.0,1.0,0.9920716285705566,0.9949465990066528,0.9894657135009766,,,0.21244321763515472,0.2235412299633026,-0.01301771029829979,0.10327421128749847,0.10736531764268875,0.014066793024539948,0.06599421799182892,0.06802359968423843,0.007927152328193188,0.2629639804363251,0.2787151634693146,0.010819264687597752,0.0008578648557886481,0.0009938456350937486,-0.013074975460767746,0.010248653590679169,0.010587310418486595,-0.0038542598485946655,0.0008925236179493368,0.0008865827112458646,0.008898824453353882,0.8307583332061768,0.8888888955116272
223,eval,,0.003575047245249152,0.000933611358050257,0.01942365989089012,1.0,1.0,1.0,1.0,0.9921758770942688,0.9951897263526917,0.989594578742981,,,0.22836634516716003,0.2235412299633026,-0.006629382725805044,0.10491499304771423,0.10736531764268875,0.00020340426999609917,0.06695470958948135,0.06802359968423843,0.020642869174480438,0.2896576523780823,0.2787151634693146,-0.0019568002317100763,0.001140602515079081,0.0009938456350937486,-0.005237376783043146,0.011518744751811028,0.010587310418486595,-0.004158463794738054,0.0009574491996318102,0.0008865827112458646,0.02299898862838745,0.9123830795288086,0.8888888955116272
224,eval,,0.0035686115734279156,0.000977882998995483,0.019112983718514442,1.0,1.0,1.0,1.0,0.9919884204864502,0.9951030015945435,0.9893303513526917,,,0.220625102519989,0.2235412299633026,0.009142476134002209,0.10803116112947464,0.10736531764268875,0.004726812243461609,0.06530197709798813,0.06802359968423843,-0.00029091103351674974,0.2854368984699249,0.2787151634693146,-0.014470215886831284,0.0010774655966088176,0.0009938456350937486,0.00377460359595716,0.011353213340044022,0.010587310418486595,0.018043039366602898,0.0010276160901412368,0.0008865827112458646,-0.01568540744483471,0.8696407079696655,0.8888888955116272
225,eval,,0.0034790586214512587,0.0009856842225417495,0.01843930222094059,1.0,1.0,1.0,1.0,0.9922058582305908,0.9949906468391418,0.990009069442749,,,0.21744239330291748,0.2235412299633026,-0.016164109110832214,0.10754217952489853,0.10736531764268875,0.003975058440119028,0.061460331082344055,0.06802359968423843,-0.012677405029535294,0.2716168463230133,0.2787151634693146,0.016350531950592995,0.0007635921356268227,0.0009938456350937486,0.0035992609336972237,0.01015715952962637,0.010587310418486595,-0.016867458820343018,0.0009254221222363412,0.0008865827112458646,0.02228747308254242,0.840833842754364,0.8888888955116272
226,eval,,0.0033066882751882076,0.0008830028818920255,0.017848800867795944,1.0,1.0,1.0,1.0,0.9926612973213196,0.9955376982688904,0.9901639819145203,,,0.21628478169441223,0.2235412299633026,0.0023138870019465685,0.10997870564460754,0.10736531764268875,-0.005122647155076265,0.062426041811704636,0.06802359968423843,0.015740124508738518,0.27363350987434387,0.2787151634693146,-0.005125227849930525,0.0007314062095247209,0.0009938456350937486,0.003833184717223048,0.009706826880574226,0.010587310418486595,0.0023384946398437023,0.0009775066282600164,0.0008865827112458646,0.016879763454198837,0.8477617502212524,0.8888888955116272
228,eval,,0.0031924638897180557,0.0008823003154247999,0.017053445801138878,1.0,1.0,1.0,1.0,0.992834746837616,0.9954828023910522,0.9904792308807373,,,0.21974506974220276,0.2235412299633026,-0.001696289866231382,0.10270784795284271,0.10736531764268875,-0.0031458076555281878,0.06668400764465332,0.06802359968423843,-0.007910233922302723,0.2720879316329956,0.2787151634693146,0.010869051329791546,0.0009142625494860113,0.0009938456350937486,-0.0026545331347733736,0.01076516043394804,0.010587310418486595,-0.008983703330159187,0.0007861499325372279,0.0008865827112458646,0.013454531319439411,0.8623414635658264,0.8888888955116272
231,eval,,0.0030966061167418957,0.0008524833247065544,0.016561340540647507,1.0,1.0,1.0,1.0,0.9931134581565857,0.995640754699707,0.9909111857414246,,,0.21550557017326355,0.2235412299633026,0.011083409190177917,0.10661802440881729,0.10736531764268875,0.0025999885983765125,0.06189855560660362,0.06802359968423843,0.004129376728087664,0.2806142270565033,0.2787151634693146,0.004912975709885359,0.0007531021255999804,0.0009938456350937486,-0.0107518769800663,0.010027050971984863,0.010587310418486595,0.003284728154540062,0.0009972197003662586,0.0008865827112458646,-0.016112282872200012,0.8454766273498535,0.8888888955116272
234,eval,,0.0030668810941278934,0.0008721426129341125,0.016235312446951866,1.0,1.0,1.0,1.0,0.9932069182395935,0.9957011938095093,0.9910255074501038,,,0.21605393290519714,0.2235412299633026,0.006357572972774506,0.10848085582256317,0.10736531764268875,0.0039052211213856936,0.06901080161333084,0.06802359968423843,0.011096586473286152,0.2820163071155548,0.2787151634693146,-0.0023553206119686365,0.001107298186980188,0.0009938456350937486,-0.0019211821490898728,0.0108931390568614,0.010587310418486595,0.01777837611734867,0.001119993976317346,0.0008865827112458646,-0.005735608283430338,0.8399359583854675,0.8888888955116272
235,eval,,0.003062835428863764,0.0008417313802056015,0.016389459371566772,1.0,1.0,1.0,1.0,0.9931594729423523,0.9956650733947754,0.9909579157829285,,,0.21812836825847626,0.2235412299633026,-0.004087595269083977,0.1077980250120163,0.10736531764268875,0.0028735019732266665,0.06422895193099976,0.06802359968423843,-0.005357707384973764,0.27128952741622925,0.2787151634693146,0.003056267276406288,0.000937115226406604,0.0009938456350937486,0.012648683972656727,0.010367210023105145,0.010587310418486595,-0.010029946453869343,0.0009982550982385874,0.0008865827112458646,-0.01962125487625599,0.870128870010376,0.8888888955116272
237,eval,,0.0030316291376948357,0.0008854676852934062,0.01590859703719616,1.0,1.0,1.0,1.0,0.9932014346122742,0.9954672455787659,0.9912444353103638,,,0.2192438542842865,0.2235412299633026,-0.005249429028481245,0.1046837717294693,0.10736531764268875,0.007414838764816523,0.06284391134977341,0.06802359968423843,0.014761597849428654,0.289221853017807,0.2787151634693146,-0.012790493667125702,0.0008047079900279641,0.0009938456350937486,0.0005645504570566118,0.010501645505428314,0.010587310418486595,0.01035947073251009,0.0009397204266861081,0.0008865827112458646,-0.020229311659932137,0.8758735060691833,0.8888888955116272
239,eval,,0.0030232425779104233,0.0008281277841888368,0.01619393192231655,1.0,1.0,1.0,1.0,0.9933426380157471,0.9957766532897949,0.9915112853050232,,,0.21674278378486633,0.2235412299633026,0.008370880037546158,0.10651350021362305,0.10736531764268875,-0.0013233314966782928,0.06851255893707275,0.06802359968423843,0.0032771341502666473,0.2703060507774353,0.2787151634693146,0.007550915237516165,0.000942817481700331,0.0009938456350937486,0.008038405328989029,0.010984138585627079,0.010587310418486595,-0.008523661643266678,0.0008898002561181784,0.0008865827112458646,0.026834504678845406,0.8347885012626648,0.8888888955116272
240,eval,,0.002978500910103321,0.0008346279500983655,0.015841742977499962,1.0,1.0,1.0,1.0,0.9933879971504211,0.9956980347633362,0.9913824796676636,,,0.22497275471687317,0.2235412299633026,-0.002475472865626216,0.11028546839952469,0.10736531764268875,0.005811106879264116,0.06671655178070068,0.06802359968423843,0.005710644647479057,0.27264726161956787,0.2787151634693146,-0.012796846218407154,0.0010239776456728578,0.0009938456350937486,9.937367394741159e-06,0.010494688525795937,0.010587310418486595,0.0044290488585829735,0.0010094183962792158,0.0008865827112458646,0.02207471989095211,0.8924816250801086,0.8888888955116272
242,eval,,0.002934021409600973,0.0008895802893675864,0.015200669877231121,1.0,1.0,1.0,1.0,0.9936989545822144,0.9957301020622253,0.9918978214263916,,,0.21469557285308838,0.2235412299633026,0.005394868087023497,0.10275688022375107,0.10736531764268875,0.008672844618558884,0.06238261237740517,0.06802359968423843,0.01727897673845291,0.28198543190956116,0.2787151634693146,-0.001348544959910214,0.0007664231234230101,0.0009938456350937486,0.0183855127543211,0.009788106195628643,0.010587310418486595,-0.003128255484625697,0.0010052189463749528,0.0008865827112458646,0.018857775256037712,0.8332396745681763,0.8888888955116272
243,eval,,0.002834209706634283,0.0008225204073823988,0.014904343523085117,1.0,1.0,1.0,1.0,0.9937025308609009,0.9957839846611023,0.9918142557144165,,,0.21857549250125885,0.2235412299633026,0.0068497564643621445,0.10067684948444366,0.10736531764268875,-0.009044703096151352,0.06356578320264816,0.06802359968423843,-0.0112887779250741,0.2801049053668976,0.2787151634693146,-0.001783020212315023,0.000869701849296689,0.0009938456350937486,0.00035286167985759676,0.010502162389457226,0.010587310418486595,0.0019332325318828225,0.0009180601336993277,0.0008865827112458646,-0.02004719339311123,0.8686563372612,0.8888888955116272
247,eval,,0.0027860943228006363,0.0008425412815995514,0.014447412453591824,1.0,1.0,1.0,1.0,0.9939181804656982,0.9959347248077393,0.9921882152557373,,,0.2189486026763916,0.2235412299633026,0.0067436788231134415,0.10349226742982864,0.10736531764268875,0.0063639492727816105,0.06275497376918793,0.06802359968423843,0.023980850353837013,0.2747262716293335,0.2787151634693146,-0.0004110858717467636,0.0008047841256484389,0.0009938456350937486,-0.0028459264431148767,0.00970130693167448,0.010587310418486595,0.0007783984183333814,0.0009513350087217987,0.0008865827112458646,0.024446263909339905,0.867444634437561,0.8888888955116272
249,eval,,0.0027373393531888723,0.0008474371861666441,0.01407675538212061,1.0,1.0,1.0,1.0,0.9939082860946655,0.9957523941993713,0.9921593070030212,,,0.21898916363716125,0.2235412299633026,-0.00657262047752738,0.10428664088249207,0.10736531764268875,-0.0037491468247026205,0.06748957931995392,0.06802359968423843,-0.014911927282810211,0.28273552656173706,0.2787151634693146,0.010849070735275745,0.0009656104957684875,0.0009938456350937486,0.0033235850278288126,0.010932979173958302,0.010587310418486595,-0.011974669061601162,0.0009337178780697286,0.0008865827112458646,-0.006901566404849291,0.8526266813278198,0.8888888955116272
252,eval,,0.002627815818414092,0.0007674564840272069,0.013789973221719265,1.0,1.0,1.0,1.0,0.9941080212593079,0.9961692690849304,0.9927770495414734,,,0.2198452204465866,0.2235412299633026,-0.014312534593045712,0.1051829382777214,0.10736531764268875,0.003650928847491741,0.06320910900831223,0.06802359968423843,-0.0076736994087696075,0.27481287717819214,0.2787151634693146,0.0035435305908322334,0.0007105639670044184,0.0009938456350937486,-0.0036328390706330538,0.010022864677011967,0.010587310418486595,-0.00960428174585104,0.0008864690898917615,0.0008865827112458646,0.029060324653983116,0.8532450795173645,0.8888888955116272
256,eval,,0.0025829921942204237,0.000780777889303863,0.013396278023719788,1.0,1.0,1.0,1.0,0.9943197965621948,0.9960238933563232,0.9926350712776184,,,0.2143746316432953,0.2235412299633026,-0.005056570749729872,0.10201189666986465,0.10736531764268875,0.006059063132852316,0.0636492520570755,0.06802359968423843,-0.003002855693921447,0.27162498235702515,0.2787151634693146,-0.01503247395157814,0.0009405791643075645,0.0009938456350937486,0.01570788212120533,0.01019042544066906,0.010587310418486595,0.0007534586475230753,0.0009565292857587337,0.0008865827112458646,-0.0008841517264954746,0.8411545753479004,0.8888888955116272
264,eval,,0.0024768889416009188,0.0009919996373355389,0.011386227793991566,1.0,1.0,1.0,1.0,0.9944583177566528,0.9951903820037842,0.9937095642089844,,,0.22266043722629547,0.2235412299633026,0.010844322852790356,0.10781152546405792,0.10736531764268875,-0.003052482381463051,0.07024993747472763,0.06802359968423843,-0.03152621164917946,0.2747556269168854,0.2787151634693146,0.0063914223574101925,0.0010623064590618014,0.0009938456350937486,-0.019687367603182793,0.011043829843401909,0.010587310418486595,0.014623778872191906,0.0008701143087819219,0.0008865827112458646,0.009640649892389774,0.8552879691123962,0.8888888955116272
265,eval,,0.0024286939296871424,0.0009201666689477861,0.011479858309030533,1.0,1.0,1.0,1.0,0.9947122931480408,0.9957253932952881,0.9935247302055359,,,0.21902574598789215,0.2235412299633026,0.013025447726249695,0.10862436145544052,0.10736531764268875,0.012346775270998478,0.06748901307582855,0.06802359968423843,0.024848541244864464,0.2702423334121704,0.2787151634693146,0.005729054566472769,0.0011261841282248497,0.0009938456350937486,0.012604117393493652,0.011398321017622948,0.010587310418486595,-0.012061670422554016,0.0008478306699544191,0.0008865827112458646,0.00015986959624569863,0.8730453848838806,0.8888888955116272
273,eval,,0.0023257900029420853,0.0009590652189217508,0.010526136495172977,1.0,1.0,1.0,1.0,0.9948728680610657,0.9953710436820984,0.9942776560783386,,,0.21678708493709564,0.2235412299633026,0.014170891605317593,0.10350154340267181,0.10736531764268875,-0.015752676874399185,0.06923390179872513,0.06802359968423843,0.032301295548677444,0.2875005304813385,0.2787151634693146,0.0014968886971473694,0.0010171642061322927,0.0009938456350937486,0.004307107534259558,0.011467776261270046,0.010587310418486595,0.01003102958202362,0.0009215591126121581,0.0008865827112458646,-0.018077855929732323,0.8648757338523865,0.8888888955116272
276,eval,,0.002191975712776184,0.0008250127430073917,0.010393750853836536,1.0,1.0,1.0,1.0,0.9952259063720703,0.9959067702293396,0.994448184967041,,,0.21789635717868805,0.2235412299633026,-0.022421889007091522,0.10888053476810455,0.10736531764268875,-0.014647361822426319,0.06363030523061752,0.06802359968423843,0.011288769543170929,0.28125688433647156,0.2787151634693146,-0.0036951880902051926,0.0009486813796684146,0.0009938456350937486,0.009437067434191704,0.009479892440140247,0.010587310418486595,-0.005225527565926313,0.0010873150313273072,0.0008865827112458646,-0.02347654663026333,0.878132164478302,0.8888888955116272
277,eval,,0.00217500445432961,0.0008518699905835092,0.010113812051713467,1.0,1.0,1.0,1.0,0.9952203035354614,0.996131420135498,0.9945670366287231,,,0.22613146901130676,0.2235412299633026,0.004703758750110865,0.10788901895284653,0.10736531764268875,0.011430137790739536,0.0673283189535141,0.06802359968423843,-0.02048301137983799,0.29547953605651855,0.2787151634693146,0.007253178860992193,0.0008923772256821394,0.0009938456350937486,-0.017544448375701904,0.010110116563737392,0.010587310418486595,0.006464545149356127,0.0010074105812236667,0.0008865827112458646,-0.021740036085247993,0.8849008083343506,0.8888888955116272
279,eval,,0.0020610359497368336,0.0008257701410911977,0.009472631849348545,1.0,1.0,1.0,1.0,0.9955574870109558,0.9962072372436523,0.9947077631950378,,,0.21691931784152985,0.2235412299633026,-0.02039269357919693,0.10690745711326599,0.10736531764268875,-0.01772061362862587,0.06453175097703934,0.06802359968423843,-0.0014494323404505849,0.26586827635765076,0.2787151634693146,0.011665120720863342,0.0008626766502857208,0.0009938456350937486,-0.008976432494819164,0.01067554485052824,0.010587310418486595,-0.007222979795187712,0.0008095258963294327,0.0008865827112458646,-0.007669123355299234,0.869239330291748,0.8888888955116272
287,eval,,0.0018170085968449712,0.0006631613941863179,0.00874008983373642,1.0,1.0,1.0,1.0,0.9960026741027832,0.9967127442359924,0.9951196312904358,,,0.21948303282260895,0.2235412299633026,-0.013313894160091877,0.10230062156915665,0.10736531764268875,0.0023407391272485256,0.06455767154693604,0.06802359968423843,-0.012757944874465466,0.2744014859199524,0.2787151634693146,-0.0037663911934942007,0.0009073959081433713,0.0009938456350937486,0.004204964730888605,0.010794772766530514,0.010587310418486595,-0.005388569086790085,0.0008857643115334213,0.0008865827112458646,-0.008040952496230602,0.8718118667602539,0.8888888955116272
288,eval,,0.0017935739597305655,0.000658725737594068,0.008602664805948734,1.0,1.0,1.0,1.0,0.996039628982544,0.9968392252922058,0.9951629042625427,,,0.2170080989599228,0.2235412299633026,0.002015148987993598,0.10294320434331894,0.10736531764268875,-0.007016924675554037,0.06119467690587044,0.06802359968423843,0.00821505207568407,0.2669798731803894,0.2787151634693146,0.00584879657253623,0.0008315398008562624,0.0009938456350937486,-0.00303729553706944,0.01052054762840271,0.010587310418486595,-0.0023222791496664286,0.0008594747632741928,0.0008865827112458646,0.0010713022202253342,0.8712949156761169,0.8888888955116272
291,eval,,0.0017868250142782927,0.0006425525643862784,0.008652460761368275,1.0,1.0,1.0,1.0,0.9960387945175171,0.9967259168624878,0.9952354431152344,,,0.22270457446575165,0.2235412299633026,0.004832421895116568,0.10841462016105652,0.10736531764268875,-0.00439791101962328,0.06580454856157303,0.06802359968423843,0.015140335075557232,0.2804594933986664,0.2787151634693146,0.0075498609803617,0.0010323969181627035,0.0009938456350937486,-0.002863069297745824,0.010861924849450588,0.010587310418486595,-0.004515260923653841,0.0009354199864901602,0.0008865827112458646,0.01419853139668703,0.8821018934249878,0.8888888955116272
292,eval,,0.0017193586099892855,0.0006041110609658062,0.008410844020545483,1.0,1.0,1.0,1.0,0.9961842894554138,0.9968941807746887,0.9954075813293457,,,0.21820613741874695,0.2235412299633026,-0.001488222274929285,0.10721808671951294,0.10736531764268875,0.0008422056562267244,0.06512682139873505,0.06802359968423843,0.001034244429320097,0.2746468186378479,0.2787151634693146,-0.009645155631005764,0.0010606680298224092,0.0009938456350937486,0.004401542246341705,0.011003457009792328,0.010587310418486595,0.005478881765156984,0.0009666408877819777,0.0008865827112458646,0.008328496478497982,0.854670524597168,0.8888888955116272
293,eval,,0.001687970943748951,0.0006029188516549766,0.008198282681405544,1.0,1.0,1.0,1.0,0.9962342977523804,0.9968974590301514,0.9954279065132141,,,0.21929560601711273,0.2235412299633026,-0.00397471385076642,0.10793977975845337,0.10736531764268875,0.007375252898782492,0.06592319905757904,0.06802359968423843,0.0033934067469090223,0.27718690037727356,0.2787151634693146,0.00868588499724865,0.0008505677105858922,0.0009938456350937486,-0.004202672746032476,0.010383724234998226,0.010587310418486595,-0.006189700216054916,0.0009209156269207597,0.0008865827112458646,-0.004559334833174944,0.8653669953346252,0.8888888955116272
317,eval,,0.0015419392148032784,0.0006826276076026261,0.006697807926684618,1.0,1.0,1.0,1.0,0.9965511560440063,0.9964891076087952,0.9962443709373474,,,0.22212204337120056,0.2235412299633026,0.009983993135392666,0.10913720726966858,0.10736531764268875,-0.0018176096491515636,0.06630849838256836,0.06802359968423843,0.0008224747143685818,0.2675206959247589,0.2787151634693146,0.007746510673314333,0.0011472201440483332,0.0009938456350937486,-0.025927284732460976,0.010968774557113647,0.010587310418486595,0.002985467901453376,0.0009075936977751553,0.0008865827112458646,-0.005154097452759743,0.8872742652893066,0.8888888955116272
319,eval,,0.0015159404138103127,0.0006804318400099874,0.006528990808874369,1.0,1.0,1.0,1.0,0.9966380596160889,0.9965221285820007,0.9964581727981567,,,0.22211772203445435,0.2235412299633026,0.006681688129901886,0.10779746621847153,0.10736531764268875,-0.022795923054218292,0.06288736313581467,0.06802359968423843,-0.008121674880385399,0.2852519452571869,0.2787151634693146,0.01357134710997343,0.000859724183101207,0.0009938456350937486,-0.002368927700445056,0.009326922707259655,0.010587310418486595,0.0011037728982046247,0.0009529685485176742,0.0008865827112458646,-0.015519052743911743,0.8857629299163818,0.8888888955116272
325,eval,,0.0013253259239718318,0.000554525526240468,0.00595012865960598,1.0,1.0,1.0,1.0,0.9970740079879761,0.9971877932548523,0.9967103600502014,,,0.2195131480693817,0.2235412299633026,-0.006909703370183706,0.10200763493776321,0.10736531764268875,-0.003226611064746976,0.06662856787443161,0.06802359968423843,-0.003524569096043706,0.2829842269420624,0.2787151634693146,-0.012543083168566227,0.0009567115921527147,0.0009938456350937486,0.007059094030410051,0.011068995110690594,0.010587310418486595,0.001555006019771099,0.0008412118768319488,0.0008865827112458646,-0.005151526536792517,0.8658398985862732,0.8888888955116272
339,eval,,0.0012981287436559796,0.0006676006596535444,0.0050812978297472,1.0,1.0,1.0,1.0,0.9971503019332886,0.9968516826629639,0.9972083568572998,,,0.22570092976093292,0.2235412299633026,-0.014896917156875134,0.10808003693819046,0.10736531764268875,-0.018005037680268288,0.06883912533521652,0.06802359968423843,-0.013103488832712173,0.2948327362537384,0.2787151634693146,-7.479009218513966e-05,0.0008560065180063248,0.0009938456350937486,-0.002170736202970147,0.010202032513916492,0.010587310418486595,0.012333507649600506,0.0009849639609456062,0.0008865827112458646,0.011056441813707352,0.8807240724563599,0.8888888955116272
340,eval,,0.0012978268787264824,0.0006112828268669546,0.005417089909315109,1.0,1.0,1.0,1.0,0.9972577095031738,0.997240424156189,0.9972860217094421,,,0.21841290593147278,0.2235412299633026,0.012730265967547894,0.10613982379436493,0.10736531764268875,0.0220493171364069,0.06506466865539551,0.06802359968423843,0.003070287639275193,0.28536364436149597,0.2787151634693146,0.008020344190299511,0.0009507178911007941,0.0009938456350937486,-0.001311110914684832,0.011010018177330494,0.010587310418486595,0.0008909865282475948,0.001022246782667935,0.0008865827112458646,0.006973395589739084,0.8405155539512634,0.8888888955116272
341,eval,,0.0011993332300335169,0.0006021700683049858,0.004782312549650669,1.0,1.0,1.0,1.0,0.9974331855773926,0.9972545504570007,0.9973354935646057,,,0.21807904541492462,0.2235412299633026,-0.007647133897989988,0.10351989418268204,0.10736531764268875,-0.008020060136914253,0.06341727823019028,0.06802359968423843,-0.004734646063297987,0.26316583156585693,0.2787151634693146,-0.012287486344575882,0.0010229722829535604,0.0009938456350937486,0.008223354816436768,0.010890679433941841,0.010587310418486595,-0.009126218967139721,0.0008912192424759269,0.0008865827112458646,-0.006040189415216446,0.8768243193626404,0.8888888955116272
345,eval,,0.0011433978797867894,0.0005781394429504871,0.004534948151558638,1.0,1.0,1.0,1.0,0.9975221753120422,0.9972398281097412,0.9974721074104309,,,0.2194017916917801,0.2235412299633026,-0.014243878424167633,0.10391533374786377,0.10736531764268875,0.001246544998139143,0.06420208513736725,0.06802359968423843,0.0027511250227689743,0.2715742886066437,0.2787151634693146,-0.011476726271212101,0.0010971821611747146,0.0009938456350937486,0.00412774970754981,0.010771850124001503,0.010587310418486595,-0.012146583758294582,0.0009334050700999796,0.0008865827112458646,-0.006299550179392099,0.8794964551925659,0.8888888955116272
346,eval,,0.0011275304714217782,0.0005527038592845201,0.004576489794999361,1.0,1.0,1.0,1.0,0.997484028339386,0.9971882104873657,0.9974242448806763,,,0.22228939831256866,0.2235412299633026,0.0053986175917088985,0.10501749813556671,0.10736531764268875,-0.003075241344049573,0.06725388765335083,0.06802359968423843,-0.008892840705811977,0.2681736648082733,0.2787151634693146,-0.003570419969037175,0.000958293559961021,0.0009938456350937486,-0.014411826618015766,0.01002148911356926,0.010587310418486595,0.01111828163266182,0.0008944204309955239,0.0008865827112458646,-0.0006376815144903958,0.8875730633735657,0.8888888955116272
351,eval,,0.0010614199563860893,0.00048052691272459924,0.004546777810901403,1.0,1.0,1.0,1.0,0.9976846575737,0.9975733160972595,0.9975502490997314,,,0.22595439851284027,0.2235412299633026,0.006516027729958296,0.1070304736495018,0.10736531764268875,0.005806431639939547,0.06645608693361282,0.06802359968423843,-0.006568626035004854,0.27841508388519287,0.2787151634693146,0.00948741938918829,0.0009010873036459088,0.0009938456350937486,-0.0041295443661510944,0.010362895205616951,0.010587310418486595,0.002276865066960454,0.0008297741296701133,0.0008865827112458646,0.012985505163669586,0.8946143388748169,0.8888888955116272
353,eval,,0.0010160718811675906,0.0004953825264237821,0.004140208475291729,1.0,1.0,1.0,1.0,0.9977816939353943,0.9975865483283997,0.9977133870124817,,,0.22024570405483246,0.2235412299633026,-0.004454290959984064,0.1055607870221138,0.10736531764268875,-0.011231445707380772,0.06625485420227051,0.06802359968423843,-0.006968747824430466,0.27760788798332214,0.2787151634693146,0.005303672049194574,0.0009581528720445931,0.0009938456350937486,-0.0095658078789711,0.01042676530778408,0.010587310418486595,-0.003903446951881051,0.0009172470308840275,0.0008865827112458646,3.509223461151123e-06,0.8680846095085144,0.8888888955116272
365,eval,,0.0010003723436966538,0.0005347784608602524,0.003793935291469097,1.0,1.0,1.0,1.0,0.9977778792381287,0.9973384737968445,0.9980061650276184,,,0.22520898282527924,0.2235412299633026,0.011319982819259167,0.10853102058172226,0.10736531764268875,0.014308365993201733,0.06604287028312683,0.06802359968423843,-0.005930742248892784,0.27773040533065796,0.2787151634693146,0.004204654134809971,0.0010224783327430487,0.0009938456350937486,0.0002811011509038508,0.010664019733667374,0.010587310418486595,-0.011256932280957699,0.0008920414838939905,0.0008865827112458646,-0.014186988584697247,0.8988955020904541,0.8888888955116272
372,eval,,0.0009407197940163314,0.0005259152967482805,0.0034295471850782633,1.0,1.0,1.0,1.0,0.9980039596557617,0.9973902106285095,0.9982312321662903,,,0.2182086706161499,0.2235412299633026,-0.01558204647153616,0.10620361566543579,0.10736531764268875,-0.007740901317447424,0.06573522090911865,0.06802359968423843,-0.002480784198269248,0.2824963331222534,0.2787151634693146,-0.011075187474489212,0.0010212601628154516,0.0009938456350937486,0.013501296751201153,0.010999878868460655,0.010587310418486595,-0.002628432819619775,0.0009497277205809951,0.0008865827112458646,-0.010213983245193958,0.8604156970977783,0.8888888955116272
373,eval,,0.0009281255770474672,0.0005476463702507317,0.0032110007014125586,1.0,1.0,1.0,1.0,0.9979346990585327,0.9972103238105774,0.9982484579086304,,,0.22485247254371643,0.2235412299633026,0.010947504080832005,0.10514254868030548,0.10736531764268875,0.00824881624430418,0.0675179734826088,0.06802359968423843,-0.01196336280554533,0.2715480923652649,0.2787151634693146,0.001771802082657814,0.001039971481077373,0.0009938456350937486,-0.01970885694026947,0.010963578708469868,0.010587310418486595,0.002463983604684472,0.0008075025398284197,0.0008865827112458646,0.009968685917556286,0.887133002281189,0.8888888955116272
378,eval,,0.0008467757143080235,0.00048424102715216577,0.0030219831969588995,1.0,1.0,1.0,1.0,0.9981725215911865,0.9976505041122437,0.9983292818069458,,,0.2236594408750534,0.2235412299633026,0.0092205461114645,0.10698828101158142,0.10736531764268875,0.012083516456186771,0.06825295835733414,0.06802359968423843,0.002426763763651252,0.2760474681854248,0.2787151634693146,0.012702533043920994,0.0007920983480289578,0.0009938456350937486,-0.005729088094085455,0.010067246854305267,0.010587310418486595,-0.0001147143411799334,0.0008573015802539885,0.0008865827112458646,0.007363717537373304,0.8858109712600708,0.8888888955116272
382,eval,,0.0008443074184469879,0.0004819465975742787,0.003018471412360668,1.0,1.0,1.0,1.0,0.9981155395507812,0.9975276589393616,0.9983424544334412,,,0.22158926725387573,0.2235412299633026,-0.006002069916576147,0.1074109598994255,0.10736531764268875,0.008148145861923695,0.06590764224529266,0.06802359968423843,-0.007406396791338921,0.27798864245414734,0.2787151634693146,0.015606019645929337,0.0008985495660454035,0.0009938456350937486,-0.008258281275629997,0.010245326906442642,0.010587310418486595,-0.002521304413676262,0.0008937182719819248,0.0008865827112458646,-0.007132574450224638,0.8768428564071655,0.8888888955116272
383,eval,,0.0008407976711168885,0.0004704895836766809,0.0030626466032117605,1.0,1.0,1.0,1.0,0.9981725215911865,0.9976534247398376,0.998485267162323,,,0.22163356840610504,0.2235412299633026,0.00342196156270802,0.10730413347482681,0.10736531764268875,-0.005254056770354509,0.06631910800933838,0.06802359968423843,0.0123940734192729,0.27360615134239197,0.2787151634693146,-0.008916756138205528,0.001021826290525496,0.0009938456350937486,0.010509919375181198,0.0109452148899436,0.010587310418486595,0.0025157739873975515,0.000871036434546113,0.0008865827112458646,0.01898029074072838,0.8797917366027832,0.8888888955116272
385,eval,,0.0008014668710529804,0.0004406399675644934,0.0029664288740605116,1.0,1.0,1.0,1.0,0.9982696175575256,0.9978264570236206,0.9984448552131653,,,0.22173073887825012,0.2235412299633026,0.011559209786355495,0.10607646405696869,0.10736531764268875,-0.00038284927722997963,0.06740239262580872,0.06802359968423843,0.007572658360004425,0.2829926609992981,0.2787151634693146,-0.002510333200916648,0.000986434635706246,0.0009938456350937486,0.00495684752240777,0.010469367727637291,0.010587310418486595,0.0038135871291160583,0.0009148037643171847,0.0008865827112458646,0.01155561488121748,0.8703863620758057,0.8888888955116272
386,eval,,0.0007837057928554714,0.0004644357250072062,0.0026993274223059416,1.0,1.0,1.0,1.0,0.9982560276985168,0.9976131319999695,0.998530924320221,,,0.22158905863761902,0.2235412299633026,-0.005127897020429373,0.10890747606754303,0.10736531764268875,-0.007971921004354954,0.06754866987466812,0.06802359968423843,0.01184911374002695,0.2865619957447052,0.2787151634693146,0.003127990523353219,0.0009264698019251227,0.0009938456350937486,0.005226005334407091,0.010122486390173435,0.010587310418486595,-0.0014574904926121235,0.0009498880244791508,0.0008865827112458646,0.006630396470427513,0.8736433982849121,0.8888888955116272
421,eval,,0.0007743113674223423,0.000467882608063519,0.002612883457913995,1.0,1.0,1.0,1.0,0.9984225034713745,0.9977365136146545,0.998835027217865,,,0.21560610830783844,0.2235412299633026,0.00740814208984375,0.10608916729688644,0.10736531764268875,-0.0010455684969201684,0.06816095858812332,0.06802359968423843,0.008009778335690498,0.277015745639801,0.2787151634693146,-0.0031375328544527292,0.0010341039160266519,0.0009938456350937486,0.019498905166983604,0.010533362627029419,0.010587310418486595,0.0008385402616113424,0.000960782403126359,0.0008865827112458646,-0.009550831280648708,0.8472270369529724,0.8888888955116272
422,eval,,0.0007125647971406579,0.000514897343236953,0.0018985691713169217,1.0,1.0,1.0,1.0,0.9984387159347534,0.9974827766418457,0.9990445375442505,,,0.2210279256105423,0.2235412299633026,-0.007768336683511734,0.10163041204214096,0.10736531764268875,0.007282469421625137,0.06569311767816544,0.06802359968423843,-0.021146992221474648,0.2768036723136902,0.2787151634693146,0.0021281351801007986,0.0010306283365935087,0.0009938456350937486,-0.009149686433374882,0.01018636766821146,0.010587310418486595,-0.0013265468878671527,0.0008223694167099893,0.0008865827112458646,0.006402121856808662,0.8635311722755432,0.8888888955116272
424,eval,,0.0007073537562973797,0.00046407675836235285,0.002167016500607133,1.0,1.0,1.0,1.0,0.9984954595565796,0.9977526068687439,0.9988375306129456,,,0.22308959066867828,0.2235412299633026,-0.011055159382522106,0.10912764072418213,0.10736531764268875,-0.006891142576932907,0.06492415815591812,0.06802359968423843,-0.016013966873288155,0.27449336647987366,0.2787151634693146,0.003671979298815131,0.0010972421150654554,0.0009938456350937486,0.0035850994754582644,0.010798778384923935,0.010587310418486595,-0.0048742820508778095,0.0009339828393422067,0.0008865827112458646,-0.009871401824057102,0.8906935453414917,0.8888888955116272
427,eval,,0.0006680662627331913,0.0004433060821611434,0.0020166274625808,1.0,1.0,1.0,1.0,0.9985126852989197,0.9977313876152039,0.9990921020507812,,,0.22283731400966644,0.2235412299633026,0.005416506435722113,0.10758156329393387,0.10736531764268875,-0.00905244518071413,0.06824128329753876,0.06802359968423843,-0.0031725710723549128,0.28014832735061646,0.2787151634693146,0.013126631267368793,0.0008960497216321528,0.0009938456350937486,-0.012629613280296326,0.009980843402445316,0.010587310418486595,0.0016768680652603507,0.0009258001227863133,0.0008865827112458646,0.01790263131260872,0.8701915144920349,0.8888888955116272
430,eval,,0.0006401223363354802,0.0004013749130535871,0.0020726078655570745,1.0,1.0,1.0,1.0,0.9985703229904175,0.9980167746543884,0.9991483688354492,,,0.2218291014432907,0.2235412299633026,0.0066350908018648624,0.10419739782810211,0.10736531764268875,0.004212099593132734,0.06767396628856659,0.06802359968423843,0.006692683789879084,0.28136706352233887,0.2787151634693146,-0.0030731139704585075,0.0008921371190808713,0.0009938456350937486,0.009596001356840134,0.01090969331562519,0.010587310418486595,1.966914533113595e-05,0.000974103924818337,0.0008865827112458646,-0.023476144298911095,0.8927562236785889,0.8888888955116272
434,eval,,0.0006273733451962471,0.0004239600384607911,0.0018478533020243049,1.0,1.0,1.0,1.0,0.9987210631370544,0.9979696273803711,0.9991498589515686,,,0.21894344687461853,0.2235412299633026,0.006532253231853247,0.1057327464222908,0.10736531764268875,0.00035637462860904634,0.06662547588348389,0.06802359968423843,0.014044704847037792,0.2811325192451477,0.2787151634693146,0.013369306921958923,0.0007708012708462775,0.0009938456350937486,-0.000926858454477042,0.010153762996196747,0.010587310418486595,-0.0011521592969074845,0.0008680833852849901,0.0008865827112458646,0.010669643990695477,0.8594467043876648,0.8888888955116272
435,eval,,0.0005796127370558679,0.00041672500083222985,0.001556939329020679,1.0,1.0,1.0,1.0,0.9987607598304749,0.9979051351547241,0.9991942644119263,,,0.21850784122943878,0.2235412299633026,-0.006631646770983934,0.1045306846499443,0.10736531764268875,0.006286973599344492,0.06491062790155411,0.06802359968423843,-0.004518565256148577,0.26929548382759094,0.2787151634693146,-0.008950547315180302,0.0009614329901523888,0.0009938456350937486,0.010195980779826641,0.010624024085700512,0.010587310418486595,-0.0024505099281668663,0.0008769165724515915,0.0008865827112458646,-0.0062819370068609715,0.8701112270355225,0.8888888955116272
439,eval,,0.0005739475600421429,0.00040008564246818423,0.0016171191819012165,1.0,1.0,1.0,1.0,0.9987156987190247,0.9979690313339233,0.999245285987854,,,0.22306711971759796,0.2235412299633026,0.0016361455200240016,0.10627246648073196,0.10736531764268875,0.0021615007426589727,0.06847400963306427,0.06802359968423843,0.012918292544782162,0.28187522292137146,0.2787151634693146,-0.00814433116465807,0.001122176181524992,0.0009938456350937486,0.0060839056968688965,0.011173113249242306,0.010587310418486595,-0.0003510676324367523,0.001007410348393023,0.0008865827112458646,-0.015731854364275932,0.897638738155365,0.8888888955116272
440,eval,,0.0005193340475670993,0.0003570382250472903,0.0014931089244782925,1.0,1.0,1.0,1.0,0.9988400936126709,0.9981704354286194,0.9992702603340149,,,0.22354699671268463,0.2235412299633026,-0.0015629393747076392,0.10923931002616882,0.10736531764268875,-0.003972616046667099,0.0684218779206276,0.06802359968423843,-0.002894885838031769,0.2747443616390228,0.2787151634693146,0.004119911231100559,0.0009314253111369908,0.0009938456350937486,-0.0036366686690598726,0.01031562965363264,0.010587310418486595,9.25878994166851e-05,0.0009686049888841808,0.0008865827112458646,0.013716146349906921,0.8822029829025269,0.8888888955116272
442,eval,,0.0005045032594352961,0.0003687128482852131,0.0013192457845434546,1.0,1.0,1.0,1.0,0.9988709092140198,0.9981223940849304,0.9992671012878418,,,0.22314581274986267,0.2235412299633026,-0.0012437454424798489,0.10518286377191544,0.10736531764268875,-0.008226429112255573,0.0665159747004509,0.06802359968423843,0.009783382527530193,0.2806321382522583,0.2787151634693146,-0.003127017291262746,0.0009505293564870954,0.0009938456350937486,-0.002285539172589779,0.010576747357845306,0.010587310418486595,0.0037366319447755814,0.0008776415488682687,0.0008865827112458646,0.0008301511406898499,0.8951895833015442,0.8888888955116272
443,eval,,0.0004931030562147498,0.0003595614980440587,0.0012943525798618793,1.0,1.0,1.0,1.0,0.9988979697227478,0.9981532692909241,0.9992853403091431,,,0.2223711907863617,0.2235412299633026,-0.00824617687612772,0.10675018280744553,0.10736531764268875,0.002010839059948921,0.06568988412618637,0.06802359968423843,0.0033926628530025482,0.2817494571208954,0.2787151634693146,0.0036989280488342047,0.0010221237316727638,0.0009938456350937486,-0.0016470776172354817,0.010796729475259781,0.010587310418486595,-0.004805571865290403,0.0009218067862093449,0.0008865827112458646,0.0034829366486519575,0.8810493350028992,0.8888888955116272
453,eval,,0.00047673869994468987,0.0003360030532348901,0.0013211524346843362,1.0,1.0,1.0,1.0,0.9989350438117981,0.9982828497886658,0.9993559122085571,,,0.2238709032535553,0.2235412299633026,0.006086268927901983,0.10719206184148788,0.10736531764268875,-0.00021932105300948024,0.06846339255571365,0.06802359968423843,-0.0004197710659354925,0.2747894525527954,0.2787151634693146,-0.0006272004102356732,0.0009841317078098655,0.0009938456350937486,-0.0006319021340459585,0.010554933920502663,0.010587310418486595,0.005275894422084093,0.0009231960866600275,0.0008865827112458646,-0.011525739915668964,0.9002459645271301,0.8888888955116272
476,eval,,0.0004647805180866271,0.0003643732634373009,0.0010672244243323803,1.0,1.0,1.0,1.0,0.9989880919456482,0.9981358647346497,0.9994730353355408,,,0.22085678577423096,0.2235412299633026,0.006122715305536985,0.10655895620584488,0.10736531764268875,-0.016118798404932022,0.06632573902606964,0.06802359968423843,-0.0013380508171394467,0.27841636538505554,0.2787151634693146,-0.0018101277528330684,0.0009482796886004508,0.0009938456350937486,-0.00021393754286691546,0.010439474135637283,0.010587310418486595,0.005711015779525042,0.000919257290661335,0.0008865827112458646,-0.010758958756923676,0.8807127475738525,0.8888888955116272
502,eval,,0.00045991071965545416,0.00031425320776179433,0.0013338556746020913,1.0,1.0,1.0,1.0,0.998982846736908,0.9984709024429321,0.9995959401130676,,,0.22091910243034363,0.2235412299633026,0.009934683330357075,0.10805825889110565,0.10736531764268875,-0.0007521742954850197,0.0667884424328804,0.06802359968423843,0.00885751936584711,0.2775691747665405,0.2787151634693146,0.0007381981704384089,0.0010144379921257496,0.0009938456350937486,0.002996633993461728,0.010618329979479313,0.010587310418486595,0.0030256302561610937,0.0009917356073856354,0.0008865827112458646,-0.024800628423690796,0.8894572854042053,0.8888888955116272
504,eval,,0.0004515655746217817,0.0003166651295032352,0.0012609680416062474,1.0,1.0,1.0,1.0,0.9989919066429138,0.9984948039054871,0.9995865225791931,,,0.22229991853237152,0.2235412299633026,0.011030635796487331,0.10675383359193802,0.10736531764268875,0.004853187128901482,0.06829331815242767,0.06802359968423843,0.004344812128692865,0.2825264036655426,0.2787151634693146,-0.0004466728132683784,0.0009256300400011241,0.0009938456350937486,0.0022132627200335264,0.010576398111879826,0.010587310418486595,0.004903578665107489,0.0009379517869092524,0.0008865827112458646,-0.022928090766072273,0.8890854120254517,0.8888888955116272
505,eval,,0.0003955027204938233,0.0003160747583024204,0.0008720703772269189,1.0,1.0,1.0,1.0,0.9991357922554016,0.9984216094017029,0.9995861053466797,,,0.2258622795343399,0.2235412299633026,-0.010704330168664455,0.1070948988199234,0.10736531764268875,0.004922113846987486,0.06687913089990616,0.06802359968423843,-0.010804444551467896,0.27733665704727173,0.2787151634693146,-7.526677654823288e-05,0.00092209258582443,0.0009938456350937486,-0.0004895134479738772,0.010338462889194489,0.010587310418486595,-0.0008556183311156929,0.0008762218640185893,0.0008865827112458646,0.010820622555911541,0.8964842557907104,0.8888888955116272
522,eval,,0.00037385948235169053,0.0003189629933331162,0.0007032385910861194,1.0,1.0,1.0,1.0,0.9991877675056458,0.9983968734741211,0.9996256828308105,,,0.22544251382350922,0.2235412299633026,-0.002700161887332797,0.10563869774341583,0.10736531764268875,0.002902909880504012,0.06868347525596619,0.06802359968423843,-0.010095788165926933,0.2784244120121002,0.2787151634693146,0.011493735015392303,0.0009711121092550457,0.0009938456350937486,-0.009363397024571896,0.010451281443238258,0.010587310418486595,-0.004687889479100704,0.0009100922616198659,0.0008865827112458646,-0.003340088529512286,0.8979867696762085,0.8888888955116272
525,eval,,0.0003661262453533709,0.0002790963335428387,0.0008883056580089033,1.0,1.0,1.0,1.0,0.9992243051528931,0.9985769391059875,0.999590277671814,,,0.22714848816394806,0.2235412299633026,0.000719683535862714,0.10737888514995575,0.10736531764268875,0.0021720898803323507,0.06854012608528137,0.06802359968423843,-0.004039222840219736,0.28014281392097473,0.2787151634693146,-0.00701885437592864,0.0010324311442673206,0.0009938456350937486,0.006229235325008631,0.010526132769882679,0.010587310418486595,0.0026893645990639925,0.0009158488246612251,0.0008865827112458646,0.009241153486073017,0.9044911861419678,0.8888888955116272
527,eval,,0.0003064241027459502,0.0002595426340121776,0.000587712973356247,1.0,1.0,1.0,1.0,0.9993165135383606,0.9986696839332581,0.9996699094772339,,,0.222643181681633,0.2235412299633026,-0.0016755423275753856,0.10764502733945847,0.10736531764268875,0.000522779708262533,0.06653527915477753,0.06802359968423843,0.0008524766308255494,0.276965469121933,0.2787151634693146,-0.0025037836749106646,0.000935939431656152,0.0009938456350937486,0.0028525462839752436,0.010147680528461933,0.010587310418486595,-0.0048600113950669765,0.0009014321258291602,0.0008865827112458646,-0.00036863237619400024,0.8864389657974243,0.8888888955116272
571,eval,,0.0002922221610788256,0.00025797486887313426,0.0004977059434168041,1.0,1.0,1.0,1.0,0.9993727803230286,0.9987273216247559,0.9997434616088867,,,0.22248592972755432,0.2235412299633026,-0.007703773677349091,0.10231756418943405,0.10736531764268875,0.001419520121999085,0.0659601241350174,0.06802359968423843,0.00047058993368409574,0.2797565162181854,0.2787151634693146,-0.001868044608272612,0.0009406452300027013,0.0009938456350937486,-0.004394730553030968,0.010881339199841022,0.010587310418486595,-0.0049802567809820175,0.0007993401377461851,0.0008865827112458646,-0.006324069108814001,0.8909990787506104,0.8888888955116272
572,eval,,0.00027858244720846415,0.00025056826416403055,0.0004466674290597439,1.0,1.0,1.0,1.0,0.9993801712989807,0.9987133741378784,0.999752402305603,,,0.2222817838191986,0.2235412299633026,0.0008790143765509129,0.10528576374053955,0.10736531764268875,-0.0010942653752863407,0.06859855353832245,0.06802359968423843,-0.008412645198404789,0.27281472086906433,0.2787151634693146,0.0009854239178821445,0.0009590400150045753,0.0009938456350937486,-0.0020703061018139124,0.010252167470753193,0.010587310418486595,0.0066709672100842,0.0008686234941706061,0.0008865827112458646,-0.0011865297565236688,0.8842296004295349,0.8888888955116272
583,eval,,0.00027276729815639555,0.00023209543724078685,0.000516798289027065,1.0,1.0,1.0,1.0,0.9994121193885803,0.998812198638916,0.9997618198394775,,,0.22589433193206787,0.2235412299633026,-0.0017094294307753444,0.10662887245416641,0.10736531764268875,0.0006482605240307748,0.06774577498435974,0.06802359968423843,0.0022007827647030354,0.28426089882850647,0.2787151634693146,-0.00555388955399394,0.0010050241835415363,0.0009938456350937486,0.0050888960249722,0.010500623844563961,0.010587310418486595,0.0018452039221301675,0.0009501381427980959,0.0008865827112458646,0.00814098585397005,0.8983014225959778,0.8888888955116272
584,eval,,0.0002691291447263211,0.000238175576669164,0.00045485072769224644,1.0,1.0,1.0,1.0,0.9994056820869446,0.998779296875,0.9997606873512268,,,0.22172673046588898,0.2235412299633026,0.00034566750400699675,0.10502061247825623,0.10736531764268875,0.0016765223117545247,0.06778237968683243,0.06802359968423843,-0.0021632646676152945,0.2762173116207123,0.2787151634693146,0.006819006521254778,0.0009977947920560837,0.0009938456350937486,-0.00805091392248869,0.010462982580065727,0.010587310418486595,-0.004365246277302504,0.0008983477600850165,0.0008865827112458646,-0.0002748575061559677,0.878311038017273,0.8888888955116272
589,eval,,0.0002513003128115088,0.00022686037118546665,0.0003979398461524397,1.0,1.0,1.0,1.0,0.999445378780365,0.998846173286438,0.999782145023346,,,0.2249975949525833,0.2235412299633026,-0.003039766103029251,0.10838403552770615,0.10736531764268875,0.00443965895101428,0.06775780022144318,0.06802359968423843,-0.0004781076277140528,0.2823006510734558,0.2787151634693146,-0.0009965148055925965,0.0009416672401130199,0.0009938456350937486,0.0022388685029000044,0.01042463630437851,0.010587310418486595,-0.002301712753251195,0.0008952686912380159,0.0008865827112458646,0.0022050838451832533,0.89300936460495,0.8888888955116272
609,eval,,0.00024558123550377786,0.0002144540339941159,0.0004323443863540888,1.0,1.0,1.0,1.0,0.9994576573371887,0.9988966584205627,0.9997999668121338,,,0.22488470375537872,0.2235412299633026,0.0044946554116904736,0.10584770888090134,0.10736531764268875,-0.0016244846628978848,0.06764107197523117,0.06802359968423843,-0.003985373768955469,0.2774047553539276,0.2787151634693146,0.00364399584941566,0.0010414766147732735,0.0009938456350937486,-0.0033230141270905733,0.010344232432544231,0.010587310418486595,0.001992036821320653,0.0009600078337825835,0.0008865827112458646,-0.005375662352889776,0.9016134142875671,0.8888888955116272
610,eval,,0.00024165988725144416,0.00021706461848225445,0.00038923128158785403,1.0,1.0,1.0,1.0,0.9994603395462036,0.9988836646080017,0.9997887015342712,,,0.22273004055023193,0.2235412299633026,-0.004336466547101736,0.1053195595741272,0.10736531764268875,0.006218066439032555,0.0677189752459526,0.06802359968423843,-0.005396296735852957,0.2773991525173187,0.2787151634693146,-0.0022228353191167116,0.0009868305642157793,0.0009938456350937486,0.0028556284960359335,0.010527001693844795,0.010587310418486595,0.0008494621142745018,0.0009389175102114677,0.0008865827112458646,0.001868491992354393,0.8825328946113586,0.8888888955116272
620,eval,,0.00023962429258972406,0.00022531457943841815,0.0003254827461205423,1.0,1.0,1.0,1.0,0.9994690418243408,0.9988710880279541,0.9998271465301514,,,0.22388574481010437,0.2235412299633026,-0.008143219165503979,0.10743603855371475,0.10736531764268875,-0.009206649847328663,0.06848104298114777,0.06802359968423843,0.004671916365623474,0.2792821228504181,0.2787151634693146,0.0022137351334095,0.0009709689184091985,0.0009938456350937486,0.0008911669719964266,0.010540749877691269,0.010587310418486595,-0.0024831127375364304,0.0009517489233985543,0.0008865827112458646,0.002351304516196251,0.8953206539154053,0.8888888955116272
650,eval,,0.00019990572764072567,0.0001888652186607942,0.000266148621449247,1.0,1.0,1.0,1.0,0.9995576739311218,0.9990382194519043,0.9998520612716675,,,0.22367234528064728,0.2235412299633026,0.004335389938205481,0.10731317847967148,0.10736531764268875,0.001388771110214293,0.06755722314119339,0.06802359968423843,0.00039511549402959645,0.2785581052303314,0.2787151634693146,-0.004365500994026661,0.0010379074374213815,0.0009938456350937486,0.0032736938446760178,0.010197878815233707,0.010587310418486595,0.0031868398655205965,0.0009665167308412492,0.0008865827112458646,0.0017541343113407493,0.889278769493103,0.8888888955116272
668,eval,,0.000198804511455819,0.00018940074369311333,0.00025522743817418814,1.0,1.0,1.0,1.0,0.9995691776275635,0.9990935921669006,0.9998644590377808,,,0.22370482981204987,0.2235412299633026,-0.006814185529947281,0.10620070993900299,0.10736531764268875,-0.0038795790169388056,0.06816381216049194,0.06802359968423843,-0.0038542423862963915,0.27512040734291077,0.2787151634693146,-0.001214400283060968,0.0009582169586792588,0.0009938456350937486,-0.00022287470346782357,0.010171717032790184,0.010587310418486595,-0.0042469012551009655,0.0008598350686952472,0.0008865827112458646,0.0031442337203770876,0.8925585150718689,0.8888888955116272
684,eval,,0.00019217122462578118,0.0001764796325005591,0.0002863210393115878,1.0,1.0,1.0,1.0,0.999578058719635,0.9991050958633423,0.9998459815979004,,,0.22396865487098694,0.2235412299633026,0.000327569548971951,0.10645554959774017,0.10736531764268875,0.0003591654822230339,0.06744874268770218,0.06802359968423843,-0.0035186000168323517,0.2778837978839874,0.2787151634693146,0.003813129849731922,0.0009730342426337302,0.0009938456350937486,-0.005225645378232002,0.0109219616279006,0.010587310418486595,-0.005019380711019039,0.0008494919165968895,0.0008865827112458646,-0.0030440613627433777,0.8920194506645203,0.8888888955116272
725,eval,,0.00018927107157651335,0.00018122600158676505,0.00023754143330734223,1.0,1.0,1.0,1.0,0.9995993971824646,0.9991319179534912,0.9998689889907837,,,0.2227504998445511,0.2235412299633026,0.0032724004704505205,0.10663580149412155,0.10736531764268875,-0.0012397282989695668,0.0672447606921196,0.06802359968423843,0.004536381457000971,0.2828812599182129,0.2787151634693146,0.005461519118398428,0.0009277392528019845,0.0009938456350937486,0.007017889991402626,0.010365629568696022,0.010587310418486595,0.0021261831279844046,0.0008710850379429758,0.0008865827112458646,0.0006604623049497604,0.8847630023956299,0.8888888955116272
735,eval,,0.00018622256175149232,0.00016932676953729242,0.00028759747510775924,1.0,1.0,1.0,1.0,0.9996159076690674,0.9991757869720459,0.9998854398727417,,,0.22125637531280518,0.2235412299633026,-8.551970677217469e-05,0.104551762342453,0.10736531764268875,-0.00503954803571105,0.06593421846628189,0.06802359968423843,-0.0022455521393567324,0.2742158770561218,0.2787151634693146,0.0029183945152908564,0.0009542969637550414,0.0009938456350937486,-0.006000292021781206,0.010789841413497925,0.010587310418486595,-0.0020544391591101885,0.0008319646585732698,0.0008865827112458646,-0.009053131565451622,0.8859474062919617,0.8888888955116272
741,eval,,0.0001747196220094338,0.0001608801685506478,0.0002577559498604387,1.0,1.0,1.0,1.0,0.99961918592453,0.9991873502731323,0.9998963475227356,,,0.2226777821779251,0.2235412299633026,0.004412420094013214,0.10442426055669785,0.10736531764268875,0.003018326358869672,0.06648936867713928,0.06802359968423843,-0.0017623674357309937,0.2735940217971802,0.2787151634693146,0.002925572684034705,0.0009167654206976295,0.0009938456350937486,-0.0007135255727916956,0.01041931752115488,0.010587310418486595,-0.0024404581636190414,0.0008124042069539428,0.0008865827112458646,0.008344794623553753,0.8850017786026001,0.8888888955116272
742,eval,,0.00016643640992697328,0.00015303758846130222,0.00024682932416908443,1.0,1.0,1.0,1.0,0.9996439814567566,0.9992277026176453,0.9998984336853027,,,0.2225368767976761,0.2235412299633026,-0.007096006069332361,0.10592903941869736,0.10736531764268875,-0.002590682590380311,0.06732545047998428,0.06802359968423843,0.0004424146900419146,0.28106415271759033,0.2787151634693146,0.0002402148675173521,0.0009831517236307263,0.0009938456350937486,-0.0008787927799858153,0.010498874820768833,0.010587310418486595,0.000214584797504358,0.0008606936899013817,0.0008865827112458646,-0.00813925452530384,0.888655960559845,0.8888888955116272
768,eval,,0.00015631264250259846,0.00015007973706815392,0.00019371008966118097,1.0,1.0,1.0,1.0,0.9996544122695923,0.999252438545227,0.9999164342880249,,,0.22455765306949615,0.2235412299633026,-0.0055388943292200565,0.10835153609514236,0.10736531764268875,0.0020103866700083017,0.06857328861951828,0.06802359968423843,-0.0036066658794879913,0.2810199558734894,0.2787151634693146,-0.003427018178626895,0.0009317247313447297,0.0009938456350937486,-0.0023064110428094864,0.010360595770180225,0.010587310418486595,0.0025343550369143486,0.0008937704260461032,0.0008865827112458646,0.0066469828598201275,0.8869901299476624,0.8888888955116272
834,eval,,0.00015313185576815158,0.00015389650070574135,0.00014854366600047797,1.0,1.0,1.0,1.0,0.9996688365936279,0.9992360472679138,0.9999212622642517,,,0.2245868742465973,0.2235412299633026,-0.010367319919168949,0.10707654803991318,0.10736531764268875,-0.000373012269847095,0.06718641519546509,0.06802359968423843,-0.002180469920858741,0.2821516692638397,0.2787151634693146,0.003692163387313485,0.0010730643989518285,0.0009938456350937486,0.0014283255441114306,0.010499691590666771,0.010587310418486595,-0.006053583696484566,0.0008612277451902628,0.0008865827112458646,0.0008104629814624786,0.8940805792808533,0.8888888955116272
838,eval,,0.00014575946261174977,0.00013973268505651504,0.00018191993876826018,1.0,1.0,1.0,1.0,0.9996899962425232,0.999312162399292,0.999916672706604,,,0.2234436720609665,0.2235412299633026,0.004949600901454687,0.10421893000602722,0.10736531764268875,0.0024959882721304893,0.06713508069515228,0.06802359968423843,0.0035165147855877876,0.27722349762916565,0.2787151634693146,0.0018062330782413483,0.0008986794273369014,0.0009938456350937486,0.0024501129519194365,0.010457667522132397,0.010587310418486595,-0.0022156930062919855,0.0008583633461967111,0.0008865827112458646,0.005673708859831095,0.8913752436637878,0.8888888955116272
999,eval,,0.0001716301339911297,0.00012701755622401834,0.000439305673353374,1.0,1.0,1.0,1.0,0.9996164441108704,0.9993830323219299,0.9999400973320007,,,0.22345125675201416,0.2235412299633026,-0.0022545389365404844,0.10729256272315979,0.10736531764268875,0.0068734134547412395,0.06760954111814499,0.06802359968423843,0.009258024394512177,0.27688559889793396,0.2787151634693146,-0.0006508213118650019,0.0009925395715981722,0.0009938456350937486,-0.001230166177265346,0.010217073373496532,0.010587310418486595,0.0017264228081330657,0.0009330539032816887,0.0008865827112458646,-0.01629614643752575,0.904299795627594,0.8888888955116272
