run_id,model,split,trajectory_id,time_index,target_action_index,horizon,expert_action,pred_action,expert_action_norm,pred_action_norm,expert_gripper,pred_gripper,cosine_similarity,per_dimension_error,squared_error
20260529_wam_gru_no_future_single_demo_overfit_lr0p001_seed0,wam_gru_dinov2s_no_future,eval_same_demo_teacher_forced,datasets/libero_spatial/pick_up_the_black_bowl_from_table_center_and_place_it_on_the_plate_demo.hdf5:data/demo_0,3,4,0,"[0.5062500238418579, 0.17142857611179352, 0.02946428582072258, -0.020357143133878708, 0.007499999832361937, -0.0, -1.0]","[0.5403590798377991, 0.17703558504581451, 0.043422553688287735, -0.03270469605922699, 0.016684480011463165, -0.011205852031707764, -1.0224840641021729]",1.134467125,1.171393275,-1,-1.022484064,0.9996635914,"[0.03410905599594116, 0.005607008934020996, 0.013958267867565155, -0.012347552925348282, 0.009184479713439941, -0.011205852031707764, -0.02248406410217285]",0.0003225172404
20260529_wam_gru_no_future_single_demo_overfit_lr0p001_seed0,wam_gru_dinov2s_no_future,eval_same_demo_teacher_forced,datasets/libero_spatial/pick_up_the_black_bowl_from_table_center_and_place_it_on_the_plate_demo.hdf5:data/demo_0,3,5,1,"[0.6053571701049805, 0.1741071492433548, 0.02946428582072258, -0.02250000089406967, 0.013928571715950966, -0.0, -1.0]","[0.6301032304763794, 0.17429643869400024, 0.04634485021233559, -0.014685440808534622, 0.02020322158932686, -0.013275135308504105, -1.0133917331695557]",1.182513833,1.207195044,-1,-1.013391733,0.9997393489,"[0.024746060371398926, 0.00018928945064544678, 0.016880564391613007, 0.00781456008553505, 0.006274649873375893, -0.013275135308504105, -0.013391733169555664]",0.0001933375897
20260529_wam_gru_no_future_single_demo_overfit_lr0p001_seed0,wam_gru_dinov2s_no_future,eval_same_demo_teacher_forced,datasets/libero_spatial/pick_up_the_black_bowl_from_table_center_and_place_it_on_the_plate_demo.hdf5:data/demo_0,3,6,2,"[0.6803571581840515, 0.16339285671710968, -0.0, -0.025714285671710968, 0.0053571430034935474, -0.0, -1.0]","[0.6758726835250854, 0.1681446135044098, 0.03873100131750107, -0.023435991257429123, -0.0006876252591609955, -0.0044042691588401794, -1.0145164728164673]",1.220767379,1.231417656,-1,-1.014516473,0.9994341731,"[-0.0044844746589660645, 0.00475175678730011, 0.03873100131750107, 0.002278294414281845, -0.006044768262654543, -0.0044042691588401794, -0.014516472816467285]",0.0002592336677
20260529_wam_gru_no_future_single_demo_overfit_lr0p001_seed0,wam_gru_dinov2s_no_future,eval_same_demo_teacher_forced,datasets/libero_spatial/pick_up_the_black_bowl_from_table_center_and_place_it_on_the_plate_demo.hdf5:data/demo_0,3,7,3,"[0.6991071701049805, 0.14464285969734192, -0.0, -0.017142856493592262, 0.0, -0.0, -1.0]","[0.7093130946159363, 0.14263369143009186, 0.025269750505685806, -0.0061243511736392975, 0.006525754928588867, 0.002649366855621338, -1.0433428287506104]",1.228806853,1.269944668,-1,-1.043342829,0.9996462464,"[0.01020592451095581, -0.002009168267250061, 0.025269750505685806, 0.011018505319952965, 0.006525754928588867, 0.002649366855621338, -0.04334282875061035]",0.0003994815343
20260529_wam_gru_no_future_single_demo_overfit_lr0p001_seed0,wam_gru_dinov2s_no_future,eval_same_demo_teacher_forced,datasets/libero_spatial/pick_up_the_black_bowl_from_table_center_and_place_it_on_the_plate_demo.hdf5:data/demo_0,4,5,0,"[0.6053571701049805, 0.1741071492433548, 0.02946428582072258, -0.02250000089406967, 0.013928571715950966, -0.0, -1.0]","[0.6098259687423706, 0.17907650768756866, 0.03779023513197899, -0.029714733362197876, 0.01587119698524475, -0.008163020014762878, -1.0463358163833618]",1.182513833,1.225318074,-1,-1.046335816,0.9998098016,"[0.004468798637390137, 0.004969358444213867, 0.008325949311256409, -0.007214732468128204, 0.001942625269293785, -0.008163020014762878, -0.046335816383361816]",0.0003404935705
20260529_wam_gru_no_future_single_demo_overfit_lr0p001_seed0,wam_gru_dinov2s_no_future,eval_same_demo_teacher_forced,datasets/libero_spatial/pick_up_the_black_bowl_from_table_center_and_place_it_on_the_plate_demo.hdf5:data/demo_0,4,6,1,"[0.6803571581840515, 0.16339285671710968, -0.0, -0.025714285671710968, 0.0053571430034935474, -0.0, -1.0]","[0.6759791374206543, 0.16781887412071228, 0.0265347920358181, -0.009444396942853928, 0.013318431563675404, -0.019923511892557144, -1.0304808616638184]",1.220767379,1.244334936,-1,-1.030480862,0.9993937612,"[-0.004378020763397217, 0.0044260174036026, 0.0265347920358181, 0.01626988872885704, 0.007961288094520569, -0.019923511892557144, -0.03048086166381836]",0.0003424246679
20260529_wam_gru_no_future_single_demo_overfit_lr0p001_seed0,wam_gru_dinov2s_no_future,eval_same_demo_teacher_forced,datasets/libero_spatial/pick_up_the_black_bowl_from_table_center_and_place_it_on_the_plate_demo.hdf5:data/demo_0,4,7,2,"[0.6991071701049805, 0.14464285969734192, -0.0, -0.017142856493592262, 0.0, -0.0, -1.0]","[0.6987040042877197, 0.1507856696844101, 0.004548926837742329, -0.016940820962190628, 0.0019500590860843658, -0.005018077790737152, -1.0652077198028564]",1.228806853,1.282937169,-1,-1.06520772,0.9995529652,"[-0.0004031658172607422, 0.006142809987068176, 0.004548926837742329, 0.00020203553140163422, 0.0019500590860843658, -0.005018077790737152, -0.06520771980285645]",0.0006199515192
20260529_wam_gru_no_future_single_demo_overfit_lr0p001_seed0,wam_gru_dinov2s_no_future,eval_same_demo_teacher_forced,datasets/libero_spatial/pick_up_the_black_bowl_from_table_center_and_place_it_on_the_plate_demo.hdf5:data/demo_0,4,8,3,"[0.7044642567634583, 0.11785714328289032, -0.02946428582072258, -0.003214285708963871, 0.0, -0.0, -1.0]","[0.7213056683540344, 0.12234432995319366, -0.023919744417071342, -0.005970057100057602, 0.006066817790269852, -0.0025407075881958008, -1.0747382640838623]",1.229243159,1.300370455,-1,-1.074738264,0.9997146726,"[0.016841411590576172, 0.004487186670303345, 0.0055445414036512375, -0.002755771391093731, 0.006066817790269852, -0.0025407075881958008, -0.0747382640838623]",0.0008530248888
20260529_wam_gru_no_future_single_demo_overfit_lr0p001_seed0,wam_gru_dinov2s_no_future,eval_same_demo_teacher_forced,datasets/libero_spatial/pick_up_the_black_bowl_from_table_center_and_place_it_on_the_plate_demo.hdf5:data/demo_0,5,6,0,"[0.6803571581840515, 0.16339285671710968, -0.0, -0.025714285671710968, 0.0053571430034935474, -0.0, -1.0]","[0.6708487868309021, 0.16884656250476837, 0.027006927877664566, -0.018981870263814926, 0.01386658102273941, -0.009123235940933228, -1.028648853302002]",1.220767379,1.240173817,-1,-1.028648853,0.9995063543,"[-0.009508371353149414, 0.005453705787658691, 0.027006927877664566, 0.006732415407896042, 0.00850943848490715, -0.009123235940933228, -0.028648853302001953]",0.0002673217678
20260529_wam_gru_no_future_single_demo_overfit_lr0p001_seed0,wam_gru_dinov2s_no_future,eval_same_demo_teacher_forced,datasets/libero_spatial/pick_up_the_black_bowl_from_table_center_and_place_it_on_the_plate_demo.hdf5:data/demo_0,5,7,1,"[0.6991071701049805, 0.14464285969734192, -0.0, -0.017142856493592262, 0.0, -0.0, -1.0]","[0.7042062878608704, 0.15191954374313354, 0.0032100193202495575, -0.007683556526899338, 0.00629135686904192, -0.02640080824494362, -1.0246679782867432]",1.228806853,1.252891302,-1,-1.024667978,0.9996933341,"[0.005099117755889893, 0.007276684045791626, 0.0032100193202495575, 0.009459299966692924, 0.00629135686904192, -0.02640080824494362, -0.024667978286743164]",0.0002176895359
20260529_wam_gru_no_future_single_demo_overfit_lr0p001_seed0,wam_gru_dinov2s_no_future,eval_same_demo_teacher_forced,datasets/libero_spatial/pick_up_the_black_bowl_from_table_center_and_place_it_on_the_plate_demo.hdf5:data/demo_0,5,8,2,"[0.7044642567634583, 0.11785714328289032, -0.02946428582072258, -0.003214285708963871, 0.0, -0.0, -1.0]","[0.713088870048523, 0.13213345408439636, -0.03888054937124252, -0.012355614453554153, -0.0010239966213703156, -0.004266347736120224, -1.070281744003296]",1.229243159,1.293499708,-1,-1.070281744,0.9995974302,"[0.008624613285064697, 0.014276310801506042, -0.009416263550519943, -0.009141328744590282, -0.0010239966213703156, -0.004266347736120224, -0.0702817440032959]",0.000772742962
20260529_wam_gru_no_future_single_demo_overfit_lr0p001_seed0,wam_gru_dinov2s_no_future,eval_same_demo_teacher_forced,datasets/libero_spatial/pick_up_the_black_bowl_from_table_center_and_place_it_on_the_plate_demo.hdf5:data/demo_0,5,9,3,"[0.7232142686843872, 0.1205357164144516, -0.09642857313156128, 0.0, 0.0, -0.0, -1.0]","[0.7206204533576965, 0.0978238433599472, -0.07702726125717163, -0.004964090883731842, 0.007221244275569916, -0.004566758871078491, -1.0516769886016846]",1.243730783,1.280983448,-1,-1.051676989,0.9992846847,"[-0.002593815326690674, -0.022711873054504395, 0.01940131187438965, -0.004964090883731842, 0.007221244275569916, -0.004566758871078491, -0.05167698860168457]",0.0005238747108
20260529_wam_gru_no_future_single_demo_overfit_lr0p001_seed0,wam_gru_dinov2s_no_future,eval_same_demo_teacher_forced,datasets/libero_spatial/pick_up_the_black_bowl_from_table_center_and_place_it_on_the_plate_demo.hdf5:data/demo_0,6,7,0,"[0.6991071701049805, 0.14464285969734192, -0.0, -0.017142856493592262, 0.0, -0.0, -1.0]","[0.7032991647720337, 0.15911000967025757, 0.019901122897863388, -0.014956586062908173, 0.01071351021528244, -0.0058279335498809814, -1.0276553630828857]",1.228806853,1.255702853,-1,-1.027655363,0.9997349381,"[0.004191994667053223, 0.01446714997291565, 0.019901122897863388, 0.0021862704306840897, 0.01071351021528244, -0.0058279335498809814, -0.027655363082885742]",0.0002201812749
20260529_wam_gru_no_future_single_demo_overfit_lr0p001_seed0,wam_gru_dinov2s_no_future,eval_same_demo_teacher_forced,datasets/libero_spatial/pick_up_the_black_bowl_from_table_center_and_place_it_on_the_plate_demo.hdf5:data/demo_0,6,8,1,"[0.7044642567634583, 0.11785714328289032, -0.02946428582072258, -0.003214285708963871, 0.0, -0.0, -1.0]","[0.7204991579055786, 0.13424187898635864, -0.028358805924654007, -0.011631574481725693, 0.0035727517679333687, -0.0191413052380085, -1.0118629932403564]",1.229243159,1.249930143,-1,-1.011862993,0.9997755289,"[0.01603490114212036, 0.016384735703468323, 0.001105479896068573, -0.008417288772761822, 0.0035727517679333687, -0.0191413052380085, -0.011862993240356445]",0.0001596478833
20260529_wam_gru_no_future_single_demo_overfit_lr0p001_seed0,wam_gru_dinov2s_no_future,eval_same_demo_teacher_forced,datasets/libero_spatial/pick_up_the_black_bowl_from_table_center_and_place_it_on_the_plate_demo.hdf5:data/demo_0,6,9,2,"[0.7232142686843872, 0.1205357164144516, -0.09642857313156128, 0.0, 0.0, -0.0, -1.0]","[0.7009877562522888, 0.11836227774620056, -0.0763113722205162, -0.006320219486951828, 0.005755428224802017, -0.004135206341743469, -1.0570305585861206]",1.243730783,1.276174188,-1,-1.057030559,0.9989939928,"[-0.02222651243209839, -0.0021734386682510376, 0.020117200911045074, -0.006320219486951828, 0.005755428224802017, -0.004135206341743469, -0.057030558586120605]",0.0006065854686
20260529_wam_gru_no_future_single_demo_overfit_lr0p001_seed0,wam_gru_dinov2s_no_future,eval_same_demo_teacher_forced,datasets/libero_spatial/pick_up_the_black_bowl_from_table_center_and_place_it_on_the_plate_demo.hdf5:data/demo_0,6,10,3,"[0.6830357313156128, 0.09107142686843872, -0.16875000298023224, 0.0, 0.0, -0.0, -1.0]","[0.7081508040428162, 0.0925569236278534, -0.1324973702430725, -0.003854852169752121, 0.009254664182662964, 0.0013540387153625488, -1.0323145389556885]",1.226094723,1.262289762,-1,-1.032314539,0.9994237423,"[0.02511507272720337, 0.0014854967594146729, 0.03625263273715973, -0.003854852169752121, 0.009254664182662964, 0.0013540387153625488, -0.03231453895568848]",0.0004419712059
20260529_wam_gru_no_future_single_demo_overfit_lr0p001_seed0,wam_gru_dinov2s_no_future,eval_same_demo_teacher_forced,datasets/libero_spatial/pick_up_the_black_bowl_from_table_center_and_place_it_on_the_plate_demo.hdf5:data/demo_0,7,8,0,"[0.7044642567634583, 0.11785714328289032, -0.02946428582072258, -0.003214285708963871, 0.0, -0.0, -1.0]","[0.7224485278129578, 0.1332366019487381, -0.025044023990631104, -0.005945827811956406, 0.004229024052619934, -0.008640192449092865, -1.0216878652572632]",1.229243159,1.258683801,-1,-1.021687865,0.9999085069,"[0.01798427104949951, 0.015379458665847778, 0.0044202618300914764, -0.0027315421029925346, 0.004229024052619934, -0.008640192449092865, -0.021687865257263184]",0.0001642661082
20260529_wam_gru_no_future_single_demo_overfit_lr0p001_seed0,wam_gru_dinov2s_no_future,eval_same_demo_teacher_forced,datasets/libero_spatial/pick_up_the_black_bowl_from_table_center_and_place_it_on_the_plate_demo.hdf5:data/demo_0,7,9,1,"[0.7232142686843872, 0.1205357164144516, -0.09642857313156128, 0.0, 0.0, -0.0, -1.0]","[0.7175363898277283, 0.1123046949505806, -0.07605713605880737, 0.0005268342792987823, 0.005547818727791309, -0.01924258843064308, -1.0263464450836182]",1.243730783,1.259779334,-1,-1.026346445,0.999568224,"[-0.0056778788566589355, -0.008231021463871002, 0.020371437072753906, 0.0005268342792987823, 0.005547818727791309, -0.01924258843064308, -0.026346445083618164]",0.0002300645283
20260529_wam_gru_no_future_single_demo_overfit_lr0p001_seed0,wam_gru_dinov2s_no_future,eval_same_demo_teacher_forced,datasets/libero_spatial/pick_up_the_black_bowl_from_table_center_and_place_it_on_the_plate_demo.hdf5:data/demo_0,7,10,2,"[0.6830357313156128, 0.09107142686843872, -0.16875000298023224, 0.0, 0.0, -0.0, -1.0]","[0.6976821422576904, 0.10119578242301941, -0.14320340752601624, -0.00035114213824272156, -0.0023562125861644745, -0.002526678144931793, -1.0679911375045776]",1.226094723,1.287682176,-1,-1.067991138,0.9994263649,"[0.014646410942077637, 0.010124355554580688, 0.025546595454216003, -0.00035114213824272156, -0.0023562125861644745, -0.002526678144931793, -0.06799113750457764]",0.0008006431744
20260529_wam_gru_no_future_single_demo_overfit_lr0p001_seed0,wam_gru_dinov2s_no_future,eval_same_demo_teacher_forced,datasets/libero_spatial/pick_up_the_black_bowl_from_table_center_and_place_it_on_the_plate_demo.hdf5:data/demo_0,7,11,3,"[0.6723214387893677, 0.0803571417927742, -0.22232143580913544, 0.0, 0.0, -0.0, -1.0]","[0.6911174058914185, 0.07690268754959106, -0.20907925069332123, -0.00656517967581749, 0.0030994638800621033, -0.0015822425484657288, -1.0254439115524292]",1.227965951,1.256527662,-1,-1.025443912,0.9998614788,"[0.01879596710205078, -0.003454454243183136, 0.013242185115814209, -0.00656517967581749, 0.0030994638800621033, -0.0015822425484657288, -0.0254439115524292]",0.0001775973651
20260529_wam_gru_no_future_single_demo_overfit_lr0p001_seed0,wam_gru_dinov2s_no_future,eval_same_demo_teacher_forced,datasets/libero_spatial/pick_up_the_black_bowl_from_table_center_and_place_it_on_the_plate_demo.hdf5:data/demo_0,8,9,0,"[0.7232142686843872, 0.1205357164144516, -0.09642857313156128, 0.0, 0.0, -0.0, -1.0]","[0.7128026485443115, 0.10835356265306473, -0.08188210427761078, -0.007437493652105331, 0.005709439516067505, -0.007428891956806183, -1.016329050064087]",1.243730783,1.248839736,-1,-1.01632905,0.9997256994,"[-0.010411620140075684, -0.012182153761386871, 0.0145464688539505, -0.007437493652105331, 0.005709439516067505, -0.007428891956806183, -0.016329050064086914]",0.0001254495437
20260529_wam_gru_no_future_single_demo_overfit_lr0p001_seed0,wam_gru_dinov2s_no_future,eval_same_demo_teacher_forced,datasets/libero_spatial/pick_up_the_black_bowl_from_table_center_and_place_it_on_the_plate_demo.hdf5:data/demo_0,8,10,1,"[0.6830357313156128, 0.09107142686843872, -0.16875000298023224, 0.0, 0.0, -0.0, -1.0]","[0.7012504935264587, 0.08892977982759476, -0.13989239931106567, 0.005156625062227249, 0.004286003299057484, -0.017699364572763443, -1.0163459777832031]",1.226094723,1.246012807,-1,-1.016345978,0.9995426536,"[0.018214762210845947, -0.0021416470408439636, 0.028857603669166565, 0.005156625062227249, 0.004286003299057484, -0.017699364572763443, -0.016345977783203125]",0.0002563635062
20260529_wam_gru_no_future_single_demo_overfit_lr0p001_seed0,wam_gru_dinov2s_no_future,eval_same_demo_teacher_forced,datasets/libero_spatial/pick_up_the_black_bowl_from_table_center_and_place_it_on_the_plate_demo.hdf5:data/demo_0,8,11,2,"[0.6723214387893677, 0.0803571417927742, -0.22232143580913544, 0.0, 0.0, -0.0, -1.0]","[0.6706312298774719, 0.08337859809398651, -0.21261781454086304, 0.0011212192475795746, -0.0036449097096920013, -0.0002902597188949585, -1.0613703727722168]",1.227965951,1.276098013,-1,-1.061370373,0.9994989634,"[-0.001690208911895752, 0.003021456301212311, 0.0097036212682724, 0.0011212192475795746, -0.0036449097096920013, -0.0002902597188949585, -0.0613703727722168]",0.0005552993971
20260529_wam_gru_no_future_single_demo_overfit_lr0p001_seed0,wam_gru_dinov2s_no_future,eval_same_demo_teacher_forced,datasets/libero_spatial/pick_up_the_black_bowl_from_table_center_and_place_it_on_the_plate_demo.hdf5:data/demo_0,8,12,3,"[0.6241071224212646, 0.04821428656578064, -0.30267858505249023, 0.0, 0.0, -0.0, -1.0]","[0.6555364727973938, 0.06852518767118454, -0.2769743502140045, -0.0023704692721366882, -0.0033305473625659943, -0.001196242868900299, -1.0497066974639893]",1.21796906,1.270055413,-1,-1.049706697,0.9994062781,"[0.03142935037612915, 0.0203109011054039, 0.025704234838485718, -0.0023704692721366882, -0.0033305473625659943, -0.001196242868900299, -0.04970669746398926]",0.0006499918527
20260529_wam_gru_no_future_single_demo_overfit_lr0p001_seed0,wam_gru_dinov2s_no_future,eval_same_demo_teacher_forced,datasets/libero_spatial/pick_up_the_black_bowl_from_table_center_and_place_it_on_the_plate_demo.hdf5:data/demo_0,9,10,0,"[0.6830357313156128, 0.09107142686843872, -0.16875000298023224, 0.0, 0.0, -0.0, -1.0]","[0.7072251439094543, 0.08276283740997314, -0.14148131012916565, -0.012460634112358093, 0.005511805415153503, -0.010306358337402344, -1.0204355716705322]",1.226094723,1.252443552,-1,-1.020435572,0.9995399117,"[0.024189412593841553, -0.008308589458465576, 0.02726869285106659, -0.012460634112358093, 0.005511805415153503, -0.010306358337402344, -0.020435571670532227]",0.0003010318324
20260529_wam_gru_no_future_single_demo_overfit_lr0p001_seed0,wam_gru_dinov2s_no_future,eval_same_demo_teacher_forced,datasets/libero_spatial/pick_up_the_black_bowl_from_table_center_and_place_it_on_the_plate_demo.hdf5:data/demo_0,9,11,1,"[0.6723214387893677, 0.0803571417927742, -0.22232143580913544, 0.0, 0.0, -0.0, -1.0]","[0.687264084815979, 0.06864164024591446, -0.2078181803226471, 0.009293023496866226, 0.006465268321335316, -0.009932029992341995, -1.0133516788482666]",1.227965951,1.243921399,-1,-1.013351679,0.9997637868,"[0.014942646026611328, -0.011715501546859741, 0.014503255486488342, 0.009293023496866226, 0.006465268321335316, -0.009932029992341995, -0.013351678848266602]",0.0001394217979
20260529_wam_gru_no_future_single_demo_overfit_lr0p001_seed0,wam_gru_dinov2s_no_future,eval_same_demo_teacher_forced,datasets/libero_spatial/pick_up_the_black_bowl_from_table_center_and_place_it_on_the_plate_demo.hdf5:data/demo_0,9,12,2,"[0.6241071224212646, 0.04821428656578064, -0.30267858505249023, 0.0, 0.0, -0.0, -1.0]","[0.6423571705818176, 0.0694342851638794, -0.2833004295825958, -0.0009413622319698334, -0.005699183791875839, 0.002569429576396942, -1.0600863695144653]",1.21796906,1.273391604,-1,-1.06008637,0.9994397759,"[0.01825004816055298, 0.021219998598098755, 0.01937815546989441, -0.0009413622319698334, -0.005699183791875839, 0.002569429576396942, -0.06008636951446533]",0.0006870295038
20260529_wam_gru_no_future_single_demo_overfit_lr0p001_seed0,wam_gru_dinov2s_no_future,eval_same_demo_teacher_forced,datasets/libero_spatial/pick_up_the_black_bowl_from_table_center_and_place_it_on_the_plate_demo.hdf5:data/demo_0,9,13,3,"[0.5946428775787354, 0.04821428656578064, -0.39375001192092896, 0.0, -0.014999999664723873, -0.0, -1.0]","[0.622423529624939, 0.06472951918840408, -0.34572649002075195, 0.0018715709447860718, -0.01085146889090538, -0.003781713545322418, -1.0411204099655151]",1.229304194,1.263010263,-1,-1.04112041,0.9987309575,"[0.027780652046203613, 0.016515232622623444, 0.048023521900177, 0.0018715709447860718, 0.004148530773818493, -0.003781713545322418, -0.04112040996551514]",0.0007252398063
20260529_wam_gru_no_future_single_demo_overfit_lr0p001_seed0,wam_gru_dinov2s_no_future,eval_same_demo_teacher_forced,datasets/libero_spatial/pick_up_the_black_bowl_from_table_center_and_place_it_on_the_plate_demo.hdf5:data/demo_0,10,11,0,"[0.6723214387893677, 0.0803571417927742, -0.22232143580913544, 0.0, 0.0, -0.0, -1.0]","[0.6801201701164246, 0.08199619501829147, -0.19659264385700226, -0.006815336644649506, -0.0014345496892929077, -0.006958365440368652, -1.031994104385376]",1.227965951,1.254210591,-1,-1.031994104,0.9996242523,"[0.007798731327056885, 0.001639053225517273, 0.02572879195213318, -0.006815336644649506, -0.0014345496892929077, -0.006958365440368652, -0.03199410438537598]",0.0002637179568
20260529_wam_gru_no_future_single_demo_overfit_lr0p001_seed0,wam_gru_dinov2s_no_future,eval_same_demo_teacher_forced,datasets/libero_spatial/pick_up_the_black_bowl_from_table_center_and_place_it_on_the_plate_demo.hdf5:data/demo_0,10,12,1,"[0.6241071224212646, 0.04821428656578064, -0.30267858505249023, 0.0, 0.0, -0.0, -1.0]","[0.662719190120697, 0.07457143068313599, -0.2752724885940552, 0.007546711713075638, 0.0012705447152256966, -0.006890509277582169, -1.0227489471435547]",1.21796906,1.251660585,-1,-1.022748947,0.999204576,"[0.03861206769943237, 0.026357144117355347, 0.02740609645843506, 0.007546711713075638, 0.0012705447152256966, -0.006890509277582169, -0.022748947143554688]",0.0005086066085
20260529_wam_gru_no_future_single_demo_overfit_lr0p001_seed0,wam_gru_dinov2s_no_future,eval_same_demo_teacher_forced,datasets/libero_spatial/pick_up_the_black_bowl_from_table_center_and_place_it_on_the_plate_demo.hdf5:data/demo_0,10,13,2,"[0.5946428775787354, 0.04821428656578064, -0.39375001192092896, 0.0, -0.014999999664723873, -0.0, -1.0]","[0.6233292818069458, 0.07436014711856842, -0.34560179710388184, 0.0019021444022655487, -0.008676651865243912, -0.0051165297627449036, -1.0578945875167847]",1.229304194,1.277793169,-1,-1.057894588,0.998441875,"[0.02868640422821045, 0.02614586055278778, 0.04814821481704712, 0.0019021444022655487, 0.006323347799479961, -0.0051165297627449036, -0.05789458751678467]",0.001035190304
20260529_wam_gru_no_future_single_demo_overfit_lr0p001_seed0,wam_gru_dinov2s_no_future,eval_same_demo_teacher_forced,datasets/libero_spatial/pick_up_the_black_bowl_from_table_center_and_place_it_on_the_plate_demo.hdf5:data/demo_0,10,14,3,"[0.6133928298950195, 0.08571428805589676, -0.4419642984867096, 0.0, -0.017142856493592262, -0.0, -1.0]","[0.5968577265739441, 0.08378671109676361, -0.4116551876068115, 0.004425108432769775, -0.020464325323700905, -0.004069410264492035, -1.0561935901641846]",1.256671786,1.284024596,-1,-1.05619359,0.9988681674,"[-0.01653510332107544, -0.0019275769591331482, 0.03030911087989807, 0.004425108432769775, -0.0033214688301086426, -0.004069410264492035, -0.05619359016418457]",0.0006286658463
20260529_wam_gru_no_future_single_demo_overfit_lr0p001_seed0,wam_gru_dinov2s_no_future,eval_same_demo_teacher_forced,datasets/libero_spatial/pick_up_the_black_bowl_from_table_center_and_place_it_on_the_plate_demo.hdf5:data/demo_0,11,12,0,"[0.6241071224212646, 0.04821428656578064, -0.30267858505249023, 0.0, 0.0, -0.0, -1.0]","[0.6583362221717834, 0.07734991610050201, -0.26928815245628357, -0.0065871067345142365, 0.0009381473064422607, -0.008383437991142273, -1.0220346450805664]",1.21796906,1.247627735,-1,-1.022034645,0.9990603328,"[0.0342290997505188, 0.029135629534721375, 0.033390432596206665, -0.0065871067345142365, 0.0009381473064422607, -0.008383437991142273, -0.022034645080566406]",0.0005336449831
20260529_wam_gru_no_future_single_demo_overfit_lr0p001_seed0,wam_gru_dinov2s_no_future,eval_same_demo_teacher_forced,datasets/libero_spatial/pick_up_the_black_bowl_from_table_center_and_place_it_on_the_plate_demo.hdf5:data/demo_0,11,13,1,"[0.5946428775787354, 0.04821428656578064, -0.39375001192092896, 0.0, -0.014999999664723873, -0.0, -1.0]","[0.6331269145011902, 0.08112964779138565, -0.3460843861103058, 0.009580276906490326, -0.001904117874801159, -0.008023712784051895, -1.0327541828155518]",1.229304194,1.26251626,-1,-1.032754183,0.9983459115,"[0.038484036922454834, 0.03291536122560501, 0.04766562581062317, 0.009580276906490326, 0.013095881789922714, -0.008023712784051895, -0.03275418281555176]",0.0008909935132
20260529_wam_gru_no_future_single_demo_overfit_lr0p001_seed0,wam_gru_dinov2s_no_future,eval_same_demo_teacher_forced,datasets/libero_spatial/pick_up_the_black_bowl_from_table_center_and_place_it_on_the_plate_demo.hdf5:data/demo_0,11,14,2,"[0.6133928298950195, 0.08571428805589676, -0.4419642984867096, 0.0, -0.017142856493592262, -0.0, -1.0]","[0.5931263566017151, 0.08826631307601929, -0.4213489592075348, 0.0058586485683918, -0.016743917018175125, -0.0040925778448581696, -1.0570504665374756]",1.256671786,1.286394954,-1,-1.057050467,0.9989901781,"[-0.020266473293304443, 0.002552025020122528, 0.020615339279174805, 0.0058586485683918, 0.00039893947541713715, -0.0040925778448581696, -0.057050466537475586]",0.0005926032318
20260529_wam_gru_no_future_single_demo_overfit_lr0p001_seed0,wam_gru_dinov2s_no_future,eval_same_demo_teacher_forced,datasets/libero_spatial/pick_up_the_black_bowl_from_table_center_and_place_it_on_the_plate_demo.hdf5:data/demo_0,11,15,3,"[0.5732142925262451, 0.12857143580913544, -0.5089285969734192, 0.003214285708963871, -0.02678571455180645, -0.0, -1.0]","[0.5649072527885437, 0.10250169783830643, -0.49103739857673645, 0.009089026600122452, -0.028839243575930595, -0.0042907074093818665, -1.0460996627807617]",1.266823292,1.290736914,-1,-1.046099663,0.9991807938,"[-0.008307039737701416, -0.02606973797082901, 0.01789119839668274, 0.005874740891158581, -0.0020535290241241455, -0.0042907074093818665, -0.04609966278076172]",0.0004644359287
20260529_wam_gru_no_future_single_demo_overfit_lr0p001_seed0,wam_gru_dinov2s_no_future,eval_same_demo_teacher_forced,datasets/libero_spatial/pick_up_the_black_bowl_from_table_center_and_place_it_on_the_plate_demo.hdf5:data/demo_0,12,13,0,"[0.5946428775787354, 0.04821428656578064, -0.39375001192092896, 0.0, -0.014999999664723873, -0.0, -1.0]","[0.6314592957496643, 0.07996227592229843, -0.35496851801872253, -0.008517205715179443, 0.0012696683406829834, -0.008218716830015182, -0.9995201230049133]",1.229304194,1.237060905,-1,-0.999520123,0.9986149669,"[0.036816418170928955, 0.03174798935651779, 0.03878149390220642, -0.008517205715179443, 0.01626966893672943, -0.008218716830015182, 0.0004798769950866699]",0.0006103442283
20260529_wam_gru_no_future_single_demo_overfit_lr0p001_seed0,wam_gru_dinov2s_no_future,eval_same_demo_teacher_forced,datasets/libero_spatial/pick_up_the_black_bowl_from_table_center_and_place_it_on_the_plate_demo.hdf5:data/demo_0,12,14,1,"[0.6133928298950195, 0.08571428805589676, -0.4419642984867096, 0.0, -0.017142856493592262, -0.0, -1.0]","[0.5953835248947144, 0.10050990432500839, -0.42496511340141296, 0.013378877192735672, -0.009011554531753063, -0.01686755195260048, -1.023932933807373]",1.256671786,1.262601495,-1,-1.023932934,0.9994014502,"[-0.018009305000305176, 0.014795616269111633, 0.01699918508529663, 0.013378877192735672, 0.008131301961839199, -0.01686755195260048, -0.023932933807373047]",0.0002763756493
20260529_wam_gru_no_future_single_demo_overfit_lr0p001_seed0,wam_gru_dinov2s_no_future,eval_same_demo_teacher_forced,datasets/libero_spatial/pick_up_the_black_bowl_from_table_center_and_place_it_on_the_plate_demo.hdf5:data/demo_0,12,15,2,"[0.5732142925262451, 0.12857143580913544, -0.5089285969734192, 0.003214285708963871, -0.02678571455180645, -0.0, -1.0]","[0.5585413575172424, 0.11436700820922852, -0.5034447312355042, 0.011641893535852432, -0.0342806838452816, 0.00019226223230361938, -1.0441126823425293]",1.266823292,1.29227972,-1,-1.044112682,0.9994282126,"[-0.014672935009002686, -0.014204427599906921, 0.005483865737915039, 0.008427607826888561, -0.007494969293475151, 0.00019226223230361938, -0.0441126823425293]",0.0003600426135
20260529_wam_gru_no_future_single_demo_overfit_lr0p001_seed0,wam_gru_dinov2s_no_future,eval_same_demo_teacher_forced,datasets/libero_spatial/pick_up_the_black_bowl_from_table_center_and_place_it_on_the_plate_demo.hdf5:data/demo_0,12,16,3,"[0.5062500238418579, 0.13124999403953552, -0.5946428775787354, 0.013928571715950966, -0.04928571358323097, -0.0, -1.0]","[0.5230283141136169, 0.11760523915290833, -0.5738434791564941, 0.014696318656206131, -0.039086196571588516, -0.002045951783657074, -1.0274407863616943]",1.276612282,1.293857932,-1,-1.027440786,0.9995565414,"[0.016778290271759033, -0.013644754886627197, 0.02079939842224121, 0.0007677469402551651, 0.010199517011642456, -0.002045951783657074, -0.027440786361694336]",0.0002517296525
20260529_wam_gru_no_future_single_demo_overfit_lr0p001_seed0,wam_gru_dinov2s_no_future,eval_same_demo_teacher_forced,datasets/libero_spatial/pick_up_the_black_bowl_from_table_center_and_place_it_on_the_plate_demo.hdf5:data/demo_0,13,14,0,"[0.6133928298950195, 0.08571428805589676, -0.4419642984867096, 0.0, -0.017142856493592262, -0.0, -1.0]","[0.6025594472885132, 0.09984293580055237, -0.4228708744049072, -0.00365467369556427, -0.012958765029907227, 0.000513419508934021, -1.0185233354568481]",1.256671786,1.260728955,-1,-1.018523335,0.9996720552,"[-0.010833382606506348, 0.014128647744655609, 0.019093424081802368, -0.00365467369556427, 0.004184091463685036, 0.000513419508934021, -0.018523335456848145]",0.0001508257992
20260529_wam_gru_no_future_single_demo_overfit_lr0p001_seed0,wam_gru_dinov2s_no_future,eval_same_demo_teacher_forced,datasets/libero_spatial/pick_up_the_black_bowl_from_table_center_and_place_it_on_the_plate_demo.hdf5:data/demo_0,13,15,1,"[0.5732142925262451, 0.12857143580913544, -0.5089285969734192, 0.003214285708963871, -0.02678571455180645, -0.0, -1.0]","[0.5615899562835693, 0.10742930322885513, -0.4982187747955322, 0.007396254688501358, -0.025998476892709732, -0.01470162346959114, -0.9994152188301086]",1.266823292,1.254959702,-1,-0.9994152188,0.9997514486,"[-0.011624336242675781, -0.021142132580280304, 0.010709822177886963, 0.004181968979537487, 0.0007872376590967178, -0.01470162346959114, 0.0005847811698913574]",0.0001330576488
20260529_wam_gru_no_future_single_demo_overfit_lr0p001_seed0,wam_gru_dinov2s_no_future,eval_same_demo_teacher_forced,datasets/libero_spatial/pick_up_the_black_bowl_from_table_center_and_place_it_on_the_plate_demo.hdf5:data/demo_0,13,16,2,"[0.5062500238418579, 0.13124999403953552, -0.5946428775787354, 0.013928571715950966, -0.04928571358323097, -0.0, -1.0]","[0.510564923286438, 0.11787596344947815, -0.5703551173210144, 0.013653863221406937, -0.05212629958987236, 0.0023493990302085876, -1.0321240425109863]",1.276612282,1.291536093,-1,-1.032124043,0.9995116591,"[0.004314899444580078, -0.013374030590057373, 0.024287760257720947, -0.00027470849454402924, -0.002840586006641388, 0.0023493990302085876, -0.03212404251098633]",0.0002618566505
20260529_wam_gru_no_future_single_demo_overfit_lr0p001_seed0,wam_gru_dinov2s_no_future,eval_same_demo_teacher_forced,datasets/libero_spatial/pick_up_the_black_bowl_from_table_center_and_place_it_on_the_plate_demo.hdf5:data/demo_0,13,17,3,"[0.4312500059604645, 0.1339285671710968, -0.675000011920929, 0.023571427911520004, -0.07392857223749161, -0.0, -1.0]","[0.4805104434490204, 0.12976574897766113, -0.6510072946548462, 0.01602623239159584, -0.05605354905128479, -0.006965272128582001, -1.0161586999893188]",1.29056561,1.306738615,-1,-1.0161587,0.9989788532,"[0.04926043748855591, -0.004162818193435669, 0.023992717266082764, -0.007545195519924164, 0.017875023186206818, -0.006965272128582001, -0.016158699989318848]",0.0005293764407
20260529_wam_gru_no_future_single_demo_overfit_lr0p001_seed0,wam_gru_dinov2s_no_future,eval_same_demo_teacher_forced,datasets/libero_spatial/pick_up_the_black_bowl_from_table_center_and_place_it_on_the_plate_demo.hdf5:data/demo_0,14,15,0,"[0.5732142925262451, 0.12857143580913544, -0.5089285969734192, 0.003214285708963871, -0.02678571455180645, -0.0, -1.0]","[0.5695405602455139, 0.11224349588155746, -0.49734190106391907, 0.009806867688894272, -0.036047205328941345, 0.00852961465716362, -1.0229436159133911]",1.266823292,1.277578115,-1,-1.022943616,0.9996827841,"[-0.003673732280731201, -0.016327939927577972, 0.011586695909500122, 0.006592581979930401, -0.009261490777134895, 0.00852961465716362, -0.022943615913391113]",0.0001632500935
20260529_wam_gru_no_future_single_demo_overfit_lr0p001_seed0,wam_gru_dinov2s_no_future,eval_same_demo_teacher_forced,datasets/libero_spatial/pick_up_the_black_bowl_from_table_center_and_place_it_on_the_plate_demo.hdf5:data/demo_0,14,16,1,"[0.5062500238418579, 0.13124999403953552, -0.5946428775787354, 0.013928571715950966, -0.04928571358323097, -0.0, -1.0]","[0.5229178071022034, 0.12042210251092911, -0.5675868391990662, 0.007631603628396988, -0.048514652997255325, -0.010199133306741714, -1.0130367279052734]",1.276612282,1.280179143,-1,-1.013036728,0.9995629191,"[0.01666778326034546, -0.010827891528606415, 0.02705603837966919, -0.006296968087553978, 0.000771060585975647, -0.010199133306741714, -0.013036727905273438]",0.0002059017716
20260529_wam_gru_no_future_single_demo_overfit_lr0p001_seed0,wam_gru_dinov2s_no_future,eval_same_demo_teacher_forced,datasets/libero_spatial/pick_up_the_black_bowl_from_table_center_and_place_it_on_the_plate_demo.hdf5:data/demo_0,14,17,2,"[0.4312500059604645, 0.1339285671710968, -0.675000011920929, 0.023571427911520004, -0.07392857223749161, -0.0, -1.0]","[0.4677329659461975, 0.13214111328125, -0.6440976858139038, 0.0169832743704319, -0.07060427963733673, -0.002552703022956848, -1.027950644493103]",1.29056561,1.308839083,-1,-1.027950644,0.9991719127,"[0.03648295998573303, -0.0017874538898468018, 0.030902326107025146, -0.006588153541088104, 0.0033242926001548767, -0.002552703022956848, -0.027950644493103027]",0.0004473378067
20260529_wam_gru_no_future_single_demo_overfit_lr0p001_seed0,wam_gru_dinov2s_no_future,eval_same_demo_teacher_forced,datasets/libero_spatial/pick_up_the_black_bowl_from_table_center_and_place_it_on_the_plate_demo.hdf5:data/demo_0,14,18,3,"[0.4258928596973419, 0.14196428656578064, -0.75, 0.02678571455180645, -0.0803571417927742, -0.006428571417927742, -1.0]","[0.4383440315723419, 0.137068510055542, -0.7218600511550903, 0.02325877919793129, -0.07632191479206085, -0.010070540010929108, -1.0248221158981323]",1.330884814,1.337438941,-1,-1.024822116,0.9995546341,"[0.012451171875, -0.0048957765102386475, 0.028139948844909668, -0.0035269353538751602, 0.004035227000713348, -0.0036419685930013657, -0.024822115898132324]",0.0002327115508
20260529_wam_gru_no_future_single_demo_overfit_lr0p001_seed0,wam_gru_dinov2s_no_future,eval_same_demo_teacher_forced,datasets/libero_spatial/pick_up_the_black_bowl_from_table_center_and_place_it_on_the_plate_demo.hdf5:data/demo_0,15,16,0,"[0.5062500238418579, 0.13124999403953552, -0.5946428775787354, 0.013928571715950966, -0.04928571358323097, -0.0, -1.0]","[0.5105555057525635, 0.13830940425395966, -0.5966989398002625, 0.01362689957022667, -0.05900755524635315, -0.00031724199652671814, -1.0252915620803833]",1.276612282,1.300283194,-1,-1.025291562,0.999925673,"[0.004305481910705566, 0.007059410214424133, -0.0020560622215270996, -0.00030167214572429657, -0.009721841663122177, -0.00031724199652671814, -0.0252915620803833]",0.0001152812547
20260529_wam_gru_no_future_single_demo_overfit_lr0p001_seed0,wam_gru_dinov2s_no_future,eval_same_demo_teacher_forced,datasets/libero_spatial/pick_up_the_black_bowl_from_table_center_and_place_it_on_the_plate_demo.hdf5:data/demo_0,15,17,1,"[0.4312500059604645, 0.1339285671710968, -0.675000011920929, 0.023571427911520004, -0.07392857223749161, -0.0, -1.0]","[0.4689434766769409, 0.14372658729553223, -0.675072968006134, 0.009911961853504181, -0.06498979032039642, -0.016690600663423538, -1.0312674045562744]",1.29056561,1.328307867,-1,-1.031267405,0.9995289445,"[0.03769347071647644, 0.009798020124435425, -7.295608520507812e-05, -0.013659466058015823, 0.008938781917095184, -0.016690600663423538, -0.031267404556274414]",0.0004342162574
20260529_wam_gru_no_future_single_demo_overfit_lr0p001_seed0,wam_gru_dinov2s_no_future,eval_same_demo_teacher_forced,datasets/libero_spatial/pick_up_the_black_bowl_from_table_center_and_place_it_on_the_plate_demo.hdf5:data/demo_0,15,18,2,"[0.4258928596973419, 0.14196428656578064, -0.75, 0.02678571455180645, -0.0803571417927742, -0.006428571417927742, -1.0]","[0.41925203800201416, 0.1337740123271942, -0.7279697060585022, 0.02314867451786995, -0.07619911432266235, -0.020049169659614563, -1.0467913150787354]",1.330884814,1.351341486,-1,-1.046791315,0.9992818832,"[-0.006640821695327759, -0.008190274238586426, 0.022030293941497803, -0.0036370400339365005, 0.004158027470111847, -0.013620598241686821, -0.04679131507873535]",0.0004288542841
20260529_wam_gru_no_future_single_demo_overfit_lr0p001_seed0,wam_gru_dinov2s_no_future,eval_same_demo_teacher_forced,datasets/libero_spatial/pick_up_the_black_bowl_from_table_center_and_place_it_on_the_plate_demo.hdf5:data/demo_0,15,19,3,"[0.4124999940395355, 0.13124999403953552, -0.7982142567634583, 0.031071428209543228, -0.07928571105003357, -0.02250000089406967, -1.0]","[0.383793443441391, 0.12709961831569672, -0.7885712385177612, 0.03139695152640343, -0.07943116128444672, -0.018891073763370514, -1.0377581119537354]",1.353619814,1.36743927,-1,-1.037758112,0.9994106293,"[-0.02870655059814453, -0.004150375723838806, 0.009643018245697021, 0.000325523316860199, -0.00014545023441314697, 0.0036089271306991577, -0.03775811195373535]",0.0003390151251
20260529_wam_gru_no_future_single_demo_overfit_lr0p001_seed0,wam_gru_dinov2s_no_future,eval_same_demo_teacher_forced,datasets/libero_spatial/pick_up_the_black_bowl_from_table_center_and_place_it_on_the_plate_demo.hdf5:data/demo_0,16,17,0,"[0.4312500059604645, 0.1339285671710968, -0.675000011920929, 0.023571427911520004, -0.07392857223749161, -0.0, -1.0]","[0.47511643171310425, 0.14589709043502808, -0.660738468170166, 0.020455580204725266, -0.06726792454719543, -0.008740436285734177, -1.0274499654769897]",1.29056561,1.320708156,-1,-1.027449965,0.9993411303,"[0.04386642575263977, 0.011968523263931274, 0.01426154375076294, -0.0031158477067947388, 0.006660647690296173, -0.008740436285734177, -0.027449965476989746]",0.0004506955738
20260529_wam_gru_no_future_single_demo_overfit_lr0p001_seed0,wam_gru_dinov2s_no_future,eval_same_demo_teacher_forced,datasets/libero_spatial/pick_up_the_black_bowl_from_table_center_and_place_it_on_the_plate_demo.hdf5:data/demo_0,16,18,1,"[0.4258928596973419, 0.14196428656578064, -0.75, 0.02678571455180645, -0.0803571417927742, -0.006428571417927742, -1.0]","[0.4212002754211426, 0.13926684856414795, -0.7434260249137878, 0.02278647944331169, -0.07242216169834137, -0.02245521917939186, -1.0384547710418701]",1.330884814,1.354305744,-1,-1.038454771,0.9996287227,"[-0.004692584276199341, -0.0026974380016326904, 0.006573975086212158, -0.003999235108494759, 0.00793498009443283, -0.01602664776146412, -0.03845477104187012]",0.0002695848816
20260529_wam_gru_no_future_single_demo_overfit_lr0p001_seed0,wam_gru_dinov2s_no_future,eval_same_demo_teacher_forced,datasets/libero_spatial/pick_up_the_black_bowl_from_table_center_and_place_it_on_the_plate_demo.hdf5:data/demo_0,16,19,2,"[0.4124999940395355, 0.13124999403953552, -0.7982142567634583, 0.031071428209543228, -0.07928571105003357, -0.02250000089406967, -1.0]","[0.368428111076355, 0.1218850314617157, -0.7903801202774048, 0.04090492054820061, -0.07081447541713715, -0.033881962299346924, -1.0279539823532104]",1.353619814,1.356400132,-1,-1.027953982,0.9991385937,"[-0.04407188296318054, -0.009364962577819824, 0.007834136486053467, 0.00983349233865738, 0.008471235632896423, -0.011381961405277252, -0.02795398235321045]",0.0004529771977
20260529_wam_gru_no_future_single_demo_overfit_lr0p001_seed0,wam_gru_dinov2s_no_future,eval_same_demo_teacher_forced,datasets/libero_spatial/pick_up_the_black_bowl_from_table_center_and_place_it_on_the_plate_demo.hdf5:data/demo_0,16,20,3,"[0.3080357015132904, 0.07232142984867096, -0.84375, 0.04821428656578064, -0.05892857164144516, -0.0535714291036129, -1.0]","[0.31929823756217957, 0.08617755770683289, -0.8369165658950806, 0.04817894473671913, -0.07444190979003906, -0.042330630123615265, -1.0230613946914673]",1.349332213,1.366058707,-1,-1.023061395,0.9997330308,"[0.01126253604888916, 0.013856127858161926, 0.006833434104919434, -3.534182906150818e-05, -0.015513338148593903, 0.011240798979997635, -0.023061394691467285]",0.0001806258952
20260529_wam_gru_no_future_single_demo_overfit_lr0p001_seed0,wam_gru_dinov2s_no_future,eval_same_demo_teacher_forced,datasets/libero_spatial/pick_up_the_black_bowl_from_table_center_and_place_it_on_the_plate_demo.hdf5:data/demo_0,17,18,0,"[0.4258928596973419, 0.14196428656578064, -0.75, 0.02678571455180645, -0.0803571417927742, -0.006428571417927742, -1.0]","[0.428413063287735, 0.1458379179239273, -0.7290439605712891, 0.029113072901964188, -0.07647740840911865, -0.0036690831184387207, -1.005210280418396]",1.330884814,1.324186206,-1,-1.00521028,0.9998664856,"[0.0025202035903930664, 0.0038736313581466675, 0.020956039428710938, 0.0023273583501577377, 0.003879733383655548, 0.0027594882994890213, -0.005210280418395996]",7.367753278e-05
20260529_wam_gru_no_future_single_demo_overfit_lr0p001_seed0,wam_gru_dinov2s_no_future,eval_same_demo_teacher_forced,datasets/libero_spatial/pick_up_the_black_bowl_from_table_center_and_place_it_on_the_plate_demo.hdf5:data/demo_0,17,19,1,"[0.4124999940395355, 0.13124999403953552, -0.7982142567634583, 0.031071428209543228, -0.07928571105003357, -0.02250000089406967, -1.0]","[0.38439303636550903, 0.1299656629562378, -0.7945557832717896, 0.03751462325453758, -0.08212396502494812, -0.04351504519581795, -1.0164458751678467]",1.353619814,1.356161952,-1,-1.016445875,0.9995751977,"[-0.02810695767402649, -0.0012843310832977295, 0.003658473491668701, 0.006443195044994354, -0.0028382539749145508, -0.021015044301748276, -0.01644587516784668]",0.0002238148882
20260529_wam_gru_no_future_single_demo_overfit_lr0p001_seed0,wam_gru_dinov2s_no_future,eval_same_demo_teacher_forced,datasets/libero_spatial/pick_up_the_black_bowl_from_table_center_and_place_it_on_the_plate_demo.hdf5:data/demo_0,17,20,2,"[0.3080357015132904, 0.07232142984867096, -0.84375, 0.04821428656578064, -0.05892857164144516, -0.0535714291036129, -1.0]","[0.3173944354057312, 0.09221884608268738, -0.8331857919692993, 0.046085577458143234, -0.06071586534380913, -0.04337030649185181, -1.0311386585235596]",1.349332213,1.369080067,-1,-1.031138659,0.9996518493,"[0.009358733892440796, 0.01989741623401642, 0.010564208030700684, -0.0021287091076374054, -0.001787293702363968, 0.010201122611761093, -0.03113865852355957]",0.0002395000483
20260529_wam_gru_no_future_single_demo_overfit_lr0p001_seed0,wam_gru_dinov2s_no_future,eval_same_demo_teacher_forced,datasets/libero_spatial/pick_up_the_black_bowl_from_table_center_and_place_it_on_the_plate_demo.hdf5:data/demo_0,17,21,3,"[0.2276785671710968, 0.03482142835855484, -0.8812500238418579, 0.055714286863803864, -0.03857142850756645, -0.061071429401636124, -1.0]","[0.26512786746025085, 0.06215517967939377, -0.8709293603897095, 0.05456433817744255, -0.06478194147348404, -0.06632214039564133, -1.0360442399978638]",1.355718613,1.384786725,-1,-1.03604424,0.9990876317,"[0.03744930028915405, 0.027333751320838928, 0.010320663452148438, -0.0011499486863613129, -0.026210512965917587, -0.005250710994005203, -0.03604423999786377]",0.000610167277
20260529_wam_gru_no_future_single_demo_overfit_lr0p001_seed0,wam_gru_dinov2s_no_future,eval_same_demo_teacher_forced,datasets/libero_spatial/pick_up_the_black_bowl_from_table_center_and_place_it_on_the_plate_demo.hdf5:data/demo_0,18,19,0,"[0.4124999940395355, 0.13124999403953552, -0.7982142567634583, 0.031071428209543228, -0.07928571105003357, -0.02250000089406967, -1.0]","[0.3992025852203369, 0.13724517822265625, -0.7813230752944946, 0.034684810787439346, -0.06042587757110596, -0.014788828790187836, -0.993705689907074]",1.353619814,1.334611773,-1,-0.9937056899,0.9998326898,"[-0.013297408819198608, 0.0059951841831207275, 0.016891181468963623, 0.003613382577896118, 0.018859833478927612, 0.007711172103881836, 0.006294310092926025]",0.000137986528
20260529_wam_gru_no_future_single_demo_overfit_lr0p001_seed0,wam_gru_dinov2s_no_future,eval_same_demo_teacher_forced,datasets/libero_spatial/pick_up_the_black_bowl_from_table_center_and_place_it_on_the_plate_demo.hdf5:data/demo_0,18,20,1,"[0.3080357015132904, 0.07232142984867096, -0.84375, 0.04821428656578064, -0.05892857164144516, -0.0535714291036129, -1.0]","[0.34232234954833984, 0.09675785154104233, -0.8289707899093628, 0.04899066314101219, -0.07098431885242462, -0.05168807879090309, -1.010735034942627]",1.349332213,1.358467937,-1,-1.010735035,0.9994074702,"[0.03428664803504944, 0.02443642169237137, 0.014779210090637207, 0.0007763765752315521, -0.012055747210979462, 0.0018833503127098083, -0.010735034942626953]",0.0003222671221
20260529_wam_gru_no_future_single_demo_overfit_lr0p001_seed0,wam_gru_dinov2s_no_future,eval_same_demo_teacher_forced,datasets/libero_spatial/pick_up_the_black_bowl_from_table_center_and_place_it_on_the_plate_demo.hdf5:data/demo_0,18,21,2,"[0.2276785671710968, 0.03482142835855484, -0.8812500238418579, 0.055714286863803864, -0.03857142850756645, -0.061071429401636124, -1.0]","[0.2594105005264282, 0.05115214362740517, -0.8624592423439026, 0.051114555448293686, -0.061009589582681656, -0.055512815713882446, -1.0294007062911987]",1.355718613,1.372162104,-1,-1.029400706,0.9992538095,"[0.03173193335533142, 0.016330715268850327, 0.018790781497955322, -0.004599731415510178, -0.022438161075115204, 0.005558613687753677, -0.02940070629119873]",0.000435232796
20260529_wam_gru_no_future_single_demo_overfit_lr0p001_seed0,wam_gru_dinov2s_no_future,eval_same_demo_teacher_forced,datasets/libero_spatial/pick_up_the_black_bowl_from_table_center_and_place_it_on_the_plate_demo.hdf5:data/demo_0,18,22,3,"[0.2008928507566452, 0.04553571343421936, -0.9321428537368774, 0.046071428805589676, -0.03857142850756645, -0.06535714119672775, -1.0]","[0.1993672251701355, 0.04382840543985367, -0.9116982221603394, 0.051257114857435226, -0.051725659519433975, -0.0729377493262291, -1.0029863119125366]",1.385353208,1.374578595,-1,-1.002986312,0.9998493791,"[-0.0015256255865097046, -0.0017073079943656921, 0.020444631576538086, 0.0051856860518455505, -0.013154231011867523, -0.007580608129501343, -0.002986311912536621]",9.850489005e-05
20260529_wam_gru_no_future_single_demo_overfit_lr0p001_seed0,wam_gru_dinov2s_no_future,eval_same_demo_teacher_forced,datasets/libero_spatial/pick_up_the_black_bowl_from_table_center_and_place_it_on_the_plate_demo.hdf5:data/demo_0,19,20,0,"[0.3080357015132904, 0.07232142984867096, -0.84375, 0.04821428656578064, -0.05892857164144516, -0.0535714291036129, -1.0]","[0.3100194036960602, 0.08903258293867111, -0.8361899852752686, 0.0405646376311779, -0.059164464473724365, -0.05420435220003128, -1.0297787189483643]",1.349332213,1.368130445,-1,-1.029778719,0.9997473359,"[0.0019837021827697754, 0.016711153090000153, 0.007560014724731445, -0.007649648934602737, -0.00023589283227920532, -0.0006329230964183807, -0.029778718948364258]",0.0001837281452
20260529_wam_gru_no_future_single_demo_overfit_lr0p001_seed0,wam_gru_dinov2s_no_future,eval_same_demo_teacher_forced,datasets/libero_spatial/pick_up_the_black_bowl_from_table_center_and_place_it_on_the_plate_demo.hdf5:data/demo_0,19,21,1,"[0.2276785671710968, 0.03482142835855484, -0.8812500238418579, 0.055714286863803864, -0.03857142850756645, -0.061071429401636124, -1.0]","[0.2503833770751953, 0.06358404457569122, -0.8763917684555054, 0.055150870233774185, -0.04715171828866005, -0.06391991674900055, -0.9974368214607239]",1.355718613,1.356107712,-1,-0.9974368215,0.9996044636,"[0.02270480990409851, 0.028762616217136383, 0.004858255386352539, -0.0005634166300296783, -0.008580289781093597, -0.0028484873473644257, 0.002563178539276123]",0.0002078602411
20260529_wam_gru_no_future_single_demo_overfit_lr0p001_seed0,wam_gru_dinov2s_no_future,eval_same_demo_teacher_forced,datasets/libero_spatial/pick_up_the_black_bowl_from_table_center_and_place_it_on_the_plate_demo.hdf5:data/demo_0,19,22,2,"[0.2008928507566452, 0.04553571343421936, -0.9321428537368774, 0.046071428805589676, -0.03857142850756645, -0.06535714119672775, -1.0]","[0.18719613552093506, 0.028965193778276443, -0.9130999445915222, 0.0475776307284832, -0.037649501115083694, -0.08858123421669006, -0.9991978406906128]",1.385353208,1.370969296,-1,-0.9991978407,0.999694407,"[-0.013696715235710144, -0.016570519655942917, 0.019042909145355225, 0.0015062019228935242, 0.0009219273924827576, -0.02322409301996231, 0.000802159309387207]",0.000195419314
20260529_wam_gru_no_future_single_demo_overfit_lr0p001_seed0,wam_gru_dinov2s_no_future,eval_same_demo_teacher_forced,datasets/libero_spatial/pick_up_the_black_bowl_from_table_center_and_place_it_on_the_plate_demo.hdf5:data/demo_0,19,23,3,"[0.0669642835855484, 0.008035714738070965, -0.9375, 0.04178571328520775, -0.04821428656578064, -0.0771428570151329, -1.0]","[0.08105668425559998, 0.02223137766122818, -0.9281975030899048, 0.04720650240778923, -0.046797558665275574, -0.0782313272356987, -1.0331321954727173]",1.376036644,1.395175934,-1,-1.033132195,0.999674201,"[0.014092400670051575, 0.014195662923157215, 0.009302496910095215, 0.005420789122581482, 0.001416727900505066, -0.001088470220565796, -0.033132195472717285]",0.000230995458
20260529_wam_gru_no_future_single_demo_overfit_lr0p001_seed0,wam_gru_dinov2s_no_future,eval_same_demo_teacher_forced,datasets/libero_spatial/pick_up_the_black_bowl_from_table_center_and_place_it_on_the_plate_demo.hdf5:data/demo_0,20,21,0,"[0.2276785671710968, 0.03482142835855484, -0.8812500238418579, 0.055714286863803864, -0.03857142850756645, -0.061071429401636124, -1.0]","[0.2463337928056717, 0.05391322821378708, -0.8878504633903503, 0.04093929007649422, -0.05087113380432129, -0.06491215527057648, -1.004736065864563]",1.355718613,1.367419958,-1,-1.004736066,0.9997234344,"[0.01865522563457489, 0.01909179985523224, -0.006600439548492432, -0.014774996787309647, -0.012299705296754837, -0.0038407258689403534, -0.004736065864562988]",0.0001661206916
20260529_wam_gru_no_future_single_demo_overfit_lr0p001_seed0,wam_gru_dinov2s_no_future,eval_same_demo_teacher_forced,datasets/libero_spatial/pick_up_the_black_bowl_from_table_center_and_place_it_on_the_plate_demo.hdf5:data/demo_0,20,22,1,"[0.2008928507566452, 0.04553571343421936, -0.9321428537368774, 0.046071428805589676, -0.03857142850756645, -0.06535714119672775, -1.0]","[0.16947753727436066, 0.03462029993534088, -0.9214250445365906, 0.04157991334795952, -0.046477872878313065, -0.0788489431142807, -1.0118582248687744]",1.385353208,1.38307941,-1,-1.011858225,0.9995770454,"[-0.031415313482284546, -0.010915413498878479, 0.010717809200286865, -0.0044915154576301575, -0.007906444370746613, -0.013491801917552948, -0.011858224868774414]",0.0002323244844
20260529_wam_gru_no_future_single_demo_overfit_lr0p001_seed0,wam_gru_dinov2s_no_future,eval_same_demo_teacher_forced,datasets/libero_spatial/pick_up_the_black_bowl_from_table_center_and_place_it_on_the_plate_demo.hdf5:data/demo_0,20,23,2,"[0.0669642835855484, 0.008035714738070965, -0.9375, 0.04178571328520775, -0.04821428656578064, -0.0771428570151329, -1.0]","[0.07241055369377136, 0.00997689738869667, -0.9286969304084778, 0.03445258364081383, -0.054944660514593124, -0.060473233461380005, -1.0276132822036743]",1.376036644,1.389846325,-1,-1.027613282,0.999722898,"[0.005446270108222961, 0.0019411826506257057, 0.008803069591522217, -0.007333129644393921, -0.006730373948812485, 0.0166696235537529, -0.027613282203674316]",0.0001786238136
20260529_wam_gru_no_future_single_demo_overfit_lr0p001_seed0,wam_gru_dinov2s_no_future,eval_same_demo_teacher_forced,datasets/libero_spatial/pick_up_the_black_bowl_from_table_center_and_place_it_on_the_plate_demo.hdf5:data/demo_0,20,24,3,"[0.0, 0.0, -0.9375, 0.03214285895228386, -0.04714285582304001, -0.06321428716182709, -1.0]","[-0.005125763826072216, -0.0007557496428489685, -0.9343371391296387, 0.02993107959628105, -0.049022428691387177, -0.0641128346323967, -1.0031617879867554]",1.373374701,1.373592257,-1,-1.003161788,0.9999850988,"[-0.005125763826072216, -0.0007557496428489685, 0.003162860870361328, -0.0022117793560028076, -0.001879572868347168, -0.0008985474705696106, -0.003161787986755371]",8.01105034e-06
20260529_wam_gru_no_future_single_demo_overfit_lr0p001_seed0,wam_gru_dinov2s_no_future,eval_same_demo_teacher_forced,datasets/libero_spatial/pick_up_the_black_bowl_from_table_center_and_place_it_on_the_plate_demo.hdf5:data/demo_0,21,22,0,"[0.2008928507566452, 0.04553571343421936, -0.9321428537368774, 0.046071428805589676, -0.03857142850756645, -0.06535714119672775, -1.0]","[0.17707069218158722, 0.043053530156612396, -0.9176030158996582, 0.04483834281563759, -0.05223402380943298, -0.07259813696146011, -1.007347822189331]",1.385353208,1.378391027,-1,-1.007347822,0.9997301102,"[-0.023822158575057983, -0.002482183277606964, 0.014539837837219238, -0.0012330859899520874, -0.013662595301866531, -0.007240995764732361, -0.007347822189331055]",0.00015423898
20260529_wam_gru_no_future_single_demo_overfit_lr0p001_seed0,wam_gru_dinov2s_no_future,eval_same_demo_teacher_forced,datasets/libero_spatial/pick_up_the_black_bowl_from_table_center_and_place_it_on_the_plate_demo.hdf5:data/demo_0,21,23,1,"[0.0669642835855484, 0.008035714738070965, -0.9375, 0.04178571328520775, -0.04821428656578064, -0.0771428570151329, -1.0]","[0.10071597248315811, 0.022116780281066895, -0.9393078684806824, 0.03764715418219566, -0.05324346199631691, -0.07921868562698364, -1.0409924983978271]",1.376036644,1.40965426,-1,-1.040992498,0.9995005131,"[0.03375168889760971, 0.01408106554299593, -0.001807868480682373, -0.004138559103012085, -0.00502917543053627, -0.0020758286118507385, -0.04099249839782715]",0.0004382622719
20260529_wam_gru_no_future_single_demo_overfit_lr0p001_seed0,wam_gru_dinov2s_no_future,eval_same_demo_teacher_forced,datasets/libero_spatial/pick_up_the_black_bowl_from_table_center_and_place_it_on_the_plate_demo.hdf5:data/demo_0,21,24,2,"[0.0, 0.0, -0.9375, 0.03214285895228386, -0.04714285582304001, -0.06321428716182709, -1.0]","[-0.0025672325864434242, 0.003891694825142622, -0.9301045536994934, 0.03465889021754265, -0.062100302428007126, -0.05233803391456604, -1.0378953218460083]",1.373374701,1.396474123,-1,-1.037895322,0.9996538758,"[-0.0025672325864434242, 0.003891694825142622, 0.007395446300506592, 0.002516031265258789, -0.014957446604967117, 0.010876253247261047, -0.0378953218460083]",0.0002658331941
20260529_wam_gru_no_future_single_demo_overfit_lr0p001_seed0,wam_gru_dinov2s_no_future,eval_same_demo_teacher_forced,datasets/libero_spatial/pick_up_the_black_bowl_from_table_center_and_place_it_on_the_plate_demo.hdf5:data/demo_0,21,25,3,"[-0.0803571417927742, 0.0, -0.9375, 0.019285714253783226, -0.051428571343421936, -0.04500000178813934, -1.0]","[-0.06422063708305359, 0.012896806001663208, -0.9400430917739868, 0.01944209262728691, -0.06203304976224899, -0.05012405663728714, -1.0384842157363892]",1.37492013,1.404691935,-1,-1.038484216,0.9996979833,"[0.01613650470972061, 0.012896806001663208, -0.0025430917739868164, 0.000156378373503685, -0.010604478418827057, -0.005124054849147797, -0.03848421573638916]",0.000293278863
20260529_wam_gru_no_future_single_demo_overfit_lr0p001_seed0,wam_gru_dinov2s_no_future,eval_same_demo_teacher_forced,datasets/libero_spatial/pick_up_the_black_bowl_from_table_center_and_place_it_on_the_plate_demo.hdf5:data/demo_0,22,23,0,"[0.0669642835855484, 0.008035714738070965, -0.9375, 0.04178571328520775, -0.04821428656578064, -0.0771428570151329, -1.0]","[0.08663065731525421, 0.019459297880530357, -0.9230954051017761, 0.03286055102944374, -0.04135587811470032, -0.06822250038385391, -1.0330015420913696]",1.376036644,1.390872121,-1,-1.033001542,0.999529779,"[0.01966637372970581, 0.011423583142459393, 0.014404594898223877, -0.008925162255764008, 0.006858408451080322, 0.008920356631278992, -0.03300154209136963]",0.0002885896829
20260529_wam_gru_no_future_single_demo_overfit_lr0p001_seed0,wam_gru_dinov2s_no_future,eval_same_demo_teacher_forced,datasets/libero_spatial/pick_up_the_black_bowl_from_table_center_and_place_it_on_the_plate_demo.hdf5:data/demo_0,22,24,1,"[0.0, 0.0, -0.9375, 0.03214285895228386, -0.04714285582304001, -0.06321428716182709, -1.0]","[0.010099099017679691, 0.0046777911484241486, -0.9366317391395569, 0.02780921384692192, -0.05239180102944374, -0.06643764674663544, -1.0050060749053955]",1.373374701,1.376725197,-1,-1.005006075,0.9999483824,"[0.010099099017679691, 0.0046777911484241486, 0.0008682608604431152, -0.0043336451053619385, -0.005248945206403732, -0.0032233595848083496, -0.005006074905395508]",2.94871661e-05
20260529_wam_gru_no_future_single_demo_overfit_lr0p001_seed0,wam_gru_dinov2s_no_future,eval_same_demo_teacher_forced,datasets/libero_spatial/pick_up_the_black_bowl_from_table_center_and_place_it_on_the_plate_demo.hdf5:data/demo_0,22,25,2,"[-0.0803571417927742, 0.0, -0.9375, 0.019285714253783226, -0.051428571343421936, -0.04500000178813934, -1.0]","[-0.0831184983253479, -0.010162349790334702, -0.9151197075843811, 0.015488799661397934, -0.05561026558279991, -0.05090448260307312, -0.9942648410797119]",1.37492013,1.356076121,-1,-0.9942648411,0.9999043941,"[-0.0027613565325737, -0.010162349790334702, 0.022380292415618896, -0.003796914592385292, -0.0041816942393779755, -0.005904480814933777, 0.005735158920288086]",0.0001016334354
20260529_wam_gru_no_future_single_demo_overfit_lr0p001_seed0,wam_gru_dinov2s_no_future,eval_same_demo_teacher_forced,datasets/libero_spatial/pick_up_the_black_bowl_from_table_center_and_place_it_on_the_plate_demo.hdf5:data/demo_0,22,26,3,"[-0.1607142835855484, 0.0026785715017467737, -0.9375, 0.0010714285308495164, -0.062142856419086456, -0.034285712987184525, -1.0]","[-0.15071965754032135, 0.03503391146659851, -0.9319837093353271, 0.00927942618727684, -0.07569614052772522, -0.03805366903543472, -1.0287578105926514]",1.381948233,1.399337053,-1,-1.028757811,0.999491334,"[0.00999462604522705, 0.03235533833503723, 0.0055162906646728516, 0.008207997307181358, -0.013553284108638763, -0.0037679560482501984, -0.028757810592651367]",0.0003242088424
20260529_wam_gru_no_future_single_demo_overfit_lr0p001_seed0,wam_gru_dinov2s_no_future,eval_same_demo_teacher_forced,datasets/libero_spatial/pick_up_the_black_bowl_from_table_center_and_place_it_on_the_plate_demo.hdf5:data/demo_0,23,24,0,"[0.0, 0.0, -0.9375, 0.03214285895228386, -0.04714285582304001, -0.06321428716182709, -1.0]","[-0.0010515041649341583, 0.008584624156355858, -0.9499411582946777, 0.022436726838350296, -0.042578935623168945, -0.05462000519037247, -1.0095843076705933]",1.373374701,1.388172626,-1,-1.009584308,0.9999234676,"[-0.0010515041649341583, 0.008584624156355858, -0.012441158294677734, -0.009706132113933563, 0.004563920199871063, 0.00859428197145462, -0.009584307670593262]",7.29061212e-05
20260529_wam_gru_no_future_single_demo_overfit_lr0p001_seed0,wam_gru_dinov2s_no_future,eval_same_demo_teacher_forced,datasets/libero_spatial/pick_up_the_black_bowl_from_table_center_and_place_it_on_the_plate_demo.hdf5:data/demo_0,23,25,1,"[-0.0803571417927742, 0.0, -0.9375, 0.019285714253783226, -0.051428571343421936, -0.04500000178813934, -1.0]","[-0.08599376678466797, 0.01549047976732254, -0.943090558052063, 0.020128410309553146, -0.06124525144696236, -0.057101067155599594, -1.005692720413208]",1.37492013,1.384156466,-1,-1.00569272,0.9998703003,"[-0.005636624991893768, 0.01549047976732254, -0.005590558052062988, 0.0008426960557699203, -0.00981668010354042, -0.01210106536746025, -0.005692720413208008]",8.270014223e-05
20260529_wam_gru_no_future_single_demo_overfit_lr0p001_seed0,wam_gru_dinov2s_no_future,eval_same_demo_teacher_forced,datasets/libero_spatial/pick_up_the_black_bowl_from_table_center_and_place_it_on_the_plate_demo.hdf5:data/demo_0,23,26,2,"[-0.1607142835855484, 0.0026785715017467737, -0.9375, 0.0010714285308495164, -0.062142856419086456, -0.034285712987184525, -1.0]","[-0.15116983652114868, 0.0058985683135688305, -0.9157516956329346, -0.002162668853998184, -0.06880190968513489, -0.03476665914058685, -1.034881353378296]",1.381948233,1.392269611,-1,-1.034881353,0.9995479584,"[0.00954444706439972, 0.0032199968118220568, 0.02174830436706543, -0.0032340972684323788, -0.006659053266048431, -0.0004809461534023285, -0.0348813533782959]",0.0002637422876
20260529_wam_gru_no_future_single_demo_overfit_lr0p001_seed0,wam_gru_dinov2s_no_future,eval_same_demo_teacher_forced,datasets/libero_spatial/pick_up_the_black_bowl_from_table_center_and_place_it_on_the_plate_demo.hdf5:data/demo_0,23,27,3,"[-0.21964286267757416, 0.05089285597205162, -0.9375, 0.0, -0.07392857223749161, -0.02142857201397419, -1.0]","[-0.20606639981269836, 0.06552992761135101, -0.9210585355758667, -0.0068356432020664215, -0.08666051924228668, -0.022654958069324493, -1.0222948789596558]",1.391281366,1.395802021,-1,-1.022294879,0.9996509552,"[0.013576462864875793, 0.014637071639299393, 0.0164414644241333, -0.0068356432020664215, -0.012731947004795074, -0.0012263860553503036, -0.02229487895965576]",0.000196611436
20260529_wam_gru_no_future_single_demo_overfit_lr0p001_seed0,wam_gru_dinov2s_no_future,eval_same_demo_teacher_forced,datasets/libero_spatial/pick_up_the_black_bowl_from_table_center_and_place_it_on_the_plate_demo.hdf5:data/demo_0,24,25,0,"[-0.0803571417927742, 0.0, -0.9375, 0.019285714253783226, -0.051428571343421936, -0.04500000178813934, -1.0]","[-0.08102801442146301, 0.004108501598238945, -0.9373688101768494, 0.010121632367372513, -0.05147126317024231, -0.046136416494846344, -1.0134819746017456]",1.37492013,1.38465476,-1,-1.013481975,0.9999501705,"[-0.0006708726286888123, 0.004108501598238945, 0.00013118982315063477, -0.009164081886410713, -4.2691826820373535e-05, -0.0011364147067070007, -0.013481974601745605]",4.062633525e-05
20260529_wam_gru_no_future_single_demo_overfit_lr0p001_seed0,wam_gru_dinov2s_no_future,eval_same_demo_teacher_forced,datasets/libero_spatial/pick_up_the_black_bowl_from_table_center_and_place_it_on_the_plate_demo.hdf5:data/demo_0,24,26,1,"[-0.1607142835855484, 0.0026785715017467737, -0.9375, 0.0010714285308495164, -0.062142856419086456, -0.034285712987184525, -1.0]","[-0.15117107331752777, 0.022228948771953583, -0.9340436458587646, 0.008673254400491714, -0.0749591737985611, -0.03885143622756004, -1.0223579406738281]",1.381948233,1.395780683,-1,-1.022357941,0.9997312427,"[0.00954321026802063, 0.019550377503037453, 0.0034563541412353516, 0.00760182598605752, -0.01281631737947464, -0.004565723240375519, -0.022357940673828125]",0.0001754293771
20260529_wam_gru_no_future_single_demo_overfit_lr0p001_seed0,wam_gru_dinov2s_no_future,eval_same_demo_teacher_forced,datasets/libero_spatial/pick_up_the_black_bowl_from_table_center_and_place_it_on_the_plate_demo.hdf5:data/demo_0,24,27,2,"[-0.21964286267757416, 0.05089285597205162, -0.9375, 0.0, -0.07392857223749161, -0.02142857201397419, -1.0]","[-0.20508834719657898, 0.05679147318005562, -0.928298830986023, 0.004320304840803146, -0.07528123259544373, -0.01900782436132431, -1.0513914823532104]",1.391281366,1.420737982,-1,-1.051391482,0.9994609952,"[0.014554515480995178, 0.005898617208003998, 0.00920116901397705, 0.004320304840803146, -0.001352660357952118, 0.0024207476526498795, -0.05139148235321045]",0.0004283897579
20260529_wam_gru_no_future_single_demo_overfit_lr0p001_seed0,wam_gru_dinov2s_no_future,eval_same_demo_teacher_forced,datasets/libero_spatial/pick_up_the_black_bowl_from_table_center_and_place_it_on_the_plate_demo.hdf5:data/demo_0,24,28,3,"[-0.22232143580913544, 0.09910714626312256, -0.9375, 0.0, -0.0803571417927742, -0.011785713955760002, -1.0]","[-0.2167346477508545, 0.11971837282180786, -0.9173119068145752, 0.0009491555392742157, -0.09979167580604553, -0.006176359951496124, -1.0451823472976685]",1.394543529,1.416040659,-1,-1.045182347,0.9992776513,"[0.005586788058280945, 0.020611226558685303, 0.020188093185424805, 0.0009491555392742157, -0.019434534013271332, 0.005609354004263878, -0.04518234729766846]",0.000473586435
20260529_wam_gru_no_future_single_demo_overfit_lr0p001_seed0,wam_gru_dinov2s_no_future,eval_same_demo_teacher_forced,datasets/libero_spatial/pick_up_the_black_bowl_from_table_center_and_place_it_on_the_plate_demo.hdf5:data/demo_0,25,26,0,"[-0.1607142835855484, 0.0026785715017467737, -0.9375, 0.0010714285308495164, -0.062142856419086456, -0.034285712987184525, -1.0]","[-0.1642669141292572, 0.011129794642329216, -0.9362324476242065, 0.0021563954651355743, -0.061714112758636475, -0.030379347503185272, -1.0061147212982178]",1.381948233,1.385872126,-1,-1.006114721,0.9999675751,"[-0.0035526305437088013, 0.008451223373413086, 0.001267552375793457, 0.001084966934286058, 0.0004287436604499817, 0.003906365483999252, -0.0061147212982177734]",1.995164894e-05
20260529_wam_gru_no_future_single_demo_overfit_lr0p001_seed0,wam_gru_dinov2s_no_future,eval_same_demo_teacher_forced,datasets/libero_spatial/pick_up_the_black_bowl_from_table_center_and_place_it_on_the_plate_demo.hdf5:data/demo_0,25,27,1,"[-0.21964286267757416, 0.05089285597205162, -0.9375, 0.0, -0.07392857223749161, -0.02142857201397419, -1.0]","[-0.21356035768985748, 0.04638666659593582, -0.9512333273887634, -0.004281613975763321, -0.08585675060749054, -0.028409037739038467, -0.998100221157074]",1.391281366,1.398930073,-1,-0.9981002212,0.999897182,"[0.006082504987716675, -0.004506189376115799, -0.013733327388763428, -0.004281613975763321, -0.011928178369998932, -0.006980465725064278, 0.0018997788429260254]",6.555094296e-05
20260529_wam_gru_no_future_single_demo_overfit_lr0p001_seed0,wam_gru_dinov2s_no_future,eval_same_demo_teacher_forced,datasets/libero_spatial/pick_up_the_black_bowl_from_table_center_and_place_it_on_the_plate_demo.hdf5:data/demo_0,25,28,2,"[-0.22232143580913544, 0.09910714626312256, -0.9375, 0.0, -0.0803571417927742, -0.011785713955760002, -1.0]","[-0.22724014520645142, 0.09714508056640625, -0.9293609261512756, 0.0055340491235256195, -0.08325923979282379, -0.009726852178573608, -1.019590973854065]",1.394543529,1.404069066,-1,-1.019590974,0.9998900294,"[-0.004918709397315979, -0.0019620656967163086, 0.008139073848724365, 0.0055340491235256195, -0.002902098000049591, 0.0020588617771863937, -0.01959097385406494]",7.448300312e-05
20260529_wam_gru_no_future_single_demo_overfit_lr0p001_seed0,wam_gru_dinov2s_no_future,eval_same_demo_teacher_forced,datasets/libero_spatial/pick_up_the_black_bowl_from_table_center_and_place_it_on_the_plate_demo.hdf5:data/demo_0,25,29,3,"[-0.21160714328289032, 0.1607142835855484, -0.8812500238418579, 0.0, -0.08464285731315613, -0.002142857061699033, -1.0]","[-0.19052594900131226, 0.15859535336494446, -0.8707126379013062, 0.005684729665517807, -0.09625241160392761, -0.005927629768848419, -1.0355494022369385]",1.361755252,1.378871918,-1,-1.035549402,0.9995440245,"[0.021081194281578064, -0.002118930220603943, 0.010537385940551758, 0.005684729665517807, -0.011609554290771484, -0.0037847727071493864, -0.03554940223693848]",0.0002864465059
20260529_wam_gru_no_future_single_demo_overfit_lr0p001_seed0,wam_gru_dinov2s_no_future,eval_same_demo_teacher_forced,datasets/libero_spatial/pick_up_the_black_bowl_from_table_center_and_place_it_on_the_plate_demo.hdf5:data/demo_0,26,27,0,"[-0.21964286267757416, 0.05089285597205162, -0.9375, 0.0, -0.07392857223749161, -0.02142857201397419, -1.0]","[-0.22329328954219818, 0.052539050579071045, -0.940011739730835, -0.008528750389814377, -0.07046765089035034, -0.009921528398990631, -1.0149202346801758]",1.391281366,1.40408051,-1,-1.014920235,0.9999237061,"[-0.0036504268646240234, 0.0016461946070194244, -0.002511739730834961, -0.008528750389814377, 0.003460921347141266, 0.011507043614983559, -0.014920234680175781]",6.601248606e-05
20260529_wam_gru_no_future_single_demo_overfit_lr0p001_seed0,wam_gru_dinov2s_no_future,eval_same_demo_teacher_forced,datasets/libero_spatial/pick_up_the_black_bowl_from_table_center_and_place_it_on_the_plate_demo.hdf5:data/demo_0,26,28,1,"[-0.22232143580913544, 0.09910714626312256, -0.9375, 0.0, -0.0803571417927742, -0.011785713955760002, -1.0]","[-0.22343923151493073, 0.12554243206977844, -0.9287503361701965, -0.018396956846117973, -0.10036507993936539, -0.021929536014795303, -1.0108439922332764]",1.394543529,1.400343299,-1,-1.010843992,0.9995640516,"[-0.001117795705795288, 0.026435285806655884, 0.008749663829803467, -0.018396956846117973, -0.020007938146591187, -0.010143822059035301, -0.010843992233276367]",0.0002479836112
20260529_wam_gru_no_future_single_demo_overfit_lr0p001_seed0,wam_gru_dinov2s_no_future,eval_same_demo_teacher_forced,datasets/libero_spatial/pick_up_the_black_bowl_from_table_center_and_place_it_on_the_plate_demo.hdf5:data/demo_0,26,29,2,"[-0.21160714328289032, 0.1607142835855484, -0.8812500238418579, 0.0, -0.08464285731315613, -0.002142857061699033, -1.0]","[-0.17929643392562866, 0.16503740847110748, -0.8533304333686829, 0.006844278424978256, -0.09632770717144012, 0.014787860214710236, -1.0429205894470215]",1.361755252,1.372874856,-1,-1.042920589,0.9989219308,"[0.03231070935726166, 0.004323124885559082, 0.02791959047317505, 0.006844278424978256, -0.011684849858283997, 0.0169307179749012, -0.042920589447021484]",0.0005934829824
20260529_wam_gru_no_future_single_demo_overfit_lr0p001_seed0,wam_gru_dinov2s_no_future,eval_same_demo_teacher_forced,datasets/libero_spatial/pick_up_the_black_bowl_from_table_center_and_place_it_on_the_plate_demo.hdf5:data/demo_0,26,30,3,"[-0.12857143580913544, 0.18214285373687744, -0.7607142925262451, -0.006428571417927742, -0.07821428775787354, -0.0, -1.0]","[-0.0951642245054245, 0.2211429923772812, -0.7595196962356567, -0.000543888658285141, -0.09819085896015167, -0.007784105837345123, -1.0726099014282227]",1.278495908,1.339785457,-1,-1.072609901,0.9986429214,"[0.03340721130371094, 0.03900013864040375, 0.001194596290588379, 0.005884682759642601, -0.019976571202278137, -0.007784105837345123, -0.07260990142822266]",0.00120070891
20260529_wam_gru_no_future_single_demo_overfit_lr0p001_seed0,wam_gru_dinov2s_no_future,eval_same_demo_teacher_forced,datasets/libero_spatial/pick_up_the_black_bowl_from_table_center_and_place_it_on_the_plate_demo.hdf5:data/demo_0,27,28,0,"[-0.22232143580913544, 0.09910714626312256, -0.9375, 0.0, -0.0803571417927742, -0.011785713955760002, -1.0]","[-0.21890883147716522, 0.11713206022977829, -0.9333010315895081, -0.009792488068342209, -0.08349600434303284, -0.010371170938014984, -1.0047861337661743]",1.394543529,1.396231413,-1,-1.004786134,0.9998762608,"[0.003412604331970215, 0.01802491396665573, 0.004198968410491943, -0.009792488068342209, -0.0031388625502586365, 0.001414543017745018, -0.004786133766174316]",6.926114293e-05
20260529_wam_gru_no_future_single_demo_overfit_lr0p001_seed0,wam_gru_dinov2s_no_future,eval_same_demo_teacher_forced,datasets/libero_spatial/pick_up_the_black_bowl_from_table_center_and_place_it_on_the_plate_demo.hdf5:data/demo_0,27,29,1,"[-0.21160714328289032, 0.1607142835855484, -0.8812500238418579, 0.0, -0.08464285731315613, -0.002142857061699033, -1.0]","[-0.17991586029529572, 0.17398938536643982, -0.8653987646102905, 0.0008962713181972504, -0.09521299600601196, -0.019429568201303482, -1.0023105144500732]",1.361755252,1.351157784,-1,-1.002310514,0.9995281696,"[0.031691282987594604, 0.013275101780891418, 0.015851259231567383, 0.0008962713181972504, -0.010570138692855835, -0.01728671044111252, -0.002310514450073242]",0.0002640754392
20260529_wam_gru_no_future_single_demo_overfit_lr0p001_seed0,wam_gru_dinov2s_no_future,eval_same_demo_teacher_forced,datasets/libero_spatial/pick_up_the_black_bowl_from_table_center_and_place_it_on_the_plate_demo.hdf5:data/demo_0,27,30,2,"[-0.12857143580913544, 0.18214285373687744, -0.7607142925262451, -0.006428571417927742, -0.07821428775787354, -0.0, -1.0]","[-0.11372116208076477, 0.18235547840595245, -0.7515488266944885, -0.0036018528044223785, -0.08445760607719421, 0.005335979163646698, -1.0248956680297852]",1.278495908,1.291741967,-1,-1.024895668,0.9997504354,"[0.014850273728370667, 0.0002126246690750122, 0.009165465831756592, 0.0028267186135053635, -0.006243318319320679, 0.005335979163646698, -0.024895668029785156]",0.0001428311225
20260529_wam_gru_no_future_single_demo_overfit_lr0p001_seed0,wam_gru_dinov2s_no_future,eval_same_demo_teacher_forced,datasets/libero_spatial/pick_up_the_black_bowl_from_table_center_and_place_it_on_the_plate_demo.hdf5:data/demo_0,27,31,3,"[-0.06964285671710968, 0.19285714626312256, -0.6723214387893677, -0.010714286006987095, -0.06321428716182709, -0.0, -1.0]","[-0.04928803816437721, 0.2225438952445984, -0.6716320514678955, -0.015239458531141281, -0.06681403517723083, -0.005973584949970245, -1.053941011428833]",1.223997951,1.272229671,-1,-1.053941011,0.9993744493,"[0.020354818552732468, 0.02968674898147583, 0.000689387321472168, -0.004525172524154186, -0.0035997480154037476, -0.005973584949970245, -0.05394101142883301]",0.0006106926012
20260529_wam_gru_no_future_single_demo_overfit_lr0p001_seed0,wam_gru_dinov2s_no_future,eval_same_demo_teacher_forced,datasets/libero_spatial/pick_up_the_black_bowl_from_table_center_and_place_it_on_the_plate_demo.hdf5:data/demo_0,28,29,0,"[-0.21160714328289032, 0.1607142835855484, -0.8812500238418579, 0.0, -0.08464285731315613, -0.002142857061699033, -1.0]","[-0.1863318830728531, 0.166021928191185, -0.8707610964775085, -0.010373692959547043, -0.08686128258705139, -0.0042182281613349915, -1.020452618598938]",1.361755252,1.367297173,-1,-1.020452619,0.9996558428,"[0.02527526021003723, 0.005307644605636597, 0.010488927364349365, -0.010373692959547043, -0.0022184252738952637, -0.0020753710996359587, -0.02045261859893799]",0.0001874541776
20260529_wam_gru_no_future_single_demo_overfit_lr0p001_seed0,wam_gru_dinov2s_no_future,eval_same_demo_teacher_forced,datasets/libero_spatial/pick_up_the_black_bowl_from_table_center_and_place_it_on_the_plate_demo.hdf5:data/demo_0,28,30,1,"[-0.12857143580913544, 0.18214285373687744, -0.7607142925262451, -0.006428571417927742, -0.07821428775787354, -0.0, -1.0]","[-0.11212380975484848, 0.1979595124721527, -0.7650552988052368, 0.010134413838386536, -0.082844078540802, -0.010594595223665237, -1.0092577934265137]",1.278495908,1.289476156,-1,-1.009257793,0.9997231364,"[0.016447626054286957, 0.01581665873527527, -0.004341006278991699, 0.016562985256314278, -0.004629790782928467, -0.010594595223665237, -0.009257793426513672]",0.000147607876
20260529_wam_gru_no_future_single_demo_overfit_lr0p001_seed0,wam_gru_dinov2s_no_future,eval_same_demo_teacher_forced,datasets/libero_spatial/pick_up_the_black_bowl_from_table_center_and_place_it_on_the_plate_demo.hdf5:data/demo_0,28,31,2,"[-0.06964285671710968, 0.19285714626312256, -0.6723214387893677, -0.010714286006987095, -0.06321428716182709, -0.0, -1.0]","[-0.07480528950691223, 0.18759045004844666, -0.6619800925254822, -0.005801383405923843, -0.06053810939192772, -0.005182966589927673, -1.0043717622756958]",1.223997951,1.221266389,-1,-1.004371762,0.999922812,"[-0.005162432789802551, -0.005266696214675903, 0.010341346263885498, 0.0049129026010632515, 0.0026761777698993683, -0.005182966589927673, -0.004371762275695801]",3.408660268e-05
20260529_wam_gru_no_future_single_demo_overfit_lr0p001_seed0,wam_gru_dinov2s_no_future,eval_same_demo_teacher_forced,datasets/libero_spatial/pick_up_the_black_bowl_from_table_center_and_place_it_on_the_plate_demo.hdf5:data/demo_0,28,32,3,"[-0.06160714104771614, 0.17946428060531616, -0.6214285492897034, -0.011785713955760002, -0.0503571443259716, -0.0, -1.0]","[-0.04907156899571419, 0.20529212057590485, -0.6204032897949219, -0.015858743339776993, -0.05515497177839279, -0.008840806782245636, -1.1150764226913452]",1.193671227,1.294689298,-1,-1.115076423,0.9987120032,"[0.012535572052001953, 0.025827839970588684, 0.0010252594947814941, -0.004073029384016991, -0.004797827452421188, -0.008840806782245636, -0.11507642269134521]",0.00202651741
20260529_wam_gru_no_future_single_demo_overfit_lr0p001_seed0,wam_gru_dinov2s_no_future,eval_same_demo_teacher_forced,datasets/libero_spatial/pick_up_the_black_bowl_from_table_center_and_place_it_on_the_plate_demo.hdf5:data/demo_0,29,30,0,"[-0.12857143580913544, 0.18214285373687744, -0.7607142925262451, -0.006428571417927742, -0.07821428775787354, -0.0, -1.0]","[-0.13318337500095367, 0.1811300367116928, -0.7837653756141663, -0.010791521519422531, -0.0728883445262909, 0.0011117830872535706, -1.044627070426941]",1.278495908,1.32721889,-1,-1.04462707,0.9999352694,"[-0.004611939191818237, -0.0010128170251846313, -0.023051083087921143, -0.004362950101494789, 0.005325943231582642, 0.0011117830872535706, -0.04462707042694092]",0.0003705515119
20260529_wam_gru_no_future_single_demo_overfit_lr0p001_seed0,wam_gru_dinov2s_no_future,eval_same_demo_teacher_forced,datasets/libero_spatial/pick_up_the_black_bowl_from_table_center_and_place_it_on_the_plate_demo.hdf5:data/demo_0,29,31,1,"[-0.06964285671710968, 0.19285714626312256, -0.6723214387893677, -0.010714286006987095, -0.06321428716182709, -0.0, -1.0]","[-0.05574376881122589, 0.20605212450027466, -0.6750897765159607, -0.0006120540201663971, -0.06450536847114563, -0.018782708793878555, -0.9886286854743958]",1.223997951,1.217871904,-1,-0.9886286855,0.9996902943,"[0.013899087905883789, 0.0131949782371521, -0.0027683377265930176, 0.010102231986820698, -0.0012910813093185425, -0.018782708793878555, 0.011371314525604248]",0.0001372535189
20260529_wam_gru_no_future_single_demo_overfit_lr0p001_seed0,wam_gru_dinov2s_no_future,eval_same_demo_teacher_forced,datasets/libero_spatial/pick_up_the_black_bowl_from_table_center_and_place_it_on_the_plate_demo.hdf5:data/demo_0,29,32,2,"[-0.06160714104771614, 0.17946428060531616, -0.6214285492897034, -0.011785713955760002, -0.0503571443259716, -0.0, -1.0]","[-0.05088251829147339, 0.1797913908958435, -0.6135478019714355, -0.018092934042215347, -0.04248445853590965, 0.0018358565866947174, -1.0072537660598755]",1.193671227,1.195010781,-1,-1.007253766,0.9998832941,"[0.010724622756242752, 0.00032711029052734375, 0.007880747318267822, -0.006307220086455345, 0.00787268579006195, 0.0018358565866947174, -0.007253766059875488]",4.785406054e-05
20260529_wam_gru_no_future_single_demo_overfit_lr0p001_seed0,wam_gru_dinov2s_no_future,eval_same_demo_teacher_forced,datasets/libero_spatial/pick_up_the_black_bowl_from_table_center_and_place_it_on_the_plate_demo.hdf5:data/demo_0,29,33,3,"[-0.07500000298023224, 0.16875000298023224, -0.5973214507102966, -0.011785713955760002, -0.04178571328520775, -0.0, -1.0]","[-0.07019379734992981, 0.1674698442220688, -0.5945354700088501, -0.01434718444943428, -0.06823629140853882, -0.0015504136681556702, -1.2562756538391113]",1.180160761,1.403402567,-1,-1.256275654,0.9949942827,"[0.004806205630302429, -0.0012801587581634521, 0.002785980701446533, -0.0025614704936742783, -0.02645057812333107, -0.0015504136681556702, -0.25627565383911133]",0.009488330223
20260529_wam_gru_no_future_single_demo_overfit_lr0p001_seed0,wam_gru_dinov2s_no_future,eval_same_demo_teacher_forced,datasets/libero_spatial/pick_up_the_black_bowl_from_table_center_and_place_it_on_the_plate_demo.hdf5:data/demo_0,30,31,0,"[-0.06964285671710968, 0.19285714626312256, -0.6723214387893677, -0.010714286006987095, -0.06321428716182709, -0.0, -1.0]","[-0.08314521610736847, 0.2062094658613205, -0.7154527306556702, -0.017221834510564804, -0.0792219340801239, 0.0034346505999565125, -1.015123963356018]",1.223997951,1.264266253,-1,-1.015123963,0.9996321797,"[-0.013502359390258789, 0.013352319598197937, -0.04313129186630249, -0.006507548503577709, -0.016007646918296814, 0.0034346505999565125, -0.015123963356018066]",0.0003942900803
20260529_wam_gru_no_future_single_demo_overfit_lr0p001_seed0,wam_gru_dinov2s_no_future,eval_same_demo_teacher_forced,datasets/libero_spatial/pick_up_the_black_bowl_from_table_center_and_place_it_on_the_plate_demo.hdf5:data/demo_0,30,32,1,"[-0.06160714104771614, 0.17946428060531616, -0.6214285492897034, -0.011785713955760002, -0.0503571443259716, -0.0, -1.0]","[-0.038816601037979126, 0.19794568419456482, -0.6410490274429321, -0.01655392535030842, -0.06509028375148773, 0.0014625750482082367, -1.0072729587554932]",1.193671227,1.212742686,-1,-1.007272959,0.9995934963,"[0.022790540009737015, 0.018481403589248657, -0.01962047815322876, -0.004768211394548416, -0.014733139425516129, 0.0014625750482082367, -0.007272958755493164]",0.0002201100579
20260529_wam_gru_no_future_single_demo_overfit_lr0p001_seed0,wam_gru_dinov2s_no_future,eval_same_demo_teacher_forced,datasets/libero_spatial/pick_up_the_black_bowl_from_table_center_and_place_it_on_the_plate_demo.hdf5:data/demo_0,30,33,2,"[-0.07500000298023224, 0.16875000298023224, -0.5973214507102966, -0.011785713955760002, -0.04178571328520775, -0.0, -1.0]","[-0.054300278425216675, 0.18045806884765625, -0.6054821610450745, -0.0035392679274082184, -0.0482248030602932, 0.018369387835264206, -1.085060715675354]",1.180160761,1.257837296,-1,-1.085060716,0.9992317557,"[0.020699724555015564, 0.011708065867424011, -0.008160710334777832, 0.008246446028351784, -0.006439089775085449, 0.018369387835264206, -0.085060715675354]",0.001187768648
20260529_wam_gru_no_future_single_demo_overfit_lr0p001_seed0,wam_gru_dinov2s_no_future,eval_same_demo_teacher_forced,datasets/libero_spatial/pick_up_the_black_bowl_from_table_center_and_place_it_on_the_plate_demo.hdf5:data/demo_0,30,34,3,"[-0.1339285671710968, 0.15000000596046448, -0.5598214268684387, -0.018214285373687744, -0.035357143729925156, -0.0, -1.0]","[-0.10014957189559937, 0.17718669772148132, -0.555063009262085, -0.01784706488251686, -0.04678083956241608, 0.0004816874861717224, -0.8700603246688843]",1.164224505,1.05310595,-1,-0.8700603247,0.9973204136,"[0.033778995275497437, 0.027186691761016846, 0.00475841760635376, 0.0003672204911708832, -0.011423695832490921, 0.0004816874861717224, 0.12993967533111572]",0.002702566329
20260529_wam_gru_no_future_single_demo_overfit_lr0p001_seed0,wam_gru_dinov2s_no_future,eval_same_demo_teacher_forced,datasets/libero_spatial/pick_up_the_black_bowl_from_table_center_and_place_it_on_the_plate_demo.hdf5:data/demo_0,31,32,0,"[-0.06160714104771614, 0.17946428060531616, -0.6214285492897034, -0.011785713955760002, -0.0503571443259716, -0.0, -1.0]","[-0.05078264698386192, 0.17878936231136322, -0.6273592710494995, -0.017424624413251877, -0.030588775873184204, -0.002625890076160431, -0.9632508158683777]",1.193671227,1.164999008,-1,-0.9632508159,0.9996005297,"[0.010824494063854218, -0.0006749182939529419, -0.005930721759796143, -0.005638910457491875, 0.0197683684527874, -0.002625890076160431, 0.036749184131622314]",0.0002761117357
20260529_wam_gru_no_future_single_demo_overfit_lr0p001_seed0,wam_gru_dinov2s_no_future,eval_same_demo_teacher_forced,datasets/libero_spatial/pick_up_the_black_bowl_from_table_center_and_place_it_on_the_plate_demo.hdf5:data/demo_0,31,33,1,"[-0.07500000298023224, 0.16875000298023224, -0.5973214507102966, -0.011785713955760002, -0.04178571328520775, -0.0, -1.0]","[-0.05505077913403511, 0.18051517009735107, -0.6092950105667114, -0.006466194987297058, -0.046407025307416916, -0.012248676270246506, -1.0441803932189941]",1.180160761,1.22454679,-1,-1.044180393,0.9997020364,"[0.01994922384619713, 0.011765167117118835, -0.011973559856414795, 0.005319518968462944, -0.0046213120222091675, -0.012248676270246506, -0.04418039321899414]",0.0004044782836
20260529_wam_gru_no_future_single_demo_overfit_lr0p001_seed0,wam_gru_dinov2s_no_future,eval_same_demo_teacher_forced,datasets/libero_spatial/pick_up_the_black_bowl_from_table_center_and_place_it_on_the_plate_demo.hdf5:data/demo_0,31,34,2,"[-0.1339285671710968, 0.15000000596046448, -0.5598214268684387, -0.018214285373687744, -0.035357143729925156, -0.0, -1.0]","[-0.13236290216445923, 0.14980414509773254, -0.5499477386474609, -0.02482769265770912, -0.037205543369054794, 0.003140397369861603, -1.0334969758987427]",1.164224505,1.188499212,-1,-1.033496976,0.9997507334,"[0.0015656650066375732, -0.0001958608627319336, 0.009873688220977783, -0.0066134072840213776, -0.0018483996391296387, 0.003140397369861603, -0.033496975898742676]",0.0001827203814
20260529_wam_gru_no_future_single_demo_overfit_lr0p001_seed0,wam_gru_dinov2s_no_future,eval_same_demo_teacher_forced,datasets/libero_spatial/pick_up_the_black_bowl_from_table_center_and_place_it_on_the_plate_demo.hdf5:data/demo_0,31,35,3,"[-0.20357142388820648, 0.13928571343421936, -0.5089285969734192, -0.027857143431901932, -0.02678571455180645, -0.0, 1.0]","[-0.18906325101852417, 0.1581636220216751, -0.49897563457489014, -0.033693376928567886, -0.04378620535135269, -0.0017580464482307434, 0.6773505806922913]",1.149497151,0.8784058094,1,0.6773505807,0.984349966,"[0.014508172869682312, 0.01887790858745575, 0.009952962398529053, -0.005836233496665955, -0.017000490799546242, -0.0017580464482307434, -0.32264941930770874]",0.01501353551
20260529_wam_gru_no_future_single_demo_overfit_lr0p001_seed0,wam_gru_dinov2s_no_future,eval_same_demo_teacher_forced,datasets/libero_spatial/pick_up_the_black_bowl_from_table_center_and_place_it_on_the_plate_demo.hdf5:data/demo_0,32,33,0,"[-0.07500000298023224, 0.16875000298023224, -0.5973214507102966, -0.011785713955760002, -0.04178571328520775, -0.0, -1.0]","[-0.06515313684940338, 0.176804319024086, -0.588403582572937, -0.023448441177606583, -0.047691360116004944, -0.004744641482830048, -1.0964642763137817]",1.180160761,1.259684205,-1,-1.096464276,0.9988510609,"[0.009846866130828857, 0.00805431604385376, 0.00891786813735962, -0.01166272722184658, -0.0059056468307971954, -0.004744641482830048, -0.09646427631378174]",0.001391446567
20260529_wam_gru_no_future_single_demo_overfit_lr0p001_seed0,wam_gru_dinov2s_no_future,eval_same_demo_teacher_forced,datasets/libero_spatial/pick_up_the_black_bowl_from_table_center_and_place_it_on_the_plate_demo.hdf5:data/demo_0,32,34,1,"[-0.1339285671710968, 0.15000000596046448, -0.5598214268684387, -0.018214285373687744, -0.035357143729925156, -0.0, -1.0]","[-0.12362869083881378, 0.14418014883995056, -0.5495208501815796, -0.013207193464040756, -0.046945665031671524, -0.015812482684850693, -1.0279371738433838]",1.164224505,1.182086349,-1,-1.027937174,0.9995942712,"[0.01029987633228302, -0.005819857120513916, 0.01030057668685913, 0.005007091909646988, -0.011588521301746368, -0.015812482684850693, -0.02793717384338379]",0.0002051350166
20260529_wam_gru_no_future_single_demo_overfit_lr0p001_seed0,wam_gru_dinov2s_no_future,eval_same_demo_teacher_forced,datasets/libero_spatial/pick_up_the_black_bowl_from_table_center_and_place_it_on_the_plate_demo.hdf5:data/demo_0,32,35,2,"[-0.20357142388820648, 0.13928571343421936, -0.5089285969734192, -0.027857143431901932, -0.02678571455180645, -0.0, 1.0]","[-0.1852252334356308, 0.1506369262933731, -0.517486035823822, -0.00613841786980629, -0.02275531366467476, 0.003086283802986145, 0.8417742252349854]",1.149497151,1.016828656,1,0.8417742252,0.9963764548,"[0.018346190452575684, 0.011351212859153748, -0.008557438850402832, 0.021718725562095642, 0.004030400887131691, 0.003086283802986145, -0.15822577476501465]",0.003724504495
20260529_wam_gru_no_future_single_demo_overfit_lr0p001_seed0,wam_gru_dinov2s_no_future,eval_same_demo_teacher_forced,datasets/libero_spatial/pick_up_the_black_bowl_from_table_center_and_place_it_on_the_plate_demo.hdf5:data/demo_0,32,36,3,"[-0.2276785671710968, 0.09642857313156128, -0.4044642746448517, -0.03321428596973419, -0.011785713955760002, -0.0, 1.0]","[-0.2240622490644455, 0.10254933685064316, -0.428293913602829, -0.018286455422639847, -0.021702926605939865, -0.010539866983890533, 1.0787081718444824]",1.107235074,1.186879873,1,1.078708172,0.999656558,"[0.003616318106651306, 0.006120763719081879, -0.023829638957977295, 0.014927830547094345, -0.009917212650179863, -0.010539866983890533, 0.07870817184448242]",0.001035092748
20260529_wam_gru_no_future_single_demo_overfit_lr0p001_seed0,wam_gru_dinov2s_no_future,eval_same_demo_teacher_forced,datasets/libero_spatial/pick_up_the_black_bowl_from_table_center_and_place_it_on_the_plate_demo.hdf5:data/demo_0,33,34,0,"[-0.1339285671710968, 0.15000000596046448, -0.5598214268684387, -0.018214285373687744, -0.035357143729925156, -0.0, -1.0]","[-0.11908990144729614, 0.16200663149356842, -0.5633813738822937, -0.03544861078262329, -0.016967788338661194, -0.0031277015805244446, -1.019523024559021]",1.164224505,1.182712436,-1,-1.019523025,0.9996145368,"[0.01483866572380066, 0.012006625533103943, -0.0035599470138549805, -0.017234325408935547, 0.018389355391263962, -0.0031277015805244446, -0.019523024559020996]",0.0002004485141
20260529_wam_gru_no_future_single_demo_overfit_lr0p001_seed0,wam_gru_dinov2s_no_future,eval_same_demo_teacher_forced,datasets/libero_spatial/pick_up_the_black_bowl_from_table_center_and_place_it_on_the_plate_demo.hdf5:data/demo_0,33,35,1,"[-0.20357142388820648, 0.13928571343421936, -0.5089285969734192, -0.027857143431901932, -0.02678571455180645, -0.0, 1.0]","[-0.19228602945804596, 0.1687949001789093, -0.5185327529907227, -0.024084750562906265, -0.017712246626615524, -0.0034390725195407867, 0.8432009220123291]",1.149497151,1.022856474,1,0.843200922,0.995855093,"[0.011285394430160522, 0.02950918674468994, -0.009604156017303467, 0.0037723928689956665, 0.009073467925190926, -0.0034390725195407867, -0.1567990779876709]",0.003683532821
20260529_wam_gru_no_future_single_demo_overfit_lr0p001_seed0,wam_gru_dinov2s_no_future,eval_same_demo_teacher_forced,datasets/libero_spatial/pick_up_the_black_bowl_from_table_center_and_place_it_on_the_plate_demo.hdf5:data/demo_0,33,36,2,"[-0.2276785671710968, 0.09642857313156128, -0.4044642746448517, -0.03321428596973419, -0.011785713955760002, -0.0, 1.0]","[-0.22886157035827637, 0.09775233268737793, -0.40781959891319275, -0.047426674515008926, -0.017383649945259094, -0.0010870546102523804, 1.0321688652038574]",1.107235074,1.138496876,1,1.032168865,0.9998784065,"[-0.0011830031871795654, 0.0013237595558166504, -0.0033553242683410645, -0.014212388545274734, -0.005597935989499092, -0.0010870546102523804, 0.03216886520385742]",0.0001833937858
20260529_wam_gru_no_future_single_demo_overfit_lr0p001_seed0,wam_gru_dinov2s_no_future,eval_same_demo_teacher_forced,datasets/libero_spatial/pick_up_the_black_bowl_from_table_center_and_place_it_on_the_plate_demo.hdf5:data/demo_0,33,37,3,"[-0.21160714328289032, 0.01875000074505806, -0.3321428596973419, -0.031071428209543228, 0.0, -0.007499999832361937, 1.0]","[-0.20270809531211853, 0.03206246346235275, -0.30480968952178955, -0.03736374154686928, 0.004086486995220184, -0.003988631069660187, 0.901127815246582]",1.075392842,0.9739032388,1,0.9011278152,0.9997384548,"[0.00889904797077179, 0.013312462717294693, 0.027333170175552368, -0.00629231333732605, 0.004086486995220184, 0.00351136876270175, -0.09887218475341797]",0.001549692708
20260529_wam_gru_no_future_single_demo_overfit_lr0p001_seed0,wam_gru_dinov2s_no_future,eval_same_demo_teacher_forced,datasets/libero_spatial/pick_up_the_black_bowl_from_table_center_and_place_it_on_the_plate_demo.hdf5:data/demo_0,34,35,0,"[-0.20357142388820648, 0.13928571343421936, -0.5089285969734192, -0.027857143431901932, -0.02678571455180645, -0.0, 1.0]","[-0.20937250554561615, 0.11529768258333206, -0.4784030020236969, -0.02211533859372139, -0.018121808767318726, -0.010916180908679962, 0.8193094730377197]",1.149497151,0.9788791537,1,0.819309473,0.9976419806,"[-0.005801081657409668, -0.0239880308508873, 0.03052559494972229, 0.005741804838180542, 0.008663905784487724, -0.010916180908679962, -0.18069052696228027]",0.004916735925
20260529_wam_gru_no_future_single_demo_overfit_lr0p001_seed0,wam_gru_dinov2s_no_future,eval_same_demo_teacher_forced,datasets/libero_spatial/pick_up_the_black_bowl_from_table_center_and_place_it_on_the_plate_demo.hdf5:data/demo_0,34,36,1,"[-0.2276785671710968, 0.09642857313156128, -0.4044642746448517, -0.03321428596973419, -0.011785713955760002, -0.0, 1.0]","[-0.24063442647457123, 0.06908844411373138, -0.3954410254955292, -0.01948331668972969, -0.015492538921535015, -0.02218596264719963, 1.0433075428009033]",1.107235074,1.143964291,1,1.043307543,0.9991244674,"[-0.012955859303474426, -0.027340129017829895, 0.00902324914932251, 0.013730969280004501, -0.003706824965775013, -0.02218596264719963, 0.04330754280090332]",0.0005095422966
20260529_wam_gru_no_future_single_demo_overfit_lr0p001_seed0,wam_gru_dinov2s_no_future,eval_same_demo_teacher_forced,datasets/libero_spatial/pick_up_the_black_bowl_from_table_center_and_place_it_on_the_plate_demo.hdf5:data/demo_0,34,37,2,"[-0.21160714328289032, 0.01875000074505806, -0.3321428596973419, -0.031071428209543228, 0.0, -0.007499999832361937, 1.0]","[-0.19992318749427795, 0.04364945366978645, -0.31498968601226807, -0.039949942380189896, 0.009186804294586182, -0.022827863693237305, 0.9106887578964233]",1.075392842,0.9862294793,1,0.9106887579,0.9993044138,"[0.011683955788612366, 0.024899452924728394, 0.017153173685073853, -0.008878514170646667, 0.009186804294586182, -0.01532786339521408, -0.08931124210357666]",0.001346484991
20260529_wam_gru_no_future_single_demo_overfit_lr0p001_seed0,wam_gru_dinov2s_no_future,eval_same_demo_teacher_forced,datasets/libero_spatial/pick_up_the_black_bowl_from_table_center_and_place_it_on_the_plate_demo.hdf5:data/demo_0,34,38,3,"[-0.16875000298023224, 0.0, -0.2544642984867096, -0.020357143133878708, 0.0, -0.02142857201397419, 1.0]","[-0.16602173447608948, -0.007619515061378479, -0.25742286443710327, -0.01775014027953148, -0.010952059179544449, -0.03991023451089859, 1.018562912940979]",1.045993447,1.064606071,1,1.018562913,0.9997571111,"[0.0027282685041427612, -0.007619515061378479, -0.0029585659503936768, 0.002607002854347229, -0.010952059179544449, -0.0184816624969244, 0.018562912940979004]",0.0001267358748
20260529_wam_gru_no_future_single_demo_overfit_lr0p001_seed0,wam_gru_dinov2s_no_future,eval_same_demo_teacher_forced,datasets/libero_spatial/pick_up_the_black_bowl_from_table_center_and_place_it_on_the_plate_demo.hdf5:data/demo_0,35,36,0,"[-0.2276785671710968, 0.09642857313156128, -0.4044642746448517, -0.03321428596973419, -0.011785713955760002, -0.0, 1.0]","[-0.22908122837543488, 0.09191834181547165, -0.4209960103034973, -0.039077650755643845, -0.01207520067691803, -0.008638955652713776, 1.035724401473999]",1.107235074,1.145703912,1,1.035724401,0.9999207258,"[-0.0014026612043380737, -0.00451023131608963, -0.01653173565864563, -0.005863364785909653, -0.00028948672115802765, -0.008638955652713776, 0.03572440147399902]",0.0002401336096
20260529_wam_gru_no_future_single_demo_overfit_lr0p001_seed0,wam_gru_dinov2s_no_future,eval_same_demo_teacher_forced,datasets/libero_spatial/pick_up_the_black_bowl_from_table_center_and_place_it_on_the_plate_demo.hdf5:data/demo_0,35,37,1,"[-0.21160714328289032, 0.01875000074505806, -0.3321428596973419, -0.031071428209543228, 0.0, -0.007499999832361937, 1.0]","[-0.2061610072851181, 0.0418107807636261, -0.3361528813838959, -0.02302839234471321, -0.0048157526180148125, -0.011399529874324799, 0.9863721132278442]",1.075392842,1.063420296,1,0.9863721132,0.9996837974,"[0.005446135997772217, 0.02306078001856804, -0.004010021686553955, 0.008043035864830017, -0.0048157526180148125, -0.003899530041962862, -0.013627886772155762]",0.0001237639663
20260529_wam_gru_no_future_single_demo_overfit_lr0p001_seed0,wam_gru_dinov2s_no_future,eval_same_demo_teacher_forced,datasets/libero_spatial/pick_up_the_black_bowl_from_table_center_and_place_it_on_the_plate_demo.hdf5:data/demo_0,35,38,2,"[-0.16875000298023224, 0.0, -0.2544642984867096, -0.020357143133878708, 0.0, -0.02142857201397419, 1.0]","[-0.17669187486171722, 0.013406895101070404, -0.26974400877952576, -0.016499299556016922, 0.003984216600656509, -0.012132026255130768, 0.9660569429397583]",1.045993447,1.018755555,1,0.9660569429,0.9995290041,"[-0.007941871881484985, 0.013406895101070404, -0.015279710292816162, 0.003857843577861786, 0.003984216600656509, 0.009296545758843422, -0.0339430570602417]",0.0002493716602
20260529_wam_gru_no_future_single_demo_overfit_lr0p001_seed0,wam_gru_dinov2s_no_future,eval_same_demo_teacher_forced,datasets/libero_spatial/pick_up_the_black_bowl_from_table_center_and_place_it_on_the_plate_demo.hdf5:data/demo_0,35,39,3,"[-0.1607142835855484, 0.0, -0.21160714328289032, -0.010714286006987095, 0.0, -0.035357143729925156, 1.0]","[-0.14940181374549866, -0.011974819004535675, -0.19321152567863464, -0.008701290935277939, -0.003429308533668518, -0.03530053049325943, 0.9905515909194946]",1.035360575,1.020941257,1,0.9905515909,0.9997602701,"[0.011312469840049744, -0.011974819004535675, 0.018395617604255676, 0.002012995071709156, -0.003429308533668518, 5.661323666572571e-05, -0.009448409080505371]",0.0001021221324
20260529_wam_gru_no_future_single_demo_overfit_lr0p001_seed0,wam_gru_dinov2s_no_future,eval_same_demo_teacher_forced,datasets/libero_spatial/pick_up_the_black_bowl_from_table_center_and_place_it_on_the_plate_demo.hdf5:data/demo_0,36,37,0,"[-0.21160714328289032, 0.01875000074505806, -0.3321428596973419, -0.031071428209543228, 0.0, -0.007499999832361937, 1.0]","[-0.2101621776819229, 0.04017405956983566, -0.3476097285747528, -0.042815160006284714, -0.01076924055814743, -0.0074139609932899475, 0.9607453942298889]",1.075392842,1.044820786,1,0.9607453942,0.9993056059,"[0.0014449656009674072, 0.021424058824777603, -0.015466868877410889, -0.011743731796741486, -0.01076924055814743, 8.603883907198906e-05, -0.039254605770111084]",0.000356446486
20260529_wam_gru_no_future_single_demo_overfit_lr0p001_seed0,wam_gru_dinov2s_no_future,eval_same_demo_teacher_forced,datasets/libero_spatial/pick_up_the_black_bowl_from_table_center_and_place_it_on_the_plate_demo.hdf5:data/demo_0,36,38,1,"[-0.16875000298023224, 0.0, -0.2544642984867096, -0.020357143133878708, 0.0, -0.02142857201397419, 1.0]","[-0.16155795753002167, 0.01775895059108734, -0.2583540380001068, -0.019574735313653946, -0.0038166744634509087, -0.027572844177484512, 1.0038461685180664]",1.045993447,1.049775362,1,1.003846169,0.9998015165,"[0.007192045450210571, 0.01775895059108734, -0.003889739513397217, 0.000782407820224762, -0.0038166744634509087, -0.006144272163510323, 0.0038461685180664062]",6.428002234e-05
20260529_wam_gru_no_future_single_demo_overfit_lr0p001_seed0,wam_gru_dinov2s_no_future,eval_same_demo_teacher_forced,datasets/libero_spatial/pick_up_the_black_bowl_from_table_center_and_place_it_on_the_plate_demo.hdf5:data/demo_0,36,39,2,"[-0.1607142835855484, 0.0, -0.21160714328289032, -0.010714286006987095, 0.0, -0.035357143729925156, 1.0]","[-0.1512134075164795, -0.01818213239312172, -0.2187996655702591, -0.00942341610789299, 0.006501302123069763, -0.015159673988819122, 0.9920575022697449]",1.035360575,1.027428031,1,0.9920575023,0.9995653629,"[0.009500876069068909, -0.01818213239312172, -0.007192522287368774, 0.0012908698990941048, 0.006501302123069763, 0.020197469741106033, -0.007942497730255127]",0.0001410776313
20260529_wam_gru_no_future_single_demo_overfit_lr0p001_seed0,wam_gru_dinov2s_no_future,eval_same_demo_teacher_forced,datasets/libero_spatial/pick_up_the_black_bowl_from_table_center_and_place_it_on_the_plate_demo.hdf5:data/demo_0,36,40,3,"[-0.14464285969734192, -0.05624999850988388, -0.13660714030265808, 0.0, 0.0, -0.04714285582304001, 1.0]","[-0.15165019035339355, -0.06424509733915329, -0.12892994284629822, 0.005661804229021072, 0.00021183118224143982, -0.05433306843042374, 0.9851392507553101]",1.022237539,1.008579016,1,0.9851392508,0.999859333,"[-0.007007330656051636, -0.00799509882926941, 0.007677197456359863, 0.005661804229021072, 0.00021183118224143982, -0.007190212607383728, -0.014860749244689941]",6.808651233e-05
20260529_wam_gru_no_future_single_demo_overfit_lr0p001_seed0,wam_gru_dinov2s_no_future,eval_same_demo_teacher_forced,datasets/libero_spatial/pick_up_the_black_bowl_from_table_center_and_place_it_on_the_plate_demo.hdf5:data/demo_0,37,38,0,"[-0.16875000298023224, 0.0, -0.2544642984867096, -0.020357143133878708, 0.0, -0.02142857201397419, 1.0]","[-0.1952390819787979, -0.0005747023969888687, -0.2585262954235077, -0.02270343527197838, -0.01515199989080429, -0.028314955532550812, 0.9882871508598328]",1.045993447,1.040775061,1,0.9882871509,0.9994897246,"[-0.026489078998565674, -0.0005747023969888687, -0.004061996936798096, -0.0023462921380996704, -0.01515199989080429, -0.006886383518576622, -0.011712849140167236]",0.0001626003796
20260529_wam_gru_no_future_single_demo_overfit_lr0p001_seed0,wam_gru_dinov2s_no_future,eval_same_demo_teacher_forced,datasets/libero_spatial/pick_up_the_black_bowl_from_table_center_and_place_it_on_the_plate_demo.hdf5:data/demo_0,37,39,1,"[-0.1607142835855484, 0.0, -0.21160714328289032, -0.010714286006987095, 0.0, -0.035357143729925156, 1.0]","[-0.1613575965166092, -0.03657930716872215, -0.20040486752986908, -0.004610251635313034, 0.010941804386675358, -0.0514899417757988, 0.9977537989616394]",1.035360575,1.032395959,1,0.997753799,0.9991217256,"[-0.000643312931060791, -0.03657930716872215, 0.01120227575302124, 0.006104034371674061, 0.010941804386675358, -0.016132798045873642, -0.0022462010383605957]",0.0002694636059
20260529_wam_gru_no_future_single_demo_overfit_lr0p001_seed0,wam_gru_dinov2s_no_future,eval_same_demo_teacher_forced,datasets/libero_spatial/pick_up_the_black_bowl_from_table_center_and_place_it_on_the_plate_demo.hdf5:data/demo_0,37,40,2,"[-0.14464285969734192, -0.05624999850988388, -0.13660714030265808, 0.0, 0.0, -0.04714285582304001, 1.0]","[-0.14510630071163177, -0.059043701738119125, -0.12380997836589813, -0.007077399641275406, 0.014719918370246887, -0.055254146456718445, 0.9706425070762634]",1.022237539,0.9926416874,1,0.9706425071,0.999758482,"[-0.00046344101428985596, -0.0027937032282352448, 0.012797161936759949, -0.007077399641275406, 0.014719918370246887, -0.008111290633678436, -0.029357492923736572]",0.0001951725717
20260529_wam_gru_no_future_single_demo_overfit_lr0p001_seed0,wam_gru_dinov2s_no_future,eval_same_demo_teacher_forced,datasets/libero_spatial/pick_up_the_black_bowl_from_table_center_and_place_it_on_the_plate_demo.hdf5:data/demo_0,37,41,3,"[-0.12321428209543228, -0.11249999701976776, -0.06428571790456772, 0.0, 0.011785713955760002, -0.0503571443259716, 1.0]","[-0.13682924211025238, -0.11426258087158203, -0.05296586453914642, 0.0064960382878780365, 0.00960586965084076, -0.05507352203130722, 0.9542635083198547]",1.017175198,0.9738429189,1,0.9542635083,0.9996972084,"[-0.013614960014820099, -0.00176258385181427, 0.011319853365421295, 0.0064960382878780365, -0.002179844304919243, -0.004716377705335617, -0.045736491680145264]",0.0003539477184
20260529_wam_gru_no_future_single_demo_overfit_lr0p001_seed0,wam_gru_dinov2s_no_future,eval_same_demo_teacher_forced,datasets/libero_spatial/pick_up_the_black_bowl_from_table_center_and_place_it_on_the_plate_demo.hdf5:data/demo_0,38,39,0,"[-0.1607142835855484, 0.0, -0.21160714328289032, -0.010714286006987095, 0.0, -0.035357143729925156, 1.0]","[-0.16647127270698547, -0.04965723305940628, -0.23703473806381226, -0.011670049279928207, 0.0027174577116966248, -0.06337151676416397, 1.0158252716064453]",1.035360575,1.059445381,1,1.015825272,0.9983549714,"[-0.005756989121437073, -0.04965723305940628, -0.025427594780921936, -0.0009557632729411125, 0.0027174577116966248, -0.028014373034238815, 0.015825271606445312]",0.0005984412855
20260529_wam_gru_no_future_single_demo_overfit_lr0p001_seed0,wam_gru_dinov2s_no_future,eval_same_demo_teacher_forced,datasets/libero_spatial/pick_up_the_black_bowl_from_table_center_and_place_it_on_the_plate_demo.hdf5:data/demo_0,38,40,1,"[-0.14464285969734192, -0.05624999850988388, -0.13660714030265808, 0.0, 0.0, -0.04714285582304001, 1.0]","[-0.1539098471403122, -0.096232108771801, -0.15538322925567627, 0.0031759031116962433, 0.003393840976059437, -0.06819946318864822, 0.9579588770866394]",1.022237539,0.9896720648,1,0.9579588771,0.9984140992,"[-0.009266987442970276, -0.039982110261917114, -0.01877608895301819, 0.0031759031116962433, 0.003393840976059437, -0.021056607365608215, -0.042041122913360596]",0.0006099184393
20260529_wam_gru_no_future_single_demo_overfit_lr0p001_seed0,wam_gru_dinov2s_no_future,eval_same_demo_teacher_forced,datasets/libero_spatial/pick_up_the_black_bowl_from_table_center_and_place_it_on_the_plate_demo.hdf5:data/demo_0,38,41,2,"[-0.12321428209543228, -0.11249999701976776, -0.06428571790456772, 0.0, 0.011785713955760002, -0.0503571443259716, 1.0]","[-0.1319095343351364, -0.12201949954032898, -0.11316148936748505, -0.00512680783867836, 0.010811399668455124, -0.05642940104007721, 0.9792957901954651]",1.017175198,1.003714204,1,0.9792957902,0.9985961318,"[-0.008695252239704132, -0.009519502520561218, -0.04887577146291733, -0.00512680783867836, -0.0009743142873048782, -0.006072256714105606, -0.020704209804534912]",0.0004354056437
20260529_wam_gru_no_future_single_demo_overfit_lr0p001_seed0,wam_gru_dinov2s_no_future,eval_same_demo_teacher_forced,datasets/libero_spatial/pick_up_the_black_bowl_from_table_center_and_place_it_on_the_plate_demo.hdf5:data/demo_0,38,42,3,"[-0.13124999403953552, -0.1339285671710968, -0.01607142947614193, 0.0, 0.018214285373687744, -0.04928571358323097, 1.0]","[-0.12022483348846436, -0.1409829556941986, -0.06995317339897156, 0.009211208671331406, 0.022521115839481354, -0.043266452848911285, 0.9667256474494934]",1.018912435,0.9880517125,1,0.9667256474,0.9983266592,"[0.011025160551071167, -0.007054388523101807, -0.05388174206018448, 0.009211208671331406, 0.00430683046579361, 0.006019260734319687, -0.03327435255050659]",0.0006173385191
20260529_wam_gru_no_future_single_demo_overfit_lr0p001_seed0,wam_gru_dinov2s_no_future,eval_same_demo_teacher_forced,datasets/libero_spatial/pick_up_the_black_bowl_from_table_center_and_place_it_on_the_plate_demo.hdf5:data/demo_0,39,40,0,"[-0.14464285969734192, -0.05624999850988388, -0.13660714030265808, 0.0, 0.0, -0.04714285582304001, 1.0]","[-0.14148712158203125, -0.07384249567985535, -0.13614189624786377, -0.00725540891289711, 0.013338178396224976, -0.055112145841121674, 0.9690048098564148]",1.022237539,0.993098259,1,0.9690048099,0.9996427298,"[0.003155738115310669, -0.017592497169971466, 0.0004652440547943115, -0.00725540891289711, 0.013338178396224976, -0.007969290018081665, -0.030995190143585205]",0.0002249186218
20260529_wam_gru_no_future_single_demo_overfit_lr0p001_seed0,wam_gru_dinov2s_no_future,eval_same_demo_teacher_forced,datasets/libero_spatial/pick_up_the_black_bowl_from_table_center_and_place_it_on_the_plate_demo.hdf5:data/demo_0,39,41,1,"[-0.12321428209543228, -0.11249999701976776, -0.06428571790456772, 0.0, 0.011785713955760002, -0.0503571443259716, 1.0]","[-0.12792623043060303, -0.0964040532708168, -0.07735142111778259, 0.002121221274137497, 0.014459238387644291, -0.05510638281702995, 0.9688528180122375]",1.017175198,0.9866955876,1,0.968852818,0.9997373223,"[-0.004711948335170746, 0.016095943748950958, -0.013065703213214874, 0.002121221274137497, 0.002673524431884289, -0.00474923849105835, -0.03114718198776245]",0.000208049154
20260529_wam_gru_no_future_single_demo_overfit_lr0p001_seed0,wam_gru_dinov2s_no_future,eval_same_demo_teacher_forced,datasets/libero_spatial/pick_up_the_black_bowl_from_table_center_and_place_it_on_the_plate_demo.hdf5:data/demo_0,39,42,2,"[-0.13124999403953552, -0.1339285671710968, -0.01607142947614193, 0.0, 0.018214285373687744, -0.04928571358323097, 1.0]","[-0.12880535423755646, -0.11059869080781937, -0.03811348229646683, 0.00036190077662467957, 0.024189189076423645, -0.04536229372024536, 0.9592052102088928]",1.018912435,0.9762136936,1,0.9592052102,0.9995333552,"[0.002444639801979065, 0.023329876363277435, -0.022042052820324898, 0.00036190077662467957, 0.005974903702735901, 0.003923419862985611, -0.04079478979110718]",0.0003930786042
20260529_wam_gru_no_future_single_demo_overfit_lr0p001_seed0,wam_gru_dinov2s_no_future,eval_same_demo_teacher_forced,datasets/libero_spatial/pick_up_the_black_bowl_from_table_center_and_place_it_on_the_plate_demo.hdf5:data/demo_0,39,43,3,"[-0.1205357164144516, -0.12857143580913544, -0.0, 0.0, 0.03321428596973419, -0.04285714402794838, 1.0]","[-0.10419189929962158, -0.10373248159885406, 0.017476726323366165, 0.0065101198852062225, 0.0217660591006279, -0.05396962910890579, 0.9710273742675781]",1.016857624,0.9839943051,1,0.9710273743,0.9993774295,"[0.016343817114830017, 0.024838954210281372, 0.017476726323366165, 0.0065101198852062225, -0.011448226869106293, -0.011112485080957413, -0.028972625732421875]",0.000332267693
20260529_wam_gru_no_future_single_demo_overfit_lr0p001_seed0,wam_gru_dinov2s_no_future,eval_same_demo_teacher_forced,datasets/libero_spatial/pick_up_the_black_bowl_from_table_center_and_place_it_on_the_plate_demo.hdf5:data/demo_0,40,41,0,"[-0.12321428209543228, -0.11249999701976776, -0.06428571790456772, 0.0, 0.011785713955760002, -0.0503571443259716, 1.0]","[-0.12996964156627655, -0.08742981404066086, -0.07620511949062347, -0.003964904695749283, 0.021550670266151428, -0.04875358194112778, 0.9721094965934753]",1.017175198,0.989038527,1,0.9721094966,0.9995447993,"[-0.006755359470844269, 0.025070182979106903, -0.011919401586055756, -0.003964904695749283, 0.009764956310391426, 0.0016035623848438263, -0.027890503406524658]",0.0002439639356
20260529_wam_gru_no_future_single_demo_overfit_lr0p001_seed0,wam_gru_dinov2s_no_future,eval_same_demo_teacher_forced,datasets/libero_spatial/pick_up_the_black_bowl_from_table_center_and_place_it_on_the_plate_demo.hdf5:data/demo_0,40,42,1,"[-0.13124999403953552, -0.1339285671710968, -0.01607142947614193, 0.0, 0.018214285373687744, -0.04928571358323097, 1.0]","[-0.117136649787426, -0.09055868536233902, -0.027632031589746475, 0.0016217641532421112, 0.019023936241865158, -0.05003976821899414, 0.9837712049484253]",1.018912435,0.9966742992,1,0.9837712049,0.999022007,"[0.014113344252109528, 0.04336988180875778, -0.011560602113604546, 0.0016217641532421112, 0.0008096508681774139, -0.0007540546357631683, -0.016228795051574707]",0.0003544297942
20260529_wam_gru_no_future_single_demo_overfit_lr0p001_seed0,wam_gru_dinov2s_no_future,eval_same_demo_teacher_forced,datasets/libero_spatial/pick_up_the_black_bowl_from_table_center_and_place_it_on_the_plate_demo.hdf5:data/demo_0,40,43,2,"[-0.1205357164144516, -0.12857143580913544, -0.0, 0.0, 0.03321428596973419, -0.04285714402794838, 1.0]","[-0.12056349217891693, -0.09614207595586777, 0.011265710927546024, 0.0032293982803821564, 0.02988874539732933, -0.034309156239032745, 0.9537118077278137]",1.016857624,0.9672398567,1,0.9537118077,0.9995151162,"[-2.777576446533203e-05, 0.03242935985326767, 0.011265710927546024, 0.0032293982803821564, -0.0033255405724048615, 0.008547987788915634, -0.04628819227218628]",0.0004879618937
20260529_wam_gru_no_future_single_demo_overfit_lr0p001_seed0,wam_gru_dinov2s_no_future,eval_same_demo_teacher_forced,datasets/libero_spatial/pick_up_the_black_bowl_from_table_center_and_place_it_on_the_plate_demo.hdf5:data/demo_0,40,44,3,"[-0.10446428507566452, -0.10446428507566452, 0.02142857201397419, 0.0, 0.04285714402794838, -0.035357143729925156, 1.0]","[-0.09070344269275665, -0.08150207996368408, 0.0823194682598114, 0.0025758035480976105, 0.028057053685188293, -0.04788997024297714, 0.9762243032455444]",1.012606382,0.9888110757,1,0.9762243032,0.9975999594,"[0.013760842382907867, 0.022962205111980438, 0.06089089810848236, 0.0025758035480976105, -0.014800090342760086, -0.012532826513051987, -0.023775696754455566]",0.0007674797671
20260529_wam_gru_no_future_single_demo_overfit_lr0p001_seed0,wam_gru_dinov2s_no_future,eval_same_demo_teacher_forced,datasets/libero_spatial/pick_up_the_black_bowl_from_table_center_and_place_it_on_the_plate_demo.hdf5:data/demo_0,41,42,0,"[-0.13124999403953552, -0.1339285671710968, -0.01607142947614193, 0.0, 0.018214285373687744, -0.04928571358323097, 1.0]","[-0.1234091967344284, -0.09114696830511093, -0.037880901247262955, -0.0006765611469745636, 0.026689745485782623, -0.04099100083112717, 0.9920006990432739]",1.018912435,1.005699277,1,0.992000699,0.9988299608,"[0.007840797305107117, 0.04278159886598587, -0.021809471771121025, -0.0006765611469745636, 0.00847546011209488, 0.008294712752103806, -0.007999300956726074]",0.0003674969194
20260529_wam_gru_no_future_single_demo_overfit_lr0p001_seed0,wam_gru_dinov2s_no_future,eval_same_demo_teacher_forced,datasets/libero_spatial/pick_up_the_black_bowl_from_table_center_and_place_it_on_the_plate_demo.hdf5:data/demo_0,41,43,1,"[-0.1205357164144516, -0.12857143580913544, -0.0, 0.0, 0.03321428596973419, -0.04285714402794838, 1.0]","[-0.1135922521352768, -0.087738998234272, 0.011653747409582138, -0.0007439367473125458, 0.017580166459083557, -0.0407075360417366, 1.0053675174713135]",1.016857624,1.016596079,1,1.005367517,0.9989699721,"[0.006943464279174805, 0.040832437574863434, 0.011653747409582138, -0.0007439367473125458, -0.015634119510650635, 0.0021496079862117767, 0.0053675174713134766]",0.000304245681
20260529_wam_gru_no_future_single_demo_overfit_lr0p001_seed0,wam_gru_dinov2s_no_future,eval_same_demo_teacher_forced,datasets/libero_spatial/pick_up_the_black_bowl_from_table_center_and_place_it_on_the_plate_demo.hdf5:data/demo_0,41,44,2,"[-0.10446428507566452, -0.10446428507566452, 0.02142857201397419, 0.0, 0.04285714402794838, -0.035357143729925156, 1.0]","[-0.09981727600097656, -0.07744826376438141, 0.05390160530805588, 0.006079796701669693, 0.03150288388133049, -0.024870671331882477, 0.9647235870361328]",1.012606382,0.9752982259,1,0.964723587,0.9990207553,"[0.004647009074687958, 0.02701602131128311, 0.03247303515672684, 0.006079796701669693, -0.01135426014661789, 0.010486472398042679, -0.03527641296386719]",0.0004751761153
20260529_wam_gru_no_future_single_demo_overfit_lr0p001_seed0,wam_gru_dinov2s_no_future,eval_same_demo_teacher_forced,datasets/libero_spatial/pick_up_the_black_bowl_from_table_center_and_place_it_on_the_plate_demo.hdf5:data/demo_0,41,45,3,"[-0.06428571790456772, -0.04821428656578064, 0.15267856419086456, 0.0, 0.04928571358323097, -0.024642856791615486, 1.0]","[-0.06608297675848007, -0.07082667946815491, 0.14459341764450073, 0.0010354779660701752, 0.03794512897729874, -0.03196241706609726, 0.965639591217041]",1.016269803,0.9824525118,1,0.9656395912,0.999599278,"[-0.0017972588539123535, -0.022612392902374268, -0.00808514654636383, 0.0010354779660701752, -0.011340584605932236, -0.007319560274481773, -0.034360408782958984]",0.0002776878246
20260529_wam_gru_no_future_single_demo_overfit_lr0p001_seed0,wam_gru_dinov2s_no_future,eval_same_demo_teacher_forced,datasets/libero_spatial/pick_up_the_black_bowl_from_table_center_and_place_it_on_the_plate_demo.hdf5:data/demo_0,42,43,0,"[-0.1205357164144516, -0.12857143580913544, -0.0, 0.0, 0.03321428596973419, -0.04285714402794838, 1.0]","[-0.11563552916049957, -0.09103377908468246, 0.012455347925424576, -0.003865126520395279, 0.026913046836853027, -0.04001405090093613, 0.9982262253761292]",1.016857624,1.010252357,1,0.9982262254,0.9992161989,"[0.004900187253952026, 0.03753765672445297, 0.012455347925424576, -0.003865126520395279, -0.0063012391328811646, 0.002843093127012253, -0.0017737746238708496]",0.0002362996311
20260529_wam_gru_no_future_single_demo_overfit_lr0p001_seed0,wam_gru_dinov2s_no_future,eval_same_demo_teacher_forced,datasets/libero_spatial/pick_up_the_black_bowl_from_table_center_and_place_it_on_the_plate_demo.hdf5:data/demo_0,42,44,1,"[-0.10446428507566452, -0.10446428507566452, 0.02142857201397419, 0.0, 0.04285714402794838, -0.035357143729925156, 1.0]","[-0.1005961075425148, -0.07817308604717255, 0.06532222032546997, 0.004550885409116745, 0.026228148490190506, -0.036514658480882645, 0.9946750402450562]",1.012606382,1.005941272,1,0.9946750402,0.9985690117,"[0.0038681775331497192, 0.026291199028491974, 0.04389365017414093, 0.004550885409116745, -0.016628995537757874, -0.001157514750957489, -0.005324959754943848]",0.0004228244943
20260529_wam_gru_no_future_single_demo_overfit_lr0p001_seed0,wam_gru_dinov2s_no_future,eval_same_demo_teacher_forced,datasets/libero_spatial/pick_up_the_black_bowl_from_table_center_and_place_it_on_the_plate_demo.hdf5:data/demo_0,42,45,2,"[-0.06428571790456772, -0.04821428656578064, 0.15267856419086456, 0.0, 0.04928571358323097, -0.024642856791615486, 1.0]","[-0.07751379907131195, -0.06386885046958923, 0.12334754317998886, 0.005878005176782608, 0.03934945538640022, -0.02177365869283676, 0.9724355936050415]",1.016269803,0.9864026904,1,0.9724355936,0.9993568063,"[-0.013228081166744232, -0.015654563903808594, -0.029331021010875702, 0.005878005176782608, -0.00993625819683075, 0.0028691980987787247, -0.027564406394958496]",0.0003116664593
20260529_wam_gru_no_future_single_demo_overfit_lr0p001_seed0,wam_gru_dinov2s_no_future,eval_same_demo_teacher_forced,datasets/libero_spatial/pick_up_the_black_bowl_from_table_center_and_place_it_on_the_plate_demo.hdf5:data/demo_0,42,46,3,"[-0.010714286006987095, -0.02142857201397419, 0.23035714030265808, 0.0, 0.056785713881254196, -0.019285714253783226, 1.0]","[-0.036326710134744644, -0.04835141450166702, 0.21791866421699524, -0.0020740143954753876, 0.05171283334493637, -0.02368815988302231, 0.9663877487182617]",1.028219342,0.9941282272,1,0.9663877487,0.9992405176,"[-0.025612425059080124, -0.026922842487692833, -0.012438476085662842, -0.0020740143954753876, -0.005072880536317825, -0.004402445629239082, -0.03361225128173828]",0.000387821754
20260529_wam_gru_no_future_single_demo_overfit_lr0p001_seed0,wam_gru_dinov2s_no_future,eval_same_demo_teacher_forced,datasets/libero_spatial/pick_up_the_black_bowl_from_table_center_and_place_it_on_the_plate_demo.hdf5:data/demo_0,43,44,0,"[-0.10446428507566452, -0.10446428507566452, 0.02142857201397419, 0.0, 0.04285714402794838, -0.035357143729925156, 1.0]","[-0.10182647407054901, -0.07921934872865677, 0.08348986506462097, -0.005118254572153091, 0.027652107179164886, -0.0341462567448616, 0.9868453145027161]",1.012606382,0.9997176528,1,0.9868453145,0.9976481199,"[0.002637811005115509, 0.02524493634700775, 0.06206129491329193, -0.005118254572153091, -0.015205036848783493, 0.0012108869850635529, -0.013154685497283936]",0.0007039672928
20260529_wam_gru_no_future_single_demo_overfit_lr0p001_seed0,wam_gru_dinov2s_no_future,eval_same_demo_teacher_forced,datasets/libero_spatial/pick_up_the_black_bowl_from_table_center_and_place_it_on_the_plate_demo.hdf5:data/demo_0,43,45,1,"[-0.06428571790456772, -0.04821428656578064, 0.15267856419086456, 0.0, 0.04928571358323097, -0.024642856791615486, 1.0]","[-0.07300648093223572, -0.05745653063058853, 0.1507185399532318, 0.003427784889936447, 0.04058940336108208, -0.032919105142354965, 0.9906143546104431]",1.016269803,1.007673979,1,0.9906143546,0.9998363256,"[-0.008720763027668, -0.009242244064807892, -0.0019600242376327515, 0.003427784889936447, -0.008696310222148895, -0.008276248350739479, -0.009385645389556885]",5.846780914e-05
20260529_wam_gru_no_future_single_demo_overfit_lr0p001_seed0,wam_gru_dinov2s_no_future,eval_same_demo_teacher_forced,datasets/libero_spatial/pick_up_the_black_bowl_from_table_center_and_place_it_on_the_plate_demo.hdf5:data/demo_0,43,46,2,"[-0.010714286006987095, -0.02142857201397419, 0.23035714030265808, 0.0, 0.056785713881254196, -0.019285714253783226, 1.0]","[-0.0427553616464138, -0.042132195085287094, 0.22331881523132324, 0.004729282110929489, 0.055673498660326004, -0.017852045595645905, 0.9738776683807373]",1.028219342,1.002672791,1,0.9738776684,0.999243319,"[-0.03204107657074928, -0.020703623071312904, -0.007038325071334839, 0.004729282110929489, -0.0011122152209281921, 0.0014336686581373215, -0.026122331619262695]",0.0003161204804
20260529_wam_gru_no_future_single_demo_overfit_lr0p001_seed0,wam_gru_dinov2s_no_future,eval_same_demo_teacher_forced,datasets/libero_spatial/pick_up_the_black_bowl_from_table_center_and_place_it_on_the_plate_demo.hdf5:data/demo_0,43,47,3,"[0.0, 0.0, 0.3348214328289032, 0.0, 0.05892857164144516, -0.017142856493592262, 1.0]","[0.0009997906163334846, -0.023862801492214203, 0.3209099769592285, -0.006473604589700699, 0.06909280270338058, -0.02224528044462204, 0.9586101174354553]",1.056348324,1.013803482,1,0.9586101174,0.9996086359,"[0.0009997906163334846, -0.023862801492214203, -0.013911455869674683, -0.006473604589700699, 0.010164231061935425, -0.0051024239510297775, -0.04138988256454468]",0.0003783339926
20260529_wam_gru_no_future_single_demo_overfit_lr0p001_seed0,wam_gru_dinov2s_no_future,eval_same_demo_teacher_forced,datasets/libero_spatial/pick_up_the_black_bowl_from_table_center_and_place_it_on_the_plate_demo.hdf5:data/demo_0,44,45,0,"[-0.06428571790456772, -0.04821428656578064, 0.15267856419086456, 0.0, 0.04928571358323097, -0.024642856791615486, 1.0]","[-0.08425715565681458, -0.06520769745111465, 0.15405431389808655, -0.006142009049654007, 0.03215178847312927, -0.0291019007563591, 0.9883127808570862]",1.016269803,1.006858826,1,0.9883127809,0.9994680285,"[-0.019971437752246857, -0.016993410885334015, 0.0013757497072219849, -0.006142009049654007, -0.0171339251101017, -0.004459043964743614, -0.011687219142913818]",0.0001681852591
20260529_wam_gru_no_future_single_demo_overfit_lr0p001_seed0,wam_gru_dinov2s_no_future,eval_same_demo_teacher_forced,datasets/libero_spatial/pick_up_the_black_bowl_from_table_center_and_place_it_on_the_plate_demo.hdf5:data/demo_0,44,46,1,"[-0.010714286006987095, -0.02142857201397419, 0.23035714030265808, 0.0, 0.056785713881254196, -0.019285714253783226, 1.0]","[-0.04198943451046944, -0.03776434808969498, 0.24064850807189941, 0.004092451184988022, 0.05561431869864464, -0.029914777725934982, 0.9881671667098999]",1.028219342,1.020578265,1,0.9881671667,0.9992549419,"[-0.031275149434804916, -0.016335776075720787, 0.010291367769241333, 0.004092451184988022, -0.001171395182609558, -0.010629063472151756, -0.011832833290100098]",0.0002317168692
20260529_wam_gru_no_future_single_demo_overfit_lr0p001_seed0,wam_gru_dinov2s_no_future,eval_same_demo_teacher_forced,datasets/libero_spatial/pick_up_the_black_bowl_from_table_center_and_place_it_on_the_plate_demo.hdf5:data/demo_0,44,47,2,"[0.0, 0.0, 0.3348214328289032, 0.0, 0.05892857164144516, -0.017142856493592262, 1.0]","[0.0009882105514407158, -0.02055593580007553, 0.3258306682109833, 0.0036720894277095795, 0.07418231666088104, -0.01477770134806633, 0.9717284440994263]",1.056348324,1.027900815,1,0.9717284441,0.9996564388,"[0.0009882105514407158, -0.02055593580007553, -0.008990764617919922, 0.0036720894277095795, 0.015253745019435883, 0.0023651551455259323, -0.02827155590057373]",0.0002221989853
20260529_wam_gru_no_future_single_demo_overfit_lr0p001_seed0,wam_gru_dinov2s_no_future,eval_same_demo_teacher_forced,datasets/libero_spatial/pick_up_the_black_bowl_from_table_center_and_place_it_on_the_plate_demo.hdf5:data/demo_0,44,48,3,"[0.0, 0.0, 0.43392857909202576, 0.0, 0.07392857223749161, -0.010714286006987095, 1.0]","[0.040935855358839035, -0.008144676685333252, 0.4290676414966583, -0.007082562893629074, 0.08873976022005081, -0.01967921108007431, 0.9701473712921143]",1.092645526,1.065523028,1,0.9701473713,0.9990246296,"[0.040935855358839035, -0.008144676685333252, -0.004860937595367432, -0.007082562893629074, 0.014811187982559204, -0.008964925073087215, -0.029852628707885742]",0.0004295417457
20260529_wam_gru_no_future_single_demo_overfit_lr0p001_seed0,wam_gru_dinov2s_no_future,eval_same_demo_teacher_forced,datasets/libero_spatial/pick_up_the_black_bowl_from_table_center_and_place_it_on_the_plate_demo.hdf5:data/demo_0,45,46,0,"[-0.010714286006987095, -0.02142857201397419, 0.23035714030265808, 0.0, 0.056785713881254196, -0.019285714253783226, 1.0]","[-0.05211262032389641, -0.04802616685628891, 0.24300499260425568, -0.00787707045674324, 0.04606247693300247, -0.028790362179279327, 0.9677706956863403]",1.028219342,1.001831532,1,0.9677706957,0.9984511733,"[-0.04139833524823189, -0.02659759484231472, 0.012647852301597595, -0.00787707045674324, -0.010723236948251724, -0.009504647925496101, -0.03222930431365967]",0.0005553321098
20260529_wam_gru_no_future_single_demo_overfit_lr0p001_seed0,wam_gru_dinov2s_no_future,eval_same_demo_teacher_forced,datasets/libero_spatial/pick_up_the_black_bowl_from_table_center_and_place_it_on_the_plate_demo.hdf5:data/demo_0,45,47,1,"[0.0, 0.0, 0.3348214328289032, 0.0, 0.05892857164144516, -0.017142856493592262, 1.0]","[0.004780453629791737, -0.022778742015361786, 0.34911882877349854, 0.00260031595826149, 0.0747893825173378, -0.025999758392572403, 0.9693074226379395]",1.056348324,1.033565998,1,0.9693074226,0.9993104339,"[0.004780453629791737, -0.022778742015361786, 0.014297395944595337, 0.00260031595826149, 0.01586081087589264, -0.00885690189898014, -0.030692577362060547]",0.0002892779012
20260529_wam_gru_no_future_single_demo_overfit_lr0p001_seed0,wam_gru_dinov2s_no_future,eval_same_demo_teacher_forced,datasets/libero_spatial/pick_up_the_black_bowl_from_table_center_and_place_it_on_the_plate_demo.hdf5:data/demo_0,45,48,2,"[0.0, 0.0, 0.43392857909202576, 0.0, 0.07392857223749161, -0.010714286006987095, 1.0]","[0.05938027426600456, -0.003254950512200594, 0.4440443813800812, -0.0005046464502811432, 0.09320467710494995, -0.008515018969774246, 0.9547273516654968]",1.092645526,1.058761597,1,0.9547273517,0.9978747964,"[0.05938027426600456, -0.003254950512200594, 0.01011580228805542, -0.0005046464502811432, 0.019276104867458344, 0.0021992670372128487, -0.045272648334503174]",0.0008664591005
20260529_wam_gru_no_future_single_demo_overfit_lr0p001_seed0,wam_gru_dinov2s_no_future,eval_same_demo_teacher_forced,datasets/libero_spatial/pick_up_the_black_bowl_from_table_center_and_place_it_on_the_plate_demo.hdf5:data/demo_0,45,49,3,"[0.08571428805589676, 0.0, 0.5330356955528259, 0.0, 0.1039285734295845, -0.007499999832361937, 1.0]","[0.10253456234931946, 0.008323028683662415, 0.54665207862854, -0.006095755845308304, 0.10858500748872757, -0.014119766652584076, 0.9584465026855469]",1.141197324,1.113578916,1,0.9584465027,0.9993688464,"[0.0168202742934227, 0.008323028683662415, 0.013616383075714111, -0.006095755845308304, 0.004656434059143066, -0.006619766820222139, -0.041553497314453125]",0.0003381364513
20260529_wam_gru_no_future_single_demo_overfit_lr0p001_seed0,wam_gru_dinov2s_no_future,eval_same_demo_teacher_forced,datasets/libero_spatial/pick_up_the_black_bowl_from_table_center_and_place_it_on_the_plate_demo.hdf5:data/demo_0,46,47,0,"[0.0, 0.0, 0.3348214328289032, 0.0, 0.05892857164144516, -0.017142856493592262, 1.0]","[-0.013135343790054321, -0.036017872393131256, 0.3268713057041168, -0.0052187480032444, 0.06331746280193329, -0.028261147439479828, 0.9877564907073975]",1.056348324,1.0434618,1,0.9877564907,0.9992347956,"[-0.013135343790054321, -0.036017872393131256, -0.007950127124786377, -0.0052187480032444, 0.004388891160488129, -0.011118290945887566, -0.012243509292602539]",0.000264720933
20260529_wam_gru_no_future_single_demo_overfit_lr0p001_seed0,wam_gru_dinov2s_no_future,eval_same_demo_teacher_forced,datasets/libero_spatial/pick_up_the_black_bowl_from_table_center_and_place_it_on_the_plate_demo.hdf5:data/demo_0,46,48,1,"[0.0, 0.0, 0.43392857909202576, 0.0, 0.07392857223749161, -0.010714286006987095, 1.0]","[0.04506155103445053, -0.01731235906481743, 0.4279429614543915, 0.003431122750043869, 0.0898270308971405, -0.020369693636894226, 0.9882362484931946]",1.092645526,1.081929684,1,0.9882362485,0.9988380075,"[0.04506155103445053, -0.01731235906481743, -0.005985617637634277, 0.003431122750043869, 0.015898458659648895, -0.009655407629907131, -0.01176375150680542]",0.0004088906862
20260529_wam_gru_no_future_single_demo_overfit_lr0p001_seed0,wam_gru_dinov2s_no_future,eval_same_demo_teacher_forced,datasets/libero_spatial/pick_up_the_black_bowl_from_table_center_and_place_it_on_the_plate_demo.hdf5:data/demo_0,46,49,2,"[0.08571428805589676, 0.0, 0.5330356955528259, 0.0, 0.1039285734295845, -0.007499999832361937, 1.0]","[0.09091779589653015, 0.004911724012345076, 0.5207646489143372, 0.002278301864862442, 0.10900966823101044, -0.00931207463145256, 0.9709076881408691]",1.141197324,1.110910773,1,0.9709076881,0.9999349117,"[0.005203507840633392, 0.004911724012345076, -0.01227104663848877, 0.002278301864862442, 0.005081094801425934, -0.0018120747990906239, -0.02909231185913086]",0.000154633497
20260529_wam_gru_no_future_single_demo_overfit_lr0p001_seed0,wam_gru_dinov2s_no_future,eval_same_demo_teacher_forced,datasets/libero_spatial/pick_up_the_black_bowl_from_table_center_and_place_it_on_the_plate_demo.hdf5:data/demo_0,46,50,3,"[0.16607142984867096, 0.03214285895228386, 0.6214285492897034, 0.0, 0.11464285850524902, -0.006428571417927742, 1.0]","[0.14361943304538727, 0.02301136404275894, 0.6106828451156616, -0.0014236383140087128, 0.12137357145547867, -0.011408783495426178, 0.948398768901825]",1.194977283,1.143859029,1,0.9483987689,0.9996984005,"[-0.02245199680328369, -0.009131494909524918, -0.010745704174041748, -0.0014236383140087128, 0.006730712950229645, -0.004980212077498436, -0.05160123109817505]",0.0004911093274
20260529_wam_gru_no_future_single_demo_overfit_lr0p001_seed0,wam_gru_dinov2s_no_future,eval_same_demo_teacher_forced,datasets/libero_spatial/pick_up_the_black_bowl_from_table_center_and_place_it_on_the_plate_demo.hdf5:data/demo_0,47,48,0,"[0.0, 0.0, 0.43392857909202576, 0.0, 0.07392857223749161, -0.010714286006987095, 1.0]","[0.03238824009895325, -0.010625878348946571, 0.41865086555480957, -0.002756331115961075, 0.07881913334131241, -0.020992211997509003, 1.0027152299880981]",1.092645526,1.090196729,1,1.00271523,0.9993562102,"[0.03238824009895325, -0.010625878348946571, -0.015277713537216187, -0.002756331115961075, 0.004890561103820801, -0.010277925990521908, 0.0027152299880981445]",0.0002199770097
20260529_wam_gru_no_future_single_demo_overfit_lr0p001_seed0,wam_gru_dinov2s_no_future,eval_same_demo_teacher_forced,datasets/libero_spatial/pick_up_the_black_bowl_from_table_center_and_place_it_on_the_plate_demo.hdf5:data/demo_0,47,49,1,"[0.08571428805589676, 0.0, 0.5330356955528259, 0.0, 0.1039285734295845, -0.007499999832361937, 1.0]","[0.10017992556095123, 0.013789016753435135, 0.5223338603973389, 0.00404546782374382, 0.10237427800893784, -0.022341880947351456, 0.9768702387809753]",1.141197324,1.11728704,1,0.9768702388,0.9997190833,"[0.014465637505054474, 0.013789016753435135, -0.01070183515548706, 0.00404546782374382, -0.0015542954206466675, -0.014841880649328232, -0.023129761219024658]",0.0001839956822
20260529_wam_gru_no_future_single_demo_overfit_lr0p001_seed0,wam_gru_dinov2s_no_future,eval_same_demo_teacher_forced,datasets/libero_spatial/pick_up_the_black_bowl_from_table_center_and_place_it_on_the_plate_demo.hdf5:data/demo_0,47,50,2,"[0.16607142984867096, 0.03214285895228386, 0.6214285492897034, 0.0, 0.11464285850524902, -0.006428571417927742, 1.0]","[0.14987871050834656, 0.04544667527079582, 0.6020464301109314, 0.001943107694387436, 0.11817067861557007, -0.0046977996826171875, 0.9617277383804321]",1.194977283,1.151476979,1,0.9617277384,0.9998522401,"[-0.016192719340324402, 0.013303816318511963, -0.019382119178771973, 0.001943107694387436, 0.003527820110321045, 0.0017307717353105545, -0.03827226161956787]",0.0003284064296
20260529_wam_gru_no_future_single_demo_overfit_lr0p001_seed0,wam_gru_dinov2s_no_future,eval_same_demo_teacher_forced,datasets/libero_spatial/pick_up_the_black_bowl_from_table_center_and_place_it_on_the_plate_demo.hdf5:data/demo_0,47,51,3,"[0.22232143580913544, 0.05624999850988388, 0.6723214387893677, 0.0, 0.1403571367263794, -0.007499999832361937, 1.0]","[0.19399291276931763, 0.07120728492736816, 0.6849085092544556, -0.00337957963347435, 0.13162025809288025, -0.011164955794811249, 0.9871222972869873]",1.234651089,1.226243734,1,0.9871222973,0.9995439649,"[-0.02832852303981781, 0.014957286417484283, 0.01258707046508789, -0.00337957963347435, -0.008736878633499146, -0.003664955962449312, -0.012877702713012695]",0.0002073830983
20260529_wam_gru_no_future_single_demo_overfit_lr0p001_seed0,wam_gru_dinov2s_no_future,eval_same_demo_teacher_forced,datasets/libero_spatial/pick_up_the_black_bowl_from_table_center_and_place_it_on_the_plate_demo.hdf5:data/demo_0,48,49,0,"[0.08571428805589676, 0.0, 0.5330356955528259, 0.0, 0.1039285734295845, -0.007499999832361937, 1.0]","[0.09769035875797272, 0.020959598943591118, 0.5436564087867737, -0.002285446971654892, 0.10151804983615875, -0.01422756165266037, 1.0349019765853882]",1.141197324,1.177743912,1,1.034901977,0.9997640252,"[0.011976070702075958, 0.020959598943591118, 0.010620713233947754, -0.002285446971654892, -0.0024105235934257507, -0.006727561820298433, 0.034901976585388184]",0.00028142464
20260529_wam_gru_no_future_single_demo_overfit_lr0p001_seed0,wam_gru_dinov2s_no_future,eval_same_demo_teacher_forced,datasets/libero_spatial/pick_up_the_black_bowl_from_table_center_and_place_it_on_the_plate_demo.hdf5:data/demo_0,48,50,1,"[0.16607142984867096, 0.03214285895228386, 0.6214285492897034, 0.0, 0.11464285850524902, -0.006428571417927742, 1.0]","[0.15844768285751343, 0.04804579168558121, 0.6316471695899963, 0.00453837588429451, 0.12017597258090973, -0.014229938387870789, 0.9787880778312683]",1.194977283,1.182828665,1,0.9787880778,0.9997064471,"[-0.007623746991157532, 0.015902932733297348, 0.010218620300292969, 0.00453837588429451, 0.005533114075660706, -0.007801366969943047, -0.02121192216873169]",0.0001396377338
20260529_wam_gru_no_future_single_demo_overfit_lr0p001_seed0,wam_gru_dinov2s_no_future,eval_same_demo_teacher_forced,datasets/libero_spatial/pick_up_the_black_bowl_from_table_center_and_place_it_on_the_plate_demo.hdf5:data/demo_0,48,51,2,"[0.22232143580913544, 0.05624999850988388, 0.6723214387893677, 0.0, 0.1403571367263794, -0.007499999832361937, 1.0]","[0.19765233993530273, 0.08824453502893448, 0.697668194770813, 0.011964213103055954, 0.1356000155210495, -0.006928041577339172, 0.9801923632621765]",1.234651089,1.230020404,1,0.9801923633,0.9990742207,"[-0.024669095873832703, 0.0319945365190506, 0.025346755981445312, 0.011964213103055954, -0.004757121205329895, 0.0005719582550227642, -0.019807636737823486]",0.0004047307011
20260529_wam_gru_no_future_single_demo_overfit_lr0p001_seed0,wam_gru_dinov2s_no_future,eval_same_demo_teacher_forced,datasets/libero_spatial/pick_up_the_black_bowl_from_table_center_and_place_it_on_the_plate_demo.hdf5:data/demo_0,48,52,3,"[0.24910713732242584, 0.1205357164144516, 0.7419642806053162, 0.0, 0.15321429073810577, -0.008571428246796131, 1.0]","[0.24712257087230682, 0.13199667632579803, 0.7586109638214111, 0.00016040727496147156, 0.15085649490356445, -0.005550108850002289, 0.9753880500793457]",1.284773231,1.275991201,1,0.9753880501,0.9997085333,"[-0.0019845664501190186, 0.011460959911346436, 0.01664668321609497, 0.00016040727496147156, -0.002357795834541321, 0.0030213193967938423, -0.024611949920654297]",0.0001475522295
20260529_wam_gru_no_future_single_demo_overfit_lr0p001_seed0,wam_gru_dinov2s_no_future,eval_same_demo_teacher_forced,datasets/libero_spatial/pick_up_the_black_bowl_from_table_center_and_place_it_on_the_plate_demo.hdf5:data/demo_0,49,50,0,"[0.16607142984867096, 0.03214285895228386, 0.6214285492897034, 0.0, 0.11464285850524902, -0.006428571417927742, 1.0]","[0.15733346343040466, 0.04782302677631378, 0.626383364200592, 0.0005500651895999908, 0.12049055099487305, -0.014001406729221344, 1.020216941833496]",1.194977283,1.214476824,1,1.020216942,0.9998390675,"[-0.008737966418266296, 0.015680167824029922, 0.004954814910888672, 0.0005500651895999908, 0.0058476924896240234, -0.007572835311293602, 0.020216941833496094]",0.0001210486444
20260529_wam_gru_no_future_single_demo_overfit_lr0p001_seed0,wam_gru_dinov2s_no_future,eval_same_demo_teacher_forced,datasets/libero_spatial/pick_up_the_black_bowl_from_table_center_and_place_it_on_the_plate_demo.hdf5:data/demo_0,49,51,1,"[0.22232143580913544, 0.05624999850988388, 0.6723214387893677, 0.0, 0.1403571367263794, -0.007499999832361937, 1.0]","[0.20467403531074524, 0.08478505164384842, 0.7004891037940979, 0.006223451346158981, 0.1315460205078125, -0.014966174960136414, 0.961326539516449]",1.234651089,1.21716094,1,0.9613265395,0.9989084005,"[-0.017647400498390198, 0.02853505313396454, 0.028167665004730225, 0.006223451346158981, -0.008811116218566895, -0.007466175127774477, -0.038673460483551025]",0.0005124064046
20260529_wam_gru_no_future_single_demo_overfit_lr0p001_seed0,wam_gru_dinov2s_no_future,eval_same_demo_teacher_forced,datasets/libero_spatial/pick_up_the_black_bowl_from_table_center_and_place_it_on_the_plate_demo.hdf5:data/demo_0,49,52,2,"[0.24910713732242584, 0.1205357164144516, 0.7419642806053162, 0.0, 0.15321429073810577, -0.008571428246796131, 1.0]","[0.23436182737350464, 0.1335332691669464, 0.7343337535858154, 0.011029187589883804, 0.14436964690685272, -0.002458851784467697, 0.9747169017791748]",1.284773231,1.258191586,1,0.9747169018,0.9998098612,"[-0.014745309948921204, 0.012997552752494812, -0.007630527019500732, 0.011029187589883804, -0.008844643831253052, 0.006112576462328434, -0.025283098220825195]",0.0001887221151
20260529_wam_gru_no_future_single_demo_overfit_lr0p001_seed0,wam_gru_dinov2s_no_future,eval_same_demo_teacher_forced,datasets/libero_spatial/pick_up_the_black_bowl_from_table_center_and_place_it_on_the_plate_demo.hdf5:data/demo_0,49,53,3,"[0.23035714030265808, 0.19017857313156128, 0.7526785731315613, 0.0, 0.15857142210006714, -0.0, 1.0]","[0.26902440190315247, 0.18556909263134003, 0.769584059715271, -0.0007543675601482391, 0.1516471803188324, -0.004819594323635101, 1.0011277198791504]",1.296496153,1.313143969,1,1.00112772,0.9995306134,"[0.038667261600494385, -0.0046094805002212524, 0.016905486583709717, -0.0007543675601482391, -0.006924241781234741, -0.004819594323635101, 0.0011277198791503906]",0.0002678877499
20260529_wam_gru_no_future_single_demo_overfit_lr0p001_seed0,wam_gru_dinov2s_no_future,eval_same_demo_teacher_forced,datasets/libero_spatial/pick_up_the_black_bowl_from_table_center_and_place_it_on_the_plate_demo.hdf5:data/demo_0,50,51,0,"[0.22232143580913544, 0.05624999850988388, 0.6723214387893677, 0.0, 0.1403571367263794, -0.007499999832361937, 1.0]","[0.19789549708366394, 0.07213227450847626, 0.6921927332878113, -0.0006597526371479034, 0.13762089610099792, -0.019760780036449432, 0.9803364872932434]",1.234651089,1.226330519,1,0.9803364873,0.9994321465,"[-0.024425938725471497, 0.015882275998592377, 0.019871294498443604, -0.0006597526371479034, -0.0027362406253814697, -0.012260779738426208, -0.019663512706756592]",0.0002555206011
20260529_wam_gru_no_future_single_demo_overfit_lr0p001_seed0,wam_gru_dinov2s_no_future,eval_same_demo_teacher_forced,datasets/libero_spatial/pick_up_the_black_bowl_from_table_center_and_place_it_on_the_plate_demo.hdf5:data/demo_0,50,52,1,"[0.24910713732242584, 0.1205357164144516, 0.7419642806053162, 0.0, 0.15321429073810577, -0.008571428246796131, 1.0]","[0.23323887586593628, 0.12292248755693436, 0.7465155124664307, 0.007527779787778854, 0.1505124717950821, -0.021661601960659027, 0.9840633869171143]",1.284773231,1.272146344,1,0.9840633869,0.9998140335,"[-0.015868261456489563, 0.0023867711424827576, 0.004551231861114502, 0.007527779787778854, -0.0027018189430236816, -0.013090173713862896, -0.015936613082885742]",0.0001096439519
20260529_wam_gru_no_future_single_demo_overfit_lr0p001_seed0,wam_gru_dinov2s_no_future,eval_same_demo_teacher_forced,datasets/libero_spatial/pick_up_the_black_bowl_from_table_center_and_place_it_on_the_plate_demo.hdf5:data/demo_0,50,53,2,"[0.23035714030265808, 0.19017857313156128, 0.7526785731315613, 0.0, 0.15857142210006714, -0.0, 1.0]","[0.2445906400680542, 0.17941834032535553, 0.7533886432647705, 0.011290092021226883, 0.16264674067497253, -9.520351886749268e-05, 0.968055784702301]",1.296496153,1.274097085,1,0.9680557847,0.9997028708,"[0.014233499765396118, -0.01076023280620575, 0.0007100701332092285, 0.011290092021226883, 0.0040753185749053955, -9.520351886749268e-05, -0.031944215297698975]",0.000211913677
20260529_wam_gru_no_future_single_demo_overfit_lr0p001_seed0,wam_gru_dinov2s_no_future,eval_same_demo_teacher_forced,datasets/libero_spatial/pick_up_the_black_bowl_from_table_center_and_place_it_on_the_plate_demo.hdf5:data/demo_0,50,54,3,"[0.2571428716182709, 0.24910713732242584, 0.7633928656578064, 0.0, 0.15535713732242584, -0.0, 1.0]","[0.2730924189090729, 0.24577811360359192, 0.7666616439819336, 0.003028322011232376, 0.15454578399658203, -0.012646876275539398, 1.0029195547103882]",1.31722486,1.323879719,1,1.002919555,0.9998824596,"[0.015949547290802002, -0.0033290237188339233, 0.0032687783241271973, 0.003028322011232376, -0.000811353325843811, -0.012646876275539398, 0.0029195547103881836]",6.492166722e-05
20260529_wam_gru_no_future_single_demo_overfit_lr0p001_seed0,wam_gru_dinov2s_no_future,eval_same_demo_teacher_forced,datasets/libero_spatial/pick_up_the_black_bowl_from_table_center_and_place_it_on_the_plate_demo.hdf5:data/demo_0,51,52,0,"[0.24910713732242584, 0.1205357164144516, 0.7419642806053162, 0.0, 0.15321429073810577, -0.008571428246796131, 1.0]","[0.21958132088184357, 0.11606820672750473, 0.7483512163162231, -0.0012219659984111786, 0.1539997160434723, -0.019487999379634857, 0.9935095310211182]",1.284773231,1.277840257,1,0.993509531,0.9996807575,"[-0.029525816440582275, -0.004467509686946869, 0.006386935710906982, -0.0012219659984111786, 0.0007854253053665161, -0.010916571132838726, -0.006490468978881836]",0.0001565618732
20260529_wam_gru_no_future_single_demo_overfit_lr0p001_seed0,wam_gru_dinov2s_no_future,eval_same_demo_teacher_forced,datasets/libero_spatial/pick_up_the_black_bowl_from_table_center_and_place_it_on_the_plate_demo.hdf5:data/demo_0,51,53,1,"[0.23035714030265808, 0.19017857313156128, 0.7526785731315613, 0.0, 0.15857142210006714, -0.0, 1.0]","[0.24743561446666718, 0.18565505743026733, 0.7802451848983765, 0.010071340948343277, 0.16536188125610352, -0.018968209624290466, 1.0003855228424072]",1.296496153,1.316454172,1,1.000385523,0.999653995,"[0.017078474164009094, -0.004523515701293945, 0.027566611766815186, 0.010071340948343277, 0.006790459156036377, -0.018968209624290466, 0.00038552284240722656]",0.0002256483276
20260529_wam_gru_no_future_single_demo_overfit_lr0p001_seed0,wam_gru_dinov2s_no_future,eval_same_demo_teacher_forced,datasets/libero_spatial/pick_up_the_black_bowl_from_table_center_and_place_it_on_the_plate_demo.hdf5:data/demo_0,51,54,2,"[0.2571428716182709, 0.24910713732242584, 0.7633928656578064, 0.0, 0.15535713732242584, -0.0, 1.0]","[0.26958394050598145, 0.26074525713920593, 0.7772314548492432, 0.003383193165063858, 0.17953893542289734, 0.0023901015520095825, 0.9737793803215027]",1.31722486,1.313487768,1,0.9737793803,0.9994921684,"[0.012441068887710571, 0.01163811981678009, 0.013838589191436768, 0.003383193165063858, 0.024181798100471497, 0.0023901015520095825, -0.026220619678497314]",0.0002530244819
20260529_wam_gru_no_future_single_demo_overfit_lr0p001_seed0,wam_gru_dinov2s_no_future,eval_same_demo_teacher_forced,datasets/libero_spatial/pick_up_the_black_bowl_from_table_center_and_place_it_on_the_plate_demo.hdf5:data/demo_0,51,55,3,"[0.2919642925262451, 0.35357141494750977, 0.7633928656578064, 0.0, 0.15535713732242584, -0.0, 1.0]","[0.30970287322998047, 0.3377893269062042, 0.7718825340270996, -0.0021917708218097687, 0.16636165976524353, -0.010052837431430817, 0.9753878116607666]",1.348020911,1.336032748,1,0.9753878117,0.9996322393,"[0.01773858070373535, -0.015782088041305542, 0.008489668369293213, -0.0021917708218097687, 0.011004522442817688, -0.010052837431430817, -0.0246121883392334]",0.000209789825
20260529_wam_gru_no_future_single_demo_overfit_lr0p001_seed0,wam_gru_dinov2s_no_future,eval_same_demo_teacher_forced,datasets/libero_spatial/pick_up_the_black_bowl_from_table_center_and_place_it_on_the_plate_demo.hdf5:data/demo_0,52,53,0,"[0.23035714030265808, 0.19017857313156128, 0.7526785731315613, 0.0, 0.15857142210006714, -0.0, 1.0]","[0.24566181004047394, 0.1759251207113266, 0.768517255783081, 0.0013213641941547394, 0.1623835563659668, -0.012134484946727753, 0.993689239025116]",1.296496153,1.302249551,1,0.993689239,0.9997457266,"[0.015304669737815857, -0.01425345242023468, 0.015838682651519775, 0.0013213641941547394, 0.003812134265899658, -0.012134484946727753, -0.006310760974884033]",0.000127372492
20260529_wam_gru_no_future_single_demo_overfit_lr0p001_seed0,wam_gru_dinov2s_no_future,eval_same_demo_teacher_forced,datasets/libero_spatial/pick_up_the_black_bowl_from_table_center_and_place_it_on_the_plate_demo.hdf5:data/demo_0,52,54,1,"[0.2571428716182709, 0.24910713732242584, 0.7633928656578064, 0.0, 0.15535713732242584, -0.0, 1.0]","[0.2719101309776306, 0.25715771317481995, 0.7790745496749878, 0.012491103261709213, 0.16097117960453033, -0.008209090679883957, 0.9967430233955383]",1.31722486,1.329155445,1,0.9967430234,0.9998137951,"[0.014767259359359741, 0.008050575852394104, 0.015681684017181396, 0.012491103261709213, 0.005614042282104492, -0.008209090679883957, -0.00325697660446167]",0.0001134773047
20260529_wam_gru_no_future_single_demo_overfit_lr0p001_seed0,wam_gru_dinov2s_no_future,eval_same_demo_teacher_forced,datasets/libero_spatial/pick_up_the_black_bowl_from_table_center_and_place_it_on_the_plate_demo.hdf5:data/demo_0,52,55,2,"[0.2919642925262451, 0.35357141494750977, 0.7633928656578064, 0.0, 0.15535713732242584, -0.0, 1.0]","[0.3171369731426239, 0.35671383142471313, 0.7624658346176147, -0.0035045184195041656, 0.17220765352249146, -0.002543635666370392, 0.9672730565071106]",1.348020911,1.332090855,1,0.9672730565,0.9995087385,"[0.025172680616378784, 0.003142416477203369, -0.0009270310401916504, -0.0035045184195041656, 0.016850516200065613, -0.002543635666370392, -0.032726943492889404]",0.0002883060661
20260529_wam_gru_no_future_single_demo_overfit_lr0p001_seed0,wam_gru_dinov2s_no_future,eval_same_demo_teacher_forced,datasets/libero_spatial/pick_up_the_black_bowl_from_table_center_and_place_it_on_the_plate_demo.hdf5:data/demo_0,52,56,3,"[0.3589285612106323, 0.42053571343421936, 0.7553571462631226, 0.0, 0.15321429073810577, -0.0, 1.0]","[0.35571810603141785, 0.43363019824028015, 0.7479895353317261, -0.004399742931127548, 0.15657365322113037, 0.0029571130871772766, 0.9503910541534424]",1.378302932,1.34232831,1,0.9503910542,0.9996103048,"[-0.0032104551792144775, 0.013094484806060791, -0.007367610931396484, -0.004399742931127548, 0.003359362483024597, 0.0029571130871772766, -0.04960894584655762]",0.0003909270745
20260529_wam_gru_no_future_single_demo_overfit_lr0p001_seed0,wam_gru_dinov2s_no_future,eval_same_demo_teacher_forced,datasets/libero_spatial/pick_up_the_black_bowl_from_table_center_and_place_it_on_the_plate_demo.hdf5:data/demo_0,53,54,0,"[0.2571428716182709, 0.24910713732242584, 0.7633928656578064, 0.0, 0.15535713732242584, -0.0, 1.0]","[0.2607824206352234, 0.262391597032547, 0.7596937417984009, 0.00021290406584739685, 0.16397681832313538, -0.012610532343387604, 0.9956040978431702]",1.31722486,1.31615591,1,0.9956040978,0.9998687506,"[0.0036395490169525146, 0.013284459710121155, -0.0036991238594055176, 0.00021290406584739685, 0.008619681000709534, -0.012610532343387604, -0.004395902156829834]",6.515719724e-05
20260529_wam_gru_no_future_single_demo_overfit_lr0p001_seed0,wam_gru_dinov2s_no_future,eval_same_demo_teacher_forced,datasets/libero_spatial/pick_up_the_black_bowl_from_table_center_and_place_it_on_the_plate_demo.hdf5:data/demo_0,53,55,1,"[0.2919642925262451, 0.35357141494750977, 0.7633928656578064, 0.0, 0.15535713732242584, -0.0, 1.0]","[0.3062900900840759, 0.34105271100997925, 0.7716023921966553, 0.008237507194280624, 0.16024908423423767, -0.004579056054353714, 0.9925429821014404]",1.348020911,1.347742915,1,0.9925429821,0.9998356104,"[0.01432579755783081, -0.012518703937530518, 0.008209526538848877, 0.008237507194280624, 0.004891946911811829, -0.004579056054353714, -0.00745701789855957]",8.538646216e-05
20260529_wam_gru_no_future_single_demo_overfit_lr0p001_seed0,wam_gru_dinov2s_no_future,eval_same_demo_teacher_forced,datasets/libero_spatial/pick_up_the_black_bowl_from_table_center_and_place_it_on_the_plate_demo.hdf5:data/demo_0,53,56,2,"[0.3589285612106323, 0.42053571343421936, 0.7553571462631226, 0.0, 0.15321429073810577, -0.0, 1.0]","[0.37119871377944946, 0.43928301334381104, 0.7471760511398315, -0.0032313503324985504, 0.1673302799463272, -0.005937773734331131, 0.977680504322052]",1.378302932,1.36855197,1,0.9776805043,0.9996773005,"[0.012270152568817139, 0.018747299909591675, -0.008181095123291016, -0.0032313503324985504, 0.014115989208221436, -0.005937773734331131, -0.022319495677947998]",0.0001874383015
20260529_wam_gru_no_future_single_demo_overfit_lr0p001_seed0,wam_gru_dinov2s_no_future,eval_same_demo_teacher_forced,datasets/libero_spatial/pick_up_the_black_bowl_from_table_center_and_place_it_on_the_plate_demo.hdf5:data/demo_0,53,57,3,"[0.4285714328289032, 0.4955357015132904, 0.7366071343421936, -0.007499999832361937, 0.16500000655651093, -0.0, 1.0]","[0.41613897681236267, 0.4910886585712433, 0.7481712102890015, -0.011344712227582932, 0.16949591040611267, 0.0020767077803611755, 0.9568024277687073]",1.413895488,1.385074973,1,0.9568024278,0.9996469617,"[-0.012432456016540527, -0.004447042942047119, 0.011564075946807861, -0.003844712395220995, 0.004495903849601746, 0.0020767077803611755, -0.043197572231292725]",0.0003162011562
20260529_wam_gru_no_future_single_demo_overfit_lr0p001_seed0,wam_gru_dinov2s_no_future,eval_same_demo_teacher_forced,datasets/libero_spatial/pick_up_the_black_bowl_from_table_center_and_place_it_on_the_plate_demo.hdf5:data/demo_0,54,55,0,"[0.2919642925262451, 0.35357141494750977, 0.7633928656578064, 0.0, 0.15535713732242584, -0.0, 1.0]","[0.31287989020347595, 0.34758809208869934, 0.7611134052276611, -0.003139149397611618, 0.16939327120780945, -0.011731304228305817, 1.0030885934829712]",1.348020911,1.353895545,1,1.003088593,0.9997814894,"[0.020915597677230835, -0.005983322858810425, -0.0022794604301452637, -0.003139149397611618, 0.014036133885383606, -0.011731304228305817, 0.0030885934829711914]",0.0001189269387
20260529_wam_gru_no_future_single_demo_overfit_lr0p001_seed0,wam_gru_dinov2s_no_future,eval_same_demo_teacher_forced,datasets/libero_spatial/pick_up_the_black_bowl_from_table_center_and_place_it_on_the_plate_demo.hdf5:data/demo_0,54,56,1,"[0.3589285612106323, 0.42053571343421936, 0.7553571462631226, 0.0, 0.15321429073810577, -0.0, 1.0]","[0.37264806032180786, 0.4168005883693695, 0.7755079865455627, -0.001044783741235733, 0.165168896317482, -0.0068121738731861115, 0.9962162375450134]",1.378302932,1.390603065,1,0.9962162375,0.9998273849,"[0.013719499111175537, -0.0037351250648498535, 0.020150840282440186, -0.001044783741235733, 0.01195460557937622, -0.0068121738731861115, -0.0037837624549865723]",0.0001161369873
20260529_wam_gru_no_future_single_demo_overfit_lr0p001_seed0,wam_gru_dinov2s_no_future,eval_same_demo_teacher_forced,datasets/libero_spatial/pick_up_the_black_bowl_from_table_center_and_place_it_on_the_plate_demo.hdf5:data/demo_0,54,57,2,"[0.4285714328289032, 0.4955357015132904, 0.7366071343421936, -0.007499999832361937, 0.16500000655651093, -0.0, 1.0]","[0.42899686098098755, 0.4902666509151459, 0.7473275065422058, -0.006243478506803513, 0.1706925630569458, -0.002951778471469879, 0.9787791967391968]",1.413895488,1.403599143,1,0.9787791967,0.9998664856,"[0.0004254281520843506, -0.005269050598144531, 0.010720372200012207, 0.001256521325558424, 0.0056925565004348755, -0.002951778471469879, -0.021220803260803223]",9.08413931e-05
20260529_wam_gru_no_future_single_demo_overfit_lr0p001_seed0,wam_gru_dinov2s_no_future,eval_same_demo_teacher_forced,datasets/libero_spatial/pick_up_the_black_bowl_from_table_center_and_place_it_on_the_plate_demo.hdf5:data/demo_0,54,58,3,"[0.4794642925262451, 0.5383928418159485, 0.7339285612106323, -0.012857142835855484, 0.17464286088943481, -0.0, 1.0]","[0.47839877009391785, 0.5198746919631958, 0.750801682472229, -0.014897596091032028, 0.17956894636154175, -0.0019443705677986145, 0.9809226989746094]",1.445361376,1.434405327,1,0.980922699,0.9997817278,"[-0.0010655224323272705, -0.018518149852752686, 0.01687312126159668, -0.002040453255176544, 0.004926085472106934, -0.0019443705677986145, -0.019077301025390625]",0.000146416176
20260529_wam_gru_no_future_single_demo_overfit_lr0p001_seed0,wam_gru_dinov2s_no_future,eval_same_demo_teacher_forced,datasets/libero_spatial/pick_up_the_black_bowl_from_table_center_and_place_it_on_the_plate_demo.hdf5:data/demo_0,55,56,0,"[0.3589285612106323, 0.42053571343421936, 0.7553571462631226, 0.0, 0.15321429073810577, -0.0, 1.0]","[0.3591914176940918, 0.4415256977081299, 0.7722880840301514, -0.004567336291074753, 0.1672860085964203, -0.006160803139209747, 0.9720548987388611]",1.378302932,1.375981927,1,0.9720548987,0.9995360374,"[0.00026285648345947266, 0.020989984273910522, 0.01693093776702881, -0.004567336291074753, 0.014071717858314514, -0.006160803139209747, -0.027945101261138916]",0.0002521518909
20260529_wam_gru_no_future_single_demo_overfit_lr0p001_seed0,wam_gru_dinov2s_no_future,eval_same_demo_teacher_forced,datasets/libero_spatial/pick_up_the_black_bowl_from_table_center_and_place_it_on_the_plate_demo.hdf5:data/demo_0,55,57,1,"[0.4285714328289032, 0.4955357015132904, 0.7366071343421936, -0.007499999832361937, 0.16500000655651093, -0.0, 1.0]","[0.4305777847766876, 0.49971041083335876, 0.7742570638656616, -0.01034221425652504, 0.17365224659442902, -0.0033592917025089264, 0.9689118266105652]",1.413895488,1.415501714,1,0.9689118266,0.9993761182,"[0.002006351947784424, 0.004174709320068359, 0.03764992952346802, -0.002842214424163103, 0.00865224003791809, -0.0033592917025089264, -0.031088173389434814]",0.000357095676
20260529_wam_gru_no_future_single_demo_overfit_lr0p001_seed0,wam_gru_dinov2s_no_future,eval_same_demo_teacher_forced,datasets/libero_spatial/pick_up_the_black_bowl_from_table_center_and_place_it_on_the_plate_demo.hdf5:data/demo_0,55,58,2,"[0.4794642925262451, 0.5383928418159485, 0.7339285612106323, -0.012857142835855484, 0.17464286088943481, -0.0, 1.0]","[0.49102509021759033, 0.5479909181594849, 0.754821240901947, -0.0026277415454387665, 0.17931337654590607, -0.0015834271907806396, 0.9615490436553955]",1.445361376,1.438017368,1,0.9615490437,0.9994670153,"[0.011560797691345215, 0.009598076343536377, 0.020892679691314697, 0.010229401290416718, 0.0046705156564712524, -0.0015834271907806396, -0.03845095634460449]",0.0003242452804
20260529_wam_gru_no_future_single_demo_overfit_lr0p001_seed0,wam_gru_dinov2s_no_future,eval_same_demo_teacher_forced,datasets/libero_spatial/pick_up_the_black_bowl_from_table_center_and_place_it_on_the_plate_demo.hdf5:data/demo_0,55,59,3,"[0.5491071343421936, 0.5758928656578064, 0.7124999761581421, -0.018214285373687744, 0.1842857152223587, -0.0, 1.0]","[0.5481429100036621, 0.5666433572769165, 0.7567760944366455, -0.021191474050283432, 0.193648099899292, 0.0012307241559028625, 0.9347615838050842]",1.474828959,1.451201081,1,0.9347615838,0.9986351728,"[-0.0009642243385314941, -0.009249508380889893, 0.04427611827850342, -0.002977188676595688, 0.009362384676933289, 0.0012307241559028625, -0.06523841619491577]",0.0009144201758
20260529_wam_gru_no_future_single_demo_overfit_lr0p001_seed0,wam_gru_dinov2s_no_future,eval_same_demo_teacher_forced,datasets/libero_spatial/pick_up_the_black_bowl_from_table_center_and_place_it_on_the_plate_demo.hdf5:data/demo_0,56,57,0,"[0.4285714328289032, 0.4955357015132904, 0.7366071343421936, -0.007499999832361937, 0.16500000655651093, -0.0, 1.0]","[0.41407570242881775, 0.4844452738761902, 0.7764202952384949, -0.00902087613940239, 0.17301839590072632, -0.0029099509119987488, 0.9903222322463989]",1.413895488,1.421174765,1,0.9903222322,0.999493897,"[-0.01449573040008545, -0.01109042763710022, 0.03981316089630127, -0.001520876307040453, 0.008018389344215393, -0.0029099509119987488, -0.009677767753601074]",0.0002981351863
20260529_wam_gru_no_future_single_demo_overfit_lr0p001_seed0,wam_gru_dinov2s_no_future,eval_same_demo_teacher_forced,datasets/libero_spatial/pick_up_the_black_bowl_from_table_center_and_place_it_on_the_plate_demo.hdf5:data/demo_0,56,58,1,"[0.4794642925262451, 0.5383928418159485, 0.7339285612106323, -0.012857142835855484, 0.17464286088943481, -0.0, 1.0]","[0.47426721453666687, 0.5334059596061707, 0.7762870192527771, -0.004611540585756302, 0.1852346956729889, -0.005994316190481186, 0.9776513576507568]",1.445361376,1.449911714,1,0.9776513577,0.9993937612,"[-0.005197077989578247, -0.004986882209777832, 0.042358458042144775, 0.008245602250099182, 0.010591834783554077, -0.005994316190481186, -0.022348642349243164]",0.0003659554641
20260529_wam_gru_no_future_single_demo_overfit_lr0p001_seed0,wam_gru_dinov2s_no_future,eval_same_demo_teacher_forced,datasets/libero_spatial/pick_up_the_black_bowl_from_table_center_and_place_it_on_the_plate_demo.hdf5:data/demo_0,56,59,2,"[0.5491071343421936, 0.5758928656578064, 0.7124999761581421, -0.018214285373687744, 0.1842857152223587, -0.0, 1.0]","[0.5290153622627258, 0.5720201730728149, 0.7472984194755554, -0.016105111688375473, 0.18449519574642181, 0.0017478540539741516, 0.9602935910224915]",1.474828959,1.456703186,1,0.960293591,0.9993284345,"[-0.020091772079467773, -0.003872692584991455, 0.03479844331741333, 0.002109173685312271, 0.00020948052406311035, 0.0017478540539741516, -0.039706408977508545]",0.0004591078905
20260529_wam_gru_no_future_single_demo_overfit_lr0p001_seed0,wam_gru_dinov2s_no_future,eval_same_demo_teacher_forced,datasets/libero_spatial/pick_up_the_black_bowl_from_table_center_and_place_it_on_the_plate_demo.hdf5:data/demo_0,56,60,3,"[0.5598214268684387, 0.581250011920929, 0.6991071701049805, -0.020357143133878708, 0.1778571456670761, -0.0, 1.0]","[0.5688624382019043, 0.5876691341400146, 0.7211567163467407, -0.021581802517175674, 0.18232521414756775, -0.010236062109470367, 0.9718639850616455]",1.473787665,1.472195387,1,0.9718639851,0.9996486306,"[0.009041011333465576, 0.006419122219085693, 0.022049546241760254, -0.0012246593832969666, 0.004468068480491638, -0.010236062109470367, -0.028136014938354492]",0.0002181433229
20260529_wam_gru_no_future_single_demo_overfit_lr0p001_seed0,wam_gru_dinov2s_no_future,eval_same_demo_teacher_forced,datasets/libero_spatial/pick_up_the_black_bowl_from_table_center_and_place_it_on_the_plate_demo.hdf5:data/demo_0,57,58,0,"[0.4794642925262451, 0.5383928418159485, 0.7339285612106323, -0.012857142835855484, 0.17464286088943481, -0.0, 1.0]","[0.4618677496910095, 0.5317342281341553, 0.7553257942199707, -0.017236214131116867, 0.17469702661037445, -0.006883285939693451, 0.9862967133522034]",1.445361376,1.438827515,1,0.9862967134,0.999753952,"[-0.017596542835235596, -0.006658613681793213, 0.02139723300933838, -0.004379071295261383, 5.416572093963623e-05, -0.006883285939693451, -0.01370328664779663]",0.0001523079991
20260529_wam_gru_no_future_single_demo_overfit_lr0p001_seed0,wam_gru_dinov2s_no_future,eval_same_demo_teacher_forced,datasets/libero_spatial/pick_up_the_black_bowl_from_table_center_and_place_it_on_the_plate_demo.hdf5:data/demo_0,57,59,1,"[0.5491071343421936, 0.5758928656578064, 0.7124999761581421, -0.018214285373687744, 0.1842857152223587, -0.0, 1.0]","[0.5136978626251221, 0.5663168430328369, 0.7486807703971863, -0.006344776600599289, 0.18664874136447906, -0.008290257304906845, 1.0058541297912598]",1.474828959,1.480477095,1,1.00585413,0.9993423223,"[-0.03540927171707153, -0.009576022624969482, 0.03618079423904419, 0.011869508773088455, 0.0023630261421203613, -0.008290257304906845, 0.005854129791259766]",0.000414862152
20260529_wam_gru_no_future_single_demo_overfit_lr0p001_seed0,wam_gru_dinov2s_no_future,eval_same_demo_teacher_forced,datasets/libero_spatial/pick_up_the_black_bowl_from_table_center_and_place_it_on_the_plate_demo.hdf5:data/demo_0,57,60,2,"[0.5598214268684387, 0.581250011920929, 0.6991071701049805, -0.020357143133878708, 0.1778571456670761, -0.0, 1.0]","[0.552844226360321, 0.5972036719322205, 0.7075261473655701, -0.015229906886816025, 0.1822182983160019, 0.005435094237327576, 0.9850081205368042]",1.473787665,1.471933484,1,0.9850081205,0.9998455048,"[-0.006977200508117676, 0.015953660011291504, 0.0084189772605896, 0.005127236247062683, 0.004361152648925781, 0.005435094237327576, -0.0149918794631958]",9.624067025e-05
20260529_wam_gru_no_future_single_demo_overfit_lr0p001_seed0,wam_gru_dinov2s_no_future,eval_same_demo_teacher_forced,datasets/libero_spatial/pick_up_the_black_bowl_from_table_center_and_place_it_on_the_plate_demo.hdf5:data/demo_0,57,61,3,"[0.5678571462631226, 0.5866071581840515, 0.675000011920929, -0.02250000089406967, 0.1703571379184723, -0.0, 1.0]","[0.5822384357452393, 0.6081047058105469, 0.668454647064209, -0.01838826760649681, 0.16767385601997375, -0.01529993861913681, 0.9882290363311768]",1.466875076,1.47000277,1,0.9882290363,0.9997451901,"[0.0143812894821167, 0.02149754762649536, -0.006545364856719971, 0.004111733287572861, -0.002683281898498535, -0.01529993861913681, -0.011770963668823242]",0.0001583653939
20260529_wam_gru_no_future_single_demo_overfit_lr0p001_seed0,wam_gru_dinov2s_no_future,eval_same_demo_teacher_forced,datasets/libero_spatial/pick_up_the_black_bowl_from_table_center_and_place_it_on_the_plate_demo.hdf5:data/demo_0,58,59,0,"[0.5491071343421936, 0.5758928656578064, 0.7124999761581421, -0.018214285373687744, 0.1842857152223587, -0.0, 1.0]","[0.5257803201675415, 0.5493203997612, 0.7683845162391663, -0.010648246854543686, 0.1985166221857071, -0.01581459492444992, 0.980983316898346]",1.474828959,1.473334074,1,0.9809833169,0.9987937212,"[-0.0233268141746521, -0.026572465896606445, 0.05588454008102417, 0.007566038519144058, 0.014230906963348389, -0.01581459492444992, -0.019016683101654053]",0.0007492596051
20260529_wam_gru_no_future_single_demo_overfit_lr0p001_seed0,wam_gru_dinov2s_no_future,eval_same_demo_teacher_forced,datasets/libero_spatial/pick_up_the_black_bowl_from_table_center_and_place_it_on_the_plate_demo.hdf5:data/demo_0,58,60,1,"[0.5598214268684387, 0.581250011920929, 0.6991071701049805, -0.020357143133878708, 0.1778571456670761, -0.0, 1.0]","[0.5650710463523865, 0.5671994686126709, 0.7386586666107178, -0.005125749856233597, 0.18452875316143036, -0.014513961970806122, 0.9947253465652466]",1.473787665,1.486742616,1,0.9947253466,0.999512434,"[0.005249619483947754, -0.014050543308258057, 0.039551496505737305, 0.015231393277645111, 0.006671607494354248, -0.014513961970806122, -0.005274653434753418]",0.0003291828034
20260529_wam_gru_no_future_single_demo_overfit_lr0p001_seed0,wam_gru_dinov2s_no_future,eval_same_demo_teacher_forced,datasets/libero_spatial/pick_up_the_black_bowl_from_table_center_and_place_it_on_the_plate_demo.hdf5:data/demo_0,58,61,2,"[0.5678571462631226, 0.5866071581840515, 0.675000011920929, -0.02250000089406967, 0.1703571379184723, -0.0, 1.0]","[0.5661783814430237, 0.5902422070503235, 0.6780135035514832, -0.008696377277374268, 0.18337050080299377, -0.00042992085218429565, 0.9695413112640381]",1.466875076,1.449950695,1,0.9695413113,0.9997586608,"[-0.001678764820098877, 0.0036350488662719727, 0.0030134916305541992, 0.013803623616695404, 0.013013362884521484, -0.00042992085218429565, -0.030458688735961914]",0.0001875595917
20260529_wam_gru_no_future_single_demo_overfit_lr0p001_seed0,wam_gru_dinov2s_no_future,eval_same_demo_teacher_forced,datasets/libero_spatial/pick_up_the_black_bowl_from_table_center_and_place_it_on_the_plate_demo.hdf5:data/demo_0,58,62,3,"[0.5866071581840515, 0.6000000238418579, 0.6026785969734192, -0.01607142947614193, 0.15000000596046448, -0.0, 1.0]","[0.595339834690094, 0.6087384223937988, 0.6134536266326904, -0.02070317044854164, 0.1471489667892456, -0.004373781383037567, 0.9730509519577026]",1.445713639,1.438834906,1,0.973050952,0.9997605085,"[0.00873267650604248, 0.008738398551940918, 0.01077502965927124, -0.004631740972399712, -0.002851039171218872, -0.004373781383037567, -0.026949048042297363]",0.0001490975701
20260529_wam_gru_no_future_single_demo_overfit_lr0p001_seed0,wam_gru_dinov2s_no_future,eval_same_demo_teacher_forced,datasets/libero_spatial/pick_up_the_black_bowl_from_table_center_and_place_it_on_the_plate_demo.hdf5:data/demo_0,59,60,0,"[0.5598214268684387, 0.581250011920929, 0.6991071701049805, -0.020357143133878708, 0.1778571456670761, -0.0, 1.0]","[0.5645664930343628, 0.5915842652320862, 0.7267590165138245, -0.01337997242808342, 0.19006530940532684, -0.013658054172992706, 1.001013159751892]",1.473787665,1.495126724,1,1.00101316,0.9998129606,"[0.004745066165924072, 0.010334253311157227, 0.027651846408843994, 0.006977170705795288, 0.012208163738250732, -0.013658054172992706, 0.0010131597518920898]",0.000182746604
20260529_wam_gru_no_future_single_demo_overfit_lr0p001_seed0,wam_gru_dinov2s_no_future,eval_same_demo_teacher_forced,datasets/libero_spatial/pick_up_the_black_bowl_from_table_center_and_place_it_on_the_plate_demo.hdf5:data/demo_0,59,61,1,"[0.5678571462631226, 0.5866071581840515, 0.675000011920929, -0.02250000089406967, 0.1703571379184723, -0.0, 1.0]","[0.5907357335090637, 0.5976893901824951, 0.701561450958252, -0.009231764823198318, 0.17328917980194092, -0.01619032397866249, 1.0038180351257324]",1.466875076,1.495465517,1,1.003818035,0.9997730851,"[0.022878587245941162, 0.011082231998443604, 0.026561439037322998, 0.013268236070871353, 0.002932041883468628, -0.01619032397866249, 0.003818035125732422]",0.0002590146323
20260529_wam_gru_no_future_single_demo_overfit_lr0p001_seed0,wam_gru_dinov2s_no_future,eval_same_demo_teacher_forced,datasets/libero_spatial/pick_up_the_black_bowl_from_table_center_and_place_it_on_the_plate_demo.hdf5:data/demo_0,59,62,2,"[0.5866071581840515, 0.6000000238418579, 0.6026785969734192, -0.01607142947614193, 0.15000000596046448, -0.0, 1.0]","[0.5958699584007263, 0.6081268787384033, 0.615488588809967, -0.012987058609724045, 0.1639152318239212, 0.005554769188165665, 0.9572073221206665]",1.445713639,1.430740714,1,0.9572073221,0.9994785786,"[0.009262800216674805, 0.00812685489654541, 0.012809991836547852, 0.003084370866417885, 0.013915225863456726, 0.005554769188165665, -0.042792677879333496]",0.0003401652502
20260529_wam_gru_no_future_single_demo_overfit_lr0p001_seed0,wam_gru_dinov2s_no_future,eval_same_demo_teacher_forced,datasets/libero_spatial/pick_up_the_black_bowl_from_table_center_and_place_it_on_the_plate_demo.hdf5:data/demo_0,59,63,3,"[0.6000000238418579, 0.6187499761581421, 0.5142857432365417, -0.010714286006987095, 0.12214285880327225, -0.0, 1.0]","[0.6013967990875244, 0.6189889907836914, 0.5403029918670654, -0.017657097429037094, 0.12213485687971115, -0.008679471909999847, 1.0080560445785522]",1.422102332,1.438135505,1,1.008056045,0.9998508692,"[0.001396775245666504, 0.0002390146255493164, 0.02601724863052368, -0.006942811422049999, -8.001923561096191e-06, -0.008679471909999847, 0.008056044578552246]",0.0001239058765
20260529_wam_gru_no_future_single_demo_overfit_lr0p001_seed0,wam_gru_dinov2s_no_future,eval_same_demo_teacher_forced,datasets/libero_spatial/pick_up_the_black_bowl_from_table_center_and_place_it_on_the_plate_demo.hdf5:data/demo_0,60,61,0,"[0.5678571462631226, 0.5866071581840515, 0.675000011920929, -0.02250000089406967, 0.1703571379184723, -0.0, 1.0]","[0.58196622133255, 0.6015153527259827, 0.6596430540084839, -0.018918689340353012, 0.15653756260871887, -0.015370763838291168, 0.9603440165519714]",1.466875076,1.443257809,1,0.9603440166,0.9995012283,"[0.01410907506942749, 0.014908194541931152, -0.015356957912445068, 0.0035813115537166595, -0.013819575309753418, -0.015370763838291168, -0.039655983448028564]",0.0003814029042
20260529_wam_gru_no_future_single_demo_overfit_lr0p001_seed0,wam_gru_dinov2s_no_future,eval_same_demo_teacher_forced,datasets/libero_spatial/pick_up_the_black_bowl_from_table_center_and_place_it_on_the_plate_demo.hdf5:data/demo_0,60,62,1,"[0.5866071581840515, 0.6000000238418579, 0.6026785969734192, -0.01607142947614193, 0.15000000596046448, -0.0, 1.0]","[0.5833940505981445, 0.617783784866333, 0.6062400937080383, -0.007529605180025101, 0.15655890107154846, -0.013778183609247208, 0.9933801293373108]",1.445713639,1.449514985,1,0.9933801293,0.9998390675,"[-0.0032131075859069824, 0.017783761024475098, 0.0035614967346191406, 0.008541824296116829, 0.006558895111083984, -0.013778183609247208, -0.006619870662689209]",9.841619612e-05
20260529_wam_gru_no_future_single_demo_overfit_lr0p001_seed0,wam_gru_dinov2s_no_future,eval_same_demo_teacher_forced,datasets/libero_spatial/pick_up_the_black_bowl_from_table_center_and_place_it_on_the_plate_demo.hdf5:data/demo_0,60,63,2,"[0.6000000238418579, 0.6187499761581421, 0.5142857432365417, -0.010714286006987095, 0.12214285880327225, -0.0, 1.0]","[0.5932640433311462, 0.6286399364471436, 0.5075281262397766, -0.009455911815166473, 0.13306985795497894, 0.004700973629951477, 0.9646216630935669]",1.422102332,1.397515416,1,0.9646216631,0.9997537136,"[-0.00673598051071167, 0.009889960289001465, -0.006757616996765137, 0.0012583741918206215, 0.010926999151706696, 0.004700973629951477, -0.035378336906433105]",0.0002262226917
20260529_wam_gru_no_future_single_demo_overfit_lr0p001_seed0,wam_gru_dinov2s_no_future,eval_same_demo_teacher_forced,datasets/libero_spatial/pick_up_the_black_bowl_from_table_center_and_place_it_on_the_plate_demo.hdf5:data/demo_0,60,64,3,"[0.5892857313156128, 0.6455357074737549, 0.4258928596973419, -0.009642857126891613, 0.09107142686843872, -0.0, 1.0]","[0.5749189853668213, 0.6394045352935791, 0.4250805974006653, -0.01614312455058098, 0.08702332526445389, -0.0029408708214759827, 0.9575348496437073]",1.397764564,1.358226299,1,0.9575348496,0.9998546243,"[-0.014366745948791504, -0.006131172180175781, -0.0008122622966766357, -0.006500267423689365, -0.004048101603984833, -0.0029408708214759827, -0.042465150356292725]",0.0003021761368
20260529_wam_gru_no_future_single_demo_overfit_lr0p001_seed0,wam_gru_dinov2s_no_future,eval_same_demo_teacher_forced,datasets/libero_spatial/pick_up_the_black_bowl_from_table_center_and_place_it_on_the_plate_demo.hdf5:data/demo_0,61,62,0,"[0.5866071581840515, 0.6000000238418579, 0.6026785969734192, -0.01607142947614193, 0.15000000596046448, -0.0, 1.0]","[0.5858534574508667, 0.610386848449707, 0.5967727899551392, -0.02006545290350914, 0.13837383687496185, -0.013717152178287506, 0.9862174391746521]",1.445713639,1.436766148,1,0.9862174392,0.9998573065,"[-0.0007537007331848145, 0.010386824607849121, -0.005905807018280029, -0.00399402342736721, -0.011626169085502625, -0.013717152178287506, -0.0137825608253479]",9.608171968e-05
20260529_wam_gru_no_future_single_demo_overfit_lr0p001_seed0,wam_gru_dinov2s_no_future,eval_same_demo_teacher_forced,datasets/libero_spatial/pick_up_the_black_bowl_from_table_center_and_place_it_on_the_plate_demo.hdf5:data/demo_0,61,63,1,"[0.6000000238418579, 0.6187499761581421, 0.5142857432365417, -0.010714286006987095, 0.12214285880327225, -0.0, 1.0]","[0.5923998951911926, 0.6326013803482056, 0.5368639826774597, -0.014474410563707352, 0.13146056234836578, -0.011230584233999252, 0.9920868873596191]",1.422102332,1.428705335,1,0.9920868874,0.9997525811,"[-0.007600128650665283, 0.013851404190063477, 0.02257823944091797, -0.003760124556720257, 0.009317703545093536, -0.011230584233999252, -0.00791311264038086]",0.0001498716738
20260529_wam_gru_no_future_single_demo_overfit_lr0p001_seed0,wam_gru_dinov2s_no_future,eval_same_demo_teacher_forced,datasets/libero_spatial/pick_up_the_black_bowl_from_table_center_and_place_it_on_the_plate_demo.hdf5:data/demo_0,61,64,2,"[0.5892857313156128, 0.6455357074737549, 0.4258928596973419, -0.009642857126891613, 0.09107142686843872, -0.0, 1.0]","[0.5855967402458191, 0.6494913697242737, 0.41259968280792236, -0.016301672905683517, 0.09834761917591095, 0.00853002816438675, 0.961624801158905]",1.397764564,1.367382169,1,0.9616248012,0.9997578859,"[-0.003688991069793701, 0.003955662250518799, -0.013293176889419556, -0.0066588157787919044, 0.007276192307472229, 0.00853002816438675, -0.03837519884109497]",0.0002640949388
20260529_wam_gru_no_future_single_demo_overfit_lr0p001_seed0,wam_gru_dinov2s_no_future,eval_same_demo_teacher_forced,datasets/libero_spatial/pick_up_the_black_bowl_from_table_center_and_place_it_on_the_plate_demo.hdf5:data/demo_0,61,65,3,"[0.5651785731315613, 0.6723214387893677, 0.32946428656578064, -0.017142856493592262, 0.05464285612106323, -0.0, 1.0]","[0.5647985339164734, 0.6755452156066895, 0.3121693432331085, -0.019444387406110764, 0.05190597474575043, -0.005202747881412506, 0.9717960357666016]",1.372322559,1.349183202,1,0.9717960358,0.9998353124,"[-0.0003800392150878906, 0.0032237768173217773, -0.01729494333267212, -0.0023015309125185013, -0.002736881375312805, -0.005202747881412506, -0.028203964233398438]",0.0001635674125
20260529_wam_gru_no_future_single_demo_overfit_lr0p001_seed0,wam_gru_dinov2s_no_future,eval_same_demo_teacher_forced,datasets/libero_spatial/pick_up_the_black_bowl_from_table_center_and_place_it_on_the_plate_demo.hdf5:data/demo_0,62,63,0,"[0.6000000238418579, 0.6187499761581421, 0.5142857432365417, -0.010714286006987095, 0.12214285880327225, -0.0, 1.0]","[0.5806186199188232, 0.6229645013809204, 0.5251220464706421, -0.017413746565580368, 0.12261134386062622, -0.00653674453496933, 1.0136469602584839]",1.422102332,1.429620743,1,1.01364696,0.9998209476,"[-0.019381403923034668, 0.00421452522277832, 0.010836303234100342, -0.006699460558593273, 0.0004684850573539734, -0.00653674453496933, 0.013646960258483887]",0.0001121281894
20260529_wam_gru_no_future_single_demo_overfit_lr0p001_seed0,wam_gru_dinov2s_no_future,eval_same_demo_teacher_forced,datasets/libero_spatial/pick_up_the_black_bowl_from_table_center_and_place_it_on_the_plate_demo.hdf5:data/demo_0,62,64,1,"[0.5892857313156128, 0.6455357074737549, 0.4258928596973419, -0.009642857126891613, 0.09107142686843872, -0.0, 1.0]","[0.578326940536499, 0.6400050520896912, 0.452158659696579, -0.01373143121600151, 0.0980457216501236, -0.008458677679300308, 1.0041043758392334]",1.397764564,1.40236032,1,1.004104376,0.9997518063,"[-0.01095879077911377, -0.005530655384063721, 0.02626579999923706, -0.004088574089109898, 0.0069742947816848755, -0.008458677679300308, 0.0041043758392333984]",0.0001420468325
20260529_wam_gru_no_future_single_demo_overfit_lr0p001_seed0,wam_gru_dinov2s_no_future,eval_same_demo_teacher_forced,datasets/libero_spatial/pick_up_the_black_bowl_from_table_center_and_place_it_on_the_plate_demo.hdf5:data/demo_0,62,65,2,"[0.5651785731315613, 0.6723214387893677, 0.32946428656578064, -0.017142856493592262, 0.05464285612106323, -0.0, 1.0]","[0.5725919008255005, 0.660473644733429, 0.3078440725803375, -0.01399979367852211, 0.06091459468007088, 0.011299394071102142, 0.9546197652816772]",1.372322559,1.331986547,1,0.9546197653,0.9996521473,"[0.007413327693939209, -0.01184779405593872, -0.021620213985443115, 0.0031430628150701523, 0.006271738559007645, 0.011299394071102142, -0.045380234718322754]",0.0004141452082
20260529_wam_gru_no_future_single_demo_overfit_lr0p001_seed0,wam_gru_dinov2s_no_future,eval_same_demo_teacher_forced,datasets/libero_spatial/pick_up_the_black_bowl_from_table_center_and_place_it_on_the_plate_demo.hdf5:data/demo_0,62,66,3,"[0.5410714149475098, 0.7098214030265808, 0.14464285969734192, -0.029999999329447746, 0.0, -0.0, 1.0]","[0.5492649674415588, 0.6933797597885132, 0.19805650413036346, -0.020726550370454788, 0.019817136228084564, -0.002256043255329132, 0.9761743545532227]",1.348490357,1.332455516,1,0.9761743546,0.9988911152,"[0.008193552494049072, -0.016441643238067627, 0.053413644433021545, 0.009273448958992958, 0.019817136228084564, -0.002256043255329132, -0.023825645446777344]",0.0006059923326
20260529_wam_gru_no_future_single_demo_overfit_lr0p001_seed0,wam_gru_dinov2s_no_future,eval_same_demo_teacher_forced,datasets/libero_spatial/pick_up_the_black_bowl_from_table_center_and_place_it_on_the_plate_demo.hdf5:data/demo_0,63,64,0,"[0.5892857313156128, 0.6455357074737549, 0.4258928596973419, -0.009642857126891613, 0.09107142686843872, -0.0, 1.0]","[0.5804727673530579, 0.6263277530670166, 0.45192158222198486, -0.021060194820165634, 0.10509851574897766, -0.011090628802776337, 0.995531439781189]",1.397764564,1.391460896,1,0.9955314398,0.9996002913,"[-0.008812963962554932, -0.01920795440673828, 0.026028722524642944, -0.011417337693274021, 0.01402708888053894, -0.011090628802776337, -0.004468560218811035]",0.000227741868
20260529_wam_gru_no_future_single_demo_overfit_lr0p001_seed0,wam_gru_dinov2s_no_future,eval_same_demo_teacher_forced,datasets/libero_spatial/pick_up_the_black_bowl_from_table_center_and_place_it_on_the_plate_demo.hdf5:data/demo_0,63,65,1,"[0.5651785731315613, 0.6723214387893677, 0.32946428656578064, -0.017142856493592262, 0.05464285612106323, -0.0, 1.0]","[0.5721103549003601, 0.6509279608726501, 0.34582409262657166, -0.020615387707948685, 0.06346737593412399, -0.007956352084875107, 0.9754145741462708]",1.372322559,1.351503491,1,0.9754145741,0.9997041225,"[0.006931781768798828, -0.02139347791671753, 0.016359806060791016, -0.0034725312143564224, 0.00882451981306076, -0.007956352084875107, -0.024585425853729248]",0.0002187215723
20260529_wam_gru_no_future_single_demo_overfit_lr0p001_seed0,wam_gru_dinov2s_no_future,eval_same_demo_teacher_forced,datasets/libero_spatial/pick_up_the_black_bowl_from_table_center_and_place_it_on_the_plate_demo.hdf5:data/demo_0,63,66,2,"[0.5410714149475098, 0.7098214030265808, 0.14464285969734192, -0.029999999329447746, 0.0, -0.0, 1.0]","[0.5452618598937988, 0.6854836940765381, 0.20640712976455688, -0.016190018504858017, 0.03313389793038368, 0.007715553045272827, 0.9749062657356262]",1.348490357,1.327276945,1,0.9749062657,0.99833709,"[0.0041904449462890625, -0.024337708950042725, 0.061764270067214966, 0.01380998082458973, 0.03313389793038368, 0.007715553045272827, -0.02509373426437378]",0.0009146435768
20260529_wam_gru_no_future_single_demo_overfit_lr0p001_seed0,wam_gru_dinov2s_no_future,eval_same_demo_teacher_forced,datasets/libero_spatial/pick_up_the_black_bowl_from_table_center_and_place_it_on_the_plate_demo.hdf5:data/demo_0,63,67,3,"[0.5330356955528259, 0.731249988079071, -0.0, -0.03642857074737549, -0.006428571417927742, -0.0, 1.0]","[0.5510322451591492, 0.7290910482406616, 0.10934430360794067, -0.038934510201215744, 0.0025614984333515167, 0.012694932520389557, 0.932587742805481]",1.349156022,1.310942411,1,0.9325877428,0.9955850244,"[0.017996549606323242, -0.002158939838409424, 0.10934430360794067, -0.0025059394538402557, 0.008990069851279259, 0.012694932520389557, -0.06741225719451904]",0.002439626958
20260529_wam_gru_no_future_single_demo_overfit_lr0p001_seed0,wam_gru_dinov2s_no_future,eval_same_demo_teacher_forced,datasets/libero_spatial/pick_up_the_black_bowl_from_table_center_and_place_it_on_the_plate_demo.hdf5:data/demo_0,64,65,0,"[0.5651785731315613, 0.6723214387893677, 0.32946428656578064, -0.017142856493592262, 0.05464285612106323, -0.0, 1.0]","[0.5555910468101501, 0.6493696570396423, 0.3150468170642853, -0.023684006184339523, 0.06324712932109833, -0.006382875144481659, 0.9988845586776733]",1.372322559,1.353509903,1,0.9988845587,0.9998300076,"[-0.009587526321411133, -0.022951781749725342, -0.014417469501495361, -0.006541149690747261, 0.008604273200035095, -0.006382875144481659, -0.0011154413223266602]",0.0001407676755
20260529_wam_gru_no_future_single_demo_overfit_lr0p001_seed0,wam_gru_dinov2s_no_future,eval_same_demo_teacher_forced,datasets/libero_spatial/pick_up_the_black_bowl_from_table_center_and_place_it_on_the_plate_demo.hdf5:data/demo_0,64,66,1,"[0.5410714149475098, 0.7098214030265808, 0.14464285969734192, -0.029999999329447746, 0.0, -0.0, 1.0]","[0.5430798530578613, 0.6903290748596191, 0.19404363632202148, -0.022561971098184586, 0.0185374915599823, -0.012771718204021454, 0.966990053653717]",1.348490357,1.32107091,1,0.9669900537,0.9989546537,"[0.0020084381103515625, -0.01949232816696167, 0.049400776624679565, 0.007438028231263161, 0.0185374915599823, -0.012771718204021454, -0.03300994634628296]",0.0006394511438
20260529_wam_gru_no_future_single_demo_overfit_lr0p001_seed0,wam_gru_dinov2s_no_future,eval_same_demo_teacher_forced,datasets/libero_spatial/pick_up_the_black_bowl_from_table_center_and_place_it_on_the_plate_demo.hdf5:data/demo_0,64,67,2,"[0.5330356955528259, 0.731249988079071, -0.0, -0.03642857074737549, -0.006428571417927742, -0.0, 1.0]","[0.543341338634491, 0.7351027131080627, 0.07213272899389267, -0.03476465120911598, -0.0017722249031066895, -0.003115348517894745, 0.9682880640029907]",1.349156022,1.334017277,1,0.968288064,0.9982956648,"[0.010305643081665039, 0.0038527250289916992, 0.07213272899389267, 0.0016639195382595062, 0.0046563465148210526, -0.003115348517894745, -0.03171193599700928]",0.0009091404499
20260529_wam_gru_no_future_single_demo_overfit_lr0p001_seed0,wam_gru_dinov2s_no_future,eval_same_demo_teacher_forced,datasets/libero_spatial/pick_up_the_black_bowl_from_table_center_and_place_it_on_the_plate_demo.hdf5:data/demo_0,64,68,3,"[0.5169642567634583, 0.7446428537368774, -0.0, -0.04392857104539871, -0.03642857074737549, -0.0, 1.0]","[0.5360708236694336, 0.7387607097625732, 0.002552572637796402, -0.04031788930296898, -0.02262210287153721, 0.0020576640963554382, 0.9533827304840088]",1.35092628,1.320691466,1,0.9533827305,0.9994750619,"[0.019106566905975342, -0.005882143974304199, 0.002552572637796402, 0.0036106817424297333, 0.01380646787583828, 0.0020576640963554382, -0.04661726951599121]",0.0003981764894
20260529_wam_gru_no_future_single_demo_overfit_lr0p001_seed0,wam_gru_dinov2s_no_future,eval_same_demo_teacher_forced,datasets/libero_spatial/pick_up_the_black_bowl_from_table_center_and_place_it_on_the_plate_demo.hdf5:data/demo_0,65,66,0,"[0.5410714149475098, 0.7098214030265808, 0.14464285969734192, -0.029999999329447746, 0.0, -0.0, 1.0]","[0.5316940546035767, 0.7049381136894226, 0.17254573106765747, -0.03437201306223869, 0.015084095299243927, -0.009448595345020294, 0.9863731861114502]",1.348490357,1.335604191,1,0.9863731861,0.9996541142,"[-0.009377360343933105, -0.004883289337158203, 0.027902871370315552, -0.004372013732790947, 0.015084095299243927, -0.009448595345020294, -0.013626813888549805]",0.00020170887
20260529_wam_gru_no_future_single_demo_overfit_lr0p001_seed0,wam_gru_dinov2s_no_future,eval_same_demo_teacher_forced,datasets/libero_spatial/pick_up_the_black_bowl_from_table_center_and_place_it_on_the_plate_demo.hdf5:data/demo_0,65,67,1,"[0.5330356955528259, 0.731249988079071, -0.0, -0.03642857074737549, -0.006428571417927742, -0.0, 1.0]","[0.5359659790992737, 0.730567455291748, 0.07535429298877716, -0.03551105037331581, -0.010718612931668758, -0.012070290744304657, 0.9806641340255737]",1.349156022,1.337867856,1,0.980664134,0.9983106256,"[0.002930283546447754, -0.000682532787322998, 0.07535429298877716, 0.0009175203740596771, -0.004290041513741016, -0.012070290744304657, -0.01933586597442627]",0.0008894479834
20260529_wam_gru_no_future_single_demo_overfit_lr0p001_seed0,wam_gru_dinov2s_no_future,eval_same_demo_teacher_forced,datasets/libero_spatial/pick_up_the_black_bowl_from_table_center_and_place_it_on_the_plate_demo.hdf5:data/demo_0,65,68,2,"[0.5169642567634583, 0.7446428537368774, -0.0, -0.04392857104539871, -0.03642857074737549, -0.0, 1.0]","[0.5337188839912415, 0.7504768371582031, -0.02345350757241249, -0.038098033517599106, -0.027653874829411507, -0.012623518705368042, 0.9681258201599121]",1.35092628,1.337260127,1,0.9681258202,0.999456346,"[0.016754627227783203, 0.005833983421325684, -0.02345350757241249, 0.005830537527799606, 0.008774695917963982, -0.012623518705368042, -0.03187417984008789]",0.0003073038533
20260529_wam_gru_no_future_single_demo_overfit_lr0p001_seed0,wam_gru_dinov2s_no_future,eval_same_demo_teacher_forced,datasets/libero_spatial/pick_up_the_black_bowl_from_table_center_and_place_it_on_the_plate_demo.hdf5:data/demo_0,65,69,3,"[0.5223214030265808, 0.7098214030265808, -0.08839285373687744, -0.04714285582304001, -0.051428571343421936, -0.008571428246796131, 1.0]","[0.5328783392906189, 0.7314465045928955, -0.07536745071411133, -0.045659732073545456, -0.04668241739273071, -0.016254611313343048, 0.965954065322876]",1.337692142,1.327497363,1,0.9659540653,0.9994684458,"[0.010556936264038086, 0.021625101566314697, 0.013025403022766113, 0.0014831237494945526, 0.004746153950691223, -0.007683183066546917, -0.03404593467712402]",0.0002845196577
20260529_wam_gru_no_future_single_demo_overfit_lr0p001_seed0,wam_gru_dinov2s_no_future,eval_same_demo_teacher_forced,datasets/libero_spatial/pick_up_the_black_bowl_from_table_center_and_place_it_on_the_plate_demo.hdf5:data/demo_0,66,67,0,"[0.5330356955528259, 0.731249988079071, -0.0, -0.03642857074737549, -0.006428571417927742, -0.0, 1.0]","[0.5386404991149902, 0.7261297106742859, 0.07078270614147186, -0.04506079480051994, -0.012176446616649628, -0.015212200582027435, 0.9880034327507019]",1.349156022,1.342001915,1,0.9880034328,0.9984812737,"[0.005604803562164307, -0.005120277404785156, 0.07078270614147186, -0.008632224053144455, -0.005747875198721886, -0.015212200582027435, -0.011996567249298096]",0.0007929577841
20260529_wam_gru_no_future_single_demo_overfit_lr0p001_seed0,wam_gru_dinov2s_no_future,eval_same_demo_teacher_forced,datasets/libero_spatial/pick_up_the_black_bowl_from_table_center_and_place_it_on_the_plate_demo.hdf5:data/demo_0,66,68,1,"[0.5169642567634583, 0.7446428537368774, -0.0, -0.04392857104539871, -0.03642857074737549, -0.0, 1.0]","[0.5429399609565735, 0.7295032739639282, 0.007520373910665512, -0.03783703222870827, -0.022496983408927917, -0.01631741225719452, 1.0008487701416016]",1.35092628,1.353114009,1,1.00084877,0.9996023178,"[0.025975704193115234, -0.015139579772949219, 0.007520373910665512, 0.006091538816690445, 0.01393158733844757, -0.01631741225719452, 0.0008487701416015625]",0.0002083820582
20260529_wam_gru_no_future_single_demo_overfit_lr0p001_seed0,wam_gru_dinov2s_no_future,eval_same_demo_teacher_forced,datasets/libero_spatial/pick_up_the_black_bowl_from_table_center_and_place_it_on_the_plate_demo.hdf5:data/demo_0,66,69,2,"[0.5223214030265808, 0.7098214030265808, -0.08839285373687744, -0.04714285582304001, -0.051428571343421936, -0.008571428246796131, 1.0]","[0.5357621312141418, 0.7273685336112976, -0.0813157930970192, -0.03791782632470131, -0.0342075377702713, -0.013698253780603409, 0.9513794779777527]",1.337692142,1.315536737,1,0.951379478,0.9991987944,"[0.013440728187561035, 0.017547130584716797, 0.007077060639858246, 0.0092250294983387, 0.017221033573150635, -0.005126825533807278, -0.048620522022247314]",0.0004729349166
20260529_wam_gru_no_future_single_demo_overfit_lr0p001_seed0,wam_gru_dinov2s_no_future,eval_same_demo_teacher_forced,datasets/libero_spatial/pick_up_the_black_bowl_from_table_center_and_place_it_on_the_plate_demo.hdf5:data/demo_0,66,70,3,"[0.5249999761581421, 0.675000011920929, -0.13124999403953552, -0.046071428805589676, -0.05785714462399483, -0.018214285373687744, 1.0]","[0.526607871055603, 0.689353346824646, -0.12778088450431824, -0.040526557713747025, -0.05558544024825096, -0.032762132585048676, 0.9903504848480225]",1.324491739,1.324934483,1,0.9903504848,0.9998401403,"[0.0016078948974609375, 0.014353334903717041, 0.003469109535217285, 0.005544871091842651, 0.002271704375743866, -0.014547847211360931, -0.009649515151977539]",8.018536028e-05
20260529_wam_gru_no_future_single_demo_overfit_lr0p001_seed0,wam_gru_dinov2s_no_future,eval_same_demo_teacher_forced,datasets/libero_spatial/pick_up_the_black_bowl_from_table_center_and_place_it_on_the_plate_demo.hdf5:data/demo_0,67,68,0,"[0.5169642567634583, 0.7446428537368774, -0.0, -0.04392857104539871, -0.03642857074737549, -0.0, 1.0]","[0.5275397300720215, 0.7241119146347046, -0.0032804273068904877, -0.04414598271250725, -0.03507780283689499, -0.014656640589237213, 1.0003231763839722]",1.35092628,1.344130874,1,1.000323176,0.9998030663,"[0.010575473308563232, -0.02053093910217285, -0.0032804273068904877, -0.00021741166710853577, 0.0013507679104804993, -0.014656640589237213, 0.00032317638397216797]",0.000108702101
20260529_wam_gru_no_future_single_demo_overfit_lr0p001_seed0,wam_gru_dinov2s_no_future,eval_same_demo_teacher_forced,datasets/libero_spatial/pick_up_the_black_bowl_from_table_center_and_place_it_on_the_plate_demo.hdf5:data/demo_0,67,69,1,"[0.5223214030265808, 0.7098214030265808, -0.08839285373687744, -0.04714285582304001, -0.051428571343421936, -0.008571428246796131, 1.0]","[0.5333788990974426, 0.707179844379425, -0.045920584350824356, -0.041431088000535965, -0.040950097143650055, -0.014475520700216293, 1.0098955631256104]",1.337692142,1.345435739,1,1.009895563,0.9994030595,"[0.011057496070861816, -0.0026415586471557617, 0.042472269386053085, 0.005711767822504044, 0.010478474199771881, -0.005904092453420162, 0.009895563125610352]",0.0003154775477
20260529_wam_gru_no_future_single_demo_overfit_lr0p001_seed0,wam_gru_dinov2s_no_future,eval_same_demo_teacher_forced,datasets/libero_spatial/pick_up_the_black_bowl_from_table_center_and_place_it_on_the_plate_demo.hdf5:data/demo_0,67,70,2,"[0.5249999761581421, 0.675000011920929, -0.13124999403953552, -0.046071428805589676, -0.05785714462399483, -0.018214285373687744, 1.0]","[0.5332965850830078, 0.694940447807312, -0.12824881076812744, -0.04471874609589577, -0.045806884765625, -0.01619943603873253, 0.9339960813522339]",1.324491739,1.288605571,1,0.9339960814,0.9989174604,"[0.008296608924865723, 0.019940435886383057, 0.003001183271408081, 0.0013526827096939087, 0.012050259858369827, 0.0020148493349552155, -0.06600391864776611]",0.0007118682261
20260529_wam_gru_no_future_single_demo_overfit_lr0p001_seed0,wam_gru_dinov2s_no_future,eval_same_demo_teacher_forced,datasets/libero_spatial/pick_up_the_black_bowl_from_table_center_and_place_it_on_the_plate_demo.hdf5:data/demo_0,67,71,3,"[0.5169642567634583, 0.6455357074737549, -0.18214285373687744, -0.04821428656578064, -0.06321428716182709, -0.028928572311997414, 1.0]","[0.5296580195426941, 0.649774432182312, -0.17140743136405945, -0.03866222873330116, -0.06268154084682465, -0.041923023760318756, 0.9638440012931824]",1.313126802,1.291627407,1,0.9638440013,0.9995874166,"[0.01269376277923584, 0.004238724708557129, 0.010735422372817993, 0.009552057832479477, 0.0005327463150024414, -0.012994451448321342, -0.03615599870681763]",0.0002659979218
20260529_wam_gru_no_future_single_demo_overfit_lr0p001_seed0,wam_gru_dinov2s_no_future,eval_same_demo_teacher_forced,datasets/libero_spatial/pick_up_the_black_bowl_from_table_center_and_place_it_on_the_plate_demo.hdf5:data/demo_0,68,69,0,"[0.5223214030265808, 0.7098214030265808, -0.08839285373687744, -0.04714285582304001, -0.051428571343421936, -0.008571428246796131, 1.0]","[0.5298798680305481, 0.7131101489067078, -0.09289772808551788, -0.04333294555544853, -0.04486202448606491, -0.0299152210354805, 1.001075029373169]",1.337692142,1.343452692,1,1.001075029,0.9998415709,"[0.007558465003967285, 0.003288745880126953, -0.004504874348640442, 0.0038099102675914764, 0.006566546857357025, -0.021343793720006943, 0.0010750293731689453]",8.608405187e-05
20260529_wam_gru_no_future_single_demo_overfit_lr0p001_seed0,wam_gru_dinov2s_no_future,eval_same_demo_teacher_forced,datasets/libero_spatial/pick_up_the_black_bowl_from_table_center_and_place_it_on_the_plate_demo.hdf5:data/demo_0,68,70,1,"[0.5249999761581421, 0.675000011920929, -0.13124999403953552, -0.046071428805589676, -0.05785714462399483, -0.018214285373687744, 1.0]","[0.5332359075546265, 0.681971549987793, -0.13402028381824493, -0.03538521006703377, -0.05439338460564613, -0.02526726946234703, 1.0032055377960205]",1.324491739,1.333663344,1,1.003205538,0.9999358654,"[0.008235931396484375, 0.006971538066864014, -0.0027702897787094116, 0.010686218738555908, 0.003463760018348694, -0.0070529840886592865, 0.003205537796020508]",4.433148206e-05
20260529_wam_gru_no_future_single_demo_overfit_lr0p001_seed0,wam_gru_dinov2s_no_future,eval_same_demo_teacher_forced,datasets/libero_spatial/pick_up_the_black_bowl_from_table_center_and_place_it_on_the_plate_demo.hdf5:data/demo_0,68,71,2,"[0.5169642567634583, 0.6455357074737549, -0.18214285373687744, -0.04821428656578064, -0.06321428716182709, -0.028928572311997414, 1.0]","[0.5310165286064148, 0.6475129127502441, -0.19349583983421326, -0.05447014048695564, -0.06055396795272827, -0.028555244207382202, 0.9294877052307129]",1.313126802,1.268892765,1,0.9294877052,0.9989820719,"[0.014052271842956543, 0.001977205276489258, -0.011352986097335815, -0.006255853921175003, 0.002660319209098816, 0.0003733281046152115, -0.07051229476928711]",0.0007640859694
20260529_wam_gru_no_future_single_demo_overfit_lr0p001_seed0,wam_gru_dinov2s_no_future,eval_same_demo_teacher_forced,datasets/libero_spatial/pick_up_the_black_bowl_from_table_center_and_place_it_on_the_plate_demo.hdf5:data/demo_0,68,72,3,"[0.5062500238418579, 0.5919643044471741, -0.26249998807907104, -0.04285714402794838, -0.06750000268220901, -0.04285714402794838, 1.0]","[0.522214949131012, 0.6047012805938721, -0.24329732358455658, -0.03410705551505089, -0.07294316589832306, -0.044563017785549164, 0.9719123840332031]",1.297631145,1.284775972,1,0.971912384,0.9995445609,"[0.015964925289154053, 0.012736976146697998, 0.019202664494514465, 0.008750088512897491, -0.005443163216114044, -0.0017058737576007843, -0.028087615966796875]",0.0002405525738
20260529_wam_gru_no_future_single_demo_overfit_lr0p001_seed0,wam_gru_dinov2s_no_future,eval_same_demo_teacher_forced,datasets/libero_spatial/pick_up_the_black_bowl_from_table_center_and_place_it_on_the_plate_demo.hdf5:data/demo_0,69,70,0,"[0.5249999761581421, 0.675000011920929, -0.13124999403953552, -0.046071428805589676, -0.05785714462399483, -0.018214285373687744, 1.0]","[0.517895519733429, 0.6926057934761047, -0.14936228096485138, -0.03953608497977257, -0.053781747817993164, -0.02930668741464615, 0.9970645904541016]",1.324491739,1.330293179,1,0.9970645905,0.9997599721,"[-0.007104456424713135, 0.01760578155517578, -0.018112286925315857, 0.006535343825817108, 0.004075396806001663, -0.011092402040958405, -0.0029354095458984375]",0.0001256384858
20260529_wam_gru_no_future_single_demo_overfit_lr0p001_seed0,wam_gru_dinov2s_no_future,eval_same_demo_teacher_forced,datasets/libero_spatial/pick_up_the_black_bowl_from_table_center_and_place_it_on_the_plate_demo.hdf5:data/demo_0,69,71,1,"[0.5169642567634583, 0.6455357074737549, -0.18214285373687744, -0.04821428656578064, -0.06321428716182709, -0.028928572311997414, 1.0]","[0.508526086807251, 0.6469682455062866, -0.1908571720123291, -0.04370642825961113, -0.06792241334915161, -0.028889421373605728, 0.9789320826530457]",1.313126802,1.295862436,1,0.9789320827,0.9999008179,"[-0.008438169956207275, 0.0014325380325317383, -0.00871431827545166, 0.00450785830616951, -0.004708126187324524, 3.9150938391685486e-05, -0.021067917346954346]",9.079144365e-05
20260529_wam_gru_no_future_single_demo_overfit_lr0p001_seed0,wam_gru_dinov2s_no_future,eval_same_demo_teacher_forced,datasets/libero_spatial/pick_up_the_black_bowl_from_table_center_and_place_it_on_the_plate_demo.hdf5:data/demo_0,69,72,2,"[0.5062500238418579, 0.5919643044471741, -0.26249998807907104, -0.04285714402794838, -0.06750000268220901, -0.04285714402794838, 1.0]","[0.4983028769493103, 0.6062196493148804, -0.256452351808548, -0.044667039066553116, -0.06957277655601501, -0.04002583026885986, 0.9533690810203552]",1.297631145,1.264486432,1,0.953369081,0.9995750785,"[-0.007947146892547607, 0.014255344867706299, 0.006047636270523071, -0.0018098950386047363, -0.0020727738738059998, 0.0028313137590885162, -0.046630918979644775]",0.0003561395861
20260529_wam_gru_no_future_single_demo_overfit_lr0p001_seed0,wam_gru_dinov2s_no_future,eval_same_demo_teacher_forced,datasets/libero_spatial/pick_up_the_black_bowl_from_table_center_and_place_it_on_the_plate_demo.hdf5:data/demo_0,69,73,3,"[0.5008928775787354, 0.5491071343421936, -0.3241071403026581, -0.027857143431901932, -0.06750000268220901, -0.05249999836087227, 1.0]","[0.4989926517009735, 0.5582504272460938, -0.3075979948043823, -0.03696213290095329, -0.075536347925663, -0.04512261599302292, 0.9616880416870117]",1.290560365,1.260637045,1,0.9616880417,0.9996515512,"[-0.0019002258777618408, 0.009143292903900146, 0.016509145498275757, -0.009104989469051361, -0.00803634524345398, 0.00737738236784935, -0.03831195831298828]",0.0002899254323
20260529_wam_gru_no_future_single_demo_overfit_lr0p001_seed0,wam_gru_dinov2s_no_future,eval_same_demo_teacher_forced,datasets/libero_spatial/pick_up_the_black_bowl_from_table_center_and_place_it_on_the_plate_demo.hdf5:data/demo_0,70,71,0,"[0.5169642567634583, 0.6455357074737549, -0.18214285373687744, -0.04821428656578064, -0.06321428716182709, -0.028928572311997414, 1.0]","[0.5021759271621704, 0.6503371596336365, -0.20681796967983246, -0.04727160558104515, -0.05979320406913757, -0.0419265553355217, 0.971792995929718]",1.313126802,1.292223692,1,0.9717929959,0.9995901585,"[-0.014788329601287842, 0.004801452159881592, -0.024675115942955017, 0.0009426809847354889, 0.003421083092689514, -0.012997983023524284, -0.028207004070281982]",0.0002611121454
20260529_wam_gru_no_future_single_demo_overfit_lr0p001_seed0,wam_gru_dinov2s_no_future,eval_same_demo_teacher_forced,datasets/libero_spatial/pick_up_the_black_bowl_from_table_center_and_place_it_on_the_plate_demo.hdf5:data/demo_0,70,72,1,"[0.5062500238418579, 0.5919643044471741, -0.26249998807907104, -0.04285714402794838, -0.06750000268220901, -0.04285714402794838, 1.0]","[0.4951287508010864, 0.6091771721839905, -0.2508563697338104, -0.04263985529541969, -0.07621303200721741, -0.05559494346380234, 0.9911438822746277]",1.297631145,1.293159604,1,0.9911438823,0.9997460842,"[-0.011121273040771484, 0.017212867736816406, 0.01164361834526062, 0.00021728873252868652, -0.008713029325008392, -0.012737799435853958, -0.008856117725372314]",0.0001245979656
20260529_wam_gru_no_future_single_demo_overfit_lr0p001_seed0,wam_gru_dinov2s_no_future,eval_same_demo_teacher_forced,datasets/libero_spatial/pick_up_the_black_bowl_from_table_center_and_place_it_on_the_plate_demo.hdf5:data/demo_0,70,73,2,"[0.5008928775787354, 0.5491071343421936, -0.3241071403026581, -0.027857143431901932, -0.06750000268220901, -0.05249999836087227, 1.0]","[0.4708995521068573, 0.5530586242675781, -0.3146410584449768, -0.03054492548108101, -0.06800922751426697, -0.04368080943822861, 0.9551092386245728]",1.290560365,1.243510842,1,0.9551092386,0.9997221828,"[-0.029993325471878052, 0.0039514899253845215, 0.009466081857681274, -0.002687782049179077, -0.0005092248320579529, 0.008819188922643661, -0.044890761375427246]",0.0004436089657
20260529_wam_gru_no_future_single_demo_overfit_lr0p001_seed0,wam_gru_dinov2s_no_future,eval_same_demo_teacher_forced,datasets/libero_spatial/pick_up_the_black_bowl_from_table_center_and_place_it_on_the_plate_demo.hdf5:data/demo_0,70,74,3,"[0.46071428060531616, 0.5169642567634583, -0.3642857074737549, -0.019285714253783226, -0.06964285671710968, -0.056785713881254196, 1.0]","[0.44677841663360596, 0.5011688470840454, -0.3654218018054962, -0.02615058794617653, -0.07863201200962067, -0.0607169046998024, 0.958997368812561]",1.27305162,1.230667949,1,0.9589973688,0.9998490214,"[-0.013935863971710205, -0.015795409679412842, -0.001136094331741333, -0.006864873692393303, -0.008989155292510986, -0.0039311908185482025, -0.041002631187438965]",0.0003242279345
20260529_wam_gru_no_future_single_demo_overfit_lr0p001_seed0,wam_gru_dinov2s_no_future,eval_same_demo_teacher_forced,datasets/libero_spatial/pick_up_the_black_bowl_from_table_center_and_place_it_on_the_plate_demo.hdf5:data/demo_0,71,72,0,"[0.5062500238418579, 0.5919643044471741, -0.26249998807907104, -0.04285714402794838, -0.06750000268220901, -0.04285714402794838, 1.0]","[0.5091025829315186, 0.6051042675971985, -0.24984246492385864, -0.04328792914748192, -0.05919196456670761, -0.045766301453113556, 1.002501368522644]",1.297631145,1.303932071,1,1.002501369,0.9998862743,"[0.0028525590896606445, 0.013139963150024414, 0.012657523155212402, -0.0004307851195335388, 0.008308038115501404, -0.0029091574251651764, 0.002501368522644043]",6.070538802e-05
20260529_wam_gru_no_future_single_demo_overfit_lr0p001_seed0,wam_gru_dinov2s_no_future,eval_same_demo_teacher_forced,datasets/libero_spatial/pick_up_the_black_bowl_from_table_center_and_place_it_on_the_plate_demo.hdf5:data/demo_0,71,73,1,"[0.5008928775787354, 0.5491071343421936, -0.3241071403026581, -0.027857143431901932, -0.06750000268220901, -0.05249999836087227, 1.0]","[0.4867042601108551, 0.5684051513671875, -0.2900264859199524, -0.01131349429488182, -0.07730790972709656, -0.05864313244819641, 1.0049790143966675]",1.290560365,1.289808989,1,1.004979014,0.9993491769,"[-0.014188617467880249, 0.019298017024993896, 0.03408065438270569, 0.01654364913702011, -0.009807907044887543, -0.0061431340873241425, 0.0049790143966674805]",0.000309662486
20260529_wam_gru_no_future_single_demo_overfit_lr0p001_seed0,wam_gru_dinov2s_no_future,eval_same_demo_teacher_forced,datasets/libero_spatial/pick_up_the_black_bowl_from_table_center_and_place_it_on_the_plate_demo.hdf5:data/demo_0,71,74,2,"[0.46071428060531616, 0.5169642567634583, -0.3642857074737549, -0.019285714253783226, -0.06964285671710968, -0.056785713881254196, 1.0]","[0.45829901099205017, 0.5207040905952454, -0.35364261269569397, -0.028637785464525223, -0.06944988667964935, -0.06240539997816086, 0.9373862743377686]",1.27305162,1.222483039,1,0.9373862743,0.9994810224,"[-0.002415269613265991, 0.0037398338317871094, 0.010643094778060913, -0.009352071210741997, 0.00019297003746032715, -0.005619686096906662, -0.06261372566223145]",0.0005960933631
20260529_wam_gru_no_future_single_demo_overfit_lr0p001_seed0,wam_gru_dinov2s_no_future,eval_same_demo_teacher_forced,datasets/libero_spatial/pick_up_the_black_bowl_from_table_center_and_place_it_on_the_plate_demo.hdf5:data/demo_0,71,75,3,"[0.3723214268684387, 0.44732141494750977, -0.4285714328289032, -0.002142857061699033, -0.08142857253551483, -0.06428571790456772, 1.0]","[0.38810300827026367, 0.45412638783454895, -0.42355844378471375, -0.0023351386189460754, -0.09611470252275467, -0.07303432375192642, 0.9965425729751587]",1.238208771,1.242550254,1,0.996542573,0.9998031259,"[0.01578158140182495, 0.006804972887039185, 0.005012989044189453, -0.00019228155724704266, -0.014686129987239838, -0.008748605847358704, -0.0034574270248413086]",8.924390568e-05
20260529_wam_gru_no_future_single_demo_overfit_lr0p001_seed0,wam_gru_dinov2s_no_future,eval_same_demo_teacher_forced,datasets/libero_spatial/pick_up_the_black_bowl_from_table_center_and_place_it_on_the_plate_demo.hdf5:data/demo_0,72,73,0,"[0.5008928775787354, 0.5491071343421936, -0.3241071403026581, -0.027857143431901932, -0.06750000268220901, -0.05249999836087227, 1.0]","[0.4901386499404907, 0.550996720790863, -0.29128244519233704, -0.044599246233701706, -0.04796045273542404, -0.056733377277851105, 0.9694483876228333]",1.290560365,1.255395055,1,0.9694483876,0.9995145202,"[-0.010754227638244629, 0.0018895864486694336, 0.032824695110321045, -0.016742102801799774, 0.019539549946784973, -0.004233378916978836, -0.030551612377166748]",0.000401442725
20260529_wam_gru_no_future_single_demo_overfit_lr0p001_seed0,wam_gru_dinov2s_no_future,eval_same_demo_teacher_forced,datasets/libero_spatial/pick_up_the_black_bowl_from_table_center_and_place_it_on_the_plate_demo.hdf5:data/demo_0,72,74,1,"[0.46071428060531616, 0.5169642567634583, -0.3642857074737549, -0.019285714253783226, -0.06964285671710968, -0.056785713881254196, 1.0]","[0.4397122263908386, 0.5064141750335693, -0.3426295816898346, -0.01912141963839531, -0.07113826274871826, -0.06346504390239716, 0.9988526701927185]",1.27305162,1.254734278,1,0.9988526702,0.9997702241,"[-0.02100205421447754, -0.010550081729888916, 0.021656125783920288, 0.00016429461538791656, -0.0014954060316085815, -0.00667933002114296, -0.0011473298072814941]",0.0001527959103
20260529_wam_gru_no_future_single_demo_overfit_lr0p001_seed0,wam_gru_dinov2s_no_future,eval_same_demo_teacher_forced,datasets/libero_spatial/pick_up_the_black_bowl_from_table_center_and_place_it_on_the_plate_demo.hdf5:data/demo_0,72,75,2,"[0.3723214268684387, 0.44732141494750977, -0.4285714328289032, -0.002142857061699033, -0.08142857253551483, -0.06428571790456772, 1.0]","[0.39024990797042847, 0.46210554242134094, -0.42621007561683655, -0.008971352130174637, -0.06872400641441345, -0.06008625030517578, 0.9505828619003296]",1.238208771,1.20810318,1,0.9505828619,0.9992288351,"[0.017928481101989746, 0.014784127473831177, 0.0023613572120666504, -0.006828495301306248, 0.01270456612110138, 0.004199467599391937, -0.04941713809967041]",0.0004590429016
20260529_wam_gru_no_future_single_demo_overfit_lr0p001_seed0,wam_gru_dinov2s_no_future,eval_same_demo_teacher_forced,datasets/libero_spatial/pick_up_the_black_bowl_from_table_center_and_place_it_on_the_plate_demo.hdf5:data/demo_0,72,76,3,"[0.30000001192092896, 0.3910714387893677, -0.4928571283817291, 0.0, -0.10285714268684387, -0.07071428745985031, 1.0]","[0.3014056086540222, 0.3829919397830963, -0.4755603075027466, 0.0028737299144268036, -0.10185910761356354, -0.06915902346372604, 0.9709742069244385]",1.225326538,1.192326784,1,0.9709742069,0.9999549985,"[0.0014055967330932617, -0.008079499006271362, 0.017296820878982544, 0.0028737299144268036, 0.0009980350732803345, 0.0015552639961242676, -0.029025793075561523]",0.0001743719768
20260529_wam_gru_no_future_single_demo_overfit_lr0p001_seed0,wam_gru_dinov2s_no_future,eval_same_demo_teacher_forced,datasets/libero_spatial/pick_up_the_black_bowl_from_table_center_and_place_it_on_the_plate_demo.hdf5:data/demo_0,73,74,0,"[0.46071428060531616, 0.5169642567634583, -0.3642857074737549, -0.019285714253783226, -0.06964285671710968, -0.056785713881254196, 1.0]","[0.45082104206085205, 0.5216042995452881, -0.34928855299949646, -0.02412259206175804, -0.07124584168195724, -0.05694860965013504, 0.9786415696144104]",1.27305162,1.250581264,1,0.9786415696,0.9998990893,"[-0.009893238544464111, 0.004640042781829834, 0.014997154474258423, -0.004836877807974815, -0.0016029849648475647, -0.00016289576888084412, -0.0213584303855896]",0.0001180706968
20260529_wam_gru_no_future_single_demo_overfit_lr0p001_seed0,wam_gru_dinov2s_no_future,eval_same_demo_teacher_forced,datasets/libero_spatial/pick_up_the_black_bowl_from_table_center_and_place_it_on_the_plate_demo.hdf5:data/demo_0,73,75,1,"[0.3723214268684387, 0.44732141494750977, -0.4285714328289032, -0.002142857061699033, -0.08142857253551483, -0.06428571790456772, 1.0]","[0.38511478900909424, 0.4513201117515564, -0.4175420105457306, -0.012573737651109695, -0.0944724977016449, -0.0684526115655899, 0.9782229065895081]",1.238208771,1.223533273,1,0.9782229066,0.9997172356,"[0.012793362140655518, 0.003998696804046631, 0.011029422283172607, -0.010430880822241306, -0.013043925166130066, -0.004166893661022186, -0.021777093410491943]",0.0001531228336
20260529_wam_gru_no_future_single_demo_overfit_lr0p001_seed0,wam_gru_dinov2s_no_future,eval_same_demo_teacher_forced,datasets/libero_spatial/pick_up_the_black_bowl_from_table_center_and_place_it_on_the_plate_demo.hdf5:data/demo_0,73,76,2,"[0.30000001192092896, 0.3910714387893677, -0.4928571283817291, 0.0, -0.10285714268684387, -0.07071428745985031, 1.0]","[0.3259483575820923, 0.3871343433856964, -0.5037025809288025, 0.0034865885972976685, -0.10281820595264435, -0.0702539011836052, 0.9546856880187988]",1.225326538,1.198655844,1,0.954685688,0.9992643595,"[0.02594834566116333, -0.003937095403671265, -0.010845452547073364, 0.0034865885972976685, 3.8936734199523926e-05, 0.0004603862762451172, -0.04531431198120117]",0.00041031398
20260529_wam_gru_no_future_single_demo_overfit_lr0p001_seed0,wam_gru_dinov2s_no_future,eval_same_demo_teacher_forced,datasets/libero_spatial/pick_up_the_black_bowl_from_table_center_and_place_it_on_the_plate_demo.hdf5:data/demo_0,73,77,3,"[0.21160714328289032, 0.3080357015132904, -0.5785714387893677, 0.0, -0.1339285671710968, -0.07392857223749161, 1.0]","[0.2477213442325592, 0.31793859601020813, -0.5632292032241821, 0.00410003587603569, -0.12922677397727966, -0.07229537516832352, 0.9716187715530396]",1.223850846,1.20235765,1,0.9716187716,0.9993125796,"[0.036114200949668884, 0.009902894496917725, 0.015342235565185547, 0.00410003587603569, 0.004701793193817139, 0.0016331970691680908, -0.02838122844696045]",0.0003549665271
20260529_wam_gru_no_future_single_demo_overfit_lr0p001_seed0,wam_gru_dinov2s_no_future,eval_same_demo_teacher_forced,datasets/libero_spatial/pick_up_the_black_bowl_from_table_center_and_place_it_on_the_plate_demo.hdf5:data/demo_0,74,75,0,"[0.3723214268684387, 0.44732141494750977, -0.4285714328289032, -0.002142857061699033, -0.08142857253551483, -0.06428571790456772, 1.0]","[0.36603420972824097, 0.46514618396759033, -0.42000865936279297, -0.019178282469511032, -0.08508805930614471, -0.06483239680528641, 1.00550377368927]",1.238208771,1.244828582,1,1.005503774,0.999766171,"[-0.006287217140197754, 0.017824769020080566, 0.00856277346611023, -0.01703542470932007, -0.003659486770629883, -0.000546678900718689, 0.0055037736892700195]",0.000109251494
20260529_wam_gru_no_future_single_demo_overfit_lr0p001_seed0,wam_gru_dinov2s_no_future,eval_same_demo_teacher_forced,datasets/libero_spatial/pick_up_the_black_bowl_from_table_center_and_place_it_on_the_plate_demo.hdf5:data/demo_0,74,76,1,"[0.30000001192092896, 0.3910714387893677, -0.4928571283817291, 0.0, -0.10285714268684387, -0.07071428745985031, 1.0]","[0.2984391450881958, 0.3866838216781616, -0.46763691306114197, -0.017578478902578354, -0.10608524084091187, -0.07801613211631775, 0.9989803433418274]",1.225326538,1.213625073,1,0.9989803433,0.999699235,"[-0.0015608668327331543, -0.004387617111206055, 0.025220215320587158, -0.017578478902578354, -0.003228098154067993, -0.007301844656467438, -0.0010196566581726074]",0.0001473609882
20260529_wam_gru_no_future_single_demo_overfit_lr0p001_seed0,wam_gru_dinov2s_no_future,eval_same_demo_teacher_forced,datasets/libero_spatial/pick_up_the_black_bowl_from_table_center_and_place_it_on_the_plate_demo.hdf5:data/demo_0,74,77,2,"[0.21160714328289032, 0.3080357015132904, -0.5785714387893677, 0.0, -0.1339285671710968, -0.07392857223749161, 1.0]","[0.25175854563713074, 0.3097243309020996, -0.563740074634552, 0.010700654238462448, -0.10727889835834503, -0.06512998789548874, 0.939026951789856]",1.223850846,1.172497869,1,0.9390269518,0.9986697435,"[0.04015140235424042, 0.001688629388809204, 0.014831364154815674, 0.010700654238462448, 0.02664966881275177, 0.008798584342002869, -0.06097304821014404]",0.0009221131913
20260529_wam_gru_no_future_single_demo_overfit_lr0p001_seed0,wam_gru_dinov2s_no_future,eval_same_demo_teacher_forced,datasets/libero_spatial/pick_up_the_black_bowl_from_table_center_and_place_it_on_the_plate_demo.hdf5:data/demo_0,74,78,3,"[0.1741071492433548, 0.23303571343421936, -0.637499988079071, 0.0, -0.1435714215040207, -0.07392857223749161, 1.0]","[0.17967544496059418, 0.24181169271469116, -0.6083647012710571, 0.01626002788543701, -0.13295623660087585, -0.07135272771120071, 0.9524741768836975]",1.231707573,1.179450631,1,0.9524741769,0.9997009635,"[0.00556829571723938, 0.008775979280471802, 0.029135286808013916, 0.01626002788543701, 0.010615184903144836, 0.0025758445262908936, -0.04752582311630249]",0.0005141854635
20260529_wam_gru_no_future_single_demo_overfit_lr0p001_seed0,wam_gru_dinov2s_no_future,eval_same_demo_teacher_forced,datasets/libero_spatial/pick_up_the_black_bowl_from_table_center_and_place_it_on_the_plate_demo.hdf5:data/demo_0,75,76,0,"[0.30000001192092896, 0.3910714387893677, -0.4928571283817291, 0.0, -0.10285714268684387, -0.07071428745985031, 1.0]","[0.2981468141078949, 0.38835960626602173, -0.49450966715812683, 0.0035728849470615387, -0.10292340070009232, -0.07131724804639816, 0.9893147349357605]",1.225326538,1.216014147,1,0.9893147349,0.9999818206,"[-0.0018531978130340576, -0.0027118325233459473, -0.001652538776397705, 0.0035728849470615387, -6.62580132484436e-05, -0.0006029605865478516, -0.010685265064239502]",2.011822835e-05
20260529_wam_gru_no_future_single_demo_overfit_lr0p001_seed0,wam_gru_dinov2s_no_future,eval_same_demo_teacher_forced,datasets/libero_spatial/pick_up_the_black_bowl_from_table_center_and_place_it_on_the_plate_demo.hdf5:data/demo_0,75,77,1,"[0.21160714328289032, 0.3080357015132904, -0.5785714387893677, 0.0, -0.1339285671710968, -0.07392857223749161, 1.0]","[0.22205980122089386, 0.29988500475883484, -0.5455994606018066, -0.004477512091398239, -0.12151055037975311, -0.0834539532661438, 1.0109550952911377]",1.223850846,1.216840148,1,1.010955095,0.9994632006,"[0.01045265793800354, -0.008150696754455566, 0.032971978187561035, -0.004477512091398239, 0.012418016791343689, -0.009525381028652191, 0.010955095291137695]",0.0002354064927
20260529_wam_gru_no_future_single_demo_overfit_lr0p001_seed0,wam_gru_dinov2s_no_future,eval_same_demo_teacher_forced,datasets/libero_spatial/pick_up_the_black_bowl_from_table_center_and_place_it_on_the_plate_demo.hdf5:data/demo_0,75,78,2,"[0.1741071492433548, 0.23303571343421936, -0.637499988079071, 0.0, -0.1435714215040207, -0.07392857223749161, 1.0]","[0.18670281767845154, 0.2320369929075241, -0.632273256778717, 0.012394778430461884, -0.12767143547534943, -0.08033257722854614, 0.9494538307189941]",1.231707573,1.188628674,1,0.9494538307,0.9995444417,"[0.01259566843509674, -0.0009987205266952515, 0.005226731300354004, 0.012394778430461884, 0.015899986028671265, -0.006404004991054535, -0.05054616928100586]",0.0004556190688
20260529_wam_gru_no_future_single_demo_overfit_lr0p001_seed0,wam_gru_dinov2s_no_future,eval_same_demo_teacher_forced,datasets/libero_spatial/pick_up_the_black_bowl_from_table_center_and_place_it_on_the_plate_demo.hdf5:data/demo_0,75,79,3,"[0.13660714030265808, 0.17142857611179352, -0.7071428298950195, 0.007499999832361937, -0.1574999988079071, -0.07392857223749161, 1.0]","[0.13329432904720306, 0.1613660603761673, -0.6817139387130737, 0.022266916930675507, -0.1522541344165802, -0.07840374857187271, 0.9537546634674072]",1.256355166,1.203333855,1,0.9537546635,0.9998836517,"[-0.003312811255455017, -0.01006251573562622, 0.0254288911819458, 0.014766916632652283, 0.005245864391326904, -0.0044751763343811035, -0.04624533653259277]",0.0004518709611
20260529_wam_gru_no_future_single_demo_overfit_lr0p001_seed0,wam_gru_dinov2s_no_future,eval_same_demo_teacher_forced,datasets/libero_spatial/pick_up_the_black_bowl_from_table_center_and_place_it_on_the_plate_demo.hdf5:data/demo_0,76,77,0,"[0.21160714328289032, 0.3080357015132904, -0.5785714387893677, 0.0, -0.1339285671710968, -0.07392857223749161, 1.0]","[0.22206978499889374, 0.2945536971092224, -0.5910484194755554, -0.00021884962916374207, -0.12530025839805603, -0.08545350283384323, 1.004367470741272]",1.223850846,1.231735229,1,1.004367471,0.999797225,"[0.010462641716003418, -0.013482004404067993, -0.012476980686187744, -0.00021884962916374207, 0.008628308773040771, -0.011524930596351624, 0.004367470741271973]",9.618583135e-05
20260529_wam_gru_no_future_single_demo_overfit_lr0p001_seed0,wam_gru_dinov2s_no_future,eval_same_demo_teacher_forced,datasets/libero_spatial/pick_up_the_black_bowl_from_table_center_and_place_it_on_the_plate_demo.hdf5:data/demo_0,76,78,1,"[0.1741071492433548, 0.23303571343421936, -0.637499988079071, 0.0, -0.1435714215040207, -0.07392857223749161, 1.0]","[0.16605626046657562, 0.22799602150917053, -0.6490628719329834, 0.013751443475484848, -0.13663409650325775, -0.09727318584918976, 1.0033905506134033]",1.231707573,1.239335299,1,1.003390551,0.9996857643,"[-0.008050888776779175, -0.005039691925048828, -0.011562883853912354, 0.013751443475484848, 0.0069373250007629395, -0.02334461361169815, 0.0033905506134033203]",0.0001453730074
20260529_wam_gru_no_future_single_demo_overfit_lr0p001_seed0,wam_gru_dinov2s_no_future,eval_same_demo_teacher_forced,datasets/libero_spatial/pick_up_the_black_bowl_from_table_center_and_place_it_on_the_plate_demo.hdf5:data/demo_0,76,79,2,"[0.13660714030265808, 0.17142857611179352, -0.7071428298950195, 0.007499999832361937, -0.1574999988079071, -0.07392857223749161, 1.0]","[0.1295260190963745, 0.15721958875656128, -0.7069727182388306, 0.017910994589328766, -0.15012571215629578, -0.08005639910697937, 0.9660821557044983]",1.256355166,1.226330996,1,0.9660821557,0.9997723699,"[-0.007081121206283569, -0.014208987355232239, 0.00017011165618896484, 0.010410994291305542, 0.007374286651611328, -0.0061278268694877625, -0.03391784429550171]",0.0002289722906
20260529_wam_gru_no_future_single_demo_overfit_lr0p001_seed0,wam_gru_dinov2s_no_future,eval_same_demo_teacher_forced,datasets/libero_spatial/pick_up_the_black_bowl_from_table_center_and_place_it_on_the_plate_demo.hdf5:data/demo_0,76,80,3,"[0.09107142686843872, 0.1071428582072258, -0.7607142925262451, 0.023571427911520004, -0.1703571379184723, -0.07928571105003357, 1.0]","[0.0839340090751648, 0.10163557529449463, -0.7514384984970093, 0.031948626041412354, -0.1694793403148651, -0.08288564532995224, 0.9831099510192871]",1.278406501,1.259028912,1,0.983109951,0.9999499917,"[-0.007137417793273926, -0.005507282912731171, 0.00927579402923584, 0.00837719812989235, 0.0008777976036071777, -0.0035999342799186707, -0.01689004898071289]",7.664207806e-05
20260529_wam_gru_no_future_single_demo_overfit_lr0p001_seed0,wam_gru_dinov2s_no_future,eval_same_demo_teacher_forced,datasets/libero_spatial/pick_up_the_black_bowl_from_table_center_and_place_it_on_the_plate_demo.hdf5:data/demo_0,77,78,0,"[0.1741071492433548, 0.23303571343421936, -0.637499988079071, 0.0, -0.1435714215040207, -0.07392857223749161, 1.0]","[0.17097525298595428, 0.2282686084508896, -0.6363245248794556, -0.007015969604253769, -0.14312492311000824, -0.07810518890619278, 0.9984219074249268]",1.231707573,1.228710175,1,0.9984219074,0.9999687672,"[-0.0031318962574005127, -0.004767104983329773, 0.0011754631996154785, -0.007015969604253769, 0.00044649839401245117, -0.004176616668701172, -0.0015780925750732422]",1.475335284e-05
20260529_wam_gru_no_future_single_demo_overfit_lr0p001_seed0,wam_gru_dinov2s_no_future,eval_same_demo_teacher_forced,datasets/libero_spatial/pick_up_the_black_bowl_from_table_center_and_place_it_on_the_plate_demo.hdf5:data/demo_0,77,79,1,"[0.13660714030265808, 0.17142857611179352, -0.7071428298950195, 0.007499999832361937, -0.1574999988079071, -0.07392857223749161, 1.0]","[0.12600848078727722, 0.167641282081604, -0.681653618812561, 0.012763362377882004, -0.15406127274036407, -0.08153942227363586, 1.0035858154296875]",1.256355166,1.243528962,1,1.003585815,0.9997688532,"[-0.01059865951538086, -0.003787294030189514, 0.025489211082458496, 0.005263362545520067, 0.00343872606754303, -0.007610850036144257, 0.0035858154296875]",0.0001266694308
20260529_wam_gru_no_future_single_demo_overfit_lr0p001_seed0,wam_gru_dinov2s_no_future,eval_same_demo_teacher_forced,datasets/libero_spatial/pick_up_the_black_bowl_from_table_center_and_place_it_on_the_plate_demo.hdf5:data/demo_0,77,80,2,"[0.09107142686843872, 0.1071428582072258, -0.7607142925262451, 0.023571427911520004, -0.1703571379184723, -0.07928571105003357, 1.0]","[0.08234307914972305, 0.11557261645793915, -0.7377697825431824, 0.024156685918569565, -0.1727534383535385, -0.08605685830116272, 0.9572538137435913]",1.278406501,1.232318759,1,0.9572538137,0.9998639822,"[-0.008728347718715668, 0.008429758250713348, 0.022944509983062744, 0.0005852580070495605, -0.002396300435066223, -0.00677114725112915, -0.04274618625640869]",0.0003646950063
20260529_wam_gru_no_future_single_demo_overfit_lr0p001_seed0,wam_gru_dinov2s_no_future,eval_same_demo_teacher_forced,datasets/libero_spatial/pick_up_the_black_bowl_from_table_center_and_place_it_on_the_plate_demo.hdf5:data/demo_0,77,81,3,"[0.03482142835855484, 0.05089285597205162, -0.7982142567634583, 0.03750000149011612, -0.1875, -0.0867857113480568, 1.0]","[0.04889899119734764, 0.06618960201740265, -0.7613499164581299, 0.043179094791412354, -0.19029510021209717, -0.0903439149260521, 0.9487296342849731]",1.298092008,1.238043785,1,0.9487296343,0.9997304082,"[0.014077562838792801, 0.015296746045351028, 0.03686434030532837, 0.005679093301296234, -0.002795100212097168, -0.0035582035779953003, -0.051270365715026855]",0.0006389319897
20260529_wam_gru_no_future_single_demo_overfit_lr0p001_seed0,wam_gru_dinov2s_no_future,eval_same_demo_teacher_forced,datasets/libero_spatial/pick_up_the_black_bowl_from_table_center_and_place_it_on_the_plate_demo.hdf5:data/demo_0,78,79,0,"[0.13660714030265808, 0.17142857611179352, -0.7071428298950195, 0.007499999832361937, -0.1574999988079071, -0.07392857223749161, 1.0]","[0.1138157844543457, 0.15320879220962524, -0.6994114518165588, 0.003477383404970169, -0.16020795702934265, -0.08388692885637283, 1.0159672498703003]",1.256355166,1.261153698,1,1.01596725,0.9996004701,"[-0.022791355848312378, -0.018219783902168274, 0.007731378078460693, -0.0040226164273917675, -0.002707958221435547, -0.009958356618881226, 0.015967249870300293]",0.0001841167395
20260529_wam_gru_no_future_single_demo_overfit_lr0p001_seed0,wam_gru_dinov2s_no_future,eval_same_demo_teacher_forced,datasets/libero_spatial/pick_up_the_black_bowl_from_table_center_and_place_it_on_the_plate_demo.hdf5:data/demo_0,78,80,1,"[0.09107142686843872, 0.1071428582072258, -0.7607142925262451, 0.023571427911520004, -0.1703571379184723, -0.07928571105003357, 1.0]","[0.0715581476688385, 0.09550609439611435, -0.7449235916137695, 0.032615769654512405, -0.1806134730577469, -0.08701007068157196, 1.0091896057128906]",1.278406501,1.276272893,1,1.009189606,0.9996653795,"[-0.01951327919960022, -0.01163676381111145, 0.015790700912475586, 0.009044341742992401, -0.010256335139274597, -0.007724359631538391, 0.009189605712890625]",0.0001566622377
20260529_wam_gru_no_future_single_demo_overfit_lr0p001_seed0,wam_gru_dinov2s_no_future,eval_same_demo_teacher_forced,datasets/libero_spatial/pick_up_the_black_bowl_from_table_center_and_place_it_on_the_plate_demo.hdf5:data/demo_0,78,81,2,"[0.03482142835855484, 0.05089285597205162, -0.7982142567634583, 0.03750000149011612, -0.1875, -0.0867857113480568, 1.0]","[0.035221099853515625, 0.05405488982796669, -0.772693932056427, 0.0313301645219326, -0.19031454622745514, -0.09339791536331177, 0.9760907888412476]",1.298092008,1.264869928,1,0.9760907888,0.9999333024,"[0.0003996714949607849, 0.0031620338559150696, 0.02552032470703125, -0.0061698369681835175, -0.002814546227455139, -0.006612204015254974, -0.02390921115875244]",0.0001889722043
20260529_wam_gru_no_future_single_demo_overfit_lr0p001_seed0,wam_gru_dinov2s_no_future,eval_same_demo_teacher_forced,datasets/libero_spatial/pick_up_the_black_bowl_from_table_center_and_place_it_on_the_plate_demo.hdf5:data/demo_0,78,82,3,"[0.0, 0.010714286006987095, -0.7794643044471741, 0.04500000178813934, -0.19499999284744263, -0.08785714209079742, 1.0]","[0.013145891018211842, 0.01794157549738884, -0.7850124835968018, 0.05081747844815254, -0.19840744137763977, -0.08591447025537491, 0.9914592504501343]",1.286642313,1.284157276,1,0.9914592505,0.9998873472,"[0.013145891018211842, 0.007227289490401745, -0.0055481791496276855, 0.005817476660013199, -0.0034074485301971436, 0.0019426718354225159, -0.008540749549865723]",5.400037116e-05
20260529_wam_gru_no_future_single_demo_overfit_lr0p001_seed0,wam_gru_dinov2s_no_future,eval_same_demo_teacher_forced,datasets/libero_spatial/pick_up_the_black_bowl_from_table_center_and_place_it_on_the_plate_demo.hdf5:data/demo_0,79,80,0,"[0.09107142686843872, 0.1071428582072258, -0.7607142925262451, 0.023571427911520004, -0.1703571379184723, -0.07928571105003357, 1.0]","[0.09517066180706024, 0.12772013247013092, -0.7627127766609192, 0.006032217293977737, -0.16587993502616882, -0.08974922448396683, 0.9899376034736633]",1.278406501,1.273846388,1,0.9899376035,0.999704659,"[0.004099234938621521, 0.02057727426290512, -0.0019984841346740723, -0.017539210617542267, 0.004477202892303467, -0.010463513433933258, -0.01006239652633667]",0.0001403754432
20260529_wam_gru_no_future_single_demo_overfit_lr0p001_seed0,wam_gru_dinov2s_no_future,eval_same_demo_teacher_forced,datasets/libero_spatial/pick_up_the_black_bowl_from_table_center_and_place_it_on_the_plate_demo.hdf5:data/demo_0,79,81,1,"[0.03482142835855484, 0.05089285597205162, -0.7982142567634583, 0.03750000149011612, -0.1875, -0.0867857113480568, 1.0]","[0.04919165372848511, 0.05717720836400986, -0.7854747176170349, 0.04175552353262901, -0.18567979335784912, -0.08464391529560089, 0.987079918384552]",1.298092008,1.280769825,1,0.9870799184,0.9999094605,"[0.014370225369930267, 0.006284352391958237, 0.01273953914642334, 0.004255522042512894, 0.001820206642150879, 0.002141796052455902, -0.012920081615447998]",8.589010395e-05
20260529_wam_gru_no_future_single_demo_overfit_lr0p001_seed0,wam_gru_dinov2s_no_future,eval_same_demo_teacher_forced,datasets/libero_spatial/pick_up_the_black_bowl_from_table_center_and_place_it_on_the_plate_demo.hdf5:data/demo_0,79,82,2,"[0.0, 0.010714286006987095, -0.7794643044471741, 0.04500000178813934, -0.19499999284744263, -0.08785714209079742, 1.0]","[0.007378877140581608, -0.0031299334950745106, -0.7969245910644531, 0.05205769091844559, -0.19528727233409882, -0.08170635998249054, 0.9695916771888733]",1.286642313,1.273885489,1,0.9695916772,0.9995726347,"[0.007378877140581608, -0.013844219967722893, -0.017460286617279053, 0.007057689130306244, -0.00028727948665618896, 0.006150782108306885, -0.03040832281112671]",0.0002233376581
20260529_wam_gru_no_future_single_demo_overfit_lr0p001_seed0,wam_gru_dinov2s_no_future,eval_same_demo_teacher_forced,datasets/libero_spatial/pick_up_the_black_bowl_from_table_center_and_place_it_on_the_plate_demo.hdf5:data/demo_0,79,83,3,"[0.0, 0.0, -0.7741071581840515, 0.051428571343421936, -0.1971428543329239, -0.09107142686843872, 1.0]","[-0.014606627635657787, -0.010085731744766235, -0.7867546081542969, 0.057342030107975006, -0.21719226241111755, -0.09503410011529922, 0.9600329995155334]",1.284151912,1.265090227,1,0.9600329995,0.9993346334,"[-0.014606627635657787, -0.010085731744766235, -0.012647449970245361, 0.00591345876455307, -0.020049408078193665, -0.003962673246860504, -0.03996700048446655]",0.0003607207618
20260529_wam_gru_no_future_single_demo_overfit_lr0p001_seed0,wam_gru_dinov2s_no_future,eval_same_demo_teacher_forced,datasets/libero_spatial/pick_up_the_black_bowl_from_table_center_and_place_it_on_the_plate_demo.hdf5:data/demo_0,80,81,0,"[0.03482142835855484, 0.05089285597205162, -0.7982142567634583, 0.03750000149011612, -0.1875, -0.0867857113480568, 1.0]","[0.036144569516181946, 0.06046392768621445, -0.7681918740272522, 0.029928725212812424, -0.18690434098243713, -0.08509428054094315, 0.9964854121208191]",1.298092008,1.277158618,1,0.9964854121,0.9998102188,"[0.0013231411576271057, 0.009571071714162827, 0.030022382736206055, -0.007571276277303696, 0.0005956590175628662, 0.0016914308071136475, -0.003514587879180908]",0.0001525131229
20260529_wam_gru_no_future_single_demo_overfit_lr0p001_seed0,wam_gru_dinov2s_no_future,eval_same_demo_teacher_forced,datasets/libero_spatial/pick_up_the_black_bowl_from_table_center_and_place_it_on_the_plate_demo.hdf5:data/demo_0,80,82,1,"[0.0, 0.010714286006987095, -0.7794643044471741, 0.04500000178813934, -0.19499999284744263, -0.08785714209079742, 1.0]","[0.0001773842377588153, 0.024941295385360718, -0.7523232102394104, 0.03655629977583885, -0.19955028593540192, -0.08311879634857178, 0.9710869193077087]",1.286642313,1.248073578,1,0.9710869193,0.9998748302,"[0.0001773842377588153, 0.014227009378373623, 0.027141094207763672, -0.008443702012300491, -0.0045502930879592896, 0.004738345742225647, -0.02891308069229126]",0.0002699282486
20260529_wam_gru_no_future_single_demo_overfit_lr0p001_seed0,wam_gru_dinov2s_no_future,eval_same_demo_teacher_forced,datasets/libero_spatial/pick_up_the_black_bowl_from_table_center_and_place_it_on_the_plate_demo.hdf5:data/demo_0,80,83,2,"[0.0, 0.0, -0.7741071581840515, 0.051428571343421936, -0.1971428543329239, -0.09107142686843872, 1.0]","[0.0009550866670906544, 0.010062187910079956, -0.7775341272354126, 0.06043120101094246, -0.19469328224658966, -0.08087696135044098, 0.9694006443023682]",1.284151912,1.26194191,1,0.9694006443,0.9997692704,"[0.0009550866670906544, 0.010062187910079956, -0.003426969051361084, 0.009002629667520523, 0.0024495720863342285, 0.010194465517997742, -0.030599355697631836]",0.0001773141703
20260529_wam_gru_no_future_single_demo_overfit_lr0p001_seed0,wam_gru_dinov2s_no_future,eval_same_demo_teacher_forced,datasets/libero_spatial/pick_up_the_black_bowl_from_table_center_and_place_it_on_the_plate_demo.hdf5:data/demo_0,80,84,3,"[0.0, 0.0, -0.7848214507102966, 0.055714286863803864, -0.1907142847776413, -0.08571428805589676, 1.0]","[-0.01750044897198677, -0.012622326612472534, -0.7656254768371582, 0.06845996528863907, -0.2058521807193756, -0.080854631960392, 0.9602611660957336]",1.289483428,1.249939561,1,0.9602611661,0.9996077418,"[-0.01750044897198677, -0.012622326612472534, 0.019195973873138428, 0.012745678424835205, -0.015137895941734314, 0.004859656095504761, -0.03973883390426636]",0.0004040676577
20260529_wam_gru_no_future_single_demo_overfit_lr0p001_seed0,wam_gru_dinov2s_no_future,eval_same_demo_teacher_forced,datasets/libero_spatial/pick_up_the_black_bowl_from_table_center_and_place_it_on_the_plate_demo.hdf5:data/demo_0,81,82,0,"[0.0, 0.010714286006987095, -0.7794643044471741, 0.04500000178813934, -0.19499999284744263, -0.08785714209079742, 1.0]","[-0.003141302615404129, 0.013614526018500328, -0.7724724411964417, 0.04506971314549446, -0.1917397677898407, -0.09201961010694504, 0.98077791929245]",1.286642313,1.267318964,1,0.9807779193,0.9999719858,"[-0.003141302615404129, 0.002900240011513233, 0.006991863250732422, 6.97113573551178e-05, 0.0032602250576019287, -0.0041624680161476135, -0.01922208070755005]",6.637339538e-05
20260529_wam_gru_no_future_single_demo_overfit_lr0p001_seed0,wam_gru_dinov2s_no_future,eval_same_demo_teacher_forced,datasets/libero_spatial/pick_up_the_black_bowl_from_table_center_and_place_it_on_the_plate_demo.hdf5:data/demo_0,81,83,1,"[0.0, 0.0, -0.7741071581840515, 0.051428571343421936, -0.1971428543329239, -0.09107142686843872, 1.0]","[-0.001932709594257176, 0.010721489787101746, -0.7652004361152649, 0.04447416588664055, -0.19394099712371826, -0.0908966064453125, 1.0433931350708008]",1.284151912,1.312315822,1,1.043393135,0.9996004701,"[-0.001932709594257176, 0.010721489787101746, 0.008906722068786621, -0.006954405456781387, 0.0032018572092056274, 0.0001748204231262207, 0.04339313507080078]",0.0003056607966
20260529_wam_gru_no_future_single_demo_overfit_lr0p001_seed0,wam_gru_dinov2s_no_future,eval_same_demo_teacher_forced,datasets/libero_spatial/pick_up_the_black_bowl_from_table_center_and_place_it_on_the_plate_demo.hdf5:data/demo_0,81,84,2,"[0.0, 0.0, -0.7848214507102966, 0.055714286863803864, -0.1907142847776413, -0.08571428805589676, 1.0]","[-0.0017411531880497932, -0.009222801774740219, -0.7924916744232178, 0.05239425227046013, -0.17712409794330597, -0.08632616698741913, 0.9719843864440918]",1.289483428,1.270612121,1,0.9719843864,0.999764502,"[-0.0017411531880497932, -0.009222801774740219, -0.007670223712921143, -0.0033200345933437347, 0.013590186834335327, -0.0006118789315223694, -0.028015613555908203]",0.000161126969
20260529_wam_gru_no_future_single_demo_overfit_lr0p001_seed0,wam_gru_dinov2s_no_future,eval_same_demo_teacher_forced,datasets/libero_spatial/pick_up_the_black_bowl_from_table_center_and_place_it_on_the_plate_demo.hdf5:data/demo_0,81,85,3,"[-0.0535714291036129, -0.02678571455180645, -0.7955357432365417, 0.06321428716182709, -0.18642857670783997, -0.07500000298023224, 1.0]","[-0.06717289239168167, -0.03664034605026245, -0.7969225645065308, 0.07318350672721863, -0.1986640989780426, -0.06960872560739517, 1.0144544839859009]",1.296472549,1.311383605,1,1.014454484,0.9998386502,"[-0.013601463288068771, -0.009854631498456001, -0.0013868212699890137, 0.00996921956539154, -0.012235522270202637, 0.005391277372837067, 0.014454483985900879]",0.0001101611779
20260529_wam_gru_no_future_single_demo_overfit_lr0p001_seed0,wam_gru_dinov2s_no_future,eval_same_demo_teacher_forced,datasets/libero_spatial/pick_up_the_black_bowl_from_table_center_and_place_it_on_the_plate_demo.hdf5:data/demo_0,82,83,0,"[0.0, 0.0, -0.7741071581840515, 0.051428571343421936, -0.1971428543329239, -0.09107142686843872, 1.0]","[-0.015426862984895706, -0.006881037726998329, -0.782249391078949, 0.04704424366354942, -0.18933254480361938, -0.09448296576738358, 0.9799250960350037]",1.284151912,1.272572041,1,0.979925096,0.9997820258,"[-0.015426862984895706, -0.006881037726998329, -0.008142232894897461, -0.004384327679872513, 0.007810309529304504, -0.0034115388989448547, -0.020074903964996338]",0.0001209280526
20260529_wam_gru_no_future_single_demo_overfit_lr0p001_seed0,wam_gru_dinov2s_no_future,eval_same_demo_teacher_forced,datasets/libero_spatial/pick_up_the_black_bowl_from_table_center_and_place_it_on_the_plate_demo.hdf5:data/demo_0,82,84,1,"[0.0, 0.0, -0.7848214507102966, 0.055714286863803864, -0.1907142847776413, -0.08571428805589676, 1.0]","[-0.004923655651509762, -0.013452131301164627, -0.787406325340271, 0.06454268097877502, -0.20502224564552307, -0.10173818469047546, 0.9884042143821716]",1.289483428,1.285965562,1,0.9884042144,0.9997366667,"[-0.004923655651509762, -0.013452131301164627, -0.0025848746299743652, 0.008828394114971161, -0.014307960867881775, -0.016023896634578705, -0.01159578561782837]",0.0001265385072
20260529_wam_gru_no_future_single_demo_overfit_lr0p001_seed0,wam_gru_dinov2s_no_future,eval_same_demo_teacher_forced,datasets/libero_spatial/pick_up_the_black_bowl_from_table_center_and_place_it_on_the_plate_demo.hdf5:data/demo_0,82,85,2,"[-0.0535714291036129, -0.02678571455180645, -0.7955357432365417, 0.06321428716182709, -0.18642857670783997, -0.07500000298023224, 1.0]","[-0.04872012138366699, -0.03785451501607895, -0.795308530330658, 0.06363601982593536, -0.1786116361618042, -0.08401507139205933, 0.9864729642868042]",1.296472549,1.285480976,1,0.9864729643,0.9998947978,"[0.004851307719945908, -0.011068800464272499, 0.00022721290588378906, 0.00042173266410827637, 0.007816940546035767, -0.009015068411827087, -0.0135270357131958]",6.737709919e-05
20260529_wam_gru_no_future_single_demo_overfit_lr0p001_seed0,wam_gru_dinov2s_no_future,eval_same_demo_teacher_forced,datasets/libero_spatial/pick_up_the_black_bowl_from_table_center_and_place_it_on_the_plate_demo.hdf5:data/demo_0,82,86,3,"[-0.12321428209543228, -0.11517857015132904, -0.8276785612106323, 0.07821428775787354, -0.17142857611179352, -0.06642857193946838, 1.0]","[-0.12060901522636414, -0.09107410907745361, -0.8182041645050049, 0.07987876981496811, -0.17556995153427124, -0.06437788158655167, 0.994962215423584]",1.324166775,1.312858939,1,0.9949622154,0.9998277426,"[0.0026052668690681458, 0.024104461073875427, 0.009474396705627441, 0.001664482057094574, -0.004141375422477722, 0.0020506903529167175, -0.005037784576416016]",0.0001038689588
20260529_wam_gru_no_future_single_demo_overfit_lr0p001_seed0,wam_gru_dinov2s_no_future,eval_same_demo_teacher_forced,datasets/libero_spatial/pick_up_the_black_bowl_from_table_center_and_place_it_on_the_plate_demo.hdf5:data/demo_0,83,84,0,"[0.0, 0.0, -0.7848214507102966, 0.055714286863803864, -0.1907142847776413, -0.08571428805589676, 1.0]","[-0.019052091985940933, -0.019082048907876015, -0.8002154231071472, 0.05808517709374428, -0.17940708994865417, -0.08264192193746567, 0.960905134677887]",1.289483428,1.267596602,1,0.9609051347,0.9993403554,"[-0.019052091985940933, -0.019082048907876015, -0.015393972396850586, 0.0023708902299404144, 0.011307194828987122, 0.0030723661184310913, -0.03909486532211304]",0.0003764861322
20260529_wam_gru_no_future_single_demo_overfit_lr0p001_seed0,wam_gru_dinov2s_no_future,eval_same_demo_teacher_forced,datasets/libero_spatial/pick_up_the_black_bowl_from_table_center_and_place_it_on_the_plate_demo.hdf5:data/demo_0,83,85,1,"[-0.0535714291036129, -0.02678571455180645, -0.7955357432365417, 0.06321428716182709, -0.18642857670783997, -0.07500000298023224, 1.0]","[-0.06889782845973969, -0.06711900979280472, -0.806505024433136, 0.06750534474849701, -0.19173257052898407, -0.09003181755542755, 0.9940577745437622]",1.296472549,1.302795887,1,0.9940577745,0.9993340373,"[-0.015326399356126785, -0.04033329337835312, -0.010969281196594238, 0.004291057586669922, -0.005303993821144104, -0.015031814575195312, -0.005942225456237793]",0.0003271156165
20260529_wam_gru_no_future_single_demo_overfit_lr0p001_seed0,wam_gru_dinov2s_no_future,eval_same_demo_teacher_forced,datasets/libero_spatial/pick_up_the_black_bowl_from_table_center_and_place_it_on_the_plate_demo.hdf5:data/demo_0,83,86,2,"[-0.12321428209543228, -0.11517857015132904, -0.8276785612106323, 0.07821428775787354, -0.17142857611179352, -0.06642857193946838, 1.0]","[-0.14710217714309692, -0.14036604762077332, -0.8163425326347351, 0.08094701915979385, -0.15590345859527588, -0.059576816856861115, 0.9829646348953247]",1.324166775,1.307051659,1,0.9829646349,0.9995301962,"[-0.023887895047664642, -0.025187477469444275, 0.011336028575897217, 0.0027327314019203186, 0.01552511751651764, 0.006851755082607269, -0.017035365104675293]",0.0002741704811
20260529_wam_gru_no_future_single_demo_overfit_lr0p001_seed0,wam_gru_dinov2s_no_future,eval_same_demo_teacher_forced,datasets/libero_spatial/pick_up_the_black_bowl_from_table_center_and_place_it_on_the_plate_demo.hdf5:data/demo_0,83,87,3,"[-0.2008928507566452, -0.18482142686843872, -0.8196428418159485, 0.08571428805589676, -0.1639285683631897, -0.055714286863803864, 1.0]","[-0.21924588084220886, -0.18376953899860382, -0.8141894340515137, 0.09191209077835083, -0.17011919617652893, -0.04879901558160782, 0.9853250980377197]",1.335535407,1.324907422,1,0.985325098,0.9998319745,"[-0.01835303008556366, 0.0010518878698349, 0.0054534077644348145, 0.006197802722454071, -0.006190627813339233, 0.006915271282196045, -0.014674901962280273]",0.0001010843043
20260529_wam_gru_no_future_single_demo_overfit_lr0p001_seed0,wam_gru_dinov2s_no_future,eval_same_demo_teacher_forced,datasets/libero_spatial/pick_up_the_black_bowl_from_table_center_and_place_it_on_the_plate_demo.hdf5:data/demo_0,84,85,0,"[-0.0535714291036129, -0.02678571455180645, -0.7955357432365417, 0.06321428716182709, -0.18642857670783997, -0.07500000298023224, 1.0]","[-0.07713018357753754, -0.06632808595895767, -0.7980219721794128, 0.07513982057571411, -0.16988863050937653, -0.06897338479757309, 0.9692099690437317]",1.296472549,1.275076866,1,0.969209969,0.9990723133,"[-0.023558754473924637, -0.03954236954450607, -0.0024862289428710938, 0.011925533413887024, 0.01653994619846344, 0.006026618182659149, -0.03079003095626831]",0.0005035614013
20260529_wam_gru_no_future_single_demo_overfit_lr0p001_seed0,wam_gru_dinov2s_no_future,eval_same_demo_teacher_forced,datasets/libero_spatial/pick_up_the_black_bowl_from_table_center_and_place_it_on_the_plate_demo.hdf5:data/demo_0,84,86,1,"[-0.12321428209543228, -0.11517857015132904, -0.8276785612106323, 0.07821428775787354, -0.17142857611179352, -0.06642857193946838, 1.0]","[-0.11692012846469879, -0.1246565654873848, -0.8129634857177734, 0.07393491268157959, -0.18793044984340668, -0.08314384520053864, 0.9987725615501404]",1.324166775,1.317331672,1,0.9987725616,0.9997504354,"[0.00629415363073349, -0.009477995336055756, 0.014715075492858887, -0.004279375076293945, -0.01650187373161316, -0.01671527326107025, -0.0012274384498596191]",0.0001310734369
20260529_wam_gru_no_future_single_demo_overfit_lr0p001_seed0,wam_gru_dinov2s_no_future,eval_same_demo_teacher_forced,datasets/libero_spatial/pick_up_the_black_bowl_from_table_center_and_place_it_on_the_plate_demo.hdf5:data/demo_0,84,87,2,"[-0.2008928507566452, -0.18482142686843872, -0.8196428418159485, 0.08571428805589676, -0.1639285683631897, -0.055714286863803864, 1.0]","[-0.20399421453475952, -0.1919723004102707, -0.7970457673072815, 0.08682717382907867, -0.15810933709144592, -0.07249599695205688, 0.9782055616378784]",1.335535407,1.307068586,1,0.9782055616,0.9998418093,"[-0.003101363778114319, -0.00715087354183197, 0.022597074508666992, 0.0011128857731819153, 0.005819231271743774, -0.01678171008825302, -0.021794438362121582]",0.0001947295095
20260529_wam_gru_no_future_single_demo_overfit_lr0p001_seed0,wam_gru_dinov2s_no_future,eval_same_demo_teacher_forced,datasets/libero_spatial/pick_up_the_black_bowl_from_table_center_and_place_it_on_the_plate_demo.hdf5:data/demo_0,84,88,3,"[-0.2946428656578064, -0.2517857253551483, -0.8089285492897034, 0.09000000357627869, -0.1607142835855484, -0.05249999836087227, 1.0]","[-0.2906044125556946, -0.253433495759964, -0.7976335287094116, 0.09636686742305756, -0.16723841428756714, -0.052363164722919464, 0.9441366195678711]",1.356930733,1.310072422,1,0.9441366196,0.9996752143,"[0.004038453102111816, -0.0016477704048156738, 0.011295020580291748, 0.00636686384677887, -0.006524130702018738, 0.00013683363795280457, -0.055863380432128906]",0.0004786341451
20260529_wam_gru_no_future_single_demo_overfit_lr0p001_seed0,wam_gru_dinov2s_no_future,eval_same_demo_teacher_forced,datasets/libero_spatial/pick_up_the_black_bowl_from_table_center_and_place_it_on_the_plate_demo.hdf5:data/demo_0,85,86,0,"[-0.12321428209543228, -0.11517857015132904, -0.8276785612106323, 0.07821428775787354, -0.17142857611179352, -0.06642857193946838, 1.0]","[-0.1446680724620819, -0.14588013291358948, -0.8061571717262268, 0.06714104115962982, -0.162483349442482, -0.07542872428894043, 0.9614506363868713]",1.324166775,1.285723448,1,0.9614506364,0.9993662834,"[-0.021453790366649628, -0.030701562762260437, 0.021521389484405518, -0.011073246598243713, 0.008945226669311523, -0.009000152349472046, -0.03854936361312866]",0.0005193873658
20260529_wam_gru_no_future_single_demo_overfit_lr0p001_seed0,wam_gru_dinov2s_no_future,eval_same_demo_teacher_forced,datasets/libero_spatial/pick_up_the_black_bowl_from_table_center_and_place_it_on_the_plate_demo.hdf5:data/demo_0,85,87,1,"[-0.2008928507566452, -0.18482142686843872, -0.8196428418159485, 0.08571428805589676, -0.1639285683631897, -0.055714286863803864, 1.0]","[-0.2294296771287918, -0.19361746311187744, -0.8105403184890747, 0.09328988194465637, -0.1690116971731186, -0.06319054961204529, 0.9849979877471924]",1.335535407,1.326115847,1,0.9849979877,0.9996471405,"[-0.028536826372146606, -0.00879603624343872, 0.00910252332687378, 0.007575593888759613, -0.005083128809928894, -0.0074762627482414246, -0.015002012252807617]",0.0001912513108
20260529_wam_gru_no_future_single_demo_overfit_lr0p001_seed0,wam_gru_dinov2s_no_future,eval_same_demo_teacher_forced,datasets/libero_spatial/pick_up_the_black_bowl_from_table_center_and_place_it_on_the_plate_demo.hdf5:data/demo_0,85,88,2,"[-0.2946428656578064, -0.2517857253551483, -0.8089285492897034, 0.09000000357627869, -0.1607142835855484, -0.05249999836087227, 1.0]","[-0.28822436928749084, -0.25917619466781616, -0.7965278029441833, 0.08226528763771057, -0.16434790194034576, -0.06063120812177658, 1.0092766284942627]",1.356930733,1.356759071,1,1.009276628,0.9998711348,"[0.006418496370315552, -0.007390469312667847, 0.01240074634552002, -0.007734715938568115, -0.0036336183547973633, -0.008131209760904312, 0.009276628494262695]",6.782800483e-05
20260529_wam_gru_no_future_single_demo_overfit_lr0p001_seed0,wam_gru_dinov2s_no_future,eval_same_demo_teacher_forced,datasets/libero_spatial/pick_up_the_black_bowl_from_table_center_and_place_it_on_the_plate_demo.hdf5:data/demo_0,85,89,3,"[-0.2919642925262451, -0.25982141494750977, -0.7580357193946838, 0.08892857283353806, -0.16607142984867096, -0.0535714291036129, 1.0]","[-0.2978738844394684, -0.23133492469787598, -0.7408013343811035, 0.08603917062282562, -0.17500987648963928, -0.04626939445734024, 0.993567705154419]",1.3288064,1.310870051,1,0.9935677052,0.9997115731,"[-0.005909591913223267, 0.02848649024963379, 0.017234385013580322, -0.002889402210712433, -0.008938446640968323, 0.007302034646272659, -0.006432294845581055]",0.000189480852
20260529_wam_gru_no_future_single_demo_overfit_lr0p001_seed0,wam_gru_dinov2s_no_future,eval_same_demo_teacher_forced,datasets/libero_spatial/pick_up_the_black_bowl_from_table_center_and_place_it_on_the_plate_demo.hdf5:data/demo_0,86,87,0,"[-0.2008928507566452, -0.18482142686843872, -0.8196428418159485, 0.08571428805589676, -0.1639285683631897, -0.055714286863803864, 1.0]","[-0.2010546773672104, -0.2001076191663742, -0.8015341758728027, 0.06466396152973175, -0.164509117603302, -0.06683005392551422, 0.9780299067497253]",1.335535407,1.309647441,1,0.9780299067,0.9997310638,"[-0.00016182661056518555, -0.015286192297935486, 0.018108665943145752, -0.02105032652616501, -0.0005805492401123047, -0.011115767061710358, -0.021970093250274658]",0.0002301880158
20260529_wam_gru_no_future_single_demo_overfit_lr0p001_seed0,wam_gru_dinov2s_no_future,eval_same_demo_teacher_forced,datasets/libero_spatial/pick_up_the_black_bowl_from_table_center_and_place_it_on_the_plate_demo.hdf5:data/demo_0,86,88,1,"[-0.2946428656578064, -0.2517857253551483, -0.8089285492897034, 0.09000000357627869, -0.1607142835855484, -0.05249999836087227, 1.0]","[-0.2790369391441345, -0.22995933890342712, -0.7876445651054382, 0.08530876040458679, -0.1612093150615692, -0.049569983035326004, 1.0056899785995483]",1.356930733,1.340993047,1,1.005689979,0.9997301698,"[0.015605926513671875, 0.02182638645172119, 0.021283984184265137, -0.0046912431716918945, -0.000495031476020813, 0.0029300153255462646, 0.00568997859954834]",0.0001765939669
20260529_wam_gru_no_future_single_demo_overfit_lr0p001_seed0,wam_gru_dinov2s_no_future,eval_same_demo_teacher_forced,datasets/libero_spatial/pick_up_the_black_bowl_from_table_center_and_place_it_on_the_plate_demo.hdf5:data/demo_0,86,89,2,"[-0.2919642925262451, -0.25982141494750977, -0.7580357193946838, 0.08892857283353806, -0.16607142984867096, -0.0535714291036129, 1.0]","[-0.3015281856060028, -0.2588934600353241, -0.7638346552848816, 0.07753299176692963, -0.16666674613952637, -0.043613702058792114, 0.9852348566055298]",1.3288064,1.322031617,1,0.9852348566,0.9998497963,"[-0.00956389307975769, 0.0009279549121856689, -0.005798935890197754, -0.011395581066608429, -0.0005953162908554077, 0.009957727044820786, -0.014765143394470215]",8.190517838e-05
20260529_wam_gru_no_future_single_demo_overfit_lr0p001_seed0,wam_gru_dinov2s_no_future,eval_same_demo_teacher_forced,datasets/libero_spatial/pick_up_the_black_bowl_from_table_center_and_place_it_on_the_plate_demo.hdf5:data/demo_0,86,90,3,"[-0.2785714268684387, -0.21160714328289032, -0.6964285969734192, 0.07285714149475098, -0.17249999940395355, -0.05464285612106323, 1.0]","[-0.2912421226501465, -0.2145940363407135, -0.6921354532241821, 0.08343030512332916, -0.1813390552997589, -0.04105941206216812, 0.9586893320083618]",1.282748103,1.253211737,1,0.958689332,0.9995657206,"[-0.012670695781707764, -0.002986893057823181, 0.0042931437492370605, 0.010573163628578186, -0.008839055895805359, 0.013583444058895111, -0.041310667991638184]",0.0003241287486
20260529_wam_gru_no_future_single_demo_overfit_lr0p001_seed0,wam_gru_dinov2s_no_future,eval_same_demo_teacher_forced,datasets/libero_spatial/pick_up_the_black_bowl_from_table_center_and_place_it_on_the_plate_demo.hdf5:data/demo_0,87,88,0,"[-0.2946428656578064, -0.2517857253551483, -0.8089285492897034, 0.09000000357627869, -0.1607142835855484, -0.05249999836087227, 1.0]","[-0.29295021295547485, -0.23298543691635132, -0.7956454157829285, 0.06915652751922607, -0.1711423397064209, -0.059243880212306976, 0.9493899941444397]",1.356930733,1.308463693,1,0.9493899941,0.9996244311,"[0.001692652702331543, 0.018800288438796997, 0.013283133506774902, -0.020843476057052612, -0.010428056120872498, -0.006743881851434708, -0.0506100058555603]",0.0005261150072
20260529_wam_gru_no_future_single_demo_overfit_lr0p001_seed0,wam_gru_dinov2s_no_future,eval_same_demo_teacher_forced,datasets/libero_spatial/pick_up_the_black_bowl_from_table_center_and_place_it_on_the_plate_demo.hdf5:data/demo_0,87,89,1,"[-0.2919642925262451, -0.25982141494750977, -0.7580357193946838, 0.08892857283353806, -0.16607142984867096, -0.0535714291036129, 1.0]","[-0.2754233479499817, -0.24563640356063843, -0.7492035031318665, 0.10146604478359222, -0.17942894995212555, -0.06742241978645325, 0.9798312187194824]",1.3288064,1.30560565,1,0.9798312187,0.9997265935,"[0.016540944576263428, 0.014185011386871338, 0.008832216262817383, 0.012537471950054169, -0.01335752010345459, -0.013850990682840347, -0.020168781280517578]",0.0002124380844
20260529_wam_gru_no_future_single_demo_overfit_lr0p001_seed0,wam_gru_dinov2s_no_future,eval_same_demo_teacher_forced,datasets/libero_spatial/pick_up_the_black_bowl_from_table_center_and_place_it_on_the_plate_demo.hdf5:data/demo_0,87,90,2,"[-0.2785714268684387, -0.21160714328289032, -0.6964285969734192, 0.07285714149475098, -0.17249999940395355, -0.05464285612106323, 1.0]","[-0.2740436792373657, -0.22388306260108948, -0.7154905796051025, 0.0782971978187561, -0.17852820456027985, -0.05652506649494171, 0.9985333681106567]",1.282748103,1.294379115,1,0.9985333681,0.9998582602,"[0.004527747631072998, -0.012275919318199158, -0.01906198263168335, 0.005440056324005127, -0.006028205156326294, -0.001882210373878479, -0.0014666318893432617]",8.659786545e-05
20260529_wam_gru_no_future_single_demo_overfit_lr0p001_seed0,wam_gru_dinov2s_no_future,eval_same_demo_teacher_forced,datasets/libero_spatial/pick_up_the_black_bowl_from_table_center_and_place_it_on_the_plate_demo.hdf5:data/demo_0,87,91,3,"[-0.28125, -0.2142857164144516, -0.6723214387893677, 0.06964285671710968, -0.17464286088943481, -0.05785714462399483, 1.0]","[-0.27800601720809937, -0.22400856018066406, -0.6737099885940552, 0.08180807530879974, -0.17591801285743713, -0.05909476429224014, 0.9754154682159424]",1.271115184,1.254559517,1,0.9754154682,0.999815464,"[0.0032439827919006348, -0.009722843766212463, -0.0013885498046875, 0.012165218591690063, -0.0012751519680023193, -0.0012376196682453156, -0.024584531784057617]",0.0001232192299
20260529_wam_gru_no_future_single_demo_overfit_lr0p001_seed0,wam_gru_dinov2s_no_future,eval_same_demo_teacher_forced,datasets/libero_spatial/pick_up_the_black_bowl_from_table_center_and_place_it_on_the_plate_demo.hdf5:data/demo_0,88,89,0,"[-0.2919642925262451, -0.25982141494750977, -0.7580357193946838, 0.08892857283353806, -0.16607142984867096, -0.0535714291036129, 1.0]","[-0.28616970777511597, -0.23441408574581146, -0.7695896625518799, 0.0718747228384018, -0.1726590245962143, -0.058841921389102936, 0.9752575755119324]",1.3288064,1.310983658,1,0.9752575755,0.9995782971,"[0.00579458475112915, 0.025407329201698303, -0.011553943157196045, -0.01705384999513626, -0.006587594747543335, -0.005270492285490036, -0.024742424488067627]",0.0002552569786
20260529_wam_gru_no_future_single_demo_overfit_lr0p001_seed0,wam_gru_dinov2s_no_future,eval_same_demo_teacher_forced,datasets/libero_spatial/pick_up_the_black_bowl_from_table_center_and_place_it_on_the_plate_demo.hdf5:data/demo_0,88,90,1,"[-0.2785714268684387, -0.21160714328289032, -0.6964285969734192, 0.07285714149475098, -0.17249999940395355, -0.05464285612106323, 1.0]","[-0.28591880202293396, -0.24394619464874268, -0.7255398035049438, 0.08333578705787659, -0.17720401287078857, -0.06164075806736946, 0.9890114068984985]",1.282748103,1.299213886,1,0.9890114069,0.9994066954,"[-0.007347375154495239, -0.032339051365852356, -0.029111206531524658, 0.01047864556312561, -0.004704013466835022, -0.006997901946306229, -0.010988593101501465]",0.0003212728479
20260529_wam_gru_no_future_single_demo_overfit_lr0p001_seed0,wam_gru_dinov2s_no_future,eval_same_demo_teacher_forced,datasets/libero_spatial/pick_up_the_black_bowl_from_table_center_and_place_it_on_the_plate_demo.hdf5:data/demo_0,88,91,2,"[-0.28125, -0.2142857164144516, -0.6723214387893677, 0.06964285671710968, -0.17464286088943481, -0.05785714462399483, 1.0]","[-0.28964436054229736, -0.2433042973279953, -0.6890989542007446, 0.0840689092874527, -0.19419069588184357, -0.05807437002658844, 0.9718344211578369]",1.271115184,1.269078612,1,0.9718344212,0.9992022514,"[-0.008394360542297363, -0.0290185809135437, -0.016777515411376953, 0.014426052570343018, -0.019547834992408752, -0.00021722540259361267, -0.028165578842163086]",0.0003682291717
20260529_wam_gru_no_future_single_demo_overfit_lr0p001_seed0,wam_gru_dinov2s_no_future,eval_same_demo_teacher_forced,datasets/libero_spatial/pick_up_the_black_bowl_from_table_center_and_place_it_on_the_plate_demo.hdf5:data/demo_0,88,92,3,"[-0.2705357074737549, -0.2544642984867096, -0.6348214149475098, 0.06750000268220901, -0.17571428418159485, -0.06642857193946838, 1.0]","[-0.27195999026298523, -0.22961604595184326, -0.6372876167297363, 0.08512032777070999, -0.18571236729621887, -0.0732482448220253, 0.9681305289268494]",1.257292509,1.231745958,1,0.9681305289,0.9995331764,"[-0.0014242827892303467, 0.024848252534866333, -0.0024662017822265625, 0.017620325088500977, -0.009998083114624023, -0.006819672882556915, -0.031869471073150635]",0.0002997364209
20260529_wam_gru_no_future_single_demo_overfit_lr0p001_seed0,wam_gru_dinov2s_no_future,eval_same_demo_teacher_forced,datasets/libero_spatial/pick_up_the_black_bowl_from_table_center_and_place_it_on_the_plate_demo.hdf5:data/demo_0,89,90,0,"[-0.2785714268684387, -0.21160714328289032, -0.6964285969734192, 0.07285714149475098, -0.17249999940395355, -0.05464285612106323, 1.0]","[-0.2877736985683441, -0.24463407695293427, -0.7186238765716553, 0.06361055374145508, -0.15959808230400085, -0.06438974291086197, 0.9716220498085022]",1.282748103,1.279372215,1,0.9716220498,0.9991442561,"[-0.009202271699905396, -0.033026933670043945, -0.022195279598236084, -0.009246587753295898, 0.012901917099952698, -0.009746886789798737, -0.028377950191497803]",0.0004029084812
20260529_wam_gru_no_future_single_demo_overfit_lr0p001_seed0,wam_gru_dinov2s_no_future,eval_same_demo_teacher_forced,datasets/libero_spatial/pick_up_the_black_bowl_from_table_center_and_place_it_on_the_plate_demo.hdf5:data/demo_0,89,91,1,"[-0.28125, -0.2142857164144516, -0.6723214387893677, 0.06964285671710968, -0.17464286088943481, -0.05785714462399483, 1.0]","[-0.2838726341724396, -0.25636500120162964, -0.6798031330108643, 0.056029777973890305, -0.16746264696121216, -0.06889861822128296, 1.0027177333831787]",1.271115184,1.284450054,1,1.002717733,0.9993807673,"[-0.002622634172439575, -0.04207928478717804, -0.007481694221496582, -0.013613078743219376, 0.007180213928222656, -0.011041473597288132, 0.002717733383178711]",0.0003142416826
20260529_wam_gru_no_future_single_demo_overfit_lr0p001_seed0,wam_gru_dinov2s_no_future,eval_same_demo_teacher_forced,datasets/libero_spatial/pick_up_the_black_bowl_from_table_center_and_place_it_on_the_plate_demo.hdf5:data/demo_0,89,92,2,"[-0.2705357074737549, -0.2544642984867096, -0.6348214149475098, 0.06750000268220901, -0.17571428418159485, -0.06642857193946838, 1.0]","[-0.28372591733932495, -0.2615922689437866, -0.6446313858032227, 0.07644238322973251, -0.17291532456874847, -0.053554996848106384, 0.9875312447547913]",1.257292509,1.25630796,1,0.9875312448,0.99976933,"[-0.013190209865570068, -0.007127970457077026, -0.00980997085571289, 0.008942380547523499, 0.0027989596128463745, 0.012873575091362, -0.01246875524520874]",0.0001042891745
20260529_wam_gru_no_future_single_demo_overfit_lr0p001_seed0,wam_gru_dinov2s_no_future,eval_same_demo_teacher_forced,datasets/libero_spatial/pick_up_the_black_bowl_from_table_center_and_place_it_on_the_plate_demo.hdf5:data/demo_0,89,93,3,"[-0.2678571343421936, -0.24910713732242584, -0.6053571701049805, 0.062142856419086456, -0.16607142984867096, -0.06750000268220901, 1.0]","[-0.26433253288269043, -0.1946835219860077, -0.593267560005188, 0.06581898033618927, -0.17135441303253174, -0.06890694051980972, 0.9539042115211487]",1.239458323,1.186640501,1,0.9539042115,0.9991503954,"[0.003524601459503174, 0.05442361533641815, 0.01208961009979248, 0.0036761239171028137, -0.005282983183860779, -0.001406937837600708, -0.04609578847885132]",0.0007555337506
20260529_wam_gru_no_future_single_demo_overfit_lr0p001_seed0,wam_gru_dinov2s_no_future,eval_same_demo_teacher_forced,datasets/libero_spatial/pick_up_the_black_bowl_from_table_center_and_place_it_on_the_plate_demo.hdf5:data/demo_0,90,91,0,"[-0.28125, -0.2142857164144516, -0.6723214387893677, 0.06964285671710968, -0.17464286088943481, -0.05785714462399483, 1.0]","[-0.28166598081588745, -0.22982071340084076, -0.6584016680717468, 0.06297782063484192, -0.16608689725399017, -0.046427033841609955, 0.9748159050941467]",1.271115184,1.244836807,1,0.9748159051,0.999801755,"[-0.00041598081588745117, -0.01553499698638916, 0.01391977071762085, -0.006665036082267761, 0.008555963635444641, 0.011430110782384872, -0.02518409490585327]",0.0001882546494
20260529_wam_gru_no_future_single_demo_overfit_lr0p001_seed0,wam_gru_dinov2s_no_future,eval_same_demo_teacher_forced,datasets/libero_spatial/pick_up_the_black_bowl_from_table_center_and_place_it_on_the_plate_demo.hdf5:data/demo_0,90,92,1,"[-0.2705357074737549, -0.2544642984867096, -0.6348214149475098, 0.06750000268220901, -0.17571428418159485, -0.06642857193946838, 1.0]","[-0.24344663321971893, -0.23951444029808044, -0.6477301120758057, 0.06891664862632751, -0.1782340556383133, -0.08289264142513275, 0.9766433835029602]",1.257292509,1.238308549,1,0.9766433835,0.9994898438,"[0.02708907425403595, 0.01494985818862915, -0.012908697128295898, 0.0014166459441184998, -0.002519771456718445, -0.016464069485664368, -0.023356616497039795]",0.0002784148382
20260529_wam_gru_no_future_single_demo_overfit_lr0p001_seed0,wam_gru_dinov2s_no_future,eval_same_demo_teacher_forced,datasets/libero_spatial/pick_up_the_black_bowl_from_table_center_and_place_it_on_the_plate_demo.hdf5:data/demo_0,90,93,2,"[-0.2678571343421936, -0.24910713732242584, -0.6053571701049805, 0.062142856419086456, -0.16607142984867096, -0.06750000268220901, 1.0]","[-0.25560489296913147, -0.23202134668827057, -0.5923468470573425, 0.043601274490356445, -0.1595207303762436, -0.06950850784778595, 0.9506106376647949]",1.239458323,1.185699105,1,0.9506106377,0.9998124838,"[0.012252241373062134, 0.017085790634155273, 0.01301032304763794, -0.01854158192873001, 0.006550699472427368, -0.002008505165576935, -0.04938936233520508]",0.0004916221951
20260529_wam_gru_no_future_single_demo_overfit_lr0p001_seed0,wam_gru_dinov2s_no_future,eval_same_demo_teacher_forced,datasets/libero_spatial/pick_up_the_black_bowl_from_table_center_and_place_it_on_the_plate_demo.hdf5:data/demo_0,90,94,3,"[-0.23839285969734192, -0.18482142686843872, -0.5491071343421936, 0.04500000178813934, -0.14678572118282318, -0.06535714119672775, 1.0]","[-0.2566240131855011, -0.13868600130081177, -0.5737621784210205, 0.03967845067381859, -0.159624844789505, -0.0640280619263649, 0.9544146656990051]",1.191784978,1.164626122,1,0.9544146657,0.9983415008,"[-0.01823115348815918, 0.04613542556762695, -0.024655044078826904, -0.005321551114320755, -0.012839123606681824, 0.001329079270362854, -0.04558533430099487]",0.0007630964392
20260529_wam_gru_no_future_single_demo_overfit_lr0p001_seed0,wam_gru_dinov2s_no_future,eval_same_demo_teacher_forced,datasets/libero_spatial/pick_up_the_black_bowl_from_table_center_and_place_it_on_the_plate_demo.hdf5:data/demo_0,91,92,0,"[-0.2705357074737549, -0.2544642984867096, -0.6348214149475098, 0.06750000268220901, -0.17571428418159485, -0.06642857193946838, 1.0]","[-0.2704245150089264, -0.24946647882461548, -0.6717625260353088, 0.04578792676329613, -0.1742907613515854, -0.07184018939733505, 0.906777024269104]",1.257292509,1.202708244,1,0.9067770243,0.9974859357,"[0.00011119246482849121, 0.004997819662094116, -0.03694111108779907, -0.021712075918912888, 0.0014235228300094604, -0.005411617457866669, -0.093222975730896]",0.001511840732
20260529_wam_gru_no_future_single_demo_overfit_lr0p001_seed0,wam_gru_dinov2s_no_future,eval_same_demo_teacher_forced,datasets/libero_spatial/pick_up_the_black_bowl_from_table_center_and_place_it_on_the_plate_demo.hdf5:data/demo_0,91,93,1,"[-0.2678571343421936, -0.24910713732242584, -0.6053571701049805, 0.062142856419086456, -0.16607142984867096, -0.06750000268220901, 1.0]","[-0.2648990750312805, -0.25132203102111816, -0.6445204615592957, 0.06653410196304321, -0.1812467724084854, -0.07330545783042908, 0.9703511595726013]",1.239458323,1.238132954,1,0.9703511596,0.9991176128,"[0.002958059310913086, -0.0022148936986923218, -0.039163291454315186, 0.004391245543956757, -0.015175342559814453, -0.005805455148220062, -0.02964884042739868]",0.0003871071967
20260529_wam_gru_no_future_single_demo_overfit_lr0p001_seed0,wam_gru_dinov2s_no_future,eval_same_demo_teacher_forced,datasets/libero_spatial/pick_up_the_black_bowl_from_table_center_and_place_it_on_the_plate_demo.hdf5:data/demo_0,91,94,2,"[-0.23839285969734192, -0.18482142686843872, -0.5491071343421936, 0.04500000178813934, -0.14678572118282318, -0.06535714119672775, 1.0]","[-0.2701042890548706, -0.17730270326137543, -0.584088146686554, 0.04998042434453964, -0.1531771421432495, -0.06287744641304016, 0.9698827266693115]",1.191784978,1.190016389,1,0.9698827267,0.9988500476,"[-0.031711429357528687, 0.0075187236070632935, -0.03498101234436035, 0.004980422556400299, -0.006391420960426331, 0.0024796947836875916, -0.030117273330688477]",0.0004663816071
20260529_wam_gru_no_future_single_demo_overfit_lr0p001_seed0,wam_gru_dinov2s_no_future,eval_same_demo_teacher_forced,datasets/libero_spatial/pick_up_the_black_bowl_from_table_center_and_place_it_on_the_plate_demo.hdf5:data/demo_0,91,95,3,"[-0.2544642984867096, -0.010714286006987095, -0.4660714268684387, 0.008571428246796131, -0.14678572118282318, -0.0535714291036129, 1.0]","[-0.24966442584991455, -0.02162708342075348, -0.5087177753448486, 0.017767909914255142, -0.1670892834663391, -0.04629034548997879, 0.9609053134918213]",1.14305687,1.129296303,1,0.9609053135,0.998508811,"[0.004799872636795044, -0.010912797413766384, -0.04264634847640991, 0.009196481667459011, -0.02030356228351593, 0.0072810836136341095, -0.03909468650817871]",0.0005770082353
20260529_wam_gru_no_future_single_demo_overfit_lr0p001_seed0,wam_gru_dinov2s_no_future,eval_same_demo_teacher_forced,datasets/libero_spatial/pick_up_the_black_bowl_from_table_center_and_place_it_on_the_plate_demo.hdf5:data/demo_0,92,93,0,"[-0.2678571343421936, -0.24910713732242584, -0.6053571701049805, 0.062142856419086456, -0.16607142984867096, -0.06750000268220901, 1.0]","[-0.2700912356376648, -0.22558002173900604, -0.6059803366661072, 0.048561807721853256, -0.16444236040115356, -0.06282754242420197, 0.9832266569137573]",1.239458323,1.221118093,1,0.9832266569,0.9997644424,"[-0.0022341012954711914, 0.0235271155834198, -0.000623166561126709, -0.0135810486972332, 0.001629069447517395, 0.0046724602580070496, -0.016773343086242676]",0.000149882937
20260529_wam_gru_no_future_single_demo_overfit_lr0p001_seed0,wam_gru_dinov2s_no_future,eval_same_demo_teacher_forced,datasets/libero_spatial/pick_up_the_black_bowl_from_table_center_and_place_it_on_the_plate_demo.hdf5:data/demo_0,92,94,1,"[-0.23839285969734192, -0.18482142686843872, -0.5491071343421936, 0.04500000178813934, -0.14678572118282318, -0.06535714119672775, 1.0]","[-0.25572896003723145, -0.1765727400779724, -0.5510526895523071, 0.057293955236673355, -0.17299871146678925, -0.07477299869060516, 1.005333423614502]",1.191784978,1.204048157,1,1.005333424,0.999589622,"[-0.017336100339889526, 0.008248686790466309, -0.0019455552101135254, 0.012293953448534012, -0.026212990283966064, -0.009415857493877411, 0.005333423614501953]",0.0001896760368
20260529_wam_gru_no_future_single_demo_overfit_lr0p001_seed0,wam_gru_dinov2s_no_future,eval_same_demo_teacher_forced,datasets/libero_spatial/pick_up_the_black_bowl_from_table_center_and_place_it_on_the_plate_demo.hdf5:data/demo_0,92,95,2,"[-0.2544642984867096, -0.010714286006987095, -0.4660714268684387, 0.008571428246796131, -0.14678572118282318, -0.0535714291036129, 1.0]","[-0.24714422225952148, -0.09989747405052185, -0.4991350769996643, 0.03036724030971527, -0.14701685309410095, -0.05175280570983887, 0.9829680919647217]",1.14305687,1.145266891,1,0.982968092,0.99623245,"[0.00732007622718811, -0.08918318897485733, -0.033063650131225586, 0.021795812994241714, -0.000231131911277771, 0.0018186233937740326, -0.01703190803527832]",0.001409847639
20260529_wam_gru_no_future_single_demo_overfit_lr0p001_seed0,wam_gru_dinov2s_no_future,eval_same_demo_teacher_forced,datasets/libero_spatial/pick_up_the_black_bowl_from_table_center_and_place_it_on_the_plate_demo.hdf5:data/demo_0,92,96,3,"[-0.2705357074737549, 0.0, -0.4178571403026581, 0.0, -0.13928571343421936, -0.051428571343421936, 1.0]","[-0.25614914298057556, 0.007207021117210388, -0.42136886715888977, 0.015626277774572372, -0.15109404921531677, -0.03508544713258743, 0.9572380781173706]",1.126871586,1.088037372,1,0.9572380781,0.9994933009,"[0.014386564493179321, 0.007207021117210388, -0.0035117268562316895, 0.015626277774572372, -0.011808335781097412, 0.016343124210834503, -0.042761921882629395]",0.0003929348313
20260529_wam_gru_no_future_single_demo_overfit_lr0p001_seed0,wam_gru_dinov2s_no_future,eval_same_demo_teacher_forced,datasets/libero_spatial/pick_up_the_black_bowl_from_table_center_and_place_it_on_the_plate_demo.hdf5:data/demo_0,93,94,0,"[-0.23839285969734192, -0.18482142686843872, -0.5491071343421936, 0.04500000178813934, -0.14678572118282318, -0.06535714119672775, 1.0]","[-0.25991764664649963, -0.17881236970424652, -0.5528052449226379, 0.04498588666319847, -0.15157532691955566, -0.07387074083089828, 1.0181289911270142]",1.191784978,1.213328958,1,1.018128991,0.9998363256,"[-0.021524786949157715, 0.0060090571641922, -0.003698110580444336, -1.4115124940872192e-05, -0.004789605736732483, -0.008513599634170532, 0.01812899112701416]",0.0001338833536
20260529_wam_gru_no_future_single_demo_overfit_lr0p001_seed0,wam_gru_dinov2s_no_future,eval_same_demo_teacher_forced,datasets/libero_spatial/pick_up_the_black_bowl_from_table_center_and_place_it_on_the_plate_demo.hdf5:data/demo_0,93,95,1,"[-0.2544642984867096, -0.010714286006987095, -0.4660714268684387, 0.008571428246796131, -0.14678572118282318, -0.0535714291036129, 1.0]","[-0.2587566375732422, -0.07766872644424438, -0.47108253836631775, 0.024101950228214264, -0.15968960523605347, -0.08447107672691345, 1.0093598365783691]",1.14305687,1.160573363,1,1.009359837,0.9978629947,"[-0.004292339086532593, -0.06695444136857986, -0.005011111497879028, 0.015530521981418133, -0.012903884053230286, -0.030899647623300552, 0.00935983657836914]",0.0008537906106
20260529_wam_gru_no_future_single_demo_overfit_lr0p001_seed0,wam_gru_dinov2s_no_future,eval_same_demo_teacher_forced,datasets/libero_spatial/pick_up_the_black_bowl_from_table_center_and_place_it_on_the_plate_demo.hdf5:data/demo_0,93,96,2,"[-0.2705357074737549, 0.0, -0.4178571403026581, 0.0, -0.13928571343421936, -0.051428571343421936, 1.0]","[-0.2624436020851135, -0.012804634869098663, -0.40876930952072144, 0.007663872092962265, -0.12371301651000977, -0.056445010006427765, 1.0672394037246704]",1.126871586,1.180543303,1,1.067239404,0.9991435409,"[0.008092105388641357, -0.012804634869098663, 0.009087830781936646, 0.007663872092962265, 0.015572696924209595, -0.005016438663005829, 0.06723940372467041]",0.0007370822132
20260529_wam_gru_no_future_single_demo_overfit_lr0p001_seed0,wam_gru_dinov2s_no_future,eval_same_demo_teacher_forced,datasets/libero_spatial/pick_up_the_black_bowl_from_table_center_and_place_it_on_the_plate_demo.hdf5:data/demo_0,93,97,3,"[-0.27321428060531616, 0.02946428582072258, -0.34017857909202576, 0.0, -0.11464285850524902, -0.04714285582304001, 1.0]","[-0.26003512740135193, 0.02517057955265045, -0.3345344662666321, 0.015113893896341324, -0.11531752347946167, -0.04871947318315506, 0.9831597805023193]",1.098453999,1.078271031,1,0.9831597805,0.9998599887,"[0.013179153203964233, -0.004293706268072128, 0.005644112825393677, 0.015113893896341324, -0.0006746649742126465, -0.0015766173601150513, -0.016840219497680664]",0.0001055636676
20260529_wam_gru_no_future_single_demo_overfit_lr0p001_seed0,wam_gru_dinov2s_no_future,eval_same_demo_teacher_forced,datasets/libero_spatial/pick_up_the_black_bowl_from_table_center_and_place_it_on_the_plate_demo.hdf5:data/demo_0,94,95,0,"[-0.2544642984867096, -0.010714286006987095, -0.4660714268684387, 0.008571428246796131, -0.14678572118282318, -0.0535714291036129, 1.0]","[-0.23773883283138275, -0.10942118614912033, -0.5064945816993713, 0.025022316724061966, -0.1429588347673416, -0.06421167403459549, 1.0116333961486816]",1.14305687,1.172014594,1,1.011633396,0.9957630634,"[0.016725465655326843, -0.09870690107345581, -0.04042315483093262, 0.01645088940858841, 0.0038268864154815674, -0.01064024493098259, 0.01163339614868164]",0.001741521875
20260529_wam_gru_no_future_single_demo_overfit_lr0p001_seed0,wam_gru_dinov2s_no_future,eval_same_demo_teacher_forced,datasets/libero_spatial/pick_up_the_black_bowl_from_table_center_and_place_it_on_the_plate_demo.hdf5:data/demo_0,94,96,1,"[-0.2705357074737549, 0.0, -0.4178571403026581, 0.0, -0.13928571343421936, -0.051428571343421936, 1.0]","[-0.24918310344219208, -0.028729893267154694, -0.4408593773841858, 0.006759263575077057, -0.14889205992221832, -0.052107181400060654, 0.9922862648963928]",1.126871586,1.12553823,1,0.9922862649,0.9992089272,"[0.021352604031562805, -0.028729893267154694, -0.02300223708152771, 0.006759263575077057, -0.009606346487998962, -0.0006786100566387177, -0.007713735103607178]",0.0002869107411
20260529_wam_gru_no_future_single_demo_overfit_lr0p001_seed0,wam_gru_dinov2s_no_future,eval_same_demo_teacher_forced,datasets/libero_spatial/pick_up_the_black_bowl_from_table_center_and_place_it_on_the_plate_demo.hdf5:data/demo_0,94,97,2,"[-0.27321428060531616, 0.02946428582072258, -0.34017857909202576, 0.0, -0.11464285850524902, -0.04714285582304001, 1.0]","[-0.25642380118370056, 0.02957548014819622, -0.3549472391605377, 0.005751039832830429, -0.11097680032253265, -0.057890526950359344, 1.1120539903640747]",1.098453999,1.202073097,1,1.11205399,0.999060452,"[0.0167904794216156, 0.00011119432747364044, -0.014768660068511963, 0.005751039832830429, 0.0036660581827163696, -0.010747671127319336, 0.11205399036407471]",0.001888309722
20260529_wam_gru_no_future_single_demo_overfit_lr0p001_seed0,wam_gru_dinov2s_no_future,eval_same_demo_teacher_forced,datasets/libero_spatial/pick_up_the_black_bowl_from_table_center_and_place_it_on_the_plate_demo.hdf5:data/demo_0,94,98,3,"[-0.22499999403953552, 0.05089285597205162, -0.27589285373687744, 0.0, -0.0803571417927742, -0.04392857104539871, 1.0]","[-0.24672120809555054, 0.07998152077198029, -0.28616195917129517, 0.011447321623563766, -0.09766371548175812, -0.048659153282642365, 0.7786420583724976]",1.066639066,0.8760579228,1,0.7786420584,0.9922121763,"[-0.021721214056015015, 0.029088664799928665, -0.010269105434417725, 0.011447321623563766, -0.017306573688983917, -0.004730582237243652, -0.22135794162750244]",0.007267956156
20260529_wam_gru_no_future_single_demo_overfit_lr0p001_seed0,wam_gru_dinov2s_no_future,eval_same_demo_teacher_forced,datasets/libero_spatial/pick_up_the_black_bowl_from_table_center_and_place_it_on_the_plate_demo.hdf5:data/demo_0,95,96,0,"[-0.2705357074737549, 0.0, -0.4178571403026581, 0.0, -0.13928571343421936, -0.051428571343421936, 1.0]","[-0.25377705693244934, -0.003039861097931862, -0.41980233788490295, -0.002996843308210373, -0.1340063214302063, -0.05280112475156784, 0.917792022228241]",1.126871586,1.050591707,1,0.9177920222,0.9994626641,"[0.016758650541305542, -0.003039861097931862, -0.001945197582244873, -0.002996843308210373, 0.0052793920040130615, -0.0013725534081459045, -0.08220797777175903]",0.001012966502
20260529_wam_gru_no_future_single_demo_overfit_lr0p001_seed0,wam_gru_dinov2s_no_future,eval_same_demo_teacher_forced,datasets/libero_spatial/pick_up_the_black_bowl_from_table_center_and_place_it_on_the_plate_demo.hdf5:data/demo_0,95,97,1,"[-0.27321428060531616, 0.02946428582072258, -0.34017857909202576, 0.0, -0.11464285850524902, -0.04714285582304001, 1.0]","[-0.26595816016197205, 0.044374026358127594, -0.38637423515319824, -0.010491110384464264, -0.13512466847896576, -0.051052626222372055, 0.9912545084953308]",1.098453999,1.107044935,1,0.9912545085,0.9987843037,"[0.007256120443344116, 0.014909740537405014, -0.046195656061172485, -0.010491110384464264, -0.020481809973716736, -0.0039097703993320465, -0.00874549150466919]",0.0004329040239
20260529_wam_gru_no_future_single_demo_overfit_lr0p001_seed0,wam_gru_dinov2s_no_future,eval_same_demo_teacher_forced,datasets/libero_spatial/pick_up_the_black_bowl_from_table_center_and_place_it_on_the_plate_demo.hdf5:data/demo_0,95,98,2,"[-0.22499999403953552, 0.05089285597205162, -0.27589285373687744, 0.0, -0.0803571417927742, -0.04392857104539871, 1.0]","[-0.2397250235080719, 0.06138039380311966, -0.30764925479888916, -0.0010761208832263947, -0.10643814504146576, -0.04688575863838196, 0.9150631427764893]",1.066639066,1.003370643,1,0.9150631428,0.9975535274,"[-0.014725029468536377, 0.010487537831068039, -0.03175640106201172, -0.0010761208832263947, -0.02608100324869156, -0.002957187592983246, -0.08493685722351074]",0.001319953473
20260529_wam_gru_no_future_single_demo_overfit_lr0p001_seed0,wam_gru_dinov2s_no_future,eval_same_demo_teacher_forced,datasets/libero_spatial/pick_up_the_black_bowl_from_table_center_and_place_it_on_the_plate_demo.hdf5:data/demo_0,95,99,3,"[-0.1339285671710968, 0.0535714291036129, -0.19285714626312256, 0.0, -0.040714286267757416, -0.04500000178813934, -1.0]","[-0.18143212795257568, 0.06460623443126678, -0.23610037565231323, -0.0022828131914138794, -0.07005927711725235, -0.040296442806720734, -0.310220330953598]",1.03038013,0.4422769845,-1,-0.310220331,0.851806581,"[-0.04750356078147888, 0.011034805327653885, -0.043243229389190674, -0.0022828131914138794, -0.029344990849494934, 0.00470355898141861, 0.6897796392440796]",0.06870467961
20260529_wam_gru_no_future_single_demo_overfit_lr0p001_seed0,wam_gru_dinov2s_no_future,eval_same_demo_teacher_forced,datasets/libero_spatial/pick_up_the_black_bowl_from_table_center_and_place_it_on_the_plate_demo.hdf5:data/demo_0,96,97,0,"[-0.27321428060531616, 0.02946428582072258, -0.34017857909202576, 0.0, -0.11464285850524902, -0.04714285582304001, 1.0]","[-0.24904264509677887, 0.03376276046037674, -0.35617318749427795, -0.0163840614259243, -0.11238332092761993, -0.04936567693948746, 1.0254572629928589]",1.098453999,1.121124268,1,1.025457263,0.9994837642,"[0.024171635508537292, 0.0042984746396541595, -0.015994608402252197, -0.0163840614259243, 0.0022595375776290894, -0.0022228211164474487, 0.025457262992858887]",0.0002550183272
20260529_wam_gru_no_future_single_demo_overfit_lr0p001_seed0,wam_gru_dinov2s_no_future,eval_same_demo_teacher_forced,datasets/libero_spatial/pick_up_the_black_bowl_from_table_center_and_place_it_on_the_plate_demo.hdf5:data/demo_0,96,98,1,"[-0.22499999403953552, 0.05089285597205162, -0.27589285373687744, 0.0, -0.0803571417927742, -0.04392857104539871, 1.0]","[-0.21088923513889313, 0.055191799998283386, -0.277005672454834, -0.002119157463312149, -0.09788614511489868, -0.04656950756907463, 0.9481525421142578]",1.066639066,1.017349839,1,0.9481525421,0.9996331334,"[0.014110758900642395, 0.004298944026231766, -0.001112818717956543, -0.002119157463312149, -0.01752900332212448, -0.0026409365236759186, -0.05184745788574219]",0.0004608176241
20260529_wam_gru_no_future_single_demo_overfit_lr0p001_seed0,wam_gru_dinov2s_no_future,eval_same_demo_teacher_forced,datasets/libero_spatial/pick_up_the_black_bowl_from_table_center_and_place_it_on_the_plate_demo.hdf5:data/demo_0,96,99,2,"[-0.1339285671710968, 0.0535714291036129, -0.19285714626312256, 0.0, -0.040714286267757416, -0.04500000178813934, -1.0]","[-0.14089494943618774, 0.049870774149894714, -0.20469725131988525, 0.002914261072874069, -0.04918765649199486, -0.04933477193117142, -0.750410795211792]",1.03038013,0.7951211333,-1,-0.7504107952,0.995575726,"[-0.006966382265090942, -0.0037006549537181854, -0.011840105056762695, 0.002914261072874069, -0.008473370224237442, -0.004334770143032074, 0.249589204788208]",0.008942322806
20260529_wam_gru_no_future_single_demo_overfit_lr0p001_seed0,wam_gru_dinov2s_no_future,eval_same_demo_teacher_forced,datasets/libero_spatial/pick_up_the_black_bowl_from_table_center_and_place_it_on_the_plate_demo.hdf5:data/demo_0,96,100,3,"[0.0, 0.06964285671710968, -0.03214285895228386, 0.0, 0.0, -0.06857142597436905, -1.0]","[-0.009590047411620617, 0.08715012669563293, -0.07044970989227295, 0.026623904705047607, -0.006015278398990631, -0.068110890686512, -1.1868882179260254]",1.005278707,1.194461346,-1,-1.186888218,0.9992721081,"[-0.009590047411620617, 0.017507269978523254, -0.03830685093998909, 0.026623904705047607, -0.006015278398990631, 0.00046053528785705566, -0.1868882179260254]",0.005362617783
20260529_wam_gru_no_future_single_demo_overfit_lr0p001_seed0,wam_gru_dinov2s_no_future,eval_same_demo_teacher_forced,datasets/libero_spatial/pick_up_the_black_bowl_from_table_center_and_place_it_on_the_plate_demo.hdf5:data/demo_0,97,98,0,"[-0.22499999403953552, 0.05089285597205162, -0.27589285373687744, 0.0, -0.0803571417927742, -0.04392857104539871, 1.0]","[-0.24119679629802704, 0.0564986988902092, -0.28211677074432373, -0.008385282009840012, -0.07999520748853683, -0.04978101700544357, 1.031744122505188]",1.066639066,1.101998806,1,1.031744123,0.9999173284,"[-0.016196802258491516, 0.0056058429181575775, -0.006223917007446289, -0.008385282009840012, 0.0003619343042373657, -0.005852445960044861, 0.03174412250518799]",0.0002064119326
20260529_wam_gru_no_future_single_demo_overfit_lr0p001_seed0,wam_gru_dinov2s_no_future,eval_same_demo_teacher_forced,datasets/libero_spatial/pick_up_the_black_bowl_from_table_center_and_place_it_on_the_plate_demo.hdf5:data/demo_0,97,99,1,"[-0.1339285671710968, 0.0535714291036129, -0.19285714626312256, 0.0, -0.040714286267757416, -0.04500000178813934, -1.0]","[-0.15415863692760468, 0.06437952816486359, -0.2156752049922943, 0.00864223763346672, -0.03975209593772888, -0.047298360615968704, -0.9076653718948364]",1.03038013,0.9498283267,-1,-0.9076653719,0.998383224,"[-0.020230069756507874, 0.010808099061250687, -0.022818058729171753, 0.00864223763346672, 0.0009621903300285339, -0.002298358827829361, 0.09233462810516357]",0.001379044959
20260529_wam_gru_no_future_single_demo_overfit_lr0p001_seed0,wam_gru_dinov2s_no_future,eval_same_demo_teacher_forced,datasets/libero_spatial/pick_up_the_black_bowl_from_table_center_and_place_it_on_the_plate_demo.hdf5:data/demo_0,97,100,2,"[0.0, 0.06964285671710968, -0.03214285895228386, 0.0, 0.0, -0.06857142597436905, -1.0]","[-0.015127555467188358, 0.06813643872737885, -0.06804294139146805, 0.004841368645429611, -0.008598018437623978, -0.07665316760540009, -1.0368186235427856]",1.005278707,1.044254422,-1,-1.036818624,0.9992763996,"[-0.015127555467188358, -0.001506417989730835, -0.03590008243918419, 0.004841368645429611, -0.008598018437623978, -0.008081741631031036, -0.036818623542785645]",0.0004340312153
20260529_wam_gru_no_future_single_demo_overfit_lr0p001_seed0,wam_gru_dinov2s_no_future,eval_same_demo_teacher_forced,datasets/libero_spatial/pick_up_the_black_bowl_from_table_center_and_place_it_on_the_plate_demo.hdf5:data/demo_0,97,101,3,"[0.0535714291036129, 0.08571428805589676, -0.0, 0.0, 0.007499999832361937, -0.0771428570151329, -1.0]","[0.04217621311545372, 0.060396671295166016, -0.0038908421993255615, -0.004958167672157288, 0.003343522548675537, -0.07895860821008682, -0.9547028541564941]",1.00807941,0.9608170986,-1,-0.9547028542,0.9996649027,"[-0.01139521598815918, -0.025317616760730743, -0.0038908421993255615, -0.004958167672157288, -0.0041564772836863995, -0.0018157511949539185, 0.04529714584350586]",0.0004118513607
20260529_wam_gru_no_future_single_demo_overfit_lr0p001_seed0,wam_gru_dinov2s_no_future,eval_same_demo_teacher_forced,datasets/libero_spatial/pick_up_the_black_bowl_from_table_center_and_place_it_on_the_plate_demo.hdf5:data/demo_0,98,99,0,"[-0.1339285671710968, 0.0535714291036129, -0.19285714626312256, 0.0, -0.040714286267757416, -0.04500000178813934, -1.0]","[-0.14160220324993134, 0.04901578277349472, -0.20449355244636536, -0.00655282661318779, -0.036111559718847275, -0.058546535670757294, -0.9777536988258362]",1.03038013,1.012446761,-1,-0.9777536988,0.9996951818,"[-0.007673636078834534, -0.004555646330118179, -0.011636406183242798, -0.00655282661318779, 0.004602726548910141, -0.01354653388261795, 0.02224630117416382]",0.0001367965306
20260529_wam_gru_no_future_single_demo_overfit_lr0p001_seed0,wam_gru_dinov2s_no_future,eval_same_demo_teacher_forced,datasets/libero_spatial/pick_up_the_black_bowl_from_table_center_and_place_it_on_the_plate_demo.hdf5:data/demo_0,98,100,1,"[0.0, 0.06964285671710968, -0.03214285895228386, 0.0, 0.0, -0.06857142597436905, -1.0]","[0.0022029438987374306, 0.06318189948797226, -0.05226859822869301, 0.007152970880270004, -0.006431440822780132, -0.07924498617649078, -1.0132112503051758]",1.005278707,1.019655943,-1,-1.01321125,0.9996946454,"[0.0022029438987374306, -0.006460957229137421, -0.02012573927640915, 0.007152970880270004, -0.006431440822780132, -0.010673560202121735, -0.013211250305175781]",0.000118947537
20260529_wam_gru_no_future_single_demo_overfit_lr0p001_seed0,wam_gru_dinov2s_no_future,eval_same_demo_teacher_forced,datasets/libero_spatial/pick_up_the_black_bowl_from_table_center_and_place_it_on_the_plate_demo.hdf5:data/demo_0,98,101,2,"[0.0535714291036129, 0.08571428805589676, -0.0, 0.0, 0.007499999832361937, -0.0771428570151329, -1.0]","[0.04267744719982147, 0.0858696922659874, -0.011540918610990047, -0.001531902700662613, 0.013327620923519135, -0.07810107618570328, -0.9845418930053711]",1.00807941,0.992436707,-1,-0.984541893,0.9998583794,"[-0.010893981903791428, 0.0001554042100906372, -0.011540918610990047, -0.001531902700662613, 0.005827621091157198, -0.0009582191705703735, 0.015458106994628906]",7.543927495e-05
20260529_wam_gru_no_future_single_demo_overfit_lr0p001_seed0,wam_gru_dinov2s_no_future,eval_same_demo_teacher_forced,datasets/libero_spatial/pick_up_the_black_bowl_from_table_center_and_place_it_on_the_plate_demo.hdf5:data/demo_0,98,102,3,"[0.16607142984867096, 0.11785714328289032, 0.06160714104771614, -0.006428571417927742, 0.04928571358323097, -0.09321428835391998, -1.0]","[0.15989775955677032, 0.10049235820770264, 0.050248950719833374, -0.003331530839204788, 0.050707779824733734, -0.09872252494096756, -1.0655529499053955]",1.027825236,1.089000702,-1,-1.06555295,0.9995240569,"[-0.006173670291900635, -0.017364785075187683, -0.011358190327882767, 0.003097040578722954, 0.0014220662415027618, -0.005508236587047577, -0.06555294990539551]",0.0006868289784
