epoch,split,total_loss,action_loss,action_loss_units,future_loss,future_latent_cosine_error,future_latent_mse,future_latent_cosine_error_by_horizon,future_latent_mse_by_horizon,action_mse_by_horizon,action_mse_by_dimension,spike_loss,action_mse,action_mse_units,steps,samples,parameter_count,trainable_parameter_count,lower_is_better
0,train_single_demo,0.36862426,0.36862426,raw_action_units,0.9984717766,0.9984717766,5.474946976,"[1.0217579603, 0.9784285426, 0.9972677231, 0.9964332581]","[5.5254273415, 5.4382338524, 5.4653906822, 5.4707350731]","[0.0841761157, 0.1039183512, 0.0885015801, 0.0901597142]","[0.0491201244, 0.0448399, 0.1181449592, 0.0492231548, 0.04402842, 0.0337919183, 0.3026740253]",0,0.3686242387,raw_action_units,2,96,769564,769564,true
0,eval_same_demo_teacher_forced,0.2348129352,0.2348129352,raw_action_units,0.977388978,0.977388978,5.42110316,"[0.9991304874, 0.9569070935, 0.981466949, 0.9720513821]","[5.462656498, 5.3933939934, 5.4279956818, 5.4003639221]","[0.0508060455, 0.0421926379, 0.0617234595, 0.0579755865]","[0.031229848, 0.0669889525, 0.0597267561, 0.017890254, 0.0209598467, 0.0130462945, 0.1623790413]",0,0.2348129182,raw_action_units,2,96,769564,769564,true
1,train_single_demo,0.2282016178,0.2282016178,raw_action_units,0.9788150589,0.9788150589,5.41937542,"[0.9999544024, 0.9561411738, 0.982537806, 0.976626873]","[5.4600815773, 5.385945797, 5.4253468513, 5.4061264992]","[0.0860524103, 0.0796356425, 0.0729143694, 0.0834353268]","[0.0467215814, 0.0590142608, 0.1000594199, 0.0085473349, 0.0153673962, 0.0103523526, 0.3235037029]",0,0.228201605,raw_action_units,2,96,769564,769564,true
1,eval_same_demo_teacher_forced,0.205627501,0.205627501,raw_action_units,0.9839516083,0.9839516083,5.404984792,"[1.0018538237, 0.9536625743, 0.9921378493, 0.9881524444]","[5.4408893585, 5.353105545, 5.418035984, 5.407907486]","[0.0407225788, 0.0574828275, 0.0502964854, 0.0499353521]","[0.0285084527, 0.0360027179, 0.0535563417, 0.0156277493, 0.0069172424, 0.004612803, 0.2020398527]",0,0.2056274953,raw_action_units,2,96,769564,769564,true
2,train_single_demo,0.2021084279,0.2021084279,raw_action_units,0.9843410651,0.9843410651,5.402945677,"[1.0029469728, 0.9549369216, 0.9932074547, 0.9862730503]","[5.4398841858, 5.3530063629, 5.4168419838, 5.402048111]","[0.0572797991, 0.0574746877, 0.0612615049, 0.0732707754]","[0.0390229896, 0.0178102534, 0.0785994157, 0.0079186484, 0.0100285867, 0.0050724554, 0.2777994573]",0,0.2021084229,raw_action_units,2,96,769564,769564,true
2,eval_same_demo_teacher_forced,0.1813479563,0.1813479563,raw_action_units,0.9879261653,0.9879261653,5.400582314,"[1.0051053762, 0.9671570659, 0.9949271083, 0.9845154285]","[5.4371089935, 5.3673210144, 5.4100584984, 5.3878397942]","[0.0374495275, 0.0338596925, 0.0461414345, 0.0482598208]","[0.0250276644, 0.0342748575, 0.03287277, 0.0056977156, 0.0128116338, 0.0091530131, 0.1701556593]",0,0.1813479463,raw_action_units,2,96,769564,769564,true
3,train_single_demo,0.1800691038,0.1800691038,raw_action_units,0.9870765408,0.9870765408,5.396902561,"[1.0039254427, 0.9664829373, 0.9935340881, 0.9843637347]","[5.4329051971, 5.3647351265, 5.405318737, 5.3846511841]","[0.0597821325, 0.0589952804, 0.0590191074, 0.0614680462]","[0.0335087143, 0.0216718763, 0.0860824957, 0.0078288103, 0.0065766401, 0.0020956991, 0.2609487474]",0,0.1800690946,raw_action_units,2,96,769564,769564,true
3,eval_same_demo_teacher_forced,0.1677724222,0.1677724222,raw_action_units,0.9837092161,0.9837092161,5.380523841,"[0.9993864894, 0.9649832845, 0.9838802218, 0.9865867496]","[5.4149327278, 5.3537507057, 5.378610611, 5.3748002052]","[0.030575186, 0.0371906273, 0.0399862826, 0.0465156697]","[0.0188894924, 0.020415917, 0.0391713493, 0.0059995782, 0.0100606084, 0.0018501139, 0.1735815257]",0,0.1677724123,raw_action_units,2,96,769564,769564,true
4,train_single_demo,0.1673596253,0.1673596253,raw_action_units,0.9833622773,0.9833622773,5.378450712,"[0.9996165633, 0.9642390609, 0.9821079373, 0.9874857068]","[5.41340065, 5.3512911797, 5.3738427162, 5.3752689362]","[0.0589460097, 0.06257613, 0.0717086941, 0.0663196445]","[0.026489431, 0.0140622398, 0.0848355666, 0.0024734731, 0.0053238142, 0.0028132226, 0.318215549]",0,0.1673596189,raw_action_units,2,96,769564,769564,true
4,eval_same_demo_teacher_forced,0.1507615224,0.1507615224,raw_action_units,0.9818371534,0.9818371534,5.367416223,"[0.9953878522, 0.9620755315, 0.9769863486, 0.9928990006]","[5.3963336945, 5.3403172493, 5.3567996025, 5.3762154579]","[0.0301486943, 0.0361361094, 0.0369812213, 0.0436912291]","[0.0125293955, 0.0169504918, 0.0371337533, 0.0034624424, 0.0068152435, 0.0030453773, 0.1772385091]",0,0.1507615192,raw_action_units,2,96,769564,769564,true
5,train_single_demo,0.1491018881,0.1491018881,raw_action_units,0.9826440811,0.9826440811,5.367424329,"[0.9947859645, 0.962587595, 0.977291882, 0.9959108233]","[5.3939986229, 5.3401503563, 5.3558688164, 5.3796811104]","[0.0419364013, 0.0405761003, 0.0555825979, 0.0578125082]","[0.0262068287, 0.016348118, 0.0693307817, 0.0064436481, 0.005084489, 0.0022933723, 0.2171310782]",0,0.1491018846,raw_action_units,2,96,769564,769564,true
5,eval_same_demo_teacher_forced,0.1350598584,0.1350598584,raw_action_units,0.9888259967,0.9888259967,5.372469266,"[0.994653523, 0.9668245912, 0.9824450612, 1.0113807917]","[5.3884444237, 5.3439993858, 5.3584637642, 5.3989696503]","[0.0231273826, 0.0330227464, 0.0445493162, 0.0411494859]","[0.0116069019, 0.0148211308, 0.0448527038, 0.0058067855, 0.0042871321, 0.0024936108, 0.1643673629]",0,0.1350598534,raw_action_units,2,96,769564,769564,true
6,train_single_demo,0.1309905127,0.1309905127,raw_action_units,0.9901234706,0.9901234706,5.37433211,"[0.9959123135, 0.9673330784, 0.9841103554, 1.013138175]","[5.3900756836, 5.3450036049, 5.3606562614, 5.4015927315]","[0.0348968618, 0.0351744927, 0.0420814045, 0.044501707]","[0.0217462052, 0.0182727166, 0.0748706758, 0.0036713912, 0.006103287, 0.0018093967, 0.147671625]",0,0.1309905081,raw_action_units,2,96,769564,769564,true
6,eval_same_demo_teacher_forced,0.1130959615,0.1130959615,raw_action_units,0.9949785074,0.9949785074,5.384672801,"[1.0023553371, 0.967510879, 0.9938235879, 1.0162242651]","[5.4020519257, 5.3489890099, 5.3756756783, 5.4119758606]","[0.0185066033, 0.031309396, 0.0369322337, 0.0347174443]","[0.0095416242, 0.0132096773, 0.044581648, 0.0073831137, 0.0050705704, 0.0025897326, 0.1301885545]",0,0.113095959,raw_action_units,2,96,769564,769564,true
7,train_single_demo,0.109903569,0.109903569,raw_action_units,0.9943867127,0.9943867127,5.384664853,"[1.0027250051, 0.9662622809, 0.995510757, 1.0130488873]","[5.4035115242, 5.3476452827, 5.378757, 5.408744812]","[0.0336594395, 0.0313489176, 0.0395798124, 0.0420331769]","[0.0274047926, 0.0154771544, 0.0603297614, 0.0065012998, 0.0063127372, 0.0022428478, 0.1383187324]",0,0.1099035655,raw_action_units,2,96,769564,769564,true
7,eval_same_demo_teacher_forced,0.09451443205,0.09451443205,raw_action_units,0.9894425074,0.9894425074,5.38199393,"[1.0017039776, 0.9627968669, 0.9972336888, 0.9960355759]","[5.4073939323, 5.3437080383, 5.3859162331, 5.3909568787]","[0.0236688033, 0.0318994448, 0.0332099535, 0.0337028727]","[0.0078914976, 0.01334289, 0.0512004197, 0.0066101872, 0.0072777537, 0.0041302079, 0.1238889098]",0,0.09451442673,raw_action_units,2,96,769564,769564,true
8,train_single_demo,0.09230783333,0.09230783333,raw_action_units,0.9881840547,0.9881840547,5.38066864,"[1.0006402731, 0.963172853, 0.9967884421, 0.9921346307]","[5.4065642357, 5.3439769745, 5.3865551949, 5.3855776787]","[0.0220168028, 0.0261641238, 0.0257049073, 0.0292975735]","[0.0201744568, 0.0151118636, 0.0459366329, 0.0068763788, 0.0070642238, 0.0031199495, 0.0822874531]",0,0.09230782872,raw_action_units,2,96,769564,769564,true
8,eval_same_demo_teacher_forced,0.08066064616,0.08066064616,raw_action_units,0.9857506156,0.9857506156,5.383551915,"[1.0008219481, 0.9715819359, 0.9938486218, 0.9767498374]","[5.415034771, 5.3591303825, 5.3918228149, 5.3682198524]","[0.0216703396, 0.0258620922, 0.03197027, 0.0330972299]","[0.0086015807, 0.0137233846, 0.0431175083, 0.0016726045, 0.0077338354, 0.0025921611, 0.1196087971]",0,0.08066064403,raw_action_units,2,96,769564,769564,true
9,train_single_demo,0.07966170708,0.07966170708,raw_action_units,0.9866528312,0.9866528312,5.387771924,"[1.0024751425, 0.9739351869, 0.9942300916, 0.9759709239]","[5.4209370613, 5.3650970459, 5.3956737518, 5.3693795204]","[0.0143752368, 0.0295369979, 0.025709711, 0.0257512424]","[0.0262509715, 0.0189877208, 0.0505726002, 0.0120838629, 0.0068187681, 0.0015142296, 0.050674919]",0,0.07966170141,raw_action_units,2,96,769564,769564,true
9,eval_same_demo_teacher_forced,0.07756758233,0.07756758233,raw_action_units,0.9909520348,0.9909520348,5.405448437,"[1.0070362091, 0.9847430587, 0.9967132211, 0.9753157496]","[5.4411034584, 5.392229557, 5.4118456841, 5.3766140938]","[0.0161192026, 0.0263476837, 0.0333284512, 0.0323310047]","[0.0089028077, 0.0120422505, 0.0408917032, 0.002145014, 0.0057726265, 0.0015486364, 0.1179180518]",0,0.0775675802,raw_action_units,2,96,769564,769564,true
10,train_single_demo,0.07794826478,0.07794826478,raw_action_units,0.9915981491,0.9915981491,5.408102036,"[1.0067981482, 0.9862143397, 0.9970331192, 0.9763469696]","[5.442471981, 5.3964009285, 5.4141917229, 5.379342556]","[0.0153162023, 0.0398416109, 0.033451017, 0.0357274637]","[0.0190001354, 0.017567018, 0.0464075692, 0.0082941614, 0.0040146089, 0.0020071894, 0.1202978194]",0,0.07794825804,raw_action_units,2,96,769564,769564,true
10,eval_same_demo_teacher_forced,0.07269351184,0.07269351184,raw_action_units,0.994875749,0.994875749,5.417553584,"[1.0057090521, 0.9929240346, 0.9965979457, 0.9842719436]","[5.4447989464, 5.4124660492, 5.4165072441, 5.3964409828]","[0.0169801656, 0.0289994683, 0.0341757871, 0.0373407379]","[0.0078702709, 0.0126284063, 0.0606075078, 0.0019892522, 0.0053655808, 0.004807591, 0.1123496592]",0,0.07269350688,raw_action_units,2,96,769564,769564,true
11,train_single_demo,0.0705686609,0.0705686609,raw_action_units,0.9953327974,0.9953327974,5.417817116,"[1.005497098, 0.9934661984, 0.9960327744, 0.9863350987]","[5.4438858032, 5.412791729, 5.4148335457, 5.3997573853]","[0.0183861963, 0.0233684387, 0.0262797046, 0.0281792823]","[0.0171959735, 0.0132049033, 0.0376915224, 0.0015948171, 0.0041136444, 0.0027569595, 0.0918160081]",0,0.07056865806,raw_action_units,2,96,769564,769564,true
11,eval_same_demo_teacher_forced,0.06252899766,0.06252899766,raw_action_units,0.997625947,0.997625947,5.419610023,"[1.0053654909, 0.9949887395, 0.9940089583, 0.99614048]","[5.441347599, 5.4126601219, 5.408208847, 5.416223526]","[0.0161787327, 0.0266685393, 0.0321149416, 0.0335397236]","[0.0072455518, 0.0094908448, 0.0567482598, 0.0012280861, 0.0054405653, 0.0030855446, 0.1066395417]",0,0.06252899624,raw_action_units,2,96,769564,769564,true
12,train_single_demo,0.06205276276,0.06205276276,raw_action_units,0.9978507757,0.9978507757,5.419414679,"[1.0054322481, 0.9947473407, 0.9938384891, 0.9973848462]","[5.440788269, 5.4115386009, 5.4074120522, 5.4179205894]","[0.0140107805, 0.0155305741, 0.0159881637, 0.0199082028]","[0.0099113462, 0.0135255298, 0.0389121249, 0.0018565846, 0.0033014321, 0.0010157833, 0.0459932052]",0,0.06205275797,raw_action_units,2,96,769564,769564,true
12,eval_same_demo_teacher_forced,0.06076179693,0.06076179693,raw_action_units,0.9990221659,0.9990221659,5.420809428,"[1.0065168142, 0.9954423308, 0.9944321513, 0.9996975064]","[5.4419174194, 5.4116721153, 5.4087929726, 5.4208545685]","[0.0148828737, 0.0238472987, 0.029619528, 0.0288926288]","[0.0071046413, 0.0143520413, 0.0358013473, 0.0025305399, 0.0047481651, 0.0014017407, 0.1042355821]",0,0.06076179232,raw_action_units,2,96,769564,769564,true
13,train_single_demo,0.06117376685,0.06117376685,raw_action_units,0.9990411599,0.9990411599,5.420793692,"[1.0067242384, 0.9960107803, 0.9942277074, 0.9992019534]","[5.4423065186, 5.4125499725, 5.4087643623, 5.4195518494]","[0.0141751682, 0.0201124791, 0.016021179, 0.0256545395]","[0.0119922385, 0.0138722062, 0.035889823, 0.0035909915, 0.0037339686, 0.0012090164, 0.0626476407]",0,0.06117376259,raw_action_units,2,96,769564,769564,true
13,eval_same_demo_teacher_forced,0.0593427817,0.0593427817,raw_action_units,0.9994990826,0.9994990826,5.422611396,"[1.0091718435, 0.9975679517, 0.9934102893, 0.9978461266]","[5.4476127625, 5.4169535637, 5.4090504646, 5.4168286324]","[0.0143947592, 0.0217865165, 0.0271530747, 0.0283127259]","[0.0075102667, 0.0116775902, 0.0314176939, 0.002371669, 0.0027843721, 0.0012939883, 0.1033268049]",0,0.05934277745,raw_action_units,2,96,769564,769564,true
14,train_single_demo,0.06006817271,0.06006817271,raw_action_units,0.9996894201,0.9996894201,5.423231761,"[1.0098224878, 0.9979519844, 0.9928095937, 0.9981737137]","[5.4490838051, 5.418076992, 5.4083061218, 5.4174599648]","[0.0182263814, 0.0218594205, 0.0219833627, 0.0247405116]","[0.0160788652, 0.0127878375, 0.0290162545, 0.0041497694, 0.003114461, 0.001052745, 0.0857169926]",0,0.06006817165,raw_action_units,2,96,769564,769564,true
14,eval_same_demo_teacher_forced,0.05646347503,0.05646347503,raw_action_units,1.000109831,1.000109831,5.426685015,"[1.0118634701, 1.0014990568, 0.9877423644, 0.9993346334]","[5.456287384, 5.4266529083, 5.4027543068, 5.421043396]","[0.0146702128, 0.0203648526, 0.0260729175, 0.0299641583]","[0.0073031769, 0.0077998117, 0.0356769077, 0.0013513494, 0.003648197, 0.0012794518, 0.1023173556]",0,0.05646347432,raw_action_units,2,96,769564,769564,true
15,train_single_demo,0.05572684854,0.05572684854,raw_action_units,0.9999881983,0.9999881983,5.427266121,"[1.0120232105, 1.0025252104, 0.9865224957, 0.9988818765]","[5.4576973915, 5.4289879799, 5.401702404, 5.4206767082]","[0.0137220323, 0.0196508486, 0.0262428764, 0.0249002352]","[0.0108121485, 0.0094011193, 0.0260517094, 0.0036152129, 0.0022698962, 0.0013565212, 0.0943963751]",0,0.05572684606,raw_action_units,2,96,769564,769564,true
15,eval_same_demo_teacher_forced,0.05191084246,0.05191084246,raw_action_units,1.000246366,1.000246366,5.433039029,"[1.0146245956, 1.0072191954, 0.9818749428, 0.9972665906]","[5.4689903259, 5.4418354034, 5.3989028931, 5.4224267006]","[0.0124985771, 0.0204522405, 0.0251966324, 0.0279406402]","[0.010126383, 0.009738639, 0.0256906506, 0.0014099944, 0.0021343206, 0.0011673517, 0.1003868207]",0,0.05191084033,raw_action_units,2,96,769564,769564,true
16,train_single_demo,0.05144717917,0.05144717917,raw_action_units,1.000258764,1.000258764,5.434466521,"[1.0153814554, 1.0076369047, 0.9818488955, 0.9961678386]","[5.4718537331, 5.4441695213, 5.4000000954, 5.4218420982]","[0.0113809453, 0.014334023, 0.0173187647, 0.020784121]","[0.0143852467, 0.0111957612, 0.023424549, 0.0016985981, 0.0015824245, 0.0008358823, 0.0585587807]",0,0.05144717722,raw_action_units,2,96,769564,769564,true
16,eval_same_demo_teacher_forced,0.04871187856,0.04871187856,raw_action_units,1.000123819,1.000123819,5.44081974,"[1.0180009604, 1.0092469454, 0.9836837649, 0.9895636439]","[5.4832949638, 5.4552598, 5.4080319405, 5.4166908264]","[0.0113387182, 0.0193347894, 0.0235988405, 0.0286964644]","[0.0078511303, 0.0076850909, 0.0256470814, 0.0017359891, 0.0013181783, 0.001776354, 0.0991815925]",0,0.04871187607,raw_action_units,2,96,769564,769564,true
17,train_single_demo,0.04872557397,0.04872557397,raw_action_units,0.9999843041,0.9999843041,5.441559792,"[1.0178260803, 1.0099570751, 0.9840387702, 0.9881154895]","[5.4838747978, 5.4578871727, 5.409517765, 5.4149603844]","[0.0132309543, 0.0187931266, 0.0244822279, 0.0257899594]","[0.0091923457, 0.0106456419, 0.0188268386, 0.0020117825, 0.0013802351, 0.001521808, 0.1004398093]",0,0.04872557095,raw_action_units,2,96,769564,769564,true
17,eval_same_demo_teacher_forced,0.04670243214,0.04670243214,raw_action_units,1.00009052,1.00009052,5.444933256,"[1.0165038109, 1.0150251389, 0.9840505719, 0.9847824574]","[5.4839019775, 5.4714584351, 5.4128785133, 5.4114933014]","[0.0108664408, 0.0197468232, 0.0221964195, 0.0280853286]","[0.0064899288, 0.0073046642, 0.0229950752, 0.0013664924, 0.0009217188, 0.0024215269, 0.100066863]",0,0.04670243036,raw_action_units,2,96,769564,769564,true
18,train_single_demo,0.0463744849,0.0463744849,raw_action_units,1.000390569,1.000390569,5.445766926,"[1.0162440538, 1.0165404081, 0.9832956195, 0.9854821563]","[5.4836273193, 5.4743466377, 5.4122042656, 5.4128894806]","[0.0051285299, 0.0106053827, 0.018503515, 0.0221884865]","[0.0101717524, 0.009677493, 0.0119704092, 0.0012473428, 0.0009359797, 0.0011187722, 0.0636235923]",0,0.04637448277,raw_action_units,2,96,769564,769564,true
18,eval_same_demo_teacher_forced,0.04415893058,0.04415893058,raw_action_units,1.00212733,1.00212733,5.45023187,"[1.0171960592, 1.0225573778, 0.9791021347, 0.9896540046]","[5.4861130714, 5.4856591225, 5.4074349403, 5.4217190742]","[0.0114615494, 0.0202409532, 0.0219051633, 0.025345752]","[0.0077736932, 0.0090987645, 0.014931377, 0.0013014412, 0.0014065058, 0.0022542174, 0.101402469]",0,0.04415892845,raw_action_units,2,96,769564,769564,true
19,train_single_demo,0.04382156208,0.04382156208,raw_action_units,1.002164364,1.002164364,5.450503031,"[1.0179773569, 1.022315383, 0.9782364964, 0.9901280403]","[5.48772192, 5.4852027893, 5.4062027931, 5.4228835106]","[0.0052483729, 0.0097578252, 0.0102902828, 0.0125220753]","[0.0077126473, 0.010681686, 0.0110717565, 0.0008586484, 0.0013493253, 0.000946556, 0.0335618481]",0,0.04382155907,raw_action_units,2,96,769564,769564,true
19,eval_same_demo_teacher_forced,0.04148840904,0.04148840904,raw_action_units,1.002370596,1.002370596,5.453543345,"[1.0245610476, 1.0198239088, 0.9752489924, 0.9898484349]","[5.5024523735, 5.4827895164, 5.4034380913, 5.4254932404]","[0.0101729436, 0.0187534317, 0.0210536961, 0.0240832958]","[0.0070526781, 0.0083310641, 0.0113157267, 0.0010666271, 0.0015578208, 0.0009664809, 0.0993204787]",0,0.0414884062,raw_action_units,2,96,769564,769564,true
20,train_single_demo,0.04134737824,0.04134737824,raw_action_units,1.002244155,1.002244155,5.453855515,"[1.0257487297, 1.0189250708, 0.9750378728, 0.9892649651]","[5.505300045, 5.4815993309, 5.4034972191, 5.4250273705]","[0.0074297865, 0.0173337907, 0.023505738, 0.0275632981]","[0.0060594236, 0.0094804345, 0.0112888226, 0.0011810684, 0.0010430278, 0.0010765338, 0.1025777534]",0,0.04134737594,raw_action_units,2,96,769564,769564,true
20,eval_same_demo_teacher_forced,0.04013707116,0.04013707116,raw_action_units,1.001465917,1.001465917,5.454284668,"[1.0299720764, 1.0145283937, 0.9743599892, 0.9870033264]","[5.515745163, 5.4747085571, 5.4042015076, 5.4224829674]","[0.0091485875, 0.0169596802, 0.0198454391, 0.0234599933]","[0.0046797977, 0.0063454434, 0.0088705067, 0.0008291138, 0.0017974697, 0.0015629594, 0.0973886847]",0,0.04013706957,raw_action_units,2,96,769564,769564,true
21,train_single_demo,0.04006780684,0.04006780684,raw_action_units,1.001250943,1.001250943,5.453579585,"[1.0296741724, 1.0141396523, 0.9741306305, 0.9870594144]","[5.5150108337, 5.4734802246, 5.4037222862, 5.4221057892]","[0.0103021851, 0.0108656324, 0.0115673915, 0.0116275474]","[0.0060885861, 0.0073627476, 0.0081533641, 0.000829939, 0.0009650774, 0.0006578899, 0.0535772145]",0,0.04006780471,raw_action_units,2,96,769564,769564,true
21,eval_same_demo_teacher_forced,0.03764132286,0.03764132286,raw_action_units,1.00159208,1.00159208,5.454252879,"[1.0274972916, 1.0144740343, 0.9734241366, 0.9909726977]","[5.5118374825, 5.4732627869, 5.4031982422, 5.4287128448]","[0.0085078524, 0.0157306343, 0.0181930047, 0.0226574317]","[0.0044904784, 0.0063168067, 0.0050206184, 0.0006448558, 0.0014858536, 0.0010368921, 0.0949101076]",0,0.03764132091,raw_action_units,2,96,769564,769564,true
22,train_single_demo,0.03791144552,0.03791144552,raw_action_units,1.001638452,1.001638452,5.454281807,"[1.026830554, 1.0144654512, 0.9731938243, 0.9920640588]","[5.5106163025, 5.4731640816, 5.4028449059, 5.4305000305]","[0.0053003784, 0.006485878, 0.0138514759, 0.016947614]","[0.0061786789, 0.0073184632, 0.0073843542, 0.0010972283, 0.0007980647, 0.0014453749, 0.0503021926]",0,0.03791144348,raw_action_units,2,96,769564,769564,true
22,eval_same_demo_teacher_forced,0.03658550729,0.03658550729,raw_action_units,1.002298713,1.002298713,5.45783186,"[1.0251230001, 1.0136355162, 0.9740235806, 0.9964129329]","[5.5096259117, 5.4749846458, 5.4059243202, 5.4407916069]","[0.0086421566, 0.0152962441, 0.0177916829, 0.0220251009]","[0.0045684678, 0.0057991841, 0.0051600956, 0.0008788065, 0.0007490356, 0.0010991654, 0.0933168009]",0,0.03658550694,raw_action_units,2,96,769564,769564,true
23,train_single_demo,0.03645499051,0.03645499051,raw_action_units,1.002142588,1.002142588,5.45783631,"[1.0251030922, 1.0130182505, 0.9742826819, 0.9961662292]","[5.5097746849, 5.4743552208, 5.4066386223, 5.4405751228]","[0.0076764007, 0.0115226954, 0.0111554535, 0.0136090778]","[0.0056007113, 0.0076187267, 0.007523933, 0.0009036194, 0.0007675293, 0.0005791472, 0.0539426804]",0,0.0364549898,raw_action_units,2,96,769564,769564,true
23,eval_same_demo_teacher_forced,0.03559650853,0.03559650853,raw_action_units,1.002359668,1.002359668,5.46064504,"[1.0270107985, 1.0118746758, 0.9765835404, 0.9939696789]","[5.5152287483, 5.475622654, 5.4128890038, 5.4388384819]","[0.0079452274, 0.0141901569, 0.0180647094, 0.0213487241]","[0.0037912864, 0.0052242787, 0.004004017, 0.0010856502, 0.0011067387, 0.0011949126, 0.0913035497]",0,0.03559650694,raw_action_units,2,96,769564,769564,true
24,train_single_demo,0.03547923019,0.03547923019,raw_action_units,1.002557357,1.002557357,5.461119016,"[1.027484417, 1.0123776197, 0.9765995145, 0.9937681556]","[5.5162577629, 5.4764780998, 5.4131741524, 5.4385666847]","[0.0040748338, 0.010776327, 0.0134249702, 0.0131250396]","[0.0041807652, 0.0073266136, 0.0091710361, 0.0010157857, 0.0009089824, 0.0008334414, 0.049015414]",0,0.03547922912,raw_action_units,2,96,769564,769564,true
24,eval_same_demo_teacher_forced,0.03408236057,0.03408236057,raw_action_units,1.003113429,1.003113429,5.461733818,"[1.0280908346, 1.0156823397, 0.9770718217, 0.9916086793]","[5.5174179077, 5.4809746742, 5.4151320457, 5.4334087372]","[0.0079331016, 0.0142831616, 0.0181817561, 0.0204799455]","[0.0034902475, 0.0068915891, 0.003633233, 0.001038524, 0.0011021669, 0.00074813, 0.0896325484]",0,0.03408235879,raw_action_units,2,96,769564,769564,true
25,train_single_demo,0.03414665287,0.03414665287,raw_action_units,1.002982299,1.002982299,5.461033185,"[1.0276063681, 1.0160653591, 0.976691246, 0.9915661812]","[5.5161375999, 5.4809737206, 5.4142613411, 5.4327578545]","[0.004722063, 0.0090155806, 0.0160681102, 0.0175698381]","[0.0054138266, 0.0075513888, 0.006431188, 0.0008896149, 0.0005881625, 0.0004096256, 0.0616234839]",0,0.03414665234,raw_action_units,2,96,769564,769564,true
25,eval_same_demo_teacher_forced,0.03310245275,0.03310245275,raw_action_units,1.001835545,1.001835545,5.457297325,"[1.0255807638, 1.0155140162, 0.9743618369, 0.9918854237]","[5.5108895302, 5.477602005, 5.4089584351, 5.4317378998]","[0.0079231933, 0.0142591605, 0.0169632416, 0.0198478121]","[0.0038158039, 0.007493014, 0.0028272413, 0.0004584233, 0.0006879959, 0.0006328427, 0.0873231366]",0,0.03310245134,raw_action_units,2,96,769564,769564,true
26,train_single_demo,0.03312388435,0.03312388435,raw_action_units,1.001408577,1.001408577,5.456445853,"[1.0252131224, 1.0147309303, 0.9739480019, 0.9917419553]","[5.5100879669, 5.476167202, 5.4080696106, 5.43145895]","[0.0072917673, 0.0106904702, 0.0143535892, 0.0134863472]","[0.0033408972, 0.0059331325, 0.0049186978, 0.0009863999, 0.0008399637, 0.0003297447, 0.0638399646]",0,0.03312388275,raw_action_units,2,96,769564,769564,true
26,eval_same_demo_teacher_forced,0.03232789909,0.03232789909,raw_action_units,1.001220226,1.001220226,5.457983653,"[1.0260347128, 1.0125508308, 0.9736802578, 0.9926149249]","[5.5135555267, 5.4748206139, 5.4083361626, 5.4352221489]","[0.007769756, 0.0137890978, 0.0166577306, 0.0194286443]","[0.0038787371, 0.0053220019, 0.0027984546, 0.0004206009, 0.0007298191, 0.0003484652, 0.0873810649]",0,0.03232789749,raw_action_units,2,96,769564,769564,true
27,train_single_demo,0.03253519597,0.03253519597,raw_action_units,1.001396974,1.001396974,5.458947659,"[1.0263494253, 1.0126791, 0.974090755, 0.9924690127]","[5.514898777, 5.4758315086, 5.4095320702, 5.4355297089]","[0.0040165414, 0.0112623209, 0.0103281597, 0.0141344555]","[0.0035285156, 0.006963938, 0.0063052922, 0.0005553251, 0.0006834199, 0.0002803595, 0.0512307324]",0,0.03253519535,raw_action_units,2,96,769564,769564,true
27,eval_same_demo_teacher_forced,0.03130750234,0.03130750234,raw_action_units,1.000959913,1.000959913,5.457933267,"[1.0250430107, 1.0137535334, 0.9750654101, 0.9899775386]","[5.5129914284, 5.4776091576, 5.4115490913, 5.4295806885]","[0.0076449718, 0.0134810954, 0.016740771, 0.018866891]","[0.0029125877, 0.0049968995, 0.0031177767, 0.0005616062, 0.0011484498, 0.0003512925, 0.0861954018]",0,0.03130750145,raw_action_units,2,96,769564,769564,true
28,train_single_demo,0.03124644483,0.03124644483,raw_action_units,1.000522494,1.000522494,5.456838767,"[1.0237959623, 1.0139666796, 0.975019753, 0.9893077016]","[5.5105032921, 5.4776406288, 5.4113926888, 5.4278168678]","[0.0076228702, 0.0132445479, 0.0180577282, 0.0166459288]","[0.0038198198, 0.0059159654, 0.0060073659, 0.000927051, 0.0007889687, 0.0003620774, 0.0794281289]",0,0.03124644359,raw_action_units,2,96,769564,769564,true
28,eval_same_demo_teacher_forced,0.03093953431,0.03093953431,raw_action_units,0.9985436598,0.9985436598,5.448928515,"[1.0172034502, 1.0148954391, 0.9726409912, 0.9894345403]","[5.4939193726, 5.4741492271, 5.4036369324, 5.4240088463]","[0.0080622472, 0.0127869723, 0.0157783274, 0.0185057726]","[0.0022042689, 0.0056175287, 0.0028828022, 0.0005345566, 0.0007819929, 0.0004051763, 0.0840569735]",0,0.0309395336,raw_action_units,2,96,769564,769564,true
29,train_single_demo,0.0308392259,0.0308392259,raw_action_units,0.9984338482,0.9984338482,5.448346138,"[1.0162318945, 1.0150741339, 0.972422123, 0.9900072217]","[5.4916367531, 5.4740023613, 5.4028334618, 5.4249110222]","[0.0071895458, 0.0113539686, 0.0167070236, 0.015989894]","[0.0038697391, 0.0056142323, 0.0057320637, 0.0007065965, 0.0008462311, 0.0003678545, 0.0725340396]",0,0.03083922466,raw_action_units,2,96,769564,769564,true
29,eval_same_demo_teacher_forced,0.03035579746,0.03035579746,raw_action_units,0.9997152487,0.9997152487,5.450799306,"[1.015231967, 1.0166859627, 0.9727527499, 0.9941903949]","[5.4893746376, 5.4768004417, 5.402741909, 5.434278965]","[0.0080849174, 0.0125370165, 0.0162196569, 0.0180147514]","[0.0025039769, 0.0048339097, 0.0032565175, 0.0003646592, 0.0010949647, 0.0005098925, 0.0834346712]",0,0.03035579551,raw_action_units,2,96,769564,769564,true
30,train_single_demo,0.0307247676,0.0307247676,raw_action_units,1.000160654,1.000160654,5.452112357,"[1.0159444809, 1.0169475079, 0.9733005166, 0.9944503903]","[5.4912219048, 5.4777989388, 5.4041152, 5.435312748]","[0.0035387294, 0.0092603592, 0.0145662576, 0.0172103848]","[0.003047968, 0.0046074218, 0.0036068903, 0.0005626578, 0.00047406, 0.0003964205, 0.0653121099]",0,0.03072476671,raw_action_units,2,96,769564,769564,true
30,eval_same_demo_teacher_forced,0.02926759546,0.02926759546,raw_action_units,1.000224829,1.000224829,5.453161558,"[1.0180233717, 1.0158288479, 0.9751947522, 0.9918522835]","[5.4961009026, 5.4769530296, 5.4086747169, 5.430917263]","[0.0073665921, 0.0122382166, 0.0163654108, 0.0175985079]","[0.0024454754, 0.0043220688, 0.0019505563, 0.0004189962, 0.0006629429, 0.0003258054, 0.0836194232]",0,0.02926759493,raw_action_units,2,96,769564,769564,true
31,train_single_demo,0.02937455227,0.02937455227,raw_action_units,0.9996365309,0.9996365309,5.451618671,"[1.0177007914, 1.0150281191, 0.9751167297, 0.9907007217]","[5.4950523376, 5.4750256538, 5.4082989693, 5.4280967712]","[0.0033735803, 0.0071207359, 0.0070560346, 0.0090918001]","[0.0031795765, 0.0061472561, 0.0044168243, 0.0005709254, 0.0008527723, 0.0004563271, 0.0310000833]",0,0.02937455191,raw_action_units,2,96,769564,769564,true
31,eval_same_demo_teacher_forced,0.02953005706,0.02953005706,raw_action_units,0.9977631966,0.9977631966,5.446218967,"[1.0163625479, 1.0121418238, 0.9741969705, 0.9883515835]","[5.4907670021, 5.4674739838, 5.4054932594, 5.4211401939]","[0.0074859983, 0.0123432027, 0.0157376789, 0.0173711795]","[0.0019904878, 0.0041812677, 0.0023147108, 0.0003523554, 0.0006532133, 0.0004901165, 0.0826594457]",0,0.02953005547,raw_action_units,2,96,769564,769564,true
32,train_single_demo,0.02932842852,0.02932842852,raw_action_units,0.9979465008,0.9979465008,5.446231524,"[1.0162835121, 1.0122898817, 0.9739587307, 0.989253819]","[5.4903106689, 5.4672026634, 5.4046630859, 5.4227499962]","[0.0031416973, 0.0040196083, 0.0050917719, 0.0072587207]","[0.0020961512, 0.0045969514, 0.0036418184, 0.0006366043, 0.0003962395, 0.0003760168, 0.0224018618]",0,0.0293284275,raw_action_units,2,96,769564,769564,true
32,eval_same_demo_teacher_forced,0.02828190848,0.02828190848,raw_action_units,1.000222325,1.000222325,5.451858203,"[1.0173822641, 1.0153098106, 0.9750106335, 0.9931867123]","[5.4939403534, 5.4738650322, 5.4073910713, 5.4322357178]","[0.007346868, 0.0127659785, 0.0158310328, 0.0176947769]","[0.0023507986, 0.0046532447, 0.0017505046, 0.0005592021, 0.0009535623, 0.0003135355, 0.0832867995]",0,0.02828190724,raw_action_units,2,96,769564,769564,true
33,train_single_demo,0.02813731941,0.02813731941,raw_action_units,1.000383377,1.000383377,5.452350299,"[1.0174692869, 1.0154958963, 0.9752605557, 0.9933080077]","[5.4942574501, 5.4744381905, 5.4079971313, 5.432706356]","[0.0026405409, 0.0035946853, 0.0042697624, 0.0053355931]","[0.00212292, 0.0044077039, 0.0029607881, 0.0006295044, 0.0005429355, 0.0004513804, 0.016605787]",0,0.02813731773,raw_action_units,2,96,769564,769564,true
33,eval_same_demo_teacher_forced,0.02806798617,0.02806798617,raw_action_units,1.00123628,1.00123628,5.455962817,"[1.0184372663, 1.0166178942, 0.9768762589, 0.9930139184]","[5.4980902672, 5.4787201881, 5.4127736092, 5.4342665672]","[0.0079632234, 0.0126578361, 0.0159907509, 0.0178365242]","[0.0021697073, 0.0038889181, 0.0016859776, 0.000697347, 0.0005477603, 0.0004567467, 0.0858381316]",0,0.02806798475,raw_action_units,2,96,769564,769564,true
34,train_single_demo,0.02816239124,0.02816239124,raw_action_units,1.001051744,1.001051744,5.455873171,"[1.0184170008, 1.0160936117, 0.9768899083, 0.9928066134]","[5.4983029366, 5.4779601097, 5.4129652977, 5.4342632294]","[0.0117461691, 0.0168389361, 0.0205491912, 0.0201375224]","[0.0025753255, 0.0047607613, 0.0037175212, 0.000891652, 0.0006269168, 0.0003035136, 0.1083499715]",0,0.0281623907,raw_action_units,2,96,769564,769564,true
34,eval_same_demo_teacher_forced,0.02810287351,0.02810287351,raw_action_units,0.9974383116,0.9974383116,5.445568085,"[1.0148941278, 1.0097364187, 0.9750712514, 0.9900514483]","[5.4878058434, 5.4626412392, 5.4068169594, 5.4250063896]","[0.0071961745, 0.0117663639, 0.0157623179, 0.0172998849]","[0.0022434122, 0.0037844472, 0.003408259, 0.0007944835, 0.0007127552, 0.0005656966, 0.0795342401]",0,0.02810287192,raw_action_units,2,96,769564,769564,true
35,train_single_demo,0.02804403007,0.02804403007,raw_action_units,0.9974574844,0.9974574844,5.444846471,"[1.0156395435, 1.0094169378, 0.9749724269, 0.98980093]","[5.4882302284, 5.4612178802, 5.4061012268, 5.4238371849]","[0.0106713073, 0.014435865, 0.0164136086, 0.0169778988]","[0.0026371328, 0.0042400421, 0.0031668406, 0.0008309477, 0.0004111545, 0.0004079244, 0.0906786323]",0,0.02804402936,raw_action_units,2,96,769564,769564,true
35,eval_same_demo_teacher_forced,0.02711138998,0.02711138998,raw_action_units,0.9985846281,0.9985846281,5.443048954,"[1.0191458464, 1.010211587, 0.974635303, 0.9903457761]","[5.4905509949, 5.4580988884, 5.4025626183, 5.420984745]","[0.0068188864, 0.0113116866, 0.0153057789, 0.0164971016]","[0.0017930315, 0.0034896892, 0.0017020629, 0.0005210663, 0.0005664929, 0.0002723786, 0.0790388212]",0,0.02711138839,raw_action_units,2,96,769564,769564,true
36,train_single_demo,0.02702717483,0.02702717483,raw_action_units,0.9991656542,0.9991656542,5.44421943,"[1.0199608803, 1.0109744072, 0.9749776721, 0.9907495379]","[5.4923243523, 5.4594268799, 5.403231144, 5.421895504]","[0.0055247764, 0.0097328862, 0.0121920919, 0.0118528018]","[0.0023701198, 0.003296138, 0.0035415522, 0.0007849413, 0.0004476974, 0.0004198512, 0.0579191707]",0,0.02702717341,raw_action_units,2,96,769564,769564,true
36,eval_same_demo_teacher_forced,0.02804642792,0.02804642792,raw_action_units,1.001038512,1.001038512,5.446660042,"[1.0224074125, 1.0133223534, 0.9752426744, 0.9931815267]","[5.4961762428, 5.4617218971, 5.4024734497, 5.4262681007]","[0.0077716187, 0.0116393603, 0.0152059281, 0.0164130572]","[0.0023002287, 0.0033304535, 0.0016027204, 0.0007800434, 0.0004485135, 0.0003858288, 0.0804546475]",0,0.02804642774,raw_action_units,2,96,769564,769564,true
37,train_single_demo,0.02767417952,0.02767417952,raw_action_units,1.000828187,1.000828187,5.445996602,"[1.0223912001, 1.0128840208, 0.9752774239, 0.9927601814]","[5.4957847595, 5.4606757164, 5.4021477699, 5.4253783226]","[0.0049289656, 0.010583912, 0.0140635027, 0.0168185961]","[0.0022420776, 0.0044267206, 0.0019637321, 0.0007016789, 0.0004215007, 0.0003532132, 0.0710822865]",0,0.02767417757,raw_action_units,2,96,769564,769564,true
37,eval_same_demo_teacher_forced,0.02662414685,0.02662414685,raw_action_units,0.9978580872,0.9978580872,5.438593547,"[1.0208941698, 1.0077924728, 0.9747604728, 0.9879851937]","[5.4903826714, 5.4499287605, 5.3991189003, 5.4149422646]","[0.0072285985, 0.0112767918, 0.0151111549, 0.0164748523]","[0.0017910259, 0.0030933849, 0.0028027024, 0.0006829688, 0.000735279, 0.000479887, 0.0780746937]",0,0.02662414596,raw_action_units,2,96,769564,769564,true
38,train_single_demo,0.02678568351,0.02678568351,raw_action_units,0.9974728028,0.9974728028,5.437909603,"[1.0210454464, 1.0071917772, 0.9748366475, 0.9868173599]","[5.4906096458, 5.4490571022, 5.399368763, 5.4126029015]","[0.0035892341, 0.0080317147, 0.010460279, 0.011815493]","[0.0020567428, 0.0029392836, 0.0024033813, 0.0006244423, 0.0004134144, 0.0006661196, 0.0502158739]",0,0.02678568165,raw_action_units,2,96,769564,769564,true
38,eval_same_demo_teacher_forced,0.02589334423,0.02589334423,raw_action_units,0.9970680078,0.9970680078,5.438742638,"[1.0216232538, 1.0069565773, 0.975954473, 0.9837379456]","[5.4933586121, 5.4506430626, 5.4028968811, 5.4080696106]","[0.0066924789, 0.0113454768, 0.015052624, 0.0159052517]","[0.0017396286, 0.003215014, 0.0012461426, 0.0005788116, 0.0006216677, 0.0004016972, 0.0779397413]",0,0.02589334335,raw_action_units,2,96,769564,769564,true
39,train_single_demo,0.02634337669,0.02634337669,raw_action_units,0.9976677497,0.9976677497,5.440643946,"[1.0220552683, 1.0078697205, 0.9762607217, 0.9844851494]","[5.495194912, 5.4530129433, 5.4039711952, 5.4103960991]","[0.0032565566, 0.010310078, 0.0128915608, 0.0136898821]","[0.0019758113, 0.0030390397, 0.0036039846, 0.000607963, 0.0008223155, 0.000283562, 0.059926454]",0,0.02634337544,raw_action_units,2,96,769564,769564,true
39,eval_same_demo_teacher_forced,0.0258573927,0.0258573927,raw_action_units,0.9993081093,0.9993081093,5.445207755,"[1.0220956802, 1.0098873377, 0.976657927, 0.9885914922]","[5.4974322319, 5.4578132629, 5.4051775932, 5.4204087257]","[0.0080160638, 0.0118831331, 0.0152338408, 0.0165837463]","[0.0021142303, 0.0034052089, 0.0014894564, 0.0005155301, 0.0008563728, 0.0003272603, 0.0817963108]",0,0.02585739181,raw_action_units,2,96,769564,769564,true
40,train_single_demo,0.02562235668,0.02562235668,raw_action_units,0.9991234144,0.9991234144,5.444571813,"[1.0217014551, 1.0095860958, 0.9764328599, 0.9887733459]","[5.4963583946, 5.4569478035, 5.4044647217, 5.4205155373]","[0.0110932663, 0.0106807649, 0.0122637684, 0.0115730697]","[0.0017193445, 0.0028862248, 0.00271623, 0.0007099225, 0.0004678681, 0.0003245991, 0.0709948316]",0,0.0256223558,raw_action_units,2,96,769564,769564,true
40,eval_same_demo_teacher_forced,0.02485898758,0.02485898758,raw_action_units,0.9979490042,0.9979490042,5.439875603,"[1.0209841728, 1.0076377392, 0.9757837653, 0.9873903394]","[5.4919600487, 5.4510617256, 5.4012885094, 5.4151921272]","[0.0066784392, 0.0110855959, 0.0147583894, 0.0157330353]","[0.0018432677, 0.0029155493, 0.0018568034, 0.0004956349, 0.0005872195, 0.0002947885, 0.0764537901]",0,0.02485898705,raw_action_units,2,96,769564,769564,true
41,train_single_demo,0.02504358565,0.02504358565,raw_action_units,0.9977879326,0.9977879326,5.439326286,"[1.021197319, 1.0073956251, 0.9759753346, 0.9865837097]","[5.4919915199, 5.4504771233, 5.4015488625, 5.4132881165]","[0.005075593, 0.0121563477, 0.0136392973, 0.0139509132]","[0.0017947241, 0.0032162077, 0.0022849431, 0.0005960318, 0.0005420606, 0.0002652466, 0.0697395355]",0,0.02504358405,raw_action_units,2,96,769564,769564,true
41,eval_same_demo_teacher_forced,0.02428395549,0.02428395549,raw_action_units,0.9982132514,0.9982132514,5.438193162,"[1.0232201815, 1.0072976351, 0.9767891765, 0.9855461121]","[5.4936537743, 5.4483680725, 5.4016971588, 5.4090538025]","[0.0065966807, 0.0110787852, 0.0143035082, 0.0153089529]","[0.001756481, 0.0027080097, 0.001965916, 0.0004640121, 0.0005259459, 0.0003130515, 0.0750204548]",0,0.02428395478,raw_action_units,2,96,769564,769564,true
42,train_single_demo,0.02414939677,0.02414939677,raw_action_units,0.9983620644,0.9983620644,5.438246568,"[1.0230785608, 1.0072619915, 0.9769387245, 0.9861691594]","[5.4932055473, 5.4479832649, 5.4017028809, 5.410094738]","[0.0043131202, 0.0086598368, 0.0111678718, 0.0122935465]","[0.001788786, 0.0021636058, 0.0027251206, 0.0003942957, 0.0005667754, 0.0002563359, 0.0558652394]",0,0.02414939517,raw_action_units,2,96,769564,769564,true
42,eval_same_demo_teacher_forced,0.02494538824,0.02494538824,raw_action_units,0.9984672864,0.9984672864,5.436106364,"[1.0203171968, 1.006297946, 0.9758847356, 0.9913694263]","[5.4856476784, 5.4433197975, 5.3973507881, 5.4181060791]","[0.0069528501, 0.0111987265, 0.0140830716, 0.0150065869]","[0.0018306109, 0.0026122362, 0.0011725089, 0.0005888487, 0.0005398388, 0.0003020302, 0.0756260902]",0,0.02494538753,raw_action_units,2,96,769564,769564,true
43,train_single_demo,0.02477866908,0.02477866908,raw_action_units,0.9982057611,0.9982057611,5.435082436,"[1.0193902254, 1.0060406923, 0.9756140113, 0.9917783737]","[5.4832644463, 5.4423518181, 5.396376133, 5.4183368683]","[0.0112294806, 0.0107758688, 0.0136104934, 0.0128558362]","[0.0019911628, 0.0026251294, 0.0025489072, 0.0005432161, 0.0003553502, 0.0003021709, 0.0764594898]",0,0.02477866837,raw_action_units,2,96,769564,769564,true
43,eval_same_demo_teacher_forced,0.02396873509,0.02396873509,raw_action_units,0.99693048,0.99693048,5.431405703,"[1.0159481764, 1.0059939623, 0.9747907519, 0.9909889102]","[5.4751372337, 5.4414100647, 5.3943152428, 5.4147586823]","[0.0066576288, 0.0105021847, 0.0139317885, 0.0151606267]","[0.0017689819, 0.002500369, 0.0015874812, 0.0005099328, 0.0005343799, 0.0002503983, 0.0737898499]",0,0.0239687342,raw_action_units,2,96,769564,769564,true
44,train_single_demo,0.02406013881,0.02406013881,raw_action_units,0.9971810182,0.9971810182,5.432441711,"[1.0165883303, 1.0065331459, 0.9754325747, 0.9901698232]","[5.4769015312, 5.4431834221, 5.3960690498, 5.4136128426]","[0.0022594454, 0.0071873195, 0.0097339442, 0.0085585611]","[0.0017997128, 0.002580032, 0.0023611519, 0.0004465589, 0.0003810473, 0.0002517872, 0.0407234356]",0,0.02406013792,raw_action_units,2,96,769564,769564,true
44,eval_same_demo_teacher_forced,0.02378016214,0.02378016214,raw_action_units,0.9974856377,0.9974856377,5.434251626,"[1.0183849335, 1.0073708296, 0.9769117832, 0.9872753024]","[5.481364727, 5.4466176033, 5.400062561, 5.4089617729]","[0.0065614339, 0.010663406, 0.013993226, 0.0147439279]","[0.0019039115, 0.0023466556, 0.0016570055, 0.0004980756, 0.0004197949, 0.0001922405, 0.0734158009]",0,0.02378016143,raw_action_units,2,96,769564,769564,true
45,train_single_demo,0.02355395071,0.02355395071,raw_action_units,0.997504731,0.997504731,5.434158007,"[1.0186616182, 1.0069258213, 0.9767155647, 0.9877158999]","[5.4816932678, 5.4456315041, 5.3994059563, 5.4099011421]","[0.003391559, 0.0087536918, 0.0092859874, 0.0109841563]","[0.0015349983, 0.0026609388, 0.0017044623, 0.0004969297, 0.0002951226, 0.0001830733, 0.0498514064]",0,0.02355395045,raw_action_units,2,96,769564,769564,true
45,eval_same_demo_teacher_forced,0.02301364144,0.02301364144,raw_action_units,0.9975461562,0.9975461562,5.433896383,"[1.018761754, 1.0052776337, 0.9762088656, 0.9899365902]","[5.4816246033, 5.4417710304, 5.3971762657, 5.415014267]","[0.0067818989, 0.0107510425, 0.0139902271, 0.0150267156]","[0.0018926993, 0.0024184482, 0.0010608911, 0.0003780033, 0.0004293634, 0.000173951, 0.0751089379]",0,0.02301364073,raw_action_units,2,96,769564,769564,true
46,train_single_demo,0.02311269846,0.02311269846,raw_action_units,0.9974898895,0.9974898895,5.433567206,"[1.0185518265, 1.0054329634, 0.9760616422, 0.9899132848]","[5.4810700417, 5.4416937828, 5.3967003822, 5.4148025513]","[0.0031149732, 0.0033630172, 0.0064971545, 0.0060519543]","[0.001498321, 0.0015156706, 0.0023514957, 0.0003967648, 0.0003002324, 0.0002402133, 0.0269947257]",0,0.02311269726,raw_action_units,2,96,769564,769564,true
46,eval_same_demo_teacher_forced,0.02265699208,0.02265699208,raw_action_units,0.9977384408,0.9977384408,5.433976173,"[1.0179747343, 1.0072411299, 0.9761087894, 0.9896292686]","[5.4805426598, 5.4445443153, 5.3968677521, 5.4139480591]","[0.0067647193, 0.0107744383, 0.0139334947, 0.0147413341]","[0.0017072847, 0.0026466281, 0.0009627301, 0.0003042152, 0.0003970343, 0.0002271829, 0.0746293962]",0,0.02265699137,raw_action_units,2,96,769564,769564,true
47,train_single_demo,0.02262714691,0.02262714691,raw_action_units,0.9978030125,0.9978030125,5.434042295,"[1.0180892944, 1.0076231956, 0.9761947989, 0.989304781]","[5.4807753563, 5.4451904297, 5.3970451355, 5.4131584167]","[0.0108991144, 0.0102180224, 0.0098826615, 0.0097223679]","[0.0021562795, 0.0022577965, 0.001564547, 0.0004805982, 0.0003212478, 0.0002259043, 0.0642574206]",0,0.02262714647,raw_action_units,2,96,769564,769564,true
47,eval_same_demo_teacher_forced,0.022373156,0.022373156,raw_action_units,0.9975062609,0.9975062609,5.432726542,"[1.0182346106, 1.0074276924, 0.9773167968, 0.9870460629]","[5.4800605774, 5.4446206093, 5.3986506462, 5.4075741768]","[0.0065346905, 0.0107157081, 0.0138069065, 0.0143528963]","[0.0018405402, 0.00249949, 0.0017184922, 0.0004579012, 0.0003508161, 0.0002455265, 0.0723550841]",0,0.02237315476,raw_action_units,2,96,769564,769564,true
48,train_single_demo,0.02250801399,0.02250801399,raw_action_units,0.9972946843,0.9972946843,5.431748708,"[1.0179437399, 1.0068520308, 0.9774391055, 0.9869439602]","[5.4787182808, 5.4430422783, 5.3983025551, 5.4069314003]","[0.0038715166, 0.0068053002, 0.0097768037, 0.0115038501]","[0.0018722118, 0.0019536365, 0.0014133059, 0.00060637, 0.000313432, 0.0001837038, 0.0495829098]",0,0.0225080124,raw_action_units,2,96,769564,769564,true
48,eval_same_demo_teacher_forced,0.021835953,0.021835953,raw_action_units,0.9969354073,0.9969354073,5.429447174,"[1.0176216364, 1.0044462681, 0.978055954, 0.9876177907]","[5.4759478569, 5.4373116493, 5.3976035118, 5.4069252014]","[0.0064293095, 0.0102293985, 0.0132806478, 0.014139872]","[0.0017815209, 0.0023559935, 0.0009058455, 0.0002893778, 0.0003480205, 0.0002341431, 0.0712237433]",0,0.02183595158,raw_action_units,2,96,769564,769564,true
49,train_single_demo,0.02185569393,0.02185569393,raw_action_units,0.9969081481,0.9969081481,5.429300944,"[1.0173307657, 1.0045019388, 0.9780466557, 0.9877533317]","[5.4753570557, 5.4372992516, 5.3975663185, 5.4069800377]","[0.0052913208, 0.0052755787, 0.0099366121, 0.0086230356]","[0.0018804298, 0.0016550939, 0.0013866235, 0.0004199632, 0.000243242, 0.0002698538, 0.0451162495]",0,0.02185569278,raw_action_units,2,96,769564,769564,true
49,eval_same_demo_teacher_forced,0.02215913683,0.02215913683,raw_action_units,0.9979084333,0.9979084333,5.430709203,"[1.0172612667, 1.0066748857, 0.9776077867, 0.9900897145]","[5.4751200676, 5.4404931068, 5.3964085579, 5.4108142853]","[0.0066322046, 0.0105144605, 0.0132120764, 0.0140626319]","[0.0018950101, 0.0021915212, 0.0008584124, 0.0003450176, 0.0003303243, 0.0002471764, 0.0718699321]",0,0.02215913506,raw_action_units,2,96,769564,769564,true
50,train_single_demo,0.02223234562,0.02223234562,raw_action_units,0.9980010589,0.9980010589,5.430565198,"[1.0171822309, 1.0070815086, 0.9774388671, 0.9903017879]","[5.4746246338, 5.4408736229, 5.3958244324, 5.4109368324]","[0.0032146231, 0.0094495276, 0.0086504174, 0.0089911437]","[0.0018355219, 0.0016832791, 0.0015510051, 0.0004728707, 0.0002835794, 0.0001536567, 0.0470550805]",0,0.02223234446,raw_action_units,2,96,769564,769564,true
50,eval_same_demo_teacher_forced,0.02145238842,0.02145238842,raw_action_units,0.9970756372,0.9970756372,5.42736117,"[1.0156363249, 1.0071758032, 0.9768886566, 0.9886017442]","[5.4698905945, 5.439863205, 5.3939852715, 5.4057040215]","[0.0063839019, 0.0100998254, 0.0129233897, 0.013663982]","[0.0018036553, 0.0021487458, 0.0008551231, 0.0002961767, 0.0003797173, 0.0001972124, 0.0696937889]",0,0.02145238717,raw_action_units,2,96,769564,769564,true
51,train_single_demo,0.02198485099,0.02198485099,raw_action_units,0.9968377352,0.9968377352,5.426888943,"[1.015532136, 1.0066487789, 0.9769857526, 0.9881842732]","[5.4695525169, 5.4390277863, 5.3941998482, 5.4047751427]","[0.0022287278, 0.00639555, 0.0063716429, 0.006423166]","[0.0019912552, 0.0019839506, 0.001869957, 0.000353734, 0.0003302424, 0.0002007456, 0.0307535138]",0,0.02198485037,raw_action_units,2,96,769564,769564,true
51,eval_same_demo_teacher_forced,0.02110295619,0.02110295619,raw_action_units,0.9975847801,0.9975847801,5.42891407,"[1.0166181326, 1.0069721937, 0.978428185, 0.9883201718]","[5.4723420143, 5.4405627251, 5.3971381187, 5.4056124687]","[0.0063390322, 0.0100846523, 0.0129745146, 0.0137402564]","[0.0017666322, 0.0020764493, 0.0008654638, 0.0003173218, 0.0003839433, 0.0001757787, 0.0699067041]",0,0.02110295423,raw_action_units,2,96,769564,769564,true
52,train_single_demo,0.02172180079,0.02172180079,raw_action_units,0.9981902043,0.9981902043,5.430579185,"[1.0172075033, 1.0075143576, 0.978785038, 0.989253819]","[5.4742035866, 5.442094326, 5.3980388641, 5.4079794884]","[0.0071090837, 0.006397659, 0.0067564347, 0.0095769363]","[0.0016845423, 0.0016533774, 0.0013757941, 0.0002570009, 0.0004405739, 0.0001650065, 0.0466439016]",0,0.02172180017,raw_action_units,2,96,769564,769564,true
52,eval_same_demo_teacher_forced,0.02135129459,0.02135129459,raw_action_units,0.9991643826,0.9991643826,5.432320277,"[1.018212676, 1.008237958, 0.9783919454, 0.9918149114]","[5.4763832092, 5.4431777, 5.3972220421, 5.4124970436]","[0.0068616867, 0.0104584554, 0.0132958619, 0.014135045]","[0.0019593008, 0.0022120082, 0.0009597475, 0.000339853, 0.0004610943, 0.0001903084, 0.0721920133]",0,0.02135129344,raw_action_units,2,96,769564,769564,true
53,train_single_demo,0.02133857273,0.02133857273,raw_action_units,0.9987261295,0.9987261295,5.430361907,"[1.0179533958, 1.007735014, 0.9777002335, 0.9915161729]","[5.4745726585, 5.4410920143, 5.3951816559, 5.4105992317]","[0.0016665388, 0.0022260712, 0.0029980482, 0.0038542997]","[0.0015243463, 0.0014825198, 0.0013559909, 0.0003411046, 0.0002487868, 0.0001861028, 0.013664823]",0,0.0213385721,raw_action_units,2,96,769564,769564,true
53,eval_same_demo_teacher_forced,0.02124728821,0.02124728821,raw_action_units,0.9974462986,0.9974462986,5.425868034,"[1.0165182352, 1.0074919462, 0.9760497212, 0.9897255898]","[5.4694457054, 5.4387130737, 5.3909878731, 5.4043269157]","[0.0063844579, 0.0100127831, 0.0125619695, 0.0132440776]","[0.0018162535, 0.0020974395, 0.0009041635, 0.0002431231, 0.0003543014, 0.0001685471, 0.0682719201]",0,0.02124728759,raw_action_units,2,96,769564,769564,true
54,train_single_demo,0.0212485753,0.0212485753,raw_action_units,0.9978061914,0.9978061914,5.426415602,"[1.017062068, 1.0081180334, 0.9761486053, 0.9898958802]","[5.4702954292, 5.4397411346, 5.3909282684, 5.4046969414]","[0.0031386402, 0.0077039949, 0.0072894637, 0.0086225439]","[0.0015715933, 0.0014189504, 0.0014441927, 0.0003343886, 0.0003552649, 0.0001943766, 0.0415018536]",0,0.02124857406,raw_action_units,2,96,769564,769564,true
54,eval_same_demo_teacher_forced,0.02025326093,0.02025326093,raw_action_units,0.999386549,0.999386549,5.430179596,"[1.0181753635, 1.0116243362, 0.9778466225, 0.9898999333]","[5.4734368324, 5.4471297264, 5.3944373131, 5.405714035]","[0.0064092875, 0.0098689338, 0.0125062326, 0.0133309187]","[0.0017007029, 0.0019848309, 0.0009275, 0.0002695402, 0.0003129782, 0.0001808266, 0.068325527]",0,0.02025326022,raw_action_units,2,96,769564,769564,true
55,train_single_demo,0.02047801887,0.02047801887,raw_action_units,0.9993456999,0.9993456999,5.430056572,"[1.017972827, 1.0115681887, 0.9778750539, 0.9899666905]","[5.4730210304, 5.4469704628, 5.3945212364, 5.4057121277]","[0.0041180947, 0.0046441597, 0.0071133901, 0.0067348587]","[0.0018492594, 0.0013391398, 0.0017421521, 0.0002985448, 0.0002832673, 0.000185628, 0.0338703915]",0,0.02047801798,raw_action_units,2,96,769564,769564,true
55,eval_same_demo_teacher_forced,0.0204079623,0.0204079623,raw_action_units,1.000062625,1.000062625,5.431630452,"[1.0189743042, 1.0116275549, 0.9778969884, 0.991751492]","[5.4750208855, 5.4471588135, 5.3943810463, 5.4099617004]","[0.0066728131, 0.0098661976, 0.0125640966, 0.0137312198]","[0.0019585059, 0.0019989754, 0.0006739428, 0.0002574571, 0.0003789237, 0.0002217859, 0.0694704726]",0,0.02040796053,raw_action_units,2,96,769564,769564,true
56,train_single_demo,0.0205663424,0.0205663424,raw_action_units,0.9999629656,0.9999629656,5.431192716,"[1.0191720724, 1.0112637281, 0.9776206613, 0.991795361]","[5.4750008583, 5.4461922646, 5.3936095238, 5.4099669456]","[0.0037228137, 0.0039179525, 0.0072297007, 0.0096029555]","[0.0020176168, 0.001431944, 0.0015193628, 0.0002788896, 0.0002727832, 0.0001803528, 0.0371275358]",0,0.02056634107,raw_action_units,2,96,769564,769564,true
56,eval_same_demo_teacher_forced,0.01976827656,0.01976827656,raw_action_units,0.9988791545,0.9988791545,5.427739779,"[1.0191178322, 1.0091228485, 0.9755429626, 0.9917330146]","[5.473092556, 5.4408535957, 5.3891429901, 5.4078688622]","[0.0062885671, 0.0098616751, 0.0123194875, 0.012748979]","[0.0016607209, 0.0020559754, 0.0007895015, 0.0003236511, 0.0003512989, 0.000194114, 0.0667574778]",0,0.01976827568,raw_action_units,2,96,769564,769564,true
57,train_single_demo,0.02029041387,0.02029041387,raw_action_units,0.9985193412,0.9985193412,5.426750501,"[1.0186942816, 1.0088047981, 0.9751663208, 0.9914121628]","[5.4719924927, 5.4399886131, 5.3883852959, 5.4066338539]","[0.004187379, 0.0042122407, 0.0043910802, 0.007465966]","[0.0020833591, 0.0012696998, 0.0014029519, 0.0003790854, 0.0003031051, 0.0002518576, 0.0297591034]",0,0.02029041272,raw_action_units,2,96,769564,769564,true
57,eval_same_demo_teacher_forced,0.01960135003,0.01960135003,raw_action_units,0.9985857805,0.9985857805,5.425953388,"[1.0185178518, 1.0096453428, 0.9744248986, 0.9917550087]","[5.4707832336, 5.4407067299, 5.3862137794, 5.406109333]","[0.0062563787, 0.0097614247, 0.0121004162, 0.0124960234]","[0.0016912287, 0.002030899, 0.0006998659, 0.0002781492, 0.0003425189, 0.0001832173, 0.0658490434]",0,0.01960134932,raw_action_units,2,96,769564,769564,true
58,train_single_demo,0.01945384716,0.01945384716,raw_action_units,0.9987165531,0.9987165531,5.426158905,"[1.0185445547, 1.0098503828, 0.9746233821, 0.9918477535]","[5.4707608223, 5.4411067963, 5.3863663673, 5.4064006805]","[0.003943074, 0.004204513, 0.0084702605, 0.0073800329]","[0.0015717644, 0.0012310415, 0.0015546466, 0.0003496896, 0.0003086391, 0.0002203325, 0.0367601775]",0,0.01945384627,raw_action_units,2,96,769564,769564,true
58,eval_same_demo_teacher_forced,0.02039157972,0.02039157972,raw_action_units,0.9997683764,0.9997683764,5.428378582,"[1.0199927092, 1.0108212233, 0.975468576, 0.992790997]","[5.4735512733, 5.4432082176, 5.3874092102, 5.4093461037]","[0.0064273551, 0.009846868, 0.0123686977, 0.0133416047]","[0.0018220604, 0.0019113651, 0.0006710072, 0.0003077695, 0.0003033464, 0.0002466193, 0.0682107508]",0,0.02039157848,raw_action_units,2,96,769564,769564,true
59,train_single_demo,0.02015414524,0.02015414524,raw_action_units,0.9996055365,0.9996055365,5.42797788,"[1.0200462341, 1.0104917288, 0.9753766656, 0.9925076365]","[5.4734725952, 5.4424786568, 5.387386322, 5.4085731506]","[0.0018222913, 0.0074938475, 0.0071183708, 0.0087145707]","[0.0014045276, 0.0012934423, 0.0009732859, 0.0003034949, 0.0002888395, 0.0002402831, 0.0395070203]",0,0.02015414408,raw_action_units,2,96,769564,769564,true
59,eval_same_demo_teacher_forced,0.01942499603,0.01942499603,raw_action_units,0.9985053142,0.9985053142,5.424735705,"[1.0201891661, 1.0080337524, 0.9741444588, 0.9916538596]","[5.4719099998, 5.4369621277, 5.3851943016, 5.4048762321]","[0.006252022, 0.0096240127, 0.0118202046, 0.0122570023]","[0.0016809356, 0.001871291, 0.0007855454, 0.0002927315, 0.0004455749, 0.0002664791, 0.06457562]",0,0.01942499479,raw_action_units,2,96,769564,769564,true
60,train_single_demo,0.01953845595,0.01953845595,raw_action_units,0.9984414975,0.9984414975,5.424373468,"[1.0203099251, 1.0079851151, 0.9737479687, 0.9917230606]","[5.4717860222, 5.4366607666, 5.3843727112, 5.4046740532]","[0.0060424213, 0.0113658756, 0.0110084368, 0.012246497]","[0.0016321965, 0.0018281623, 0.0013857499, 0.0004175397, 0.0003026104, 0.0003137232, 0.0652806684]",0,0.01953845507,raw_action_units,2,96,769564,769564,true
60,eval_same_demo_teacher_forced,0.01901301245,0.01901301245,raw_action_units,0.9993781249,0.9993781249,5.425675074,"[1.0211071968, 1.0095481873, 0.9725466371, 0.9943106771]","[5.4729580879, 5.4389834404, 5.3815402985, 5.409216404]","[0.006251296, 0.009782997, 0.0118319644, 0.0121472375]","[0.0016361728, 0.0018795962, 0.0005599926, 0.0003253417, 0.0003346638, 0.0002252287, 0.0650626197]",0,0.01901301174,raw_action_units,2,96,769564,769564,true
61,train_single_demo,0.01935827918,0.01935827918,raw_action_units,0.9996240934,0.9996240934,5.426575661,"[1.0208133459, 1.0102643967, 0.972784102, 0.9946343303]","[5.4730739594, 5.4406790733, 5.3822693825, 5.4102787971]","[0.0092566032, 0.0093890214, 0.0096674347, 0.0105733974]","[0.0018689296, 0.0015166816, 0.0014317753, 0.0003796901, 0.0004001913, 0.0002596925, 0.0621943325]",0,0.01935827803,raw_action_units,2,96,769564,769564,true
61,eval_same_demo_teacher_forced,0.01870417595,0.01870417595,raw_action_units,0.9988608758,0.9988608758,5.424735069,"[1.0182017088, 1.0101240873, 0.9733441472, 0.9937736988]","[5.4679703712, 5.4397907257, 5.3827614784, 5.4084172249]","[0.0062989253, 0.0094946017, 0.0118058221, 0.0119889276]","[0.0016810038, 0.0018591107, 0.0005484807, 0.0002344968, 0.000292578, 0.0002256483, 0.0644381642]",0,0.01870417524,raw_action_units,2,96,769564,769564,true
62,train_single_demo,0.01845814226,0.01845814226,raw_action_units,0.998675704,0.998675704,5.424346447,"[1.01795578, 1.009768486, 0.9735981822, 0.9933803082]","[5.467446804, 5.4391498566, 5.3831954002, 5.4075927734]","[0.0068682563, 0.0064691654, 0.0104498146, 0.0112695945]","[0.0018349487, 0.0013953767, 0.0009613585, 0.000288416, 0.0002982308, 0.0002440742, 0.056327045]",0,0.01845814146,raw_action_units,2,96,769564,769564,true
62,eval_same_demo_teacher_forced,0.02000690997,0.02000690997,raw_action_units,0.9974656502,0.9974656502,5.421689351,"[1.0176239014, 1.0078361034, 0.9741004109, 0.9903020263]","[5.4659843445, 5.4357590675, 5.3842906952, 5.4007229805]","[0.0065070745, 0.0097478842, 0.0115849292, 0.0120310932]","[0.0016057437, 0.0018010783, 0.0008584477, 0.0002719674, 0.0004323795, 0.0001782501, 0.0646263435]",0,0.02000690926,raw_action_units,2,96,769564,769564,true
63,train_single_demo,0.01957735978,0.01957735978,raw_action_units,0.9979383945,0.9979383945,5.422497431,"[1.0185776949, 1.0084799528, 0.9742412567, 0.990454495]","[5.4677205086, 5.4369063377, 5.3843979836, 5.4009642601]","[0.0030260654, 0.0069400631, 0.0104550989, 0.0087945787]","[0.0016019788, 0.001557964, 0.0011826215, 0.00032652, 0.0002797654, 0.0002130202, 0.0459657907]",0,0.01957735845,raw_action_units,2,96,769564,769564,true
63,eval_same_demo_teacher_forced,0.01878403686,0.01878403686,raw_action_units,1.000564694,1.000564694,5.427210808,"[1.0223115683, 1.012842536, 0.9737952352, 0.9933094978]","[5.4749913216, 5.4442939758, 5.3831505775, 5.4064059258]","[0.0062587671, 0.0095736636, 0.011496081, 0.0118139675]","[0.0015804367, 0.0018699109, 0.0006989369, 0.0002272863, 0.0003051743, 0.0002268525, 0.0635907426]",0,0.01878403624,raw_action_units,2,96,769564,769564,true
64,train_single_demo,0.01933855253,0.01933855253,raw_action_units,1.000759443,1.000759443,5.427219391,"[1.0222934484, 1.0134919882, 0.9734242558, 0.9938279986]","[5.4746565819, 5.4448475838, 5.3822684288, 5.4071030617]","[0.0023264722, 0.0035409273, 0.0045267493, 0.0078926655]","[0.0014588255, 0.0014281417, 0.0013671966, 0.0003294828, 0.0003069021, 0.0001952038, 0.0269161705]",0,0.01933855173,raw_action_units,2,96,769564,769564,true
64,eval_same_demo_teacher_forced,0.01834235527,0.01834235527,raw_action_units,0.9985913436,0.9985913436,5.422671477,"[1.0179809332, 1.0129985809, 0.9723856449, 0.9910001755]","[5.465862751, 5.4425005913, 5.3809762001, 5.4013457298]","[0.0061570853, 0.0093456618, 0.011452592, 0.0115927011]","[0.0015281081, 0.0019080903, 0.0006500098, 0.0002933965, 0.0002851099, 0.0001550226, 0.0626393333]",0,0.01834235447,raw_action_units,2,96,769564,769564,true
65,train_single_demo,0.01949982097,0.01949982097,raw_action_units,0.9979548454,0.9979548454,5.422105471,"[1.0170525312, 1.0122599602, 0.9725401998, 0.989966929]","[5.464650631, 5.4418869019, 5.3818817139, 5.4000029564]","[0.0095171779, 0.0082662227, 0.0100981416, 0.0111956103]","[0.0019573129, 0.0012388165, 0.0012776605, 0.000309569, 0.0002585781, 0.0002179736, 0.0631250963]",0,0.0194998199,raw_action_units,2,96,769564,769564,true
65,eval_same_demo_teacher_forced,0.01797457412,0.01797457412,raw_action_units,0.9984116554,0.9984116554,5.423936526,"[1.0190275908, 1.0117484331, 0.9749304652, 0.9879402518]","[5.4686069489, 5.4425315857, 5.3860039711, 5.3986029625]","[0.0061193299, 0.0093467887, 0.0113701625, 0.0115147568]","[0.0017952364, 0.0018272592, 0.0006460034, 0.0004118056, 0.0002886403, 0.000214374, 0.061930988]",0,0.01797457323,raw_action_units,2,96,769564,769564,true
66,train_single_demo,0.01904978976,0.01904978976,raw_action_units,0.9991966089,0.9991966089,5.425634861,"[1.0202823877, 1.0120741129, 0.9757812619, 0.9886487126]","[5.4712157249, 5.4434952736, 5.3874087334, 5.4004187584]","[0.0014798053, 0.0057776496, 0.008930604, 0.0084588202]","[0.0019128666, 0.0014004015, 0.0010387833, 0.0003845143, 0.000306969, 0.0001912305, 0.0378972702]",0,0.01904978922,raw_action_units,2,96,769564,769564,true
66,eval_same_demo_teacher_forced,0.01847358731,0.01847358731,raw_action_units,1.001288096,1.001288096,5.427839279,"[1.0227776766, 1.0127322674, 0.9777632356, 0.9918792248]","[5.4747080803, 5.4429583549, 5.3896813393, 5.4040102959]","[0.0062058619, 0.0093389563, 0.0112112807, 0.0113282846]","[0.0014799224, 0.00174725, 0.0008622876, 0.0002233756, 0.0003860279, 0.0002176968, 0.0617311113]",0,0.01847358687,raw_action_units,2,96,769564,769564,true
67,train_single_demo,0.01823518798,0.01823518798,raw_action_units,1.000877937,1.000877937,5.426555951,"[1.0217810869, 1.0123538971, 0.9773842692, 0.9919922352]","[5.4724860191, 5.441596508, 5.3889198303, 5.4032225609]","[0.0067197625, 0.0097210873, 0.0101712318, 0.0090127597]","[0.0023195024, 0.0014488985, 0.0015708548, 0.0005188801, 0.0004049701, 0.0003096727, 0.0557706915]",0,0.01823518745,raw_action_units,2,96,769564,769564,true
67,eval_same_demo_teacher_forced,0.02063918176,0.02063918176,raw_action_units,0.9983059963,0.9983059963,5.420804024,"[1.0162643194, 1.0109399557, 0.9752829671, 0.9907367826]","[5.4612522125, 5.4377059937, 5.3856463432, 5.3986105919]","[0.0062216204, 0.0092974743, 0.011538445, 0.0115972646]","[0.0018345321, 0.0017799755, 0.0006671676, 0.0003240439, 0.0003401579, 0.0001706863, 0.0625293404]",0,0.02063918114,raw_action_units,2,96,769564,769564,true
68,train_single_demo,0.01981571068,0.01981571068,raw_action_units,0.9983094335,0.9983094335,5.421100299,"[1.0164605379, 1.010950923, 0.9752964377, 0.990529716]","[5.4617686272, 5.4381866455, 5.3856577873, 5.3987884521]","[0.0057960153, 0.0057240035, 0.0088353418, 0.0084931394]","[0.0015732186, 0.0014719848, 0.0018820559, 0.0004831599, 0.0004265784, 0.0002522077, 0.0443956703]",0,0.01981571033,raw_action_units,2,96,769564,769564,true
68,eval_same_demo_teacher_forced,0.02118200126,0.02118200126,raw_action_units,1.001428723,1.001428723,5.428474744,"[1.0217689276, 1.0137346983, 0.9769441485, 0.9932671189]","[5.4730949402, 5.4453644753, 5.387866497, 5.4075722694]","[0.0066429083, 0.0095060337, 0.0117109837, 0.0129539119]","[0.0025208422, 0.0016894647, 0.0009572249, 0.0004288779, 0.0005234321, 0.0002300324, 0.065074347]",0,0.02118200064,raw_action_units,2,96,769564,769564,true
69,train_single_demo,0.02281257076,0.02281257076,raw_action_units,1.002013206,1.002013206,5.428949674,"[1.0228767395, 1.0139709711, 0.9773204923, 0.9938845634]","[5.4744648933, 5.4451785088, 5.3880257607, 5.4081306458]","[0.0063347928, 0.0076231542, 0.0124640437, 0.0124496669]","[0.0029717162, 0.0016148975, 0.0011447858, 0.0003804717, 0.0003999413, 0.0001846806, 0.0613289028]",0,0.02281256943,raw_action_units,2,96,769564,769564,true
69,eval_same_demo_teacher_forced,0.01891647652,0.01891647652,raw_action_units,0.9998741547,0.9998741547,5.422476133,"[1.0200092793, 1.0103411674, 0.9790950418, 0.9900512695]","[5.4663271904, 5.436466217, 5.3906760216, 5.3964347839]","[0.0064220862, 0.0092823505, 0.0108816428, 0.0112274289]","[0.0020569763, 0.0016348953, 0.001253008, 0.0006060504, 0.000646967, 0.0004623147, 0.0595134236]",0,0.01891647563,raw_action_units,2,96,769564,769564,true
70,train_single_demo,0.02260515839,0.02260515839,raw_action_units,0.999069949,0.999069949,5.421161175,"[1.0183187723, 1.0098627806, 0.9788708687, 0.9892271161]","[5.4634094238, 5.4358482361, 5.3908019066, 5.3945846558]","[0.0053666062, 0.0087480964, 0.0101904264, 0.0139605207]","[0.0043945513, 0.0013402671, 0.0017590622, 0.0006321532, 0.0004118747, 0.0003242109, 0.0581027679]",0,0.02260515803,raw_action_units,2,96,769564,769564,true
70,eval_same_demo_teacher_forced,0.017767728,0.017767728,raw_action_units,0.9993640582,0.9993640582,5.42067035,"[1.0174030066, 1.0114156008, 0.9777557254, 0.9908816814]","[5.4611163139, 5.4373145103, 5.3869948387, 5.3972549438]","[0.0059682257, 0.0089143347, 0.0106753483, 0.0106999865]","[0.0015419432, 0.0016294195, 0.0006427905, 0.0002549345, 0.000496397, 0.0002150547, 0.0586707741]",0,0.01776772738,raw_action_units,2,96,769564,769564,true
71,train_single_demo,0.01900252762,0.01900252762,raw_action_units,1.000213345,1.000213345,5.422931035,"[1.0184432268, 1.0126017332, 0.9777495861, 0.992058754]","[5.4639625549, 5.4400706291, 5.3871750832, 5.40051651]","[0.0053076558, 0.0072638164, 0.0096739829, 0.0095142126]","[0.0033750853, 0.0015964255, 0.0022498926, 0.0007317515, 0.0009103013, 0.0005107126, 0.0462052487]",0,0.01900252629,raw_action_units,2,96,769564,769564,true
71,eval_same_demo_teacher_forced,0.02353719746,0.02353719746,raw_action_units,1.003125747,1.003125747,5.428221067,"[1.0221135616, 1.0171000957, 0.9807426333, 0.9925465584]","[5.4713129997, 5.4471259117, 5.3914151192, 5.4030303955]","[0.0070467894, 0.0104381591, 0.0117051862, 0.0129566668]","[0.0024232841, 0.0018432451, 0.0009830706, 0.0003544872, 0.0004434183, 0.0002318658, 0.0674775243]",0,0.02353719586,raw_action_units,2,96,769564,769564,true
72,train_single_demo,0.02102912838,0.02102912838,raw_action_units,1.002757947,1.002757947,5.426738262,"[1.0216661692, 1.0169745684, 0.9817203879, 0.990670979]","[5.4694876671, 5.4458565712, 5.3927664757, 5.3988437653]","[0.0035939158, 0.0039845468, 0.0049080225, 0.0062191915]","[0.0015271194, 0.0011788172, 0.0012122447, 0.0002912489, 0.0003718408, 0.0003701857, 0.0277834758]",0,0.0210291275,raw_action_units,2,96,769564,769564,true
72,eval_same_demo_teacher_forced,0.02306009643,0.02306009643,raw_action_units,1.000032981,1.000032981,5.417223295,"[1.0176128149, 1.0155543089, 0.9843139648, 0.9826507568]","[5.4564189911, 5.4379563332, 5.3960261345, 5.3784918785]","[0.0072152405, 0.0106057459, 0.0119130099, 0.012572214]","[0.0027499173, 0.0019332236, 0.0024985424, 0.0006646574, 0.001137813, 0.0007197391, 0.0643319711]",0,0.02306009474,raw_action_units,2,96,769564,769564,true
73,train_single_demo,0.02269436605,0.02269436605,raw_action_units,1.000066638,1.000066638,5.417224248,"[1.0173169374, 1.0157996416, 0.9843121171, 0.982837975]","[5.4558768272, 5.4383101463, 5.395960331, 5.3787479401]","[0.0091212038, 0.008179809, 0.0075353999, 0.0110588809]","[0.0023471625, 0.0012373227, 0.0017105561, 0.0005195381, 0.0005680676, 0.0003541148, 0.0560799986]",0,0.02269436419,raw_action_units,2,96,769564,769564,true
73,eval_same_demo_teacher_forced,0.01684206786,0.01684206786,raw_action_units,1.002108574,1.002108574,5.422019164,"[1.0180965662, 1.0184231997, 0.985147655, 0.9867667556]","[5.4591598511, 5.4443206787, 5.3970394135, 5.387556076]","[0.0059479657, 0.0087641329, 0.0103482557, 0.0103301322]","[0.0014453535, 0.0016995906, 0.0006299104, 0.0002458624, 0.0003704398, 0.0002754254, 0.0572667606]",0,0.01684206724,raw_action_units,2,96,769564,769564,true
74,train_single_demo,0.01907659136,0.01907659136,raw_action_units,1.002711972,1.002711972,5.424500465,"[1.0182994604, 1.0187811852, 0.9857137203, 0.9880536199]","[5.4612431526, 5.446536541, 5.3986949921, 5.3915266991]","[0.0027932955, 0.0078303181, 0.0103666652, 0.0141509548]","[0.0021427805, 0.0019449176, 0.0022177529, 0.0006532741, 0.000845672, 0.000658433, 0.0530343242]",0,0.01907659074,raw_action_units,2,96,769564,769564,true
74,eval_same_demo_teacher_forced,0.0203523195,0.0203523195,raw_action_units,1.003603299,1.003603299,5.425034205,"[1.0179790258, 1.0184426308, 0.9866173863, 0.9913743138]","[5.4599914551, 5.4442925453, 5.3985171318, 5.3973350525]","[0.0068442016, 0.009666401, 0.0109871821, 0.0122317066]","[0.0021765174, 0.001855546, 0.0010125317, 0.0003028573, 0.0004104237, 0.0001697627, 0.0635989681]",0,0.02035231817,raw_action_units,2,96,769564,769564,true
75,train_single_demo,0.01972575362,0.01972575362,raw_action_units,1.002757827,1.002757827,5.422376315,"[1.016772151, 1.0177108049, 0.9865450263, 0.990003407]","[5.4564957619, 5.4416313171, 5.3978018761, 5.3935761452]","[0.0045022215, 0.0086616967, 0.0077397344, 0.0071416795]","[0.0015446282, 0.0012381561, 0.0012031761, 0.0003868548, 0.0003992477, 0.0002850028, 0.0440222658]",0,0.01972575344,raw_action_units,2,96,769564,769564,true
75,eval_same_demo_teacher_forced,0.02000975919,0.02000975919,raw_action_units,1.000198603,1.000198603,5.4134353,"[1.0143718719, 1.0165009499, 0.9864656925, 0.9834558964]","[5.446577549, 5.4345207214, 5.3955407143, 5.377102375]","[0.0064578434, 0.0095437458, 0.0108743319, 0.0114674456]","[0.0015778304, 0.0017149835, 0.0016760494, 0.0006521085, 0.0009251739, 0.000697856, 0.0598568879]",0,0.02000975893,raw_action_units,2,96,769564,769564,true
76,train_single_demo,0.01945492936,0.01945492936,raw_action_units,1.000372171,1.000372171,5.4136192,"[1.0151650906, 1.017037034, 0.9864894748, 0.9827970862]","[5.4477343559, 5.4353709221, 5.3953948021, 5.3759765625]","[0.0046952111, 0.0078613069, 0.0080582369, 0.0074077868]","[0.0017070449, 0.0016355474, 0.0020957603, 0.0003548136, 0.0005564292, 0.000298218, 0.042391628]",0,0.01945492909,raw_action_units,2,96,769564,769564,true
76,eval_same_demo_teacher_forced,0.01722000105,0.01722000105,raw_action_units,1.002917369,1.002917369,5.417568366,"[1.0198348761, 1.0211241245, 0.98549366, 0.985216856]","[5.4554824829, 5.4416828156, 5.3920340538, 5.381072998]","[0.0059879366, 0.0088660354, 0.0100949658, 0.0101268338]","[0.0014499755, 0.0016001561, 0.0006774968, 0.000332328, 0.0002505565, 0.0002484473, 0.0568236373]",0,0.01722000043,raw_action_units,2,96,769564,769564,true
77,train_single_demo,0.0179563053,0.0179563053,raw_action_units,1.003138383,1.003138383,5.417980512,"[1.0199071169, 1.0213822126, 0.9848952889, 0.9863687158]","[5.4556984901, 5.4420580864, 5.3909049034, 5.3832607269]","[0.0044825426, 0.005469216, 0.0058018751, 0.0065520327]","[0.0017862498, 0.0014572535, 0.0012596381, 0.0004493161, 0.0004342229, 0.0004438638, 0.033204373]",0,0.01795630441,raw_action_units,2,96,769564,769564,true
77,eval_same_demo_teacher_forced,0.01744596288,0.01744596288,raw_action_units,1.002466321,1.002466321,5.417094231,"[1.0170836449, 1.0209678411, 0.9828746915, 0.9889391065]","[5.4511713982, 5.4413132668, 5.3879446983, 5.3879470825]","[0.0061127297, 0.0089353183, 0.0100103198, 0.010307881]","[0.0014920511, 0.0016322316, 0.0008553952, 0.0004316221, 0.0005492292, 0.000368483, 0.0565619171]",0,0.01744596234,raw_action_units,2,96,769564,769564,true
78,train_single_demo,0.01683653146,0.01683653146,raw_action_units,1.001957178,1.001957178,5.416388512,"[1.016479373, 1.0200643539, 0.9830355644, 0.9882493615]","[5.4501991272, 5.4400315285, 5.388671875, 5.3866505623]","[0.0068201995, 0.008608182, 0.0071453061, 0.0062708012]","[0.0015650266, 0.001354996, 0.001102819, 0.000236698, 0.000282176, 0.0004366647, 0.0454994738]",0,0.0168365304,raw_action_units,2,96,769564,769564,true
78,eval_same_demo_teacher_forced,0.01998265833,0.01998265833,raw_action_units,0.9997953971,0.9997953971,5.414759318,"[1.0138441324, 1.0162415504, 0.9851853251, 0.9839105606]","[5.447031498, 5.4367899895, 5.3956818581, 5.3795342445]","[0.0060561448, 0.0089054275, 0.0100746341, 0.0102238851]","[0.0016192474, 0.0015925756, 0.0007567243, 0.0002527127, 0.0004643437, 0.0004149635, 0.0566045903]",0,0.01998265797,raw_action_units,2,96,769564,769564,true
79,train_single_demo,0.01921932399,0.01921932399,raw_action_units,1.000209649,1.000209649,5.415784836,"[1.0147668123, 1.0161925554, 0.9856573939, 0.9842218757]","[5.4489312172, 5.4372496605, 5.3965334892, 5.3804244995]","[0.0029054207, 0.0080562467, 0.0093828393, 0.0092841834]","[0.002512855, 0.0013371459, 0.0013803331, 0.0003474952, 0.0004945646, 0.0004497919, 0.0453280173]",0,0.01921932328,raw_action_units,2,96,769564,769564,true
79,eval_same_demo_teacher_forced,0.01670848951,0.01670848951,raw_action_units,1.003329277,1.003329277,5.421140671,"[1.0205835104, 1.0177301168, 0.9863964915, 0.9886068702]","[5.4591231346, 5.4400405884, 5.3958187103, 5.3895783424]","[0.0062044915, 0.0087704789, 0.0099855559, 0.010141545]","[0.0015385152, 0.0016004402, 0.0006448389, 0.0002872049, 0.0003009005, 0.0002982975, 0.0567584224]",0,0.01670848898,raw_action_units,2,96,769564,769564,true
80,train_single_demo,0.01792876174,0.01792876174,raw_action_units,1.003550609,1.003550609,5.421277523,"[1.0207607746, 1.0180555582, 0.9858406186, 0.9895455837]","[5.4591917992, 5.4401202202, 5.3944277763, 5.3913712502]","[0.0073711849, 0.0104523273, 0.0095760515, 0.0077678873]","[0.0017251684, 0.0013653877, 0.0008446285, 0.0002463162, 0.0003300427, 0.0003155543, 0.0567159355]",0,0.01792876068,raw_action_units,2,96,769564,769564,true
80,eval_same_demo_teacher_forced,0.01685153569,0.01685153569,raw_action_units,1.002234538,1.002234538,5.415194829,"[1.0177087784, 1.0191086531, 0.9824593663, 0.9896612167]","[5.4496898651, 5.4366226196, 5.3858947754, 5.3885703087]","[0.0060682185, 0.0087842271, 0.0097404988, 0.0098511893]","[0.0018038236, 0.0016639261, 0.0010890344, 0.0004256723, 0.0005642022, 0.0004620434, 0.0542685278]",0,0.01685153445,raw_action_units,2,96,769564,769564,true
81,train_single_demo,0.01722892871,0.01722892871,raw_action_units,1.001637439,1.001637439,5.414044698,"[1.0164877176, 1.0188307762, 0.9825689197, 0.9886625409]","[5.4474768639, 5.4359641075, 5.3862819672, 5.3864555359]","[0.0094040623, 0.009684803, 0.0096829804, 0.0090254871]","[0.0014971307, 0.001290267, 0.0011471503, 0.0003552086, 0.0003060226, 0.0003100174, 0.0612395406]",0,0.01722892764,raw_action_units,2,96,769564,769564,true
81,eval_same_demo_teacher_forced,0.01754744103,0.01754744103,raw_action_units,1.001368165,1.001368165,5.413120747,"[1.01664114, 1.0175663233, 0.9846367836, 0.9866283536]","[5.4474663734, 5.4336638451, 5.390247345, 5.3811058998]","[0.0062152892, 0.0090673221, 0.0098230885, 0.0095447376]","[0.0015084617, 0.0015611866, 0.0007693454, 0.0002979922, 0.0003677412, 0.0003033422, 0.0558301955]",0,0.01754744067,raw_action_units,2,96,769564,769564,true
82,train_single_demo,0.01720474691,0.01720474691,raw_action_units,1.002099514,1.002099514,5.415214856,"[1.0181301832, 1.0172981024, 0.985624969, 0.987344563]","[5.4509758949, 5.4344749451, 5.3922505379, 5.3831572533]","[0.0022984252, 0.0059794732, 0.006878918, 0.005139261]","[0.0014226381, 0.0010515886, 0.0015707059, 0.0002564837, 0.0005130356, 0.0003755699, 0.0303281099]",0,0.0172047466,raw_action_units,2,96,769564,769564,true
82,eval_same_demo_teacher_forced,0.01682437335,0.01682437335,raw_action_units,1.004861355,1.004861355,5.422938347,"[1.022567749, 1.017429471, 0.9871528745, 0.9922952652]","[5.4619650841, 5.4389281273, 5.3957686424, 5.3950915337]","[0.0060199108, 0.0087263603, 0.0094367974, 0.0098447502]","[0.0015848352, 0.0014760593, 0.0008525388, 0.0002392571, 0.0003095829, 0.0003676989, 0.0547187068]",0,0.01682437247,raw_action_units,2,96,769564,769564,true
83,train_single_demo,0.01674303102,0.01674303102,raw_action_units,1.004391233,1.004391233,5.421841621,"[1.0215557814, 1.0173951387, 0.9862568974, 0.9923570752]","[5.4596953392, 5.438595295, 5.3940868378, 5.3949885368]","[0.004885749, 0.0063444315, 0.0069637806, 0.0077145868]","[0.0012428997, 0.0011149879, 0.0012755335, 0.0003147361, 0.0005995018, 0.0002235029, 0.0405687951]",0,0.01674303058,raw_action_units,2,96,769564,769564,true
83,eval_same_demo_teacher_forced,0.01564738092,0.01564738092,raw_action_units,1.002032916,1.002032916,5.417215506,"[1.0165935755, 1.0173040628, 0.9835138321, 0.9907202721]","[5.4497160912, 5.4376316071, 5.3896217346, 5.3918933868]","[0.0058357152, 0.0084380833, 0.00932498, 0.0093295695]","[0.0016745821, 0.0015579396, 0.000970802, 0.000386126, 0.0006780201, 0.0002064124, 0.0521507151]",0,0.01564738012,raw_action_units,2,96,769564,769564,true
84,train_single_demo,0.0154633997,0.0154633997,raw_action_units,1.001856645,1.001856645,5.417097092,"[1.0163289309, 1.0171511173, 0.9837767482, 0.990169704]","[5.4494786263, 5.4374785423, 5.3903412819, 5.3910889626]","[0.0059955125, 0.0049449946, 0.0048977197, 0.0052763862]","[0.0017748958, 0.0011758333, 0.0009583381, 0.0002729197, 0.0004192707, 0.0002936901, 0.0320556238]",0,0.01546339904,raw_action_units,2,96,769564,769564,true
84,eval_same_demo_teacher_forced,0.01628258638,0.01628258638,raw_action_units,1.001074831,1.001074831,5.416972796,"[1.0153431892, 1.015812397, 0.9862299562, 0.986913383]","[5.4492931366, 5.436422348, 5.3966765404, 5.3854994774]","[0.0057526282, 0.0084617855, 0.0091093211, 0.0090814997]","[0.0013588405, 0.0014609479, 0.0012289173, 0.0002202195, 0.0004991574, 0.0001923405, 0.0517487265]",0,0.01628258541,raw_action_units,2,96,769564,769564,true
85,train_single_demo,0.01630859201,0.01630859201,raw_action_units,1.001326084,1.001326084,5.417322477,"[1.0156110525, 1.0155279636, 0.9865917563, 0.9875734448]","[5.4497923851, 5.4359474182, 5.3971467018, 5.3864035606]","[0.0027962362, 0.0059152474, 0.0090234503, 0.0107434541]","[0.0019630927, 0.0013170032, 0.0011987094, 0.0002990529, 0.0005814578, 0.000179542, 0.044298321]",0,0.01630859077,raw_action_units,2,96,769564,769564,true
85,eval_same_demo_teacher_forced,0.01532692711,0.01532692711,raw_action_units,1.003679117,1.003679117,5.421855132,"[1.0194882154, 1.0146967173, 0.9883262515, 0.9922053218]","[5.4574179649, 5.4356307983, 5.3990254402, 5.395345211]","[0.0058396929, 0.0084518678, 0.009156608, 0.0091145849]","[0.0014214395, 0.0014379038, 0.0007160113, 0.0002553916, 0.0005448329, 0.0001689049, 0.0524403341]",0,0.0153269264,raw_action_units,2,96,769564,769564,true
86,train_single_demo,0.0154129484,0.0154129484,raw_action_units,1.00372537,1.00372537,5.421608607,"[1.0194767714, 1.0149194002, 0.9880533218, 0.9924521446]","[5.4569396973, 5.435690403, 5.3981347084, 5.3956699371]","[0.0016898309, 0.0019295154, 0.0024570674, 0.0045941886]","[0.0013700236, 0.0012454195, 0.0011774988, 0.0002406922, 0.0002598878, 0.0001976229, 0.0141824083]",0,0.01541294761,raw_action_units,2,96,769564,769564,true
86,eval_same_demo_teacher_forced,0.01606423842,0.01606423842,raw_action_units,1.00383238,1.00383238,5.420387268,"[1.0184584856, 1.0179821253, 0.9856652617, 0.9932233691]","[5.4532279968, 5.4386920929, 5.3929138184, 5.3967146873]","[0.0057121473, 0.0084084766, 0.0091971066, 0.0094986754]","[0.001505232, 0.0014258005, 0.0007580239, 0.0002479277, 0.0004514995, 0.0001607397, 0.0528794825]",0,0.01606423798,raw_action_units,2,96,769564,769564,true
87,train_single_demo,0.01550980502,0.01550980502,raw_action_units,1.003536344,1.003536344,5.41958189,"[1.0177488327, 1.0186243057, 0.9854522347, 0.9923200011]","[5.4515948296, 5.439186573, 5.3926138878, 5.3949303627]","[0.0014818584, 0.0023129098, 0.0044227452, 0.0042951452]","[0.0015018383, 0.001177463, 0.0008749967, 0.000174981, 0.0003245893, 0.0001892339, 0.0176540501]",0,0.01550980409,raw_action_units,2,96,769564,769564,true
87,eval_same_demo_teacher_forced,0.01603068908,0.01603068908,raw_action_units,1.001324932,1.001324932,5.414771716,"[1.0134458542, 1.0201101303, 0.9849214554, 0.9868221283]","[5.4426894188, 5.4397544861, 5.39285326, 5.3837890625]","[0.005708823, 0.0082443673, 0.0087887896, 0.0089176688]","[0.0013387954, 0.0016607955, 0.001045703, 0.000243993, 0.0002457016, 0.0001644773, 0.0507049151]",0,0.01603068837,raw_action_units,2,96,769564,769564,true
88,train_single_demo,0.01615330546,0.01615330546,raw_action_units,1.001286109,1.001286109,5.415026347,"[1.0137673616, 1.0196589231, 0.9854176641, 0.9863006473]","[5.4434909821, 5.4394745827, 5.3939170837, 5.3832221031]","[0.002295221, 0.0063758977, 0.0047982302, 0.0040684515]","[0.0013027753, 0.0009967791, 0.001173349, 0.0003473834, 0.0002905632, 0.000167557, 0.0264127422]",0,0.01615330435,raw_action_units,2,96,769564,769564,true
88,eval_same_demo_teacher_forced,0.01456022325,0.01456022325,raw_action_units,1.00223426,1.00223426,5.418350538,"[1.0163925886, 1.0176210403, 0.9876732826, 0.9872501493]","[5.4497337341, 5.4386229515, 5.3979315758, 5.3871130943]","[0.0059118182, 0.0082157338, 0.0086471457, 0.0083745299]","[0.0014759861, 0.001416345, 0.0008353172, 0.0002172103, 0.0002642493, 0.0002180685, 0.0500839688]",0,0.01456022263,raw_action_units,2,96,769564,769564,true
89,train_single_demo,0.01476619734,0.01476619734,raw_action_units,1.00248762,1.00248762,5.418965658,"[1.0167255402, 1.017326951, 0.9879880548, 0.9879097939]","[5.4505553246, 5.4384269714, 5.3982548714, 5.3886246681]","[0.0014867388, 0.0021342896, 0.004289024, 0.0043178038]","[0.0013119015, 0.0013506142, 0.0009658527, 0.0001861646, 0.0002060106, 0.0002077647, 0.0171704385]",0,0.01476619641,raw_action_units,2,96,769564,769564,true
89,eval_same_demo_teacher_forced,0.01551201815,0.01551201815,raw_action_units,1.003504197,1.003504197,5.420822461,"[1.0175249577, 1.0165772438, 0.9881075025, 0.9918069839]","[5.4525203705, 5.4376864433, 5.39767313, 5.3954086304]","[0.005799843, 0.008190047, 0.0087478487, 0.0090612499]","[0.001399125, 0.001420919, 0.0008826907, 0.0003160775, 0.0002822299, 0.0001537463, 0.0511934347]",0,0.01551201727,raw_action_units,2,96,769564,769564,true
90,train_single_demo,0.01515786458,0.01515786458,raw_action_units,1.003286481,1.003286481,5.420072556,"[1.0170739889, 1.0165104866, 0.9879758358, 0.9915856719]","[5.4514274597, 5.4371318817, 5.3974289894, 5.3943023682]","[0.0011070712, 0.0013021919, 0.0013029649, 0.0015820833]","[0.0017019726, 0.0008901998, 0.0012059674, 0.0002046414, 0.0002293906, 0.0001457429, 0.0048871292]",0,0.01515786421,raw_action_units,2,96,769564,769564,true
90,eval_same_demo_teacher_forced,0.01487392994,0.01487392994,raw_action_units,1.002153794,1.002153794,5.416973909,"[1.015963912, 1.0164664984, 0.9872447848, 0.9889400005]","[5.4485297203, 5.4355893135, 5.3966083527, 5.3871688843]","[0.005538201, 0.0077998317, 0.0084696254, 0.0082153967]","[0.0013749329, 0.001440133, 0.0008614564, 0.0001996253, 0.0002721715, 0.0001385442, 0.0482534803]",0,0.01487392968,raw_action_units,2,96,769564,769564,true
91,train_single_demo,0.01486344806,0.01486344806,raw_action_units,1.002122323,1.002122323,5.416997274,"[1.0164397955, 1.0165166855, 0.9871971011, 0.9883356094]","[5.4494156837, 5.4357581139, 5.3965401649, 5.3862748146]","[0.001680642, 0.0018593213, 0.0019747466, 0.0036246404]","[0.0012671415, 0.0009067827, 0.001148545, 0.000253385, 0.0002151019, 0.0001626089, 0.0120402975]",0,0.01486344777,raw_action_units,2,96,769564,769564,true
91,eval_same_demo_teacher_forced,0.01407049658,0.01407049658,raw_action_units,1.002602895,1.002602895,5.418376128,"[1.0188338757, 1.0172771215, 0.9875192642, 0.9867814183]","[5.4539227486, 5.4375777245, 5.3965950012, 5.3854079247]","[0.0055544605, 0.0078454232, 0.0082960026, 0.0080031613]","[0.0012658729, 0.0013922602, 0.0008475739, 0.0001677075, 0.0002487087, 0.0001273111, 0.0479238965]",0,0.01407049596,raw_action_units,2,96,769564,769564,true
92,train_single_demo,0.01410946747,0.01410946747,raw_action_units,1.00265185,1.00265185,5.418684006,"[1.0186665058, 1.0174332857, 0.9876057506, 0.9869019389]","[5.4538211823, 5.438056469, 5.3967785835, 5.3860793114]","[0.0081300316, 0.0065662619, 0.0063554146, 0.0066499505]","[0.0013637691, 0.0010079119, 0.0010339848, 0.0002273711, 0.0003246111, 0.0001569339, 0.0443633199]",0,0.01410946676,raw_action_units,2,96,769564,769564,true
92,eval_same_demo_teacher_forced,0.01439501159,0.01439501159,raw_action_units,1.002599637,1.002599637,5.41784509,"[1.0172575712, 1.0175145864, 0.9876596332, 0.9879668355]","[5.4503884315, 5.4372329712, 5.3959059715, 5.3878531456]","[0.0055477154, 0.0076741925, 0.0083362702, 0.0082051493]","[0.0013325899, 0.0013367133, 0.0010730149, 0.0002257061, 0.0003445973, 0.000148883, 0.0476243161]",0,0.01439501061,raw_action_units,2,96,769564,769564,true
93,train_single_demo,0.01421710538,0.01421710538,raw_action_units,1.002485394,1.002485394,5.41745472,"[1.016958952, 1.0174502134, 0.9876981378, 0.9878345132]","[5.4497008324, 5.4368815422, 5.3960309029, 5.3872056007]","[0.0033084825, 0.0059759915, 0.0056559071, 0.0065950132]","[0.0010910892, 0.0012300521, 0.0008438195, 0.0002238754, 0.0002150546, 0.0001775282, 0.0339055173]",0,0.01421710494,raw_action_units,2,96,769564,769564,true
93,eval_same_demo_teacher_forced,0.01414933428,0.01414933428,raw_action_units,1.00219961,1.00219961,5.417696476,"[1.0158120394, 1.0168167353, 0.9884966016, 0.9876731038]","[5.4487609863, 5.4366774559, 5.399292469, 5.3860549927]","[0.0054737632, 0.0075762258, 0.0080501083, 0.0078579234]","[0.0013025984, 0.0013027699, 0.0007458739, 0.0001729825, 0.0002482056, 0.0001420421, 0.0467620641]",0,0.01414933375,raw_action_units,2,96,769564,769564,true
94,train_single_demo,0.01418270978,0.01418270978,raw_action_units,1.00244689,1.00244689,5.418617249,"[1.0163793564, 1.0168455839, 0.9888491631, 0.9877137542]","[5.4503111839, 5.4373226166, 5.4002614021, 5.386572361]","[0.0021911629, 0.0033161119, 0.0037846866, 0.0050006676]","[0.001544908, 0.0009963831, 0.0009556196, 0.000149334, 0.0003001892, 0.0001424626, 0.0209232047]",0,0.01418270916,raw_action_units,2,96,769564,769564,true
94,eval_same_demo_teacher_forced,0.01367696313,0.01367696313,raw_action_units,1.002551794,1.002551794,5.42095391,"[1.0178767443, 1.0162739754, 0.9890005589, 0.9870557785]","[5.4551692009, 5.4387125969, 5.402162075, 5.3877711296]","[0.0055941786, 0.0075401566, 0.0079771383, 0.0076216361]","[0.0012468881, 0.0012332145, 0.0008581601, 0.0001605915, 0.0002752898, 0.0001594129, 0.0463493764]",0,0.01367696197,raw_action_units,2,96,769564,769564,true
95,train_single_demo,0.01380748147,0.01380748147,raw_action_units,1.002447446,1.002447446,5.420676867,"[1.0179450512, 1.0162740946, 0.988617897, 0.9869527817]","[5.4550909996, 5.4385523796, 5.4013175964, 5.3877463341]","[0.002114445, 0.0033581045, 0.0055612605, 0.0047653285]","[0.0014176415, 0.0010336718, 0.0012441372, 0.000235003, 0.0002864434, 0.0002291722, 0.0232024193]",0,0.01380748089,raw_action_units,2,96,769564,769564,true
95,eval_same_demo_teacher_forced,0.01375737227,0.01375737227,raw_action_units,1.00124526,1.00124526,5.418138822,"[1.0154691935, 1.0169788599, 0.9872028828, 0.985329926]","[5.4498429298, 5.4389081001, 5.3987078667, 5.3850975037]","[0.0055101183, 0.0074575208, 0.0079876799, 0.0078071342]","[0.0015043369, 0.0013403097, 0.0009484835, 0.0002321331, 0.0002520799, 0.0002250941, 0.0458318554]",0,0.01375737148,raw_action_units,2,96,769564,769564,true
96,train_single_demo,0.01382478947,0.01382478947,raw_action_units,1.001364787,1.001364787,5.418290138,"[1.0150851011, 1.0175070763, 0.9875259995, 0.9853412509]","[5.449151516, 5.4397315979, 5.3992686272, 5.3850073814]","[0.0064990199, 0.0063157384, 0.007114165, 0.0047770222]","[0.001322481, 0.0009146416, 0.0010255735, 0.0001928905, 0.0002344091, 0.0001821753, 0.0393632352]",0,0.01382478859,raw_action_units,2,96,769564,769564,true
96,eval_same_demo_teacher_forced,0.01329845811,0.01329845811,raw_action_units,1.002377113,1.002377113,5.419082642,"[1.0161284208, 1.0190345049, 0.9888341427, 0.985511601]","[5.450073719, 5.4414520264, 5.4006638527, 5.3841414452]","[0.0054245796, 0.0073653986, 0.0077931606, 0.0073734839]","[0.0012595706, 0.001309374, 0.0007289075, 0.0002087206, 0.0002468207, 0.000163923, 0.0450067669]",0,0.01329845758,raw_action_units,2,96,769564,769564,true
97,train_single_demo,0.0133224527,0.0133224527,raw_action_units,1.002655745,1.002655745,5.419435024,"[1.0168969631, 1.0189932585, 0.989109993, 0.9856228828]","[5.451277256, 5.4413313866, 5.4009242058, 5.3842048645]","[0.0017191266, 0.0026676394, 0.0045980536, 0.0054196883]","[0.0009423189, 0.0011087506, 0.0007677914, 0.0001393113, 0.0002648013, 0.0001706639, 0.0218142495]",0,0.01332245199,raw_action_units,2,96,769564,769564,true
97,eval_same_demo_teacher_forced,0.01357083147,0.01357083147,raw_action_units,1.003177325,1.003177325,5.420268059,"[1.0194690228, 1.0184534788, 0.9890819192, 0.98570472]","[5.4557299614, 5.4404587746, 5.4005274773, 5.3843550682]","[0.0053829555, 0.0073132827, 0.0076076905, 0.0073503852]","[0.0012923441, 0.0013786444, 0.0008916847, 0.0001494565, 0.0002317691, 0.0001334216, 0.0443177335]",0,0.01357083094,raw_action_units,2,96,769564,769564,true
98,train_single_demo,0.01394231431,0.01394231431,raw_action_units,1.002693137,1.002693137,5.419329961,"[1.018781662, 1.0183522701, 0.9885324836, 0.9851061702]","[5.4543628693, 5.440094471, 5.3996639252, 5.3831977844]","[0.0030538272, 0.0028376521, 0.0036743644, 0.0053358474]","[0.0012092189, 0.0010229143, 0.0006596039, 0.0001396919, 0.0002033263, 0.0001514896, 0.0226917118]",0,0.01394231405,raw_action_units,2,96,769564,769564,true
98,eval_same_demo_teacher_forced,0.01304872644,0.01304872644,raw_action_units,1.002321084,1.002321084,5.420934359,"[1.0173741579, 1.0193196535, 0.9887003899, 0.9838903546]","[5.4542508125, 5.4439430237, 5.4018726349, 5.3836708069]","[0.0054122726, 0.0072199744, 0.0074913707, 0.0071441378]","[0.001256932, 0.0013121567, 0.0007654126, 0.0001405512, 0.0002319133, 0.0001285438, 0.0438830592]",0,0.01304872547,raw_action_units,2,96,769564,769564,true
99,train_single_demo,0.01369533874,0.01369533874,raw_action_units,1.002619267,1.002619267,5.422210058,"[1.0174890757, 1.0197125673, 0.989323616, 0.9839516282]","[5.4552741051, 5.4454426765, 5.4034423828, 5.3846793175]","[0.0060365978, 0.0049110833, 0.0058878534, 0.0060402676]","[0.0016050556, 0.0010618094, 0.0008164116, 0.0001639966, 0.0002371801, 0.000149602, 0.0359985977]",0,0.0136953383,raw_action_units,2,96,769564,769564,true
99,eval_same_demo_teacher_forced,0.01335507507,0.01335507507,raw_action_units,1.001928886,1.001928886,5.422795773,"[1.0155235529, 1.0192260742, 0.9908449054, 0.9821211696]","[5.4535737038, 5.4468178749, 5.4083428383, 5.3824481964]","[0.0054188701, 0.0071655717, 0.0074351523, 0.0071677226]","[0.0013242438, 0.0013297283, 0.000801137, 0.0001546003, 0.0002144482, 0.0001489211, 0.0436047204]",0,0.01335507418,raw_action_units,2,96,769564,769564,true
100,train_single_demo,0.01351978009,0.01351978009,raw_action_units,1.001830022,1.001830022,5.422768911,"[1.0154893398, 1.0187939405, 0.9908685684, 0.9821683764]","[5.4536995888, 5.446308136, 5.4085917473, 5.3824763298]","[0.006191107, 0.0081450175, 0.0087233717, 0.0072132382]","[0.0015234537, 0.0009746505, 0.0013035204, 0.0001750946, 0.000223033, 0.0002174166, 0.0485601164]",0,0.01351977956,raw_action_units,2,96,769564,769564,true
100,eval_same_demo_teacher_forced,0.01345627569,0.01345627569,raw_action_units,1.001165072,1.001165072,5.420025826,"[1.0163613558, 1.0167626143, 0.9899562001, 0.9815802574]","[5.453608036, 5.4411530495, 5.406144619, 5.3791975975]","[0.0053956676, 0.0071434211, 0.0073100515, 0.0070124031]","[0.0012290796, 0.0012773583, 0.0009153969, 0.0001484894, 0.0002101397, 0.0001669508, 0.0430602841]",0,0.01345627507,raw_action_units,2,96,769564,769564,true
101,train_single_demo,0.01324435137,0.01324435137,raw_action_units,1.001228074,1.001228074,5.419492404,"[1.016921401, 1.0167568922, 0.9897865653, 0.9814475179]","[5.4539465904, 5.4403672218, 5.4051990509, 5.3784565926]","[0.0021034367, 0.0026082555, 0.0021726941, 0.0024509558]","[0.0010427525, 0.0012879731, 0.0009305202, 0.0001557523, 0.0002146163, 0.0001152054, 0.0125900274]",0,0.01324435075,raw_action_units,2,96,769564,769564,true
101,eval_same_demo_teacher_forced,0.01477374136,0.01477374136,raw_action_units,1.002920866,1.002920866,5.421334585,"[1.0211052895, 1.0174314976, 0.9895731807, 0.9835734367]","[5.4603905678, 5.4398226738, 5.4026389122, 5.3824868202]","[0.0052990988, 0.0070405803, 0.0072748978, 0.0068842]","[0.0012098552, 0.0012806087, 0.0008152153, 0.0001670842, 0.0002153272, 0.0001476426, 0.0425371267]",0,0.01477374065,raw_action_units,2,96,769564,769564,true
102,train_single_demo,0.01466981834,0.01466981834,raw_action_units,1.002798279,1.002798279,5.420927684,"[1.0207278728, 1.0175167322, 0.9897029996, 0.9832456708]","[5.4594721794, 5.4397163391, 5.4027342796, 5.3817877769]","[0.0036245349, 0.0029299262, 0.0020482044, 0.0017000636]","[0.00106669, 0.0007046901, 0.000883246, 0.0002085015, 0.0002473485, 0.0001903299, 0.014728968]",0,0.01466981818,raw_action_units,2,96,769564,769564,true
102,eval_same_demo_teacher_forced,0.01253792333,0.01253792333,raw_action_units,1.002087633,1.002087633,5.419555982,"[1.0182648897, 1.0177620649, 0.9898896217, 0.9824337959]","[5.4548516273, 5.4401564598, 5.4032177925, 5.3799972534]","[0.005278653, 0.0068793041, 0.0070584677, 0.0066593294]","[0.0011752696, 0.0013274113, 0.0008083581, 0.0001211192, 0.0002187331, 0.0001480562, 0.041483622]",0,0.01253792289,raw_action_units,2,96,769564,769564,true
103,train_single_demo,0.01340813252,0.01340813252,raw_action_units,1.001739144,1.001739144,5.419124603,"[1.0174242258, 1.0177236795, 0.9898417592, 0.9819669724]","[5.4534945488, 5.4404187202, 5.4035210609, 5.3790626526]","[0.0042475634, 0.004679563, 0.0046119764, 0.0048163841]","[0.0012202554, 0.0009745951, 0.0008020215, 0.0001761535, 0.0002121306, 0.0001680535, 0.0285688918]",0,0.01340813154,raw_action_units,2,96,769564,769564,true
103,eval_same_demo_teacher_forced,0.01264213833,0.01264213833,raw_action_units,1.002431432,1.002431432,5.422827085,"[1.0177623034, 1.0186834335, 0.9908642769, 0.9824154377]","[5.4569087029, 5.4455528259, 5.4069886208, 5.3818573952]","[0.0053945179, 0.0071388879, 0.0070589813, 0.0067716651]","[0.0012195251, 0.0013792469, 0.0011694039, 0.0002159584, 0.0002285792, 0.0001495022, 0.0417748801]",0,0.01264213806,raw_action_units,2,96,769564,769564,true
104,train_single_demo,0.0129682788,0.0129682788,raw_action_units,1.002571384,1.002571384,5.423591614,"[1.0180798769, 1.0185885429, 0.9910784364, 0.9825388789]","[5.4580597878, 5.4460067749, 5.4076294899, 5.382668972]","[0.0027296487, 0.0026548614, 0.0027042378, 0.0032634635]","[0.0012091649, 0.0010028336, 0.001153502, 0.0001860937, 0.0002330797, 0.0001849003, 0.0158967953]",0,0.01296827836,raw_action_units,2,96,769564,769564,true
104,eval_same_demo_teacher_forced,0.01245513,0.01245513,raw_action_units,1.001968781,1.001968781,5.422787031,"[1.0162119865, 1.0182131529, 0.9909276962, 0.9825223088]","[5.4551258087, 5.4451332092, 5.4079666138, 5.3829212189]","[0.0053110421, 0.0069964211, 0.0069938488, 0.006796761]","[0.0013434762, 0.001364454, 0.0008450217, 0.0001490951, 0.0001910747, 0.0001362819, 0.0416422226]",0,0.01245512991,raw_action_units,2,96,769564,769564,true
105,train_single_demo,0.01275764157,0.01275764157,raw_action_units,1.001637618,1.001637618,5.421303749,"[1.0153551102, 1.0182214975, 0.9908473492, 0.982126534]","[5.4526176453, 5.4439406395, 5.4073376656, 5.3813195229]","[0.0020164766, 0.0037761526, 0.0041608759, 0.0040144012]","[0.0008934618, 0.0011200383, 0.0011192464, 0.0001274505, 0.0002519217, 0.0002200672, 0.0207116492]",0,0.01275764122,raw_action_units,2,96,769564,769564,true
105,eval_same_demo_teacher_forced,0.01304316521,0.01304316521,raw_action_units,1.001213312,1.001213312,5.421332518,"[1.0147269964, 1.0179260969, 0.9916116595, 0.9805886149]","[5.4521727562, 5.4441885948, 5.4103512764, 5.3786177635]","[0.0051862947, 0.0067930887, 0.0068070423, 0.0065840348]","[0.0011801054, 0.0012578985, 0.0008615526, 0.0001273958, 0.0002833555, 0.0001734226, 0.0405145697]",0,0.0130431645,raw_action_units,2,96,769564,769564,true
106,train_single_demo,0.01270223657,0.01270223657,raw_action_units,1.001752694,1.001752694,5.422712326,"[1.0158091784, 1.0182908773, 0.9921548367, 0.980756104]","[5.454574585, 5.4454388618, 5.4115166664, 5.3793182373]","[0.0042291735, 0.0069988207, 0.0070208688, 0.004873679]","[0.001007854, 0.0009599654, 0.0007999109, 0.0001459018, 0.0002901745, 0.000113986, 0.037146654]",0,0.01270223586,raw_action_units,2,96,769564,769564,true
106,eval_same_demo_teacher_forced,0.01374459639,0.01374459639,raw_action_units,1.004395008,1.004395008,5.427722136,"[1.0205138922, 1.0203627348, 0.9937779307, 0.9829253554]","[5.4634995461, 5.4498667717, 5.4132857323, 5.3842368126]","[0.0053356015, 0.0072374861, 0.0071350816, 0.0071033542]","[0.0012197262, 0.0013259932, 0.0009039086, 0.0001419231, 0.0002167274, 0.0001543462, 0.0429575406]",0,0.0137445955,raw_action_units,2,96,769564,769564,true
107,train_single_demo,0.01351440822,0.01351440822,raw_action_units,1.004308621,1.004308621,5.426648299,"[1.0199888945, 1.0208353996, 0.9935252666, 0.9828850627]","[5.4615426064, 5.4495239258, 5.4120864868, 5.3834385872]","[0.0032272087, 0.0045430101, 0.0051350631, 0.0048887767]","[0.0012172546, 0.0011078417, 0.0010853552, 0.0001720667, 0.0002777992, 0.0002201115, 0.0270591695]",0,0.01351440733,raw_action_units,2,96,769564,769564,true
107,eval_same_demo_teacher_forced,0.01260017666,0.01260017666,raw_action_units,1.002240618,1.002240618,5.420116107,"[1.0154186487, 1.0219796896, 0.9915615916, 0.9800024033]","[5.4500656128, 5.4473648071, 5.4073662758, 5.3756661415]","[0.0054464391, 0.0069237915, 0.0066178297, 0.0064447126]","[0.0011514513, 0.0012202798, 0.0011286294, 0.0001548723, 0.0003224676, 0.0001107675, 0.0404188819]",0,0.01260017639,raw_action_units,2,96,769564,769564,true
108,train_single_demo,0.01272963981,0.01272963981,raw_action_units,1.002029538,1.002029538,5.420016448,"[1.0151890516, 1.0218635798, 0.9914657474, 0.9795999527]","[5.4499740601, 5.4473595619, 5.4075279236, 5.3752036095]","[0.0081907604, 0.0072542899, 0.0061282082, 0.0055881501]","[0.001062509, 0.0010956555, 0.0010361442, 0.0001912242, 0.0002119539, 0.0001393641, 0.0437956154]",0,0.0127296391,raw_action_units,2,96,769564,769564,true
108,eval_same_demo_teacher_forced,0.01202228355,0.01202228355,raw_action_units,1.002609809,1.002609809,5.424057007,"[1.0174593925, 1.0214012861, 0.9920556545, 0.9795231223]","[5.4574775696, 5.4502100945, 5.4108772278, 5.3776626587]","[0.0051641222, 0.006616082, 0.0064883027, 0.0063104718]","[0.0011366735, 0.0012730471, 0.0013243594, 0.0001241524, 0.0002255505, 0.0001328977, 0.0387965329]",0,0.01202228311,raw_action_units,2,96,769564,769564,true
109,train_single_demo,0.01197875881,0.01197875881,raw_action_units,1.002774398,1.002774398,5.424680392,"[1.0182367563, 1.0209661722, 0.9920951724, 0.9797995687]","[5.4592251778, 5.4500389099, 5.411011219, 5.3784461021]","[0.0032112573, 0.0028941731, 0.0038180307, 0.0052494588]","[0.001438904, 0.0010574904, 0.0009555405, 0.0001507721, 0.0002947086, 0.000150183, 0.0225050095]",0,0.01197875859,raw_action_units,2,96,769564,769564,true
109,eval_same_demo_teacher_forced,0.01278317533,0.01278317533,raw_action_units,1.003250798,1.003250798,5.427305063,"[1.0202578306, 1.0194855928, 0.9908818603, 0.982378006]","[5.4646263123, 5.4499373436, 5.4097275734, 5.3849277496]","[0.0054634805, 0.0072096386, 0.0065193735, 0.006438395]","[0.0011276812, 0.0012303201, 0.0009075881, 0.0001732874, 0.0003022036, 0.0001629897, 0.0409499817]",0,0.01278317471,raw_action_units,2,96,769564,769564,true
110,train_single_demo,0.01263905627,0.01263905627,raw_action_units,1.002708753,1.002708753,5.426177979,"[1.0194650888, 1.0193709135, 0.9902237058, 0.9817755222]","[5.4629058838, 5.4494152069, 5.4086685181, 5.3837218285]","[0.0046018697, 0.0056290268, 0.0069738408, 0.0070415256]","[0.0010870902, 0.0009768952, 0.0009639699, 0.0001885295, 0.0002317356, 0.0001616748, 0.0388210602]",0,0.01263905565,raw_action_units,2,96,769564,769564,true
110,eval_same_demo_teacher_forced,0.01195060151,0.01195060151,raw_action_units,1.000945767,1.000945767,5.421571414,"[1.01717031, 1.0199509859, 0.9882103801, 0.978451252]","[5.4567742348, 5.4478945732, 5.4049859047, 5.3766303062]","[0.0051000086, 0.0066731493, 0.0062687011, 0.0059973099]","[0.001489078, 0.0013068694, 0.0010022615, 0.0001331893, 0.0002179563, 9.20298e-05, 0.0378271602]",0,0.01195060071,raw_action_units,2,96,769564,769564,true
111,train_single_demo,0.01195658185,0.01195658185,raw_action_units,1.001024524,1.001024524,5.421879292,"[1.0174754858, 1.0201905966, 0.9884395599, 0.9779925346]","[5.4575614929, 5.448495388, 5.4054908752, 5.3759684563]","[0.0058210972, 0.0048463377, 0.0046408288, 0.0049453829]","[0.0010969219, 0.000964836, 0.0010257867, 0.0001304307, 0.0002945525, 0.0001422129, 0.0317891426]",0,0.0119565814,raw_action_units,2,96,769564,769564,true
111,eval_same_demo_teacher_forced,0.01166192504,0.01166192504,raw_action_units,1.00218002,1.00218002,5.425233841,"[1.020247817, 1.0210314989, 0.9917538762, 0.9756868482]","[5.4640769958, 5.4517936707, 5.4119820595, 5.3730816841]","[0.0051030125, 0.0065146014, 0.0062159658, 0.0059522036]","[0.0011361291, 0.0012254793, 0.0009851077, 0.0001678732, 0.0003942282, 0.0001059058, 0.037610393]",0,0.01166192442,raw_action_units,2,96,769564,769564,true
112,train_single_demo,0.01187806359,0.01187806359,raw_action_units,1.002478162,1.002478162,5.42580541,"[1.0205199718, 1.0209952593, 0.9923357964, 0.976061523]","[5.4646553993, 5.4519386292, 5.4129624367, 5.3736653328]","[0.0033506101, 0.0039800503, 0.0057565388, 0.0065702568]","[0.0013509266, 0.0013290824, 0.0008233986, 0.0002434711, 0.0003009479, 0.0001074164, 0.0302453041]",0,0.01187806293,raw_action_units,2,96,769564,769564,true
112,eval_same_demo_teacher_forced,0.01152429233,0.01152429233,raw_action_units,1.003168782,1.003168782,5.427515348,"[1.0190643072, 1.0206669569, 0.9938631058, 0.9790807366]","[5.4629974365, 5.45236063, 5.4162945747, 5.378408432]","[0.0050812406, 0.0063982457, 0.0060519823, 0.0057483702]","[0.001249368, 0.0012636533, 0.0008792442, 0.0001665197, 0.0001922596, 0.000165341, 0.0368233323]",0,0.01152429198,raw_action_units,2,96,769564,769564,true
113,train_single_demo,0.01172572778,0.01172572778,raw_action_units,1.003046672,1.003046672,5.42748642,"[1.0184555054, 1.0204942226, 0.9937916398, 0.9794448018]","[5.4621391296, 5.4522781372, 5.4164161682, 5.3791103363]","[0.0029167663, 0.0044370494, 0.0026627306, 0.0018580151]","[0.0012517857, 0.0009703184, 0.0009371403, 0.0002466676, 0.0003472059, 0.0002490993, 0.0167782661]",0,0.01172572711,raw_action_units,2,96,769564,769564,true
113,eval_same_demo_teacher_forced,0.01154720224,0.01154720224,raw_action_units,1.002924919,1.002924919,5.427244186,"[1.0164016485, 1.0216964483, 0.9926341176, 0.9809674621]","[5.4586472511, 5.4537215233, 5.4143433571, 5.3822631836]","[0.0052457768, 0.0064521711, 0.0060559832, 0.0056667882]","[0.0012420906, 0.0015855295, 0.000913688, 0.0001959017, 0.0003133292, 0.000137104, 0.0365986116]",0,0.0115472018,raw_action_units,2,96,769564,769564,true
114,train_single_demo,0.01164766525,0.01164766525,raw_action_units,1.002759139,1.002759139,5.42675511,"[1.0163782835, 1.0219292641, 0.9926054478, 0.9801234603]","[5.4583072662, 5.4537863731, 5.4140853882, 5.3808407784]","[0.0011944297, 0.002286569, 0.0031937882, 0.0031479681]","[0.0012867007, 0.0013812693, 0.000806729, 0.0001736772, 0.000178047, 0.0001142734, 0.0132491225]",0,0.0116476649,raw_action_units,2,96,769564,769564,true
114,eval_same_demo_teacher_forced,0.01155846318,0.01155846318,raw_action_units,1.002175093,1.002175093,5.425417105,"[1.0184515715, 1.021284461, 0.9934344888, 0.9755299687]","[5.4610314369, 5.4525809288, 5.4147515297, 5.3733043671]","[0.0050748629, 0.0062135924, 0.0060065002, 0.0055548833]","[0.0013290263, 0.001230042, 0.0009269717, 0.0004178433, 0.0002196334, 0.0001928835, 0.0356708206]",0,0.01155846247,raw_action_units,2,96,769564,769564,true
115,train_single_demo,0.01180785118,0.01180785118,raw_action_units,1.001998107,1.001998107,5.42516772,"[1.0184656382, 1.0209528208, 0.9935696125, 0.9750044346]","[5.4610934258, 5.4521946907, 5.4151425362, 5.3722395897]","[0.0013774656, 0.0023871535, 0.0045612501, 0.0060148598]","[0.0010231003, 0.0011763929, 0.0008012319, 0.0002751507, 0.0003354074, 0.0002858939, 0.0211990979]",0,0.01180785078,raw_action_units,2,96,769564,769564,true
115,eval_same_demo_teacher_forced,0.01116807448,0.01116807448,raw_action_units,1.002865314,1.002865314,5.428590616,"[1.0187356472, 1.021517396, 0.9957523346, 0.9754555821]","[5.464214325, 5.4556603432, 5.4208598137, 5.373626709]","[0.0049969172, 0.0060863025, 0.0057162046, 0.0055489787]","[0.0011965061, 0.0012966325, 0.0009593753, 0.0001150671, 0.0002779514, 0.0001036114, 0.0351605602]",0,0.01116807439,raw_action_units,2,96,769564,769564,true
116,train_single_demo,0.01121791421,0.01121791421,raw_action_units,1.00302283,1.00302283,5.429251989,"[1.0181732178, 1.0218052864, 0.9959260821, 0.9761867523]","[5.4637928009, 5.4565262794, 5.4216265678, 5.3750605583]","[0.0022332135, 0.0025887412, 0.0027363545, 0.0027130928]","[0.0012198801, 0.001034395, 0.0014384686, 0.0002802027, 0.0002565187, 0.0001902675, 0.0135552185]",0,0.01121791381,raw_action_units,2,96,769564,769564,true
116,eval_same_demo_teacher_forced,0.0121841828,0.0121841828,raw_action_units,1.004456838,1.004456838,5.432810465,"[1.0185410976, 1.0225855112, 0.9963937402, 0.9803068638]","[5.4663767815, 5.4588317871, 5.4228100777, 5.3832230568]","[0.0053241048, 0.0065826117, 0.0064518582, 0.0063984864]","[0.0012496468, 0.0014779005, 0.0015163583, 0.0003380761, 0.0002186899, 0.0002110531, 0.0383131318]",0,0.0121841828,raw_action_units,2,96,769564,769564,true
117,train_single_demo,0.0119940117,0.0119940117,raw_action_units,1.004208485,1.004208485,5.431864421,"[1.0186228752, 1.0220794678, 0.9962334037, 0.9798980355]","[5.4658169746, 5.4574313164, 5.4221229553, 5.3820858002]","[0.002393421, 0.0047882558, 0.0043160468, 0.0058045234]","[0.0010804705, 0.0012133614, 0.0013509495, 0.000157023, 0.0002940678, 0.0001400875, 0.026042968]",0,0.01199401135,raw_action_units,2,96,769564,769564,true
117,eval_same_demo_teacher_forced,0.01171323347,0.01171323347,raw_action_units,1.001949787,1.001949787,5.426591396,"[1.0173329115, 1.0192461014, 0.9957506061, 0.975469768]","[5.461168766, 5.4512276649, 5.4208893776, 5.3730788231]","[0.0050263782, 0.0060572084, 0.0057277358, 0.005571669]","[0.0011061617, 0.0011630043, 0.0011002584, 0.0002003245, 0.0002934235, 0.0001465127, 0.0351605453]",0,0.01171323302,raw_action_units,2,96,769564,769564,true
118,train_single_demo,0.0117185864,0.0117185864,raw_action_units,1.00202624,1.00202624,5.426984469,"[1.0173953772, 1.0195497274, 0.9960725904, 0.9750872254]","[5.461537838, 5.4520373344, 5.421652317, 5.3727092743]","[0.0049126837, 0.0034335137, 0.0029617676, 0.0035911568]","[0.0014034476, 0.0012257762, 0.0009653529, 0.000241287, 0.0003407068, 0.0001682945, 0.0217285976]",0,0.01171858573,raw_action_units,2,96,769564,769564,true
118,eval_same_demo_teacher_forced,0.01111863243,0.01111863243,raw_action_units,1.002565145,1.002565145,5.429615974,"[1.0155781507, 1.0222202539, 0.9977078438, 0.9747542739]","[5.4602560997, 5.4584765434, 5.4261364937, 5.3735961914]","[0.0048948186, 0.0059257564, 0.0055519119, 0.0054592895]","[0.0010843237, 0.0012359991, 0.0009521163, 0.0001932871, 0.0003088568, 0.0001635218, 0.0342675038]",0,0.01111863163,raw_action_units,2,96,769564,769564,true
119,train_single_demo,0.01115888885,0.01115888885,raw_action_units,1.002987623,1.002987623,5.430525621,"[1.0153471231, 1.0229444504, 0.9978919625, 0.9757669568]","[5.460149765, 5.4599266052, 5.4265122414, 5.3755135536]","[0.0053569493, 0.0033024519, 0.0030548153, 0.0036129544]","[0.0013728635, 0.0008486141, 0.0013732027, 0.0001614975, 0.0002896765, 0.000323473, 0.0224532187]",0,0.01115888818,raw_action_units,2,96,769564,769564,true
119,eval_same_demo_teacher_forced,0.01104222176,0.01104222176,raw_action_units,1.003968358,1.003968358,5.431252162,"[1.0145999193, 1.0237179995, 0.9969552159, 0.9806003571]","[5.4581604004, 5.4604110718, 5.4233260155, 5.3831119537]","[0.004842889, 0.0059781652, 0.00545826, 0.0054246061]","[0.0010665837, 0.0011905575, 0.0011249763, 0.0001774327, 0.0003361269, 0.0001437369, 0.0339424424]",0,0.01104222096,raw_action_units,2,96,769564,769564,true
120,train_single_demo,0.01130304517,0.01130304517,raw_action_units,1.003586729,1.003586729,5.429784139,"[1.0144515038, 1.0229955912, 0.9963548779, 0.9805449843]","[5.4569892883, 5.4583096504, 5.4215798378, 5.3822555542]","[0.002170637, 0.0040369499, 0.0041440804, 0.0053419168]","[0.0009180779, 0.0011075306, 0.0012257633, 0.0001912179, 0.0003026197, 0.0001103128, 0.0236082505]",0,0.0113030445,raw_action_units,2,96,769564,769564,true
120,eval_same_demo_teacher_forced,0.01073183057,0.01073183057,raw_action_units,1.002932707,1.002932707,5.427724202,"[1.0173419714, 1.0207291842, 0.9951549172, 0.9785046577]","[5.4609704018, 5.4538059235, 5.4183564186, 5.377764225]","[0.0048208805, 0.0057552867, 0.0053224168, 0.0051663676]","[0.0010237057, 0.0011366312, 0.0009589288, 0.000235731, 0.0002470691, 0.0003119011, 0.0329496935]",0,0.01073182977,raw_action_units,2,96,769564,769564,true
121,train_single_demo,0.01073606467,0.01073606467,raw_action_units,1.002904932,1.002904932,5.428143183,"[1.0178160667, 1.0211254358, 0.9952778816, 0.9774003029]","[5.4623241425, 5.4548697472, 5.4190049171, 5.3763747215]","[0.0066535468, 0.0069325101, 0.0061083883, 0.0063388478]","[0.0008744707, 0.0012699137, 0.0008464994, 0.0001690221, 0.0002789221, 0.0002502622, 0.0418691747]",0,0.01073606454,raw_action_units,2,96,769564,769564,true
121,eval_same_demo_teacher_forced,0.0104937035,0.0104937035,raw_action_units,1.002322753,1.002322753,5.428848267,"[1.0168782473, 1.0237832069, 0.9956684709, 0.9729610085]","[5.4624915123, 5.4606246948, 5.4217400551, 5.3705353737]","[0.0047021997, 0.0057995287, 0.0051385891, 0.0051718615]","[0.0010181606, 0.0011946819, 0.0014411289, 0.0001162225, 0.0002347971, 0.0001174653, 0.0322988592]",0,0.01049370283,raw_action_units,2,96,769564,769564,true
122,train_single_demo,0.01067491403,0.01067491403,raw_action_units,1.002209425,1.002209425,5.428757191,"[1.0159908533, 1.0243802071, 0.9956620336, 0.9728047252]","[5.4610347748, 5.4615521431, 5.4219613075, 5.3704791069]","[0.0023800896, 0.0039529535, 0.0041094385, 0.0048336275]","[0.0009119043, 0.000943888, 0.000788014, 0.0001780242, 0.0001877631, 0.0003405311, 0.0233830642]",0,0.01067491337,raw_action_units,2,96,769564,769564,true
122,eval_same_demo_teacher_forced,0.01034384221,0.01034384221,raw_action_units,1.002208948,1.002208948,5.430275917,"[1.0146626234, 1.0248398781, 0.9954625964, 0.9738705158]","[5.460290432, 5.4638895988, 5.4229736328, 5.3739504814]","[0.0048038848, 0.0055452897, 0.0050305021, 0.0048976778]","[0.0011070198, 0.001137003, 0.0008656758, 0.0002000048, 0.0001755439, 0.0002835689, 0.0317165516]",0,0.0103438415,raw_action_units,2,96,769564,769564,true
123,train_single_demo,0.01042471671,0.01042471671,raw_action_units,1.00222683,1.00222683,5.430738131,"[1.0151873827, 1.0242341757, 0.995531261, 0.9739547372]","[5.461660862, 5.4635558128, 5.4233632088, 5.3743720055]","[0.0042580431, 0.0056883488, 0.0045661689, 0.0035628157]","[0.0007398, 0.0006877588, 0.0010382746, 0.0001243753, 0.0002218709, 0.0001285902, 0.0286912378]",0,0.01042471613,raw_action_units,2,96,769564,769564,true
123,eval_same_demo_teacher_forced,0.01046240516,0.01046240516,raw_action_units,1.002431472,1.002431472,5.432513237,"[1.0172472, 1.0219699144, 0.9960562587, 0.9744526744]","[5.467113018, 5.4616336823, 5.4252548218, 5.3760528564]","[0.0047942521, 0.0055490644, 0.0049530808, 0.0048177228]","[0.0010377911, 0.0011330519, 0.0009095335, 0.0001278419, 0.0001715978, 0.0001765571, 0.0316433348]",0,0.01046240436,raw_action_units,2,96,769564,769564,true
124,train_single_demo,0.01031513388,0.01031513388,raw_action_units,1.002336025,1.002336025,5.432360172,"[1.0169907808, 1.0220791101, 0.9961109161, 0.9741630554]","[5.4667143822, 5.4617791176, 5.4255142212, 5.3754348755]","[0.0064113885, 0.0042721839, 0.0031730754, 0.0024480703]","[0.001217978, 0.0008695895, 0.0009531871, 0.0001615016, 0.0002569683, 0.0002526378, 0.0248213951]",0,0.0103151337,raw_action_units,2,96,769564,769564,true
124,eval_same_demo_teacher_forced,0.01057987567,0.01057987567,raw_action_units,1.00135831,1.00135831,5.42979606,"[1.0143090487, 1.0231662989, 0.9961597919, 0.9717981219]","[5.4609322548, 5.4622349739, 5.4258275032, 5.3701882362]","[0.0047564134, 0.0057190843, 0.0049731224, 0.0050829556]","[0.0009788668, 0.0011727015, 0.0010441981, 0.0001290142, 0.0002466719, 8.99959e-05, 0.0322688073]",0,0.01057987554,raw_action_units,2,96,769564,769564,true
125,train_single_demo,0.01051556102,0.01051556102,raw_action_units,1.001482089,1.001482089,5.429918925,"[1.0140841007, 1.0236953497, 0.9962597489, 0.9718892574]","[5.4604315758, 5.4630255699, 5.4258294106, 5.3703894615]","[0.0029304905, 0.0058209305, 0.0052868263, 0.0052561457]","[0.0008848567, 0.0008712003, 0.0006883719, 0.0001575204, 0.0002395574, 0.0001548999, 0.0307687763]",0,0.01051556071,raw_action_units,2,96,769564,769564,true
125,eval_same_demo_teacher_forced,0.01021383858,0.01021383858,raw_action_units,1.002382437,1.002382437,5.432280223,"[1.0144424438, 1.0251405239, 0.996617496, 0.9733293653]","[5.4619479179, 5.4667906761, 5.4262084961, 5.3741736412]","[0.0046416628, 0.0053608078, 0.0048933625, 0.0047662645]","[0.0010413212, 0.0011595365, 0.0008876124, 0.000149481, 0.0002753293, 0.0001115967, 0.030783793]",0,0.01021383809,raw_action_units,2,96,769564,769564,true
126,train_single_demo,0.01043652371,0.01043652371,raw_action_units,1.002502203,1.002502203,5.432750066,"[1.0144523382, 1.0252062082, 0.9966061115, 0.9737439752]","[5.4622263908, 5.4672160149, 5.426361084, 5.3751969337]","[0.0060315407, 0.004459288, 0.0039324015, 0.0037916417]","[0.0009372884, 0.0007432021, 0.0009857527, 0.0001604973, 0.0002703281, 0.000199329, 0.0285796244]",0,0.01043652317,raw_action_units,2,96,769564,769564,true
126,eval_same_demo_teacher_forced,0.01048156215,0.01048156215,raw_action_units,1.000929197,1.000929197,5.428908666,"[1.0127042532, 1.023414731, 0.9936203361, 0.973977387]","[5.457681179, 5.4626159668, 5.4212574959, 5.3740801811]","[0.0045987177, 0.0052867532, 0.0049098167, 0.0049400856]","[0.000960968, 0.0011610655, 0.0008767326, 0.0001442906, 0.0002628247, 0.000101408, 0.0310296118]",0,0.01048156193,raw_action_units,2,96,769564,769564,true
127,train_single_demo,0.01047745673,0.01047745673,raw_action_units,1.000741939,1.000741939,5.428506533,"[1.0128469467, 1.0231992006, 0.9933128357, 0.9736085534]","[5.457824707, 5.4620862007, 5.4207320213, 5.3733825684]","[0.0020171243, 0.001995259, 0.001709795, 0.0017355835]","[0.0009888211, 0.0007734744, 0.0006381908, 0.0001564698, 0.0001940564, 0.000165408, 0.0101346625]",0,0.01047745631,raw_action_units,2,96,769564,769564,true
127,eval_same_demo_teacher_forced,0.01018516471,0.01018516471,raw_action_units,1.00126036,1.00126036,5.430107752,"[1.0153383017, 1.0234647989, 0.9933729172, 0.9728655219]","[5.4631466866, 5.4633746147, 5.4206328392, 5.3732762337]","[0.0045780162, 0.0053822864, 0.0047534481, 0.0046570916]","[0.0010804028, 0.0012769528, 0.0009967411, 0.0001633769, 0.0002430537, 0.0002129192, 0.0299255271]",0,0.01018516436,raw_action_units,2,96,769564,769564,true
128,train_single_demo,0.0102857609,0.0102857609,raw_action_units,1.001417796,1.001417796,5.430673281,"[1.0155161619, 1.023594141, 0.9938576818, 0.9727033973]","[5.4637274742, 5.4640851021, 5.4216446877, 5.373234272]","[0.0027572915, 0.0041459473, 0.0033166849, 0.0028125113]","[0.0010710711, 0.0008165965, 0.0006650651, 0.0001903236, 0.00029151, 0.0001697633, 0.0196024291]",0,0.01028576032,raw_action_units,2,96,769564,769564,true
128,eval_same_demo_teacher_forced,0.009641679314,0.009641679314,raw_action_units,1.001785239,1.001785239,5.432573636,"[1.013884902, 1.025165081, 0.9963970184, 0.9716938138]","[5.4620232582, 5.4685935974, 5.4276957512, 5.3719825745]","[0.0044885995, 0.005149703, 0.0045481413, 0.0045410842]","[0.0009426237, 0.0012304662, 0.0008547584, 0.0001712424, 0.0002282707, 9.25247e-05, 0.0292532835]",0,0.009641678915,raw_action_units,2,96,769564,769564,true
129,train_single_demo,0.01015455524,0.01015455524,raw_action_units,1.001805623,1.001805623,5.432559967,"[1.0132684708, 1.0256186724, 0.9965384603, 0.971797049]","[5.4608750343, 5.4692635536, 5.4281401634, 5.3719615936]","[0.0011690551, 0.0029143209, 0.0029794418, 0.003235196]","[0.0009122447, 0.0009780644, 0.0009261212, 0.0002198993, 0.0001550145, 0.0002359684, 0.0145942094]",0,0.01015455453,raw_action_units,2,96,769564,769564,true
129,eval_same_demo_teacher_forced,0.00964016219,0.00964016219,raw_action_units,1.002922614,1.002922614,5.435754299,"[1.0134929419, 1.0272766352, 0.9974710941, 0.9734497666]","[5.4629693031, 5.4734721184, 5.4307379723, 5.3758378029]","[0.0045567942, 0.0050392044, 0.0044754068, 0.004518366]","[0.000944704, 0.0011614609, 0.0009142124, 0.0001519647, 0.0001787505, 0.000122631, 0.0290583763]",0,0.009640161835,raw_action_units,2,96,769564,769564,true
130,train_single_demo,0.01025749681,0.01025749681,raw_action_units,1.003136317,1.003136317,5.4363211,"[1.0141115189, 1.0272231102, 0.9972322583, 0.9739783406]","[5.4643535614, 5.473531723, 5.4303240776, 5.3770751953]","[0.0051392689, 0.0035672178, 0.0028350686, 0.0029252861]","[0.0011679411, 0.0007904053, 0.000809694, 0.0002059807, 0.000241877, 0.0001472533, 0.0219538212]",0,0.01025749637,raw_action_units,2,96,769564,769564,true
130,eval_same_demo_teacher_forced,0.009789709312,0.009789709312,raw_action_units,1.002110799,1.002110799,5.433909893,"[1.0144361258, 1.0249165297, 0.9966802597, 0.972410202]","[5.4639015198, 5.4688587189, 5.429415226, 5.3734641075]","[0.0045029973, 0.0051170378, 0.0044728229, 0.0045447331]","[0.0010632217, 0.0011835642, 0.0009687708, 0.0002226839, 0.0001795284, 0.0001629078, 0.0288351048]",0,0.009789709179,raw_action_units,2,96,769564,769564,true
131,train_single_demo,0.0104187429,0.0104187429,raw_action_units,1.001898925,1.001898925,5.433224996,"[1.0142942667, 1.0244179964, 0.9969932437, 0.9718903899]","[5.4632129669, 5.4677023888, 5.4298834801, 5.3721013069]","[0.0036100952, 0.0026067083, 0.0021517344, 0.0017985554]","[0.0011660642, 0.0010995648, 0.0009293298, 0.0002158099, 0.0001823115, 0.0001624313, 0.0140369022]",0,0.01041874236,raw_action_units,2,96,769564,769564,true
131,eval_same_demo_teacher_forced,0.009818678722,0.009818678722,raw_action_units,1.003524979,1.003524979,5.435489496,"[1.01655972, 1.0248303413, 0.9993262291, 0.9733834863]","[5.4670200348, 5.4680685997, 5.4321131706, 5.3747563362]","[0.0044594039, 0.0049125757, 0.004329259, 0.0044238651]","[0.0009506887, 0.0011777425, 0.000901048, 0.0001299525, 0.0002036534, 0.0001128796, 0.028242968]",0,0.009818678101,raw_action_units,2,96,769564,769564,true
132,train_single_demo,0.010153451,0.010153451,raw_action_units,1.003898382,1.003898382,5.436715126,"[1.0167523623, 1.025308609, 0.9997436404, 0.9737889171]","[5.468105793, 5.4695305824, 5.4333004951, 5.3759217262]","[0.0056019505, 0.0031130016, 0.0031323882, 0.0040853037]","[0.0009346642, 0.0009668092, 0.0009636527, 0.0001941433, 0.0002435432, 0.0001319937, 0.0244473219]",0,0.01015345043,raw_action_units,2,96,769564,769564,true
132,eval_same_demo_teacher_forced,0.009668811845,0.009668811845,raw_action_units,1.003698468,1.003698468,5.436466535,"[1.0151991844, 1.0259574652, 0.9995573163, 0.9740800858]","[5.46565485, 5.4705309868, 5.4336643219, 5.3760151863]","[0.0043922071, 0.0048826034, 0.0042794328, 0.0043817419]","[0.0008954889, 0.0011749045, 0.000870565, 0.0001925918, 0.0001998164, 0.0001558034, 0.0278988052]",0,0.009668811446,raw_action_units,2,96,769564,769564,true
133,train_single_demo,0.01007681278,0.01007681278,raw_action_units,1.00314188,1.00314188,5.43535614,"[1.0145823956, 1.0255409479, 0.9990347028, 0.9734094739]","[5.4642500877, 5.469602108, 5.4330229759, 5.3745484352]","[0.0018041977, 0.0034806326, 0.0036472867, 0.0049023107]","[0.0009639091, 0.0009134875, 0.0006362214, 0.0001572117, 0.0001628666, 0.0001393716, 0.0212371815]",0,0.01007681234,raw_action_units,2,96,769564,769564,true
133,eval_same_demo_teacher_forced,0.009473630848,0.009473630848,raw_action_units,1.002215862,1.002215862,5.435907046,"[1.014860034, 1.0239189863, 0.9986133575, 0.9714711308]","[5.4667167664, 5.4697570801, 5.4344305992, 5.3727226257]","[0.0043697651, 0.0047351648, 0.0041643227, 0.0043177214]","[0.0009037685, 0.0012056396, 0.0008567434, 0.0001646617, 0.00018786, 9.92918e-05, 0.0273592379]",0,0.00947363036,raw_action_units,2,96,769564,769564,true
134,train_single_demo,0.01003832153,0.01003832153,raw_action_units,1.002589862,1.002589862,5.437125524,"[1.0156236887, 1.0240229368, 0.9988434911, 0.9718692899]","[5.4687638283, 5.470659256, 5.4349036217, 5.3741745949]","[0.0040262067, 0.0030136958, 0.0026777759, 0.0037096024]","[0.0011307232, 0.0009211437, 0.0009236484, 0.0001875336, 0.0002120289, 0.0001723048, 0.0199503563]",0,0.01003832122,raw_action_units,2,96,769564,769564,true
134,eval_same_demo_teacher_forced,0.009454656703,0.009454656703,raw_action_units,1.003148715,1.003148715,5.438758532,"[1.0151743889, 1.0252838135, 0.9998202324, 0.9723162651]","[5.4687633514, 5.4733529091, 5.4375667572, 5.3753495216]","[0.0044253808, 0.0049772607, 0.0043486054, 0.0048499177]","[0.0010024573, 0.001224583, 0.0010746539, 0.0002203466, 0.0002328071, 9.52393e-05, 0.0287019517]",0,0.009454656215,raw_action_units,2,96,769564,769564,true
135,train_single_demo,0.01023132044,0.01023132044,raw_action_units,1.002780199,1.002780199,5.437505722,"[1.0143903494, 1.0253207684, 0.9996753335, 0.9717342257]","[5.4665894508, 5.4725575447, 5.4372849464, 5.3735904694]","[0.0030380478, 0.0024560951, 0.0023689454, 0.002506936]","[0.0010737532, 0.0009347876, 0.0008126489, 9.50797e-05, 0.000236546, 0.000117097, 0.0148776285]",0,0.01023131999,raw_action_units,2,96,769564,769564,true
135,eval_same_demo_teacher_forced,0.009228193822,0.009228193822,raw_action_units,1.003035585,1.003035585,5.435552279,"[1.0139818192, 1.0262613297, 0.9989445806, 0.9729547501]","[5.4634628296, 5.4707589149, 5.4336466789, 5.3743414879]","[0.0042688921, 0.0046456023, 0.0040590037, 0.0043742913]","[0.0009337103, 0.0011426109, 0.0008678299, 0.0001726621, 0.0001846699, 0.0001131313, 0.0269440133]",0,0.009228193334,raw_action_units,2,96,769564,769564,true
136,train_single_demo,0.009344436383,0.009344436383,raw_action_units,1.003107508,1.003107508,5.435927709,"[1.0142792463, 1.0261765718, 0.9989818931, 0.972992599]","[5.4642677307, 5.4709038734, 5.4337081909, 5.3748307228]","[0.0028851023, 0.0032837151, 0.0022941679, 0.0021785407]","[0.0006606564, 0.0009035668, 0.0010443906, 0.0001650682, 0.000244477, 0.0001070687, 0.0154974423]",0,0.009344436228,raw_action_units,2,96,769564,769564,true
136,eval_same_demo_teacher_forced,0.009660732932,0.009660732932,raw_action_units,1.002834082,1.002834082,5.435967604,"[1.014926672, 1.0251741409, 0.9988763928, 0.9723588824]","[5.4657998085, 5.4701104164, 5.4335217476, 5.3744373322]","[0.004307142, 0.0046211863, 0.0040651588, 0.0044327057]","[0.0009035024, 0.0012639447, 0.0008793475, 0.0001651989, 0.0001991075, 0.0001052753, 0.0269794594]",0,0.009660732533,raw_action_units,2,96,769564,769564,true
137,train_single_demo,0.01017290944,0.01017290944,raw_action_units,1.00243187,1.00243187,5.435305278,"[1.014210701, 1.0250655413, 0.9986815453, 0.9717699885]","[5.4644293785, 5.4700112343, 5.4336752892, 5.373105526]","[0.0011844402, 0.0016728473, 0.0020391846, 0.0023049826]","[0.0008988949, 0.0009866676, 0.0007119728, 0.0001506957, 0.0001465777, 0.0001085171, 0.00959922]",0,0.01017290921,raw_action_units,2,96,769564,769564,true
137,eval_same_demo_teacher_forced,0.00913494546,0.00913494546,raw_action_units,1.002272129,1.002272129,5.435695012,"[1.0123114586, 1.0255241394, 0.998711288, 0.9725415707]","[5.4619178772, 5.4717888832, 5.4346103668, 5.3744635582]","[0.0042388346, 0.004522623, 0.003908976, 0.0042766253]","[0.0008959921, 0.0010824936, 0.0009453383, 0.0001524212, 0.0002203872, 8.20753e-05, 0.0262786448]",0,0.009134945061,raw_action_units,2,96,769564,769564,true
138,train_single_demo,0.008988351561,0.008988351561,raw_action_units,1.002553821,1.002553821,5.436280568,"[1.012387991, 1.0258551836, 0.9987815022, 0.9731906056]","[5.4622879028, 5.4724736214, 5.4345345497, 5.375825882]","[0.005812183, 0.0045516714, 0.0044883457, 0.0045974879]","[0.0010289314, 0.0011419785, 0.0010694728, 0.0001988326, 0.0002395234, 0.0001216507, 0.0302365646]",0,0.008988351339,raw_action_units,2,96,769564,769564,true
138,eval_same_demo_teacher_forced,0.009922823248,0.009922823248,raw_action_units,1.003191312,1.003191312,5.438332558,"[1.0131887197, 1.0256675482, 0.9984731674, 0.9754359126]","[5.4651660919, 5.4733681679, 5.4334664345, 5.3813285828]","[0.0043246723, 0.0046925764, 0.0040856707, 0.0045161936]","[0.0009125657, 0.0011384366, 0.0009413133, 0.0001872116, 0.0001892255, 9.40214e-05, 0.0273706745]",0,0.009922822671,raw_action_units,2,96,769564,769564,true
139,train_single_demo,0.01015706096,0.01015706096,raw_action_units,1.002597332,1.002597332,5.436903318,"[1.0127286911, 1.0251911879, 0.9979472756, 0.974521935]","[5.4637928009, 5.472006321, 5.4325423241, 5.3792705536]","[0.0013799159, 0.0021193561, 0.0031628192, 0.0034968546]","[0.000705523, 0.0008835445, 0.001015625, 0.0001205583, 0.0002930301, 9.10646e-05, 0.0146688074]",0,0.01015706041,raw_action_units,2,96,769564,769564,true
139,eval_same_demo_teacher_forced,0.009056648239,0.009056648239,raw_action_units,1.001296043,1.001296043,5.437107404,"[1.0117892027, 1.0250396729, 0.9981533885, 0.9702023864]","[5.4646053314, 5.4742207527, 5.4363231659, 5.3732790947]","[0.0042188573, 0.0044291788, 0.0038116686, 0.0042048078]","[0.0008549373, 0.0012920569, 0.0009081994, 0.0002120161, 0.000197595, 0.000128078, 0.0255700126]",0,0.009056647973,raw_action_units,2,96,769564,769564,true
140,train_single_demo,0.009245340712,0.009245340712,raw_action_units,1.001725435,1.001725435,5.438610077,"[1.01224792, 1.0256694555, 0.9986396432, 0.9703451991]","[5.466342926, 5.4761481285, 5.4376792908, 5.3742699623]","[0.001434466, 0.0029464827, 0.0030927099, 0.004762779]","[0.0008718027, 0.0008710733, 0.0011187174, 0.0002189331, 0.0002187397, 0.0001350044, 0.0179794934]",0,0.009245340668,raw_action_units,2,96,769564,769564,true
140,eval_same_demo_teacher_forced,0.008815416756,0.008815416756,raw_action_units,1.00302577,1.00302577,5.441595395,"[1.012883544, 1.0274802446, 0.9995110631, 0.9722283483]","[5.4684472084, 5.4802050591, 5.4395294189, 5.3781991005]","[0.0041674138, 0.0043602767, 0.0039125313, 0.0043777102]","[0.0009356562, 0.0011042148, 0.0010091476, 0.000142739, 0.0002341263, 0.0001307154, 0.0258747786]",0,0.008815416268,raw_action_units,2,96,769564,769564,true
141,train_single_demo,0.008778574876,0.008778574876,raw_action_units,1.002945781,1.002945781,5.44086806,"[1.0126715899, 1.0273183584, 0.9992766976, 0.9725163579]","[5.4673819542, 5.4793419838, 5.4386634827, 5.3780846596]","[0.001159279, 0.0012127041, 0.001411078, 0.0016540325]","[0.0010125302, 0.0008068027, 0.0007279008, 0.00017812, 0.0001848387, 0.0001525115, 0.0064522089]",0,0.0087785743,raw_action_units,2,96,769564,769564,true
141,eval_same_demo_teacher_forced,0.008948147607,0.008948147607,raw_action_units,1.002564828,1.002564828,5.438140869,"[1.0121794939, 1.0264402628, 0.9978330135, 0.9738066196]","[5.4641799927, 5.475912571, 5.434173584, 5.3782958984]","[0.0042492775, 0.0044001238, 0.0038391126, 0.0042219358]","[0.0008360493, 0.0010711912, 0.0012779628, 0.0001768571, 0.000189201, 0.0001616894, 0.0255303327]",0,0.008948147297,raw_action_units,2,96,769564,769564,true
142,train_single_demo,0.008910101838,0.008910101838,raw_action_units,1.002572219,1.002572219,5.438417435,"[1.0123666525, 1.0265829563, 0.9979121089, 0.9734271169]","[5.4648118019, 5.4764099121, 5.4344787598, 5.377969265]","[0.0054520164, 0.0046572364, 0.0025292842, 0.0013797875]","[0.000959261, 0.0006327965, 0.0008737072, 0.0001580249, 0.0001840981, 0.0001484917, 0.0215756875]",0,0.008910101084,raw_action_units,2,96,769564,769564,true
142,eval_same_demo_teacher_forced,0.008726000165,0.008726000165,raw_action_units,1.002284884,1.002284884,5.438932578,"[1.0130298138, 1.0273290873, 0.9977799058, 0.9710008502]","[5.467312336, 5.4785728455, 5.4351258278, 5.3747191429]","[0.0041312044, 0.0042839623, 0.0036793184, 0.0040510125]","[0.000848885, 0.0010725568, 0.0009633541, 0.0001752243, 0.0001668274, 0.0001385762, 0.0248891953]",0,0.008725999721,raw_action_units,2,96,769564,769564,true
143,train_single_demo,0.00868836573,0.00868836573,raw_action_units,1.002228399,1.002228399,5.438680331,"[1.0130594969, 1.0272597075, 0.9977002144, 0.9708943367]","[5.4671959877, 5.4782147408, 5.4348740578, 5.3744359016]","[0.0028840192, 0.0046179355, 0.0037823541, 0.0041536293]","[0.0010438362, 0.0006690814, 0.0007583625, 0.0001585548, 0.0001684988, 0.0002051987, 0.024012858]",0,0.00868836542,raw_action_units,2,96,769564,769564,true
143,eval_same_demo_teacher_forced,0.009363219452,0.009363219452,raw_action_units,1.001547813,1.001547813,5.437805653,"[1.0118062496, 1.0268384218, 0.9978452325, 0.9697010517]","[5.4649944305, 5.4779839516, 5.4363694191, 5.3718743324]","[0.0042242012, 0.0044839163, 0.0038198449, 0.0043069003]","[0.0008937244, 0.0010348839, 0.0008646308, 0.0001404595, 0.0001971938, 0.0001029336, 0.0262271836]",0,0.009363219142,raw_action_units,2,96,769564,769564,true
144,train_single_demo,0.009068302189,0.009068302189,raw_action_units,1.001783888,1.001783888,5.438616276,"[1.012050271, 1.0269881487, 0.998033762, 0.9700635076]","[5.4658203125, 5.4788479805, 5.4368743896, 5.3729195595]","[0.0021281776, 0.0033406243, 0.0027191909, 0.0036252572]","[0.0008996154, 0.0007295939, 0.0007613557, 0.0001328437, 0.0002099475, 0.0001468855, 0.017792942]",0,0.009068301568,raw_action_units,2,96,769564,769564,true
144,eval_same_demo_teacher_forced,0.009244168488,0.009244168488,raw_action_units,1.003202359,1.003202359,5.443176746,"[1.0143710375, 1.0282369852, 0.99823457, 0.9719667435]","[5.4723682404, 5.4840407372, 5.4377350807, 5.3785629272]","[0.0041691717, 0.0044611269, 0.0035696952, 0.00429828]","[0.0008943931, 0.0010846478, 0.0008967759, 0.0001492395, 0.0001688463, 0.000185031, 0.0254930425]",0,0.009244168089,raw_action_units,2,96,769564,769564,true
145,train_single_demo,0.009169825042,0.009169825042,raw_action_units,1.003029784,1.003029784,5.443020185,"[1.0141296387, 1.0284341574, 0.9981737137, 0.9713816643]","[5.4720578194, 5.4844574928, 5.4379582405, 5.3776054382]","[0.0036409022, 0.0027991759, 0.0028912278, 0.0046514049]","[0.000923962, 0.000749302, 0.0010706021, 0.0001577649, 0.0002461095, 0.0001727112, 0.0211492945]",0,0.009169824421,raw_action_units,2,96,769564,769564,true
145,eval_same_demo_teacher_forced,0.008879681118,0.008879681118,raw_action_units,1.001341899,1.001341899,5.439886729,"[1.0111582279, 1.0281903744, 0.9969173074, 0.969101727]","[5.466486454, 5.4828777313, 5.4372787476, 5.3729043007]","[0.0040991618, 0.0041899099, 0.0036710266, 0.0041056378]","[0.0009101874, 0.0011475257, 0.0009851184, 0.0001868406, 0.0001759062, 9.13831e-05, 0.0246180762]",0,0.008879680719,raw_action_units,2,96,769564,769564,true
146,train_single_demo,0.00885227276,0.00885227276,raw_action_units,1.001322468,1.001322468,5.440028985,"[1.0112075806, 1.0278328657, 0.9972731471, 0.968976438]","[5.4667639732, 5.4825119972, 5.4379982948, 5.3728423119]","[0.0010724582, 0.0014054653, 0.0020180566, 0.0029193312]","[0.0008999323, 0.0007724042, 0.0007341063, 0.0002524949, 0.0001919532, 0.000153068, 0.009972834]",0,0.008852272516,raw_action_units,2,96,769564,769564,true
146,eval_same_demo_teacher_forced,0.008367822506,0.008367822506,raw_action_units,1.001621644,1.001621644,5.441801389,"[1.0113557577, 1.0263620615, 0.9993625283, 0.9694063663]","[5.4682374001, 5.4820537567, 5.4418430328, 5.3750686646]","[0.0041215005, 0.0041172998, 0.0034952601, 0.003976115]","[0.0007960966, 0.0010645555, 0.0009270089, 0.0001583832, 0.0001957877, 0.0001448873, 0.0242060889]",0,0.008367822284,raw_action_units,2,96,769564,769564,true
147,train_single_demo,0.008504496577,0.008504496577,raw_action_units,1.001754602,1.001754602,5.441927751,"[1.0112589598, 1.0263439417, 0.9999081492, 0.9695073962]","[5.467851162, 5.4820842743, 5.4425721169, 5.3752036095]","[0.0026939355, 0.0042349622, 0.0036281536, 0.003956913]","[0.000943348, 0.0008697037, 0.0007196502, 0.0001672681, 0.0002046746, 0.0001015139, 0.0223932806]",0,0.008504496089,raw_action_units,2,96,769564,769564,true
147,eval_same_demo_teacher_forced,0.008346597043,0.008346597043,raw_action_units,1.001832565,1.001832565,5.440468629,"[1.010394454, 1.0262798071, 0.9993268847, 0.9713292122]","[5.4643864632, 5.4805450439, 5.4397506714, 5.3771910667]","[0.0040408946, 0.0040870463, 0.003437358, 0.0039529135]","[0.0007839753, 0.000982683, 0.0010345458, 0.0002233256, 0.0001776007, 0.000166464, 0.0237882733]",0,0.008346596644,raw_action_units,2,96,769564,769564,true
148,train_single_demo,0.008682431653,0.008682431653,raw_action_units,1.001662413,1.001662413,5.439665794,"[1.0102686882, 1.0262838602, 0.9984027743, 0.971694231]","[5.4637050629, 5.4798445702, 5.4377846718, 5.3773269653]","[0.0041729151, 0.0031484871, 0.0035596027, 0.0058628116]","[0.0007823411, 0.0008872963, 0.0008726328, 0.0001906366, 0.0001955635, 0.0002083246, 0.0261648819]",0,0.00868243121,raw_action_units,2,96,769564,769564,true
148,eval_same_demo_teacher_forced,0.008248180772,0.008248180772,raw_action_units,1.001672109,1.001672109,5.438884417,"[1.0112781525, 1.0270664692, 0.9970234036, 0.9713202119]","[5.4649653435, 5.4796047211, 5.4352126122, 5.3757538795]","[0.0040196166, 0.0039874883, 0.0033479498, 0.0039633964]","[0.0008311773, 0.0009823111, 0.0008339662, 0.0001705962, 0.0001715306, 8.84423e-05, 0.0237292647]",0,0.008248180151,raw_action_units,2,96,769564,769564,true
149,train_single_demo,0.008344240487,0.008344240487,raw_action_units,1.001817703,1.001817703,5.439518452,"[1.0117894411, 1.0270274878, 0.9973902702, 0.9710639119]","[5.4662795067, 5.4799304008, 5.436234951, 5.375629425]","[0.0048239399, 0.003850814, 0.0029620891, 0.0048422222]","[0.0007968147, 0.0008126819, 0.0012761966, 0.0001606867, 0.000194253, 0.0001430174, 0.0254547149]",0,0.008344240132,raw_action_units,2,96,769564,769564,true
149,eval_same_demo_teacher_forced,0.008274021248,0.008274021248,raw_action_units,1.002333005,1.002333005,5.441643397,"[1.0135251284, 1.0260819197, 0.9987552166, 0.9709701538]","[5.470556736, 5.4798049927, 5.4396910667, 5.3765206337]","[0.0040111854, 0.0039459649, 0.0033477221, 0.0041555539]","[0.0008090837, 0.0010894975, 0.0008310296, 0.0001203867, 0.0001623327, 0.000183222, 0.0238601938]",0,0.008274020893,raw_action_units,2,96,769564,769564,true
150,train_single_demo,0.008384938041,0.008384938041,raw_action_units,1.002515554,1.002515554,5.442076365,"[1.0134902, 1.0260988474, 0.9988658428, 0.9716072679]","[5.4705939293, 5.4800086021, 5.4399628639, 5.3777403831]","[0.0039423597, 0.0029223412, 0.002594738, 0.0044671642]","[0.0009708796, 0.0006872232, 0.0010081626, 0.0001725281, 0.0001756824, 0.0001280484, 0.0212290306]",0,0.008384937687,raw_action_units,2,96,769564,769564,true
150,eval_same_demo_teacher_forced,0.008840790639,0.008840790639,raw_action_units,1.002176642,1.002176642,5.441920757,"[1.0108572245, 1.0261359215, 0.9990836978, 0.9726298451]","[5.4661331177, 5.4807295799, 5.4413986206, 5.3794198036]","[0.0039910986, 0.0039305952, 0.0034776831, 0.0041953116]","[0.000785098, 0.0009422995, 0.0009687305, 0.0001863693, 0.000133538, 0.0001081248, 0.0241665449]",0,0.008840790107,raw_action_units,2,96,769564,769564,true
151,train_single_demo,0.0089058072,0.0089058072,raw_action_units,1.002090653,1.002090653,5.442293008,"[1.010620594, 1.026253581, 0.9993808866, 0.9721074104]","[5.4662613869, 5.4815883636, 5.4424271584, 5.3788933754]","[0.0040222448, 0.0052011535, 0.0054092337, 0.0046501239]","[0.0009244488, 0.0007167507, 0.0008837771, 0.0001417045, 0.0001924583, 0.0001256265, 0.0307600573]",0,0.008905806712,raw_action_units,2,96,769564,769564,true
151,eval_same_demo_teacher_forced,0.01038408559,0.01038408559,raw_action_units,1.002734184,1.002734184,5.44614315,"[1.012283206, 1.0269042253, 0.9996435046, 0.9721059799]","[5.4728198051, 5.4860405922, 5.4433999062, 5.3823113441]","[0.0044291508, 0.0042852708, 0.0040008747, 0.0042577884]","[0.0010271174, 0.0010763882, 0.0010507279, 0.0001510326, 0.0001852862, 0.000115769, 0.026096575]",0,0.01038408492,raw_action_units,2,96,769564,769564,true
152,train_single_demo,0.009861950763,0.009861950763,raw_action_units,1.002437154,1.002437154,5.445064545,"[1.0120197535, 1.0267163515, 0.9993600249, 0.9716522098]","[5.4717402458, 5.4850087166, 5.4425392151, 5.3809685707]","[0.0008597365, 0.0019647004, 0.0018586214, 0.0016045143]","[0.0007289487, 0.0007807947, 0.000665263, 0.0002014068, 0.0002221388, 0.0002098094, 0.0081948899]",0,0.009861950097,raw_action_units,2,96,769564,769564,true
152,eval_same_demo_teacher_forced,0.009125645583,0.009125645583,raw_action_units,1.000992854,1.000992854,5.440049807,"[1.0108789206, 1.0256758928, 0.9979904294, 0.9694261551]","[5.4667239189, 5.4802174568, 5.4393172264, 5.373939991]","[0.0041177687, 0.0040051844, 0.0035281566, 0.0043879473]","[0.0008225846, 0.0009324849, 0.000907619, 0.0001420544, 0.0001423868, 0.0001060072, 0.0250152107]",0,0.009125645317,raw_action_units,2,96,769564,769564,true
153,train_single_demo,0.009080594716,0.009080594716,raw_action_units,1.001399358,1.001399358,5.440918287,"[1.0114929676, 1.0261025429, 0.9981732368, 0.9698283076]","[5.4680342674, 5.4811787605, 5.4397301674, 5.3747286797]","[0.0047539216, 0.0032452291, 0.0024899368, 0.0029775926]","[0.0010364652, 0.0007975083, 0.000990578, 0.0001333838, 0.0002131098, 0.0001585756, 0.0202370677]",0,0.009080594139,raw_action_units,2,96,769564,769564,true
153,eval_same_demo_teacher_forced,0.008101230798,0.008101230798,raw_action_units,1.00269262,1.00269262,5.445839882,"[1.0125230551, 1.0284699202, 0.9995815158, 0.9701959491]","[5.4730391502, 5.488401413, 5.4445252419, 5.377395153]","[0.0040047849, 0.0038038474, 0.0032765691, 0.0040351921]","[0.0008135377, 0.0010059306, 0.0013692904, 0.0001899171, 0.000233836, 0.0001399899, 0.0227081906]",0,0.008101230576,raw_action_units,2,96,769564,769564,true
154,train_single_demo,0.008197182169,0.008197182169,raw_action_units,1.002550085,1.002550085,5.445810636,"[1.0121129751, 1.0285768509, 0.9995649457, 0.9699454904]","[5.4724731445, 5.4887924194, 5.4447669983, 5.3772101402]","[0.003355749, 0.0025493309, 0.0027935237, 0.0048797219]","[0.000878759, 0.000848713, 0.0013437853, 0.0001871586, 0.0002160155, 0.0001553564, 0.0201322827]",0,0.008197181991,raw_action_units,2,96,769564,769564,true
154,eval_same_demo_teacher_forced,0.007759367737,0.007759367737,raw_action_units,1.001492461,1.001492461,5.44387722,"[1.0100477934, 1.0266946554, 0.9997314811, 0.9694958329]","[5.4681172371, 5.4853100777, 5.4452300072, 5.3768501282]","[0.0038359407, 0.0036571817, 0.0031422197, 0.0037900975]","[0.0007588561, 0.0009405178, 0.0008133862, 0.0001083789, 0.0002202401, 7.06092e-05, 0.0223325286]",0,0.007759367426,raw_action_units,2,96,769564,769564,true
155,train_single_demo,0.007971028797,0.007971028797,raw_action_units,1.00139304,1.00139304,5.443631172,"[1.0098363161, 1.0260196924, 0.9999088645, 0.969807446]","[5.467569828, 5.4841136932, 5.4453806877, 5.3774600029]","[0.0034325533, 0.0023035917, 0.0016102735, 0.0015046382]","[0.0007881208, 0.0006993345, 0.0018851691, 9.05153e-05, 0.0002763095, 0.0001372994, 0.0116125988]",0,0.007971028132,raw_action_units,2,96,769564,769564,true
155,eval_same_demo_teacher_forced,0.00793296999,0.00793296999,raw_action_units,1.001252413,1.001252413,5.442971865,"[1.0096327066, 1.0242255926, 1.001180768, 0.9699705243]","[5.4666075706, 5.481004715, 5.4471678734, 5.3771071434]","[0.0038851509, 0.0036806213, 0.0031262839, 0.0038922739]","[0.0007636338, 0.0009146822, 0.000900207, 0.0001650121, 0.0002145824, 0.0002036479, 0.022360811]",0,0.007932969857,raw_action_units,2,96,769564,769564,true
156,train_single_demo,0.007998811702,0.007998811702,raw_action_units,1.001458883,1.001458883,5.443800926,"[1.0097495317, 1.0245902538, 1.0013378859, 0.9701578021]","[5.4673981667, 5.4822030067, 5.447865963, 5.3777351379]","[0.0033488094, 0.001980467, 0.0024651447, 0.0038165618]","[0.0010001275, 0.0006353438, 0.000876073, 0.0001187065, 0.000257964, 0.0001127771, 0.0173182264]",0,0.007998811347,raw_action_units,2,96,769564,769564,true
156,eval_same_demo_teacher_forced,0.008148995539,0.008148995539,raw_action_units,1.001889586,1.001889586,5.445278804,"[1.009201169, 1.0267789364, 1.001765728, 0.9698124528]","[5.4675011635, 5.4868645668, 5.449640274, 5.3771095276]","[0.0038696434, 0.003671603, 0.0031928273, 0.0039142012]","[0.0007517085, 0.0009505554, 0.001323966, 0.0001078097, 0.0002753436, 0.0001474216, 0.0220776778]",0,0.008148995184,raw_action_units,2,96,769564,769564,true
157,train_single_demo,0.008107610978,0.008107610978,raw_action_units,1.001889467,1.001889467,5.444842339,"[1.0092802048, 1.0270216465, 1.0012093782, 0.9700464606]","[5.467195034, 5.4867272377, 5.4481730461, 5.3772735596]","[0.0009783545, 0.0016366546, 0.0028760869, 0.0054324805]","[0.0007196718, 0.0008358685, 0.0008082121, 0.0001113831, 0.0002470036, 0.0001715555, 0.0162225626]",0,0.008107610579,raw_action_units,2,96,769564,769564,true
157,eval_same_demo_teacher_forced,0.007872507907,0.007872507907,raw_action_units,1.001890699,1.001890699,5.443126996,"[1.0109233856, 1.026911974, 0.9991695881, 0.9705579281]","[5.4682545662, 5.484568119, 5.442024231, 5.3776631355]","[0.0037494674, 0.0035936788, 0.0030550808, 0.0039456547]","[0.0007252211, 0.0009851863, 0.001040533, 8.61556e-05, 0.0002414391, 7.93687e-05, 0.0219438877]",0,0.007872507686,raw_action_units,2,96,769564,769564,true
158,train_single_demo,0.00784939838,0.00784939838,raw_action_units,1.001875639,1.001875639,5.44304657,"[1.0110969543, 1.0270653963, 0.9991837144, 0.9701564908]","[5.4684624672, 5.4847359657, 5.441947937, 5.3770375252]","[0.0022791282, 0.0027601533, 0.0027897146, 0.0033873068]","[0.0006106342, 0.0007234956, 0.0009840017, 9.04114e-05, 0.0002658054, 0.0001183809, 0.0168357994]",0,0.007849398113,raw_action_units,2,96,769564,769564,true
158,eval_same_demo_teacher_forced,0.007693852298,0.007693852298,raw_action_units,1.000872254,1.000872254,5.441561381,"[1.0106816292, 1.0267570019, 0.9979159236, 0.9681347013]","[5.4678649902, 5.4843316078, 5.4402618408, 5.3737845421]","[0.0037021551, 0.0035563943, 0.0029810534, 0.0039868201]","[0.0007125972, 0.0009864229, 0.0008016523, 0.0001295537, 0.0002288777, 0.0001335793, 0.0219035577]",0,0.007693851988,raw_action_units,2,96,769564,769564,true
159,train_single_demo,0.007942231682,0.007942231682,raw_action_units,1.00060912,1.00060912,5.441525777,"[1.0102262497, 1.0266680717, 0.9978506565, 0.9676911235]","[5.4674739838, 5.4846725464, 5.4406762123, 5.3732795715]","[0.0042744181, 0.0021209619, 0.0019611791, 0.0033121479]","[0.0008030694, 0.0009230042, 0.0011483949, 0.0001088378, 0.0001828513, 0.0001471386, 0.0171069391]",0,0.007942231283,raw_action_units,2,96,769564,769564,true
159,eval_same_demo_teacher_forced,0.007916792917,0.007916792917,raw_action_units,1.001153946,1.001153946,5.443983237,"[1.0105181932, 1.0264616013, 0.9990356565, 0.9686002731]","[5.4698395729, 5.4863905907, 5.443321228, 5.3763809204]","[0.0036742603, 0.0035084698, 0.0032113066, 0.0039063562]","[0.0007461067, 0.0009452466, 0.0008822616, 0.0001025845, 0.0002344699, 0.0001539019, 0.0219611172]",0,0.007916792518,raw_action_units,2,96,769564,769564,true
160,train_single_demo,0.007913867167,0.007913867167,raw_action_units,1.001384338,1.001384338,5.444342613,"[1.0106133223, 1.0265659094, 0.999320209, 0.9690377116]","[5.469991684, 5.4865641594, 5.4437127113, 5.3771014214]","[0.0009241267, 0.0014750548, 0.0025438319, 0.0047265566]","[0.0006740507, 0.0007749549, 0.0008414836, 0.0001681636, 0.0002042183, 0.0001212157, 0.0141376592]",0,0.007913866568,raw_action_units,2,96,769564,769564,true
160,eval_same_demo_teacher_forced,0.008038459035,0.008038459035,raw_action_units,1.001652837,1.001652837,5.445254485,"[1.009742856, 1.0269960165, 1.0005549192, 0.9693177342]","[5.4687409401, 5.4878773689, 5.4470925331, 5.3773055077]","[0.0037638368, 0.0035575267, 0.0029305771, 0.0039013829]","[0.0008184237, 0.0011124617, 0.0009046457, 0.0001724333, 0.0002076638, 0.0001152713, 0.021437414]",0,0.008038458725,raw_action_units,2,96,769564,769564,true
161,train_single_demo,0.00796860829,0.00796860829,raw_action_units,1.001738389,1.001738389,5.445666949,"[1.0097278357, 1.0273389816, 1.0004056692, 0.9694814086]","[5.4690270424, 5.4887504578, 5.4470863342, 5.3778042793]","[0.0018137573, 0.0020030446, 0.0019564065, 0.0035363429]","[0.0010269658, 0.0005982451, 0.0006070611, 0.0001250816, 0.0001708805, 0.0001396533, 0.013623829]",0,0.007968607935,raw_action_units,2,96,769564,769564,true
161,eval_same_demo_teacher_forced,0.007547079275,0.007547079275,raw_action_units,1.001303554,1.001303554,5.446632385,"[1.0085506439, 1.0283761024, 0.9994997978, 0.9687877297]","[5.4689483643, 5.4923624992, 5.4473204613, 5.3778977394]","[0.0036821009, 0.0033616631, 0.0029289052, 0.0038504361]","[0.0008498076, 0.000942222, 0.000842792, 9.86286e-05, 0.0001430454, 0.0001005799, 0.0212133601]",0,0.007547079098,raw_action_units,2,96,769564,769564,true
162,train_single_demo,0.007651660436,0.007651660436,raw_action_units,1.001075645,1.001075645,5.446379344,"[1.0083392859, 1.0280848742, 0.9993962646, 0.9684820175]","[5.4687027931, 5.4920287132, 5.4472541809, 5.3775315285]","[0.0022330552, 0.0015691761, 0.0017285406, 0.0020466375]","[0.0013573031, 0.0006412996, 0.0010159499, 0.0001367616, 0.0001834328, 9.11711e-05, 0.0098345475]",0,0.007651660059,raw_action_units,2,96,769564,769564,true
162,eval_same_demo_teacher_forced,0.00746177944,0.00746177944,raw_action_units,1.000450134,1.000450134,5.444807847,"[1.0077706575, 1.0256798267, 0.9991226792, 0.9692272544]","[5.4671111107, 5.4875025749, 5.4459671974, 5.3786501884]","[0.0036726764, 0.0033676967, 0.0028770862, 0.0037181184]","[0.0007317734, 0.0008577677, 0.0008175605, 0.0001254558, 0.0002520251, 9.73657e-05, 0.0209803116]",0,0.007461779174,raw_action_units,2,96,769564,769564,true
163,train_single_demo,0.00760662416,0.00760662416,raw_action_units,1.0005277,1.0005277,5.444815,"[1.0077232122, 1.0253984928, 0.9993205667, 0.9696682096]","[5.4669146538, 5.4868736267, 5.4462242126, 5.3792471886]","[0.0010862205, 0.0019852442, 0.0025424038, 0.0022353737]","[0.000815288, 0.0005822299, 0.0008319897, 0.000104853, 0.0001901905, 0.0001541287, 0.0110574933]",0,0.00760662396,raw_action_units,2,96,769564,769564,true
163,eval_same_demo_teacher_forced,0.007400122471,0.007400122471,raw_action_units,1.000822941,1.000822941,5.445958455,"[1.0073547363, 1.0248771906, 1.001814127, 0.9692456722]","[5.4668450356, 5.4867305756, 5.4515452385, 5.3787121773]","[0.00367281, 0.0033488714, 0.0028220918, 0.0037007378]","[0.0008249039, 0.0009241917, 0.0007168301, 0.0001203977, 0.0001776826, 0.0001394322, 0.0207994543]",0,0.007400122072,raw_action_units,2,96,769564,769564,true
164,train_single_demo,0.007708456057,0.007708456057,raw_action_units,1.000804504,1.000804504,5.446572781,"[1.0070786476, 1.0250896215, 1.002263546, 0.9687860608]","[5.4670033455, 5.4878306389, 5.4531607628, 5.3782963753]","[0.0033292966, 0.0028078028, 0.001568542, 0.0011487288]","[0.0007359696, 0.0007075962, 0.0009821904, 0.0001273111, 0.0003933312, 0.0002597492, 0.0122890016]",0,0.00770845548,raw_action_units,2,96,769564,769564,true
164,eval_same_demo_teacher_forced,0.008631990912,0.008631990912,raw_action_units,1.001912196,1.001912196,5.449350039,"[1.0090843439, 1.0259977579, 1.0016233921, 0.9709436297]","[5.4720625877, 5.4903445244, 5.4515423775, 5.383450985]","[0.0036938188, 0.0033298023, 0.0032506783, 0.0045202463]","[0.0007772052, 0.0009464895, 0.0010013682, 9.71292e-05, 0.0002277577, 0.0001371761, 0.0227033291]",0,0.008631990424,raw_action_units,2,96,769564,769564,true
165,train_single_demo,0.00847227592,0.00847227592,raw_action_units,1.001707276,1.001707276,5.448493004,"[1.008880496, 1.0259319544, 1.0007573366, 0.9712591171]","[5.4711585045, 5.4896912575, 5.4495959282, 5.3835258484]","[0.0048169694, 0.0030003146, 0.0019540011, 0.0013070341]","[0.00072647, 0.0005541486, 0.0008569267, 0.0001879061, 0.0001984007, 0.0001599198, 0.0167032871]",0,0.008472275344,raw_action_units,2,96,769564,769564,true
165,eval_same_demo_teacher_forced,0.00825707335,0.00825707335,raw_action_units,1.000116388,1.000116388,5.442762375,"[1.0080012083, 1.0246698856, 0.9977994561, 0.9699949622]","[5.4659938812, 5.4842810631, 5.4423880577, 5.3783855438]","[0.0038051847, 0.0033213336, 0.0031766982, 0.0042205113]","[0.0006574561, 0.0008326739, 0.0009232956, 0.0001506245, 0.0003418491, 0.0002258335, 0.022284789]",0,0.008257072951,raw_action_units,2,96,769564,769564,true
166,train_single_demo,0.008087904193,0.008087904193,raw_action_units,1.000131051,1.000131051,5.443146388,"[1.0082781315, 1.0246199369, 0.9982864261, 0.9693395495]","[5.4668693542, 5.4847068787, 5.4435648918, 5.3774437904]","[0.0029336698, 0.002570628, 0.003178572, 0.0039417879]","[0.0007543751, 0.0006940993, 0.0008544554, 0.0001625127, 0.0002228986, 0.0001082886, 0.0192965195]",0,0.008087903616,raw_action_units,2,96,769564,769564,true
166,eval_same_demo_teacher_forced,0.008059808053,0.008059808053,raw_action_units,1.001132806,1.001132806,5.448004405,"[1.009118557, 1.0255273581, 1.0012729168, 0.9686123729]","[5.4718909264, 5.4897713661, 5.4511780739, 5.3791770935]","[0.0035852138, 0.0032164694, 0.0031321126, 0.0040988293]","[0.0007503627, 0.0008582334, 0.0009932517, 9.80042e-05, 0.0001489828, 0.0001984941, 0.0215097647]",0,0.008059807477,raw_action_units,2,96,769564,769564,true
167,train_single_demo,0.008348280564,0.008348280564,raw_action_units,1.001094361,1.001094361,5.448150317,"[1.0085796118, 1.025624752, 1.001241684, 0.9689314961]","[5.471142292, 5.4901595116, 5.4514098167, 5.3798890114]","[0.003695325, 0.0027347456, 0.003128873, 0.0043373867]","[0.0007681988, 0.0005597612, 0.0012585743, 0.0002681129, 0.00023861, 0.0002951455, 0.0209301729]",0,0.00834828012,raw_action_units,2,96,769564,769564,true
167,eval_same_demo_teacher_forced,0.007581045541,0.007581045541,raw_action_units,1.00074327,1.00074327,5.445672194,"[1.0068854094, 1.0260392427, 1.0009397268, 0.9691088796]","[5.4656448364, 5.4886593819, 5.4497981071, 5.3785853386]","[0.0035788687, 0.0033267515, 0.0028438277, 0.0037611069]","[0.0007600007, 0.0008517999, 0.0008700393, 9.83592e-05, 0.0001599889, 9.28802e-05, 0.0208104011]",0,0.00758104523,raw_action_units,2,96,769564,769564,true
168,train_single_demo,0.007726867528,0.007726867528,raw_action_units,1.000863075,1.000863075,5.445906957,"[1.0073282719, 1.0261765718, 1.0008860826, 0.9690613151]","[5.4663906097, 5.4889807701, 5.4496650696, 5.3785910606]","[0.0033875389, 0.0031892369, 0.0017901832, 0.0012578558]","[0.0007139263, 0.0006261025, 0.0010738125, 0.0002536383, 0.0002066498, 0.0002241992, 0.0137450965]",0,0.007726867107,raw_action_units,2,96,769564,769564,true
168,eval_same_demo_teacher_forced,0.007645670325,0.007645670325,raw_action_units,1.001394113,1.001394113,5.447489103,"[1.0096588135, 1.0267876387, 0.9996080995, 0.9695218205]","[5.4714684486, 5.4909272194, 5.4475340843, 5.3800272942]","[0.0034938373, 0.0030965582, 0.0027493034, 0.0038374101]","[0.0006757751, 0.0008384348, 0.0006579591, 0.0001536449, 0.0001531691, 0.0002624376, 0.0203185193]",0,0.007645670147,raw_action_units,2,96,769564,769564,true
169,train_single_demo,0.007625030509,0.007625030509,raw_action_units,1.001266321,1.001266321,5.447702726,"[1.009526372, 1.0268406868, 0.9994190335, 0.9692789912]","[5.4717540741, 5.4914784431, 5.4478096962, 5.3797698021]","[0.0026742471, 0.0023513834, 0.0015245905, 0.0017595915]","[0.0008606614, 0.0005785497, 0.0010653422, 0.0001814841, 0.0002109631, 0.0001409275, 0.0115042441]",0,0.007625030088,raw_action_units,2,96,769564,769564,true
169,eval_same_demo_teacher_forced,0.007596265525,0.007596265525,raw_action_units,1.000322739,1.000322739,5.448857148,"[1.0076695681, 1.026402235, 0.999745667, 0.9674733281]","[5.4714794159, 5.4936013222, 5.452237606, 5.3781104088]","[0.0035655822, 0.0033253764, 0.0028025664, 0.003937168]","[0.0007473919, 0.0008789038, 0.0013073226, 0.0002536034, 0.0001751972, 0.0001462299, 0.0203450639]",0,0.007596265347,raw_action_units,2,96,769564,769564,true
170,train_single_demo,0.007736222198,0.007736222198,raw_action_units,1.000228643,1.000228643,5.448772589,"[1.007252574, 1.026284337, 1.0000823736, 0.9672951698]","[5.470703125, 5.4935231209, 5.452911377, 5.3779525757]","[0.004941301, 0.003530266, 0.0035077333, 0.0027796084]","[0.0006670234, 0.0007025783, 0.0008126705, 9.42585e-05, 0.0001499716, 0.0001693877, 0.0232322011]",0,0.007736221665,raw_action_units,2,96,769564,769564,true
170,eval_same_demo_teacher_forced,0.00798860006,0.00798860006,raw_action_units,1.001087109,1.001087109,5.450517813,"[1.0078817606, 1.0257743597, 1.0016717911, 0.9690206647]","[5.4720535278, 5.4932103157, 5.4545311928, 5.3822760582]","[0.0035247046, 0.0031964576, 0.0028624914, 0.0042917221]","[0.0007527847, 0.0008521166, 0.0007457533, 0.0001354249, 0.0001734094, 0.0001309749, 0.0214914437]",0,0.007988599794,raw_action_units,2,96,769564,769564,true
171,train_single_demo,0.008023909138,0.008023909138,raw_action_units,1.001210213,1.001210213,5.450136185,"[1.0080484152, 1.0257271528, 1.0014910698, 0.9695740342]","[5.4718093872, 5.4924521446, 5.4535317421, 5.3827500343]","[0.0013470802, 0.0017151189, 0.0012323736, 0.0015027961]","[0.0008276227, 0.000584423, 0.0007649862, 0.00018034, 0.0001643315, 0.0001575792, 0.0074661118]",0,0.008023908539,raw_action_units,2,96,769564,769564,true
171,eval_same_demo_teacher_forced,0.007929253702,0.007929253702,raw_action_units,1.000903686,1.000903686,5.448364258,"[1.0064985752, 1.0258427858, 1.0006133318, 0.9706599116]","[5.4678192139, 5.4910464287, 5.4522795677, 5.3823127747]","[0.0035876231, 0.0032758794, 0.0029595634, 0.0040421435]","[0.0007118547, 0.0008684732, 0.0007028817, 0.0001057462, 0.0001645011, 0.0001138986, 0.0215967614]",0,0.007929253436,raw_action_units,2,96,769564,769564,true
172,train_single_demo,0.008033658999,0.008033658999,raw_action_units,1.000996749,1.000996749,5.449207306,"[1.0066996813, 1.0258126259, 1.0005328655, 0.9709423184]","[5.4689488411, 5.4917588234, 5.4527878761, 5.3833312988]","[0.0032146072, 0.0028642053, 0.0040424839, 0.0065639052]","[0.0008764697, 0.0006404845, 0.001462899, 0.0001308291, 0.0002289061, 0.0001257868, 0.0257337298]",0,0.008033658777,raw_action_units,2,96,769564,769564,true
172,eval_same_demo_teacher_forced,0.007198341191,0.007198341191,raw_action_units,1.00105691,1.00105691,5.453138987,"[1.0076842308, 1.0250014067, 1.0012828112, 0.9702593684]","[5.4747085571, 5.4946842194, 5.4571647644, 5.3859963417]","[0.0034506225, 0.0030650776, 0.0026840975, 0.0038743832]","[0.0007689449, 0.0008716089, 0.0007768279, 9.72413e-05, 0.000208712, 0.0001393322, 0.0200171489]",0,0.007198340836,raw_action_units,2,96,769564,769564,true
173,train_single_demo,0.007656896953,0.007656896953,raw_action_units,1.001060943,1.001060943,5.45320797,"[1.007605195, 1.0249892473, 1.001535058, 0.9701142907]","[5.4745621681, 5.4947128296, 5.4575195312, 5.3860359192]","[0.0027589451, 0.002026397, 0.002673584, 0.0030371537]","[0.0010037924, 0.0004927533, 0.0006566403, 0.0001032151, 0.0001889755, 0.000140716, 0.0157820452]",0,0.007656896753,raw_action_units,2,96,769564,769564,true
173,eval_same_demo_teacher_forced,0.008452166493,0.008452166493,raw_action_units,1.000067989,1.000067989,5.450495561,"[1.0054559708, 1.0246371031, 1.0016995668, 0.9684793353]","[5.4692230225, 5.4932303429, 5.457804203, 5.3817234039]","[0.0036751654, 0.0032518459, 0.0028003417, 0.0038609102]","[0.0006432055, 0.0008407321, 0.0012106957, 0.0001740377, 0.0002373516, 7.7419e-05, 0.0205960181]",0,0.008452166049,raw_action_units,2,96,769564,769564,true
174,train_single_demo,0.008452533123,0.008452533123,raw_action_units,1.000248035,1.000248035,5.450803757,"[1.0056198835, 1.0248847008, 1.0017435551, 0.9687440991]","[5.4696426392, 5.4937348366, 5.4578909874, 5.3819451332]","[0.0047750818, 0.0038749895, 0.004045933, 0.003088343]","[0.0011442334, 0.0005799316, 0.00070236, 0.0001316279, 0.0002085974, 9.74979e-05, 0.0247583594]",0,0.008452532547,raw_action_units,2,96,769564,769564,true
174,eval_same_demo_teacher_forced,0.009421427734,0.009421427734,raw_action_units,1.002186855,1.002186855,5.454796632,"[1.0099953413, 1.0254677534, 1.0012379885, 0.9720461369]","[5.4794020653, 5.4953513145, 5.4557533264, 5.3886795044]","[0.0037114099, 0.0034530184, 0.0027924322, 0.0039699255]","[0.0006107198, 0.0008729151, 0.0010552888, 0.0001780151, 0.0002018276, 0.0001068882, 0.0213462189]",0,0.00942142698,raw_action_units,2,96,769564,769564,true
175,train_single_demo,0.009111125022,0.009111125022,raw_action_units,1.001831611,1.001831611,5.453795433,"[1.0098178387, 1.0251961946, 1.0010432005, 0.9712689519]","[5.4786190987, 5.4943695068, 5.455186367, 5.3870081902]","[0.0024824806, 0.0013733963, 0.000994882, 0.0010005027]","[0.0006581179, 0.0005789373, 0.0009646176, 0.0001050333, 0.0002404942, 0.0001407128, 0.0075517944]",0,0.009111124579,raw_action_units,2,96,769564,769564,true
175,eval_same_demo_teacher_forced,0.007799439753,0.007799439753,raw_action_units,0.9994669755,0.9994669755,5.447397232,"[1.0074957609, 1.0243674517, 0.9999377728, 0.9660668373]","[5.4710259438, 5.4899296761, 5.4525103569, 5.3761229515]","[0.0037662692, 0.0033509538, 0.0029584791, 0.0039255172]","[0.0006353028, 0.0008453709, 0.0007311876, 0.0001965831, 0.000188332, 0.0001786981, 0.0217266586]",0,0.007799439487,raw_action_units,2,96,769564,769564,true
176,train_single_demo,0.008193694986,0.008193694986,raw_action_units,0.9994499286,0.9994499286,5.447814941,"[1.0073912144, 1.0244737864, 1.0001639128, 0.9657709599]","[5.4711833, 5.4906349182, 5.453561306, 5.3758797646]","[0.0021992826, 0.0024300448, 0.0016674269, 0.0014223708]","[0.0007125605, 0.0007369479, 0.000786022, 0.0002096568, 0.0001439246, 0.0001094252, 0.010809931]",0,0.008193694765,raw_action_units,2,96,769564,769564,true
176,eval_same_demo_teacher_forced,0.007938937284,0.007938937284,raw_action_units,1.001796881,1.001796881,5.454280853,"[1.0096102953, 1.0271092653, 1.0011557341, 0.9693123698]","[5.4781169891, 5.4979405403, 5.456346035, 5.3847198486]","[0.0035299964, 0.0029531864, 0.0028271787, 0.0042912234]","[0.0007064508, 0.0009380894, 0.0007016444, 0.0001130943, 0.0001640275, 0.0002197314, 0.0209597349]",0,0.007938937062,raw_action_units,2,96,769564,769564,true
177,train_single_demo,0.008388038104,0.008388038104,raw_action_units,1.001990716,1.001990716,5.454437574,"[1.0098949671, 1.0273542404, 1.0007758141, 0.9699380994]","[5.4785766602, 5.4981575012, 5.4554481506, 5.3855671883]","[0.0019654764, 0.00306041, 0.0040082522, 0.0063159228]","[0.0008705729, 0.0011062883, 0.0008542365, 0.0002513381, 0.0001890026, 0.0002562919, 0.0233348776]",0,0.008388037838,raw_action_units,2,96,769564,769564,true
177,eval_same_demo_teacher_forced,0.00846059372,0.00846059372,raw_action_units,1.000225425,1.000225425,5.4503479,"[1.0076736212, 1.0256654024, 1.0002487898, 0.9673137665]","[5.4729881287, 5.494371891, 5.4556026459, 5.3784279823]","[0.0033331588, 0.0029003322, 0.0028791679, 0.0041068695]","[0.0007275099, 0.0007600246, 0.0007667979, 0.0001475094, 0.0001887665, 0.0001235136, 0.0204200521]",0,0.008460593365,raw_action_units,2,96,769564,769564,true
178,train_single_demo,0.009292416275,0.009292416275,raw_action_units,0.9998202324,0.9998202324,5.44995896,"[1.0071822405, 1.0249122381, 1.0005686283, 0.9666178823]","[5.4722857475, 5.49345541, 5.4566645622, 5.3774313927]","[0.0020029466, 0.0036622554, 0.0058210497, 0.008101589]","[0.0011290758, 0.0007661527, 0.0005130661, 0.0001475609, 0.0001800725, 0.0001771645, 0.0313656293]",0,0.00929241592,raw_action_units,2,96,769564,769564,true
178,eval_same_demo_teacher_forced,0.01041048889,0.01041048889,raw_action_units,1.000944138,1.000944138,5.452557882,"[1.0099161863, 1.023012042, 1.0028014183, 0.9680470824]","[5.4780297279, 5.4906845093, 5.4586052895, 5.3829116821]","[0.0035408635, 0.0031387766, 0.0036515454, 0.0049299262]","[0.0009196201, 0.0008127023, 0.0006682418, 0.0001906705, 0.0001952232, 0.0002793409, 0.0236411449]",0,0.01041048836,raw_action_units,2,96,769564,769564,true
179,train_single_demo,0.01122024935,0.01122024935,raw_action_units,1.001236955,1.001236955,5.452107747,"[1.0101578236, 1.0232949257, 1.0028482676, 0.9686467648]","[5.4774851799, 5.4899921417, 5.4575538635, 5.3833999634]","[0.0011021752, 0.0019727836, 0.0038639016, 0.005180038]","[0.0012955348, 0.0007123603, 0.001061537, 0.0001739397, 0.0001541451, 0.0002227295, 0.0175878238]",0,0.01122024904,raw_action_units,2,96,769564,769564,true
179,eval_same_demo_teacher_forced,0.01000538344,0.01000538344,raw_action_units,1.000207265,1.000207265,5.447766145,"[1.0061514378, 1.0241289139, 1.0028322935, 0.967716217]","[5.4673361778, 5.4884076118, 5.4582381248, 5.3770833015]","[0.003709184, 0.0035854988, 0.0033183207, 0.0048619425]","[0.0006165867, 0.0009189683, 0.0006392078, 0.0001517245, 0.0002121243, 9.40637e-05, 0.0244484786]",0,0.01000538326,raw_action_units,2,96,769564,769564,true
180,train_single_demo,0.01106638834,0.01106638834,raw_action_units,1.000173112,1.000173112,5.448515574,"[1.0063740015, 1.0239855051, 1.0031355619, 0.9671974778]","[5.4685339928, 5.4893202782, 5.4598412514, 5.3763656616]","[0.0049075969, 0.0050792722, 0.0046307701, 0.0078868102]","[0.0013691703, 0.0007911008, 0.0007418513, 0.0001739452, 0.0001958127, 0.0001721766, 0.0359387249]",0,0.01106638781,raw_action_units,2,96,769564,769564,true
180,eval_same_demo_teacher_forced,0.009777883378,0.009777883378,raw_action_units,1.001817147,1.001817147,5.456107299,"[1.0102390051, 1.0241780281, 1.0048011541, 0.9680501819]","[5.4810576439, 5.4959998131, 5.4653320312, 5.382039547]","[0.0040391525, 0.0040664482, 0.0031785539, 0.0045122947]","[0.0006585501, 0.0008388521, 0.0012421111, 0.0001708245, 0.0002083675, 0.0002547326, 0.0242703464]",0,0.009777882979,raw_action_units,2,96,769564,769564,true
181,train_single_demo,0.01103190736,0.01103190736,raw_action_units,1.001880527,1.001880527,5.455357234,"[1.0101124048, 1.0243365765, 1.0045081377, 0.9685649276]","[5.4798240662, 5.4952697754, 5.4635300636, 5.3828043938]","[0.0035198482, 0.0039794673, 0.0047889296, 0.0054491558]","[0.001086659, 0.0009523502, 0.0008459021, 0.0001142213, 0.0003019847, 0.0001536344, 0.0275856983]",0,0.01103190652,raw_action_units,2,96,769564,769564,true
181,eval_same_demo_teacher_forced,0.008024985281,0.008024985281,raw_action_units,0.9991597732,0.9991597732,5.444036166,"[1.0049681664, 1.0231169462, 1.0030459166, 0.965508163]","[5.4624190331, 5.4854950905, 5.4560279846, 5.3722019196]","[0.0036203961, 0.0033859692, 0.0028594874, 0.0040444555]","[0.0007004548, 0.0008208755, 0.000991875, 0.0002214622, 0.0002275075, 0.0002037946, 0.0211770684]",0,0.008024984882,raw_action_units,2,96,769564,769564,true
182,train_single_demo,0.009918314715,0.009918314715,raw_action_units,0.9988198876,0.9988198876,5.443481922,"[1.0046128035, 1.0226390362, 1.003223896, 0.9648039937]","[5.4617028236, 5.4846749306, 5.4568753242, 5.3706741333]","[0.0043282262, 0.0039600316, 0.0035556855, 0.0027592061]","[0.0010174663, 0.0007636045, 0.0013996178, 0.0003073298, 0.0002961804, 0.0002660106, 0.0215053018]",0,0.00991831436,raw_action_units,2,96,769564,769564,true
182,eval_same_demo_teacher_forced,0.006963691985,0.006963691985,raw_action_units,1.000643412,1.000643412,5.448935668,"[1.0081065893, 1.0225292444, 1.0052434206, 0.9666945338]","[5.4709625244, 5.4869480133, 5.4619483948, 5.3758850098]","[0.0033340475, 0.0027771338, 0.0025882404, 0.0038771173]","[0.0005681115, 0.0007620113, 0.000851775, 0.0001371905, 0.0003919406, 0.0002124205, 0.0190854929]",0,0.006963691896,raw_action_units,2,96,769564,769564,true
183,train_single_demo,0.008750301475,0.008750301475,raw_action_units,1.001145085,1.001145085,5.450733344,"[1.0087060928, 1.0228329897, 1.005325675, 0.9677159786]","[5.4731879234, 5.4885277748, 5.462688446, 5.3785290718]","[0.0073373816, 0.0052984343, 0.0041026068, 0.0041680615]","[0.0007256178, 0.0008848466, 0.0016448622, 0.0003763604, 0.0003460381, 0.0002496886, 0.0323589332]",0,0.008750301032,raw_action_units,2,96,769564,769564,true
183,eval_same_demo_teacher_forced,0.007417208826,0.007417208826,raw_action_units,1.001372576,1.001372576,5.450245539,"[1.0074448586, 1.0246169567, 1.0044831038, 0.968945682]","[5.4699511528, 5.4908509254, 5.4599971771, 5.3801827431]","[0.003417846, 0.0027958339, 0.0026780192, 0.0042349431]","[0.0005857108, 0.0007644524, 0.000744916, 0.0001557295, 0.000243208, 9.45724e-05, 0.0203830358]",0,0.007417208382,raw_action_units,2,96,769564,769564,true
184,train_single_demo,0.007666452167,0.007666452167,raw_action_units,1.000652115,1.000652115,5.447872798,"[1.0062059164, 1.0242419243, 1.0040291548, 0.9681314826]","[5.4663558006, 5.4889206886, 5.4583377838, 5.3778748512]","[0.0046189288, 0.003242244, 0.0025785447, 0.0048119011]","[0.0007422947, 0.0006919869, 0.0012298566, 0.0003878566, 0.0004612417, 0.0001637605, 0.0230133329]",0,0.007666451945,raw_action_units,2,96,769564,769564,true
184,eval_same_demo_teacher_forced,0.01034304593,0.01034304593,raw_action_units,0.9996707837,0.9996707837,5.442633629,"[1.0041828156, 1.0229381323, 1.0038529634, 0.9677092433]","[5.4585399628, 5.4828014374, 5.4553666115, 5.3738265038]","[0.0047764531, 0.0042339675, 0.0032453954, 0.0041166889]","[0.0006534068, 0.0008125992, 0.0014982875, 0.0002900922, 0.0002774722, 0.000189207, 0.0249308143]",0,0.01034304571,raw_action_units,2,96,769564,769564,true
185,train_single_demo,0.009489143578,0.009489143578,raw_action_units,1.000404596,1.000404596,5.445077578,"[1.005461812, 1.022613287, 1.0045553446, 0.9689884186]","[5.4622616768, 5.4836750031, 5.4573421478, 5.3770313263]","[0.0018151662, 0.0032720829, 0.0035722118, 0.0064897505]","[0.0007164622, 0.0006677977, 0.0006024078, 0.0001567661, 0.0002211551, 0.0002219062, 0.0239246245]",0,0.009489142824,raw_action_units,2,96,769564,769564,true
185,eval_same_demo_teacher_forced,0.01041349334,0.01041349334,raw_action_units,1.002717932,1.002717932,5.454694271,"[1.0094929934, 1.0210660696, 1.0074268579, 0.9728857875]","[5.4761447906, 5.4873924255, 5.4665184021, 5.3887228966]","[0.0038922045, 0.0034601148, 0.0032687199, 0.0049866228]","[0.0006143008, 0.0008722002, 0.0009861902, 0.0003340541, 0.0003574328, 0.0002890938, 0.0238601342]",0,0.01041349272,raw_action_units,2,96,769564,769564,true
186,train_single_demo,0.009650889784,0.009650889784,raw_action_units,1.002233684,1.002233684,5.453268051,"[1.0081800222, 1.0212774277, 1.006991744, 0.9724856019]","[5.4730467796, 5.4871277809, 5.4654288292, 5.3874702454]","[0.0055810749, 0.00282609, 0.0025184595, 0.0024245917]","[0.0006623502, 0.0005100365, 0.0011477006, 0.0002316266, 0.0002060973, 0.0001669724, 0.0204380881]",0,0.009650889607,raw_action_units,2,96,769564,769564,true
186,eval_same_demo_teacher_forced,0.008237990861,0.008237990861,raw_action_units,1.000252803,1.000252803,5.444384893,"[1.00357759, 1.0217131376, 1.0046974421, 0.9710230827]","[5.4583125114, 5.4817824364, 5.4571433067, 5.3803009987]","[0.0035472766, 0.0034110888, 0.0029046813, 0.0042088814]","[0.0007081983, 0.0007048631, 0.000780962, 0.0002344442, 0.000225768, 0.0002085299, 0.0217631068]",0,0.008237990595,raw_action_units,2,96,769564,769564,true
187,train_single_demo,0.008260957121,0.008260957121,raw_action_units,1.000340501,1.000340501,5.444595337,"[1.0039128065, 1.0214586258, 1.0048760176, 0.9711144567]","[5.4589810371, 5.4813232422, 5.4572196007, 5.380859375]","[0.0030429652, 0.0025124664, 0.001487157, 0.0018650224]","[0.000665918, 0.0006383469, 0.0014642118, 0.0005274558, 0.0003538999, 0.0002605966, 0.0116778882]",0,0.008260956655,raw_action_units,2,96,769564,769564,true
187,eval_same_demo_teacher_forced,0.007310194895,0.007310194895,raw_action_units,1.001161575,1.001161575,5.447616895,"[1.0077652931, 1.0197467804, 1.0053504705, 0.9717836976]","[5.4682993889, 5.4800262451, 5.4580779076, 5.3840637207]","[0.003331031, 0.0027253935, 0.0023915772, 0.0038047328]","[0.0006781265, 0.0007321741, 0.0006031637, 0.0002351058, 0.0001862886, 0.0001611034, 0.0188463237]",0,0.007310194629,raw_action_units,2,96,769564,769564,true
188,train_single_demo,0.007452715188,0.007452715188,raw_action_units,1.001204809,1.001204809,5.448494593,"[1.0081763268, 1.0194071531, 1.0051716566, 0.9720641971]","[5.4700660706, 5.4803490639, 5.4585976601, 5.3849654198]","[0.0044598817, 0.0033832311, 0.0030597865, 0.0038867702]","[0.0008300095, 0.0004797835, 0.0006452537, 0.0002529723, 0.0002258141, 0.0002233146, 0.0232247729]",0,0.007452715011,raw_action_units,2,96,769564,769564,true
188,eval_same_demo_teacher_forced,0.007535774571,0.007535774571,raw_action_units,0.999957641,0.999957641,5.449688911,"[1.0064636469, 1.0190616846, 1.0042963028, 0.9700089097]","[5.4705891609, 5.4838428497, 5.4620070457, 5.3823161125]","[0.0033495529, 0.0027900513, 0.0024253037, 0.0039526857]","[0.0005529438, 0.0007120474, 0.0014278586, 0.0003054714, 0.0003580349, 0.0001947011, 0.0183547288]",0,0.007535774083,raw_action_units,2,96,769564,769564,true
189,train_single_demo,0.007703031103,0.007703031103,raw_action_units,0.9996892611,0.9996892611,5.449090004,"[1.0058202744, 1.0194530487, 1.0039668083, 0.9695166945]","[5.4690895081, 5.4844150543, 5.4614090919, 5.381444931]","[0.0031238142, 0.0020447534, 0.0015102582, 0.0036600356]","[0.0006263261, 0.0006547742, 0.0009952526, 0.0001673111, 0.0002056134, 0.0001434811, 0.0153002487]",0,0.007703030571,raw_action_units,2,96,769564,769564,true
189,eval_same_demo_teacher_forced,0.006742306985,0.006742306985,raw_action_units,0.9998789628,0.9998789628,5.450058778,"[1.0048718452, 1.0214461088, 1.0043079853, 0.9688903689]","[5.4673438072, 5.4885978699, 5.4616112709, 5.3826828003]","[0.0032799926, 0.0026461047, 0.0023518645, 0.0036820855]","[0.0006342277, 0.0007739663, 0.0006465678, 0.0001505886, 0.0003012771, 0.0001631841, 0.0182602704]",0,0.006742306763,raw_action_units,2,96,769564,769564,true
190,train_single_demo,0.006955491068,0.006955491068,raw_action_units,1.00011305,1.00011305,5.450531642,"[1.0049923658, 1.0217725039, 1.0046793222, 0.9690080285]","[5.4676380157, 5.4891357422, 5.4621086121, 5.3832440376]","[0.0031555751, 0.0026472595, 0.002285569, 0.0039966241]","[0.0004982646, 0.0005680087, 0.0008335302, 0.0001615024, 0.0002103299, 0.0001746149, 0.018702548]",0,0.006955490935,raw_action_units,2,96,769564,769564,true
190,eval_same_demo_teacher_forced,0.007053517736,0.007053517736,raw_action_units,1.000445763,1.000445763,5.450115204,"[1.0055574179, 1.0213252306, 1.0050319433, 0.9698681831]","[5.4678139687, 5.4870605469, 5.4610562325, 5.3845286369]","[0.003508474, 0.0026573024, 0.0023035917, 0.0034390811]","[0.0005640547, 0.0007553016, 0.0007960696, 0.0001606819, 0.0002067519, 0.0002115655, 0.0181453619]",0,0.007053517337,raw_action_units,2,96,769564,769564,true
191,train_single_demo,0.007345196946,0.007345196946,raw_action_units,1.000122925,1.000122925,5.449084918,"[1.0051420927, 1.0210850239, 1.0046495199, 0.9696153998]","[5.4666500092, 5.4861960411, 5.4602570534, 5.383234024]","[0.0009411953, 0.0012888695, 0.0020463702, 0.0041999333]","[0.0009830878, 0.0006391376, 0.0009222211, 0.0001792946, 0.0003165546, 0.0002583654, 0.0115349824]",0,0.007345196747,raw_action_units,2,96,769564,769564,true
191,eval_same_demo_teacher_forced,0.007000183066,0.007000183066,raw_action_units,0.9992384513,0.9992384513,5.44905599,"[1.0049228668, 1.0202468634, 1.0044745207, 0.9673092961]","[5.4679274559, 5.487177372, 5.4618163109, 5.3793029785]","[0.0032044807, 0.0026421847, 0.0024019822, 0.0036437989]","[0.0005843719, 0.0007289557, 0.0008532733, 0.0001299124, 0.0002780215, 0.000136239, 0.0181010067]",0,0.007000182711,raw_action_units,2,96,769564,769564,true
192,train_single_demo,0.00704803504,0.00704803504,raw_action_units,0.9993870854,0.9993870854,5.449675878,"[1.0051261187, 1.0205936432, 1.0047255754, 0.9671029449]","[5.4686980247, 5.4882769585, 5.4624099731, 5.3793196678]","[0.0049807504, 0.0018761372, 0.001282303, 0.0014404431]","[0.0007432585, 0.0008646733, 0.0012552101, 0.0002186837, 0.0001595098, 0.000159427, 0.0133635951]",0,0.007048034774,raw_action_units,2,96,769564,769564,true
192,eval_same_demo_teacher_forced,0.007718016393,0.007718016393,raw_action_units,1.000485102,1.000485102,5.450821241,"[1.0060833693, 1.0221492052, 1.0052224398, 0.9684855342]","[5.4696822166, 5.4901790619, 5.4611840248, 5.3822398186]","[0.0031746775, 0.0027380658, 0.0025920256, 0.0045711077]","[0.0006648619, 0.0007356743, 0.0006636454, 0.0001784058, 0.0002612417, 0.000184347, 0.0201946069]",0,0.007718015994,raw_action_units,2,96,769564,769564,true
193,train_single_demo,0.007435967059,0.007435967059,raw_action_units,1.000336727,1.000336727,5.44955047,"[1.0056456327, 1.0222377777, 1.0049405098, 0.9685228467]","[5.4677739143, 5.4890685081, 5.4599528313, 5.3814063072]","[0.0020839705, 0.0020677098, 0.0023099792, 0.0026981512]","[0.0006483679, 0.0006647808, 0.0008631339, 0.0001790954, 0.0003349678, 0.0002162765, 0.0131230438]",0,0.007435966638,raw_action_units,2,96,769564,769564,true
193,eval_same_demo_teacher_forced,0.007239940887,0.007239940887,raw_action_units,0.9997201363,0.9997201363,5.444700718,"[1.0050307512, 1.0217634439, 1.0039447546, 0.9681415558]","[5.4626708031, 5.4837679863, 5.4551296234, 5.3772358894]","[0.003369269, 0.0025191172, 0.0025700282, 0.0041976683]","[0.0006212523, 0.0008187886, 0.0008687428, 0.0003056479, 0.0002121968, 0.0001314225, 0.0191900916]",0,0.007239940621,raw_action_units,2,96,769564,769564,true
194,train_single_demo,0.007201322665,0.007201322665,raw_action_units,0.9997107585,0.9997107585,5.44496727,"[1.0052626133, 1.0218318701, 1.0042645931, 0.9674837589]","[5.4633545876, 5.4843125343, 5.4560294151, 5.3761706352]","[0.0017843369, 0.0014546969, 0.0018633645, 0.0037408934]","[0.0007943406, 0.0006469115, 0.0009612718, 0.0001349747, 0.0002203125, 0.0001953027, 0.0125226444]",0,0.007201322487,raw_action_units,2,96,769564,769564,true
194,eval_same_demo_teacher_forced,0.00670646783,0.00670646783,raw_action_units,0.9996695121,0.9996695121,5.448349953,"[1.0051095486, 1.0219553709, 1.0057224035, 0.9658907056]","[5.4664516449, 5.4886984825, 5.4618682861, 5.3763804436]","[0.0031637428, 0.0024343356, 0.0023760728, 0.003751206]","[0.0005745045, 0.0007690114, 0.000839266, 0.0002175869, 0.0002903, 0.000132827, 0.0176958796]",0,0.006706467519,raw_action_units,2,96,769564,769564,true
195,train_single_demo,0.006818327742,0.006818327742,raw_action_units,0.9997101625,0.9997101625,5.44900767,"[1.0045021772, 1.0222154856, 1.0062266588, 0.9658964276]","[5.4658813477, 5.4897675514, 5.4634032249, 5.3769779205]","[0.005173434, 0.0028176515, 0.0026885381, 0.0043404428]","[0.0010721997, 0.0004862604, 0.0007139944, 0.0002675968, 0.0002699712, 0.000188078, 0.023287015]",0,0.006818327521,raw_action_units,2,96,769564,769564,true
195,eval_same_demo_teacher_forced,0.006851688959,0.006851688959,raw_action_units,0.9993174076,0.9993174076,5.449053764,"[1.0024359226, 1.0214267969, 1.0067697763, 0.9666369557]","[5.4625945091, 5.4890189171, 5.4657521248, 5.3788490295]","[0.0030939549, 0.0024514559, 0.0022453591, 0.0036338121]","[0.0005115145, 0.0007417838, 0.0006648775, 0.0001376735, 0.000220268, 0.0001279645, 0.0175889339]",0,0.00685168856,raw_action_units,2,96,769564,769564,true
196,train_single_demo,0.006948278441,0.006948278441,raw_action_units,0.9994071126,0.9994071126,5.448908011,"[1.0027153492, 1.0214192867, 1.0065811872, 0.9669124484]","[5.4628353119, 5.4886803627, 5.4651579857, 5.3789596558]","[0.0022755554, 0.0009089735, 0.0019516777, 0.0030027556]","[0.0006445853, 0.0006190222, 0.0010305091, 0.0002285247, 0.0002088197, 0.0001119136, 0.0113998102]",0,0.006948278241,raw_action_units,2,96,769564,769564,true
196,eval_same_demo_teacher_forced,0.006325202063,0.006325202063,raw_action_units,1.000110666,1.000110666,5.44879818,"[1.0053137541, 1.0222642422, 1.0065202713, 0.966344595]","[5.4663949013, 5.4887719154, 5.4636664391, 5.3763604164]","[0.003119834, 0.0024292774, 0.0022404906, 0.0035241526]","[0.0005669228, 0.0007996236, 0.0004669673, 0.0002136612, 0.0001718374, 0.0001275935, 0.0174524654]",0,0.006325201797,raw_action_units,2,96,769564,769564,true
197,train_single_demo,0.006510735489,0.006510735489,raw_action_units,1.000134965,1.000134965,5.448750178,"[1.0056892633, 1.0223913193, 1.0065333843, 0.9659259319]","[5.4669895172, 5.4889316559, 5.4635262489, 5.3755526543]","[0.0031204263, 0.0015684571, 0.0011426277, 0.0016190718]","[0.0006925392, 0.0007351055, 0.0011223067, 0.0001431825, 0.0001923047, 0.0001121859, 0.0100408951]",0,0.006510735268,raw_action_units,2,96,769564,769564,true
197,eval_same_demo_teacher_forced,0.006543894919,0.006543894919,raw_action_units,1.000008027,1.000008027,5.449570497,"[1.0051959753, 1.023186326, 1.0070961714, 0.9645537734]","[5.466960907, 5.4913935661, 5.4658255577, 5.3741021156]","[0.0031935759, 0.0025067513, 0.0023195364, 0.0035064425]","[0.0005769294, 0.0007331891, 0.0008628655, 0.0001595345, 0.0001630778, 0.0001113942, 0.0175640434]",0,0.006543894609,raw_action_units,2,96,769564,769564,true
198,train_single_demo,0.006537817419,0.006537817419,raw_action_units,0.9998792807,0.9998792807,5.4494524,"[1.0045107603, 1.0229171515, 1.0071749687, 0.9649143815]","[5.465742588, 5.4909515381, 5.466193676, 5.3749222755]","[0.0026077928, 0.0015661867, 0.0007211608, 0.0008002608]","[0.0005909866, 0.0006369729, 0.0006745819, 0.0002116716, 0.000158843, 0.0001127386, 0.0075811571]",0,0.006537816975,raw_action_units,2,96,769564,769564,true
198,eval_same_demo_teacher_forced,0.006517208802,0.006517208802,raw_action_units,1.000136256,1.000136256,5.451503436,"[1.0026885271, 1.0225063562, 1.0077637434, 0.9675864577]","[5.4638476372, 5.4918074608, 5.4689235687, 5.3814349174]","[0.0031337303, 0.0024335415, 0.0022404862, 0.0033999698]","[0.0005071998, 0.0007638633, 0.000646076, 0.0002195083, 0.0001619579, 0.0001223431, 0.0171925742]",0,0.006517208403,raw_action_units,2,96,769564,769564,true
199,train_single_demo,0.006701036977,0.006701036977,raw_action_units,1.000365814,1.000365814,5.452260335,"[1.0030527115, 1.0224847794, 1.0078374147, 0.968088448]","[5.4648957253, 5.4922394753, 5.469203949, 5.3827004433]","[0.0008283881, 0.0011562337, 0.0017907728, 0.0029833817]","[0.0006746818, 0.0005541647, 0.0008054731, 0.0001102858, 0.0001339824, 0.0001220084, 0.0094272615]",0,0.006701036578,raw_action_units,2,96,769564,769564,true
199,eval_same_demo_teacher_forced,0.006307628627,0.006307628627,raw_action_units,1.00051403,1.00051403,5.453482946,"[1.0043878555, 1.0222533941, 1.0090092421, 0.9664056897]","[5.4682869911, 5.4934020042, 5.4724364281, 5.3798069954]","[0.0030783927, 0.0023319281, 0.0022529401, 0.0037657693]","[0.0005698337, 0.000731703, 0.0006217361, 0.0002708072, 0.0002196823, 0.0001104948, 0.0174765456]",0,0.006307628183,raw_action_units,2,96,769564,769564,true
200,train_single_demo,0.006404492073,0.006404492073,raw_action_units,1.000338435,1.000338435,5.452994506,"[1.0043877363, 1.0221356153, 1.0091024637, 0.9657278061]","[5.4680423737, 5.4930205345, 5.472589016, 5.3783249855]","[0.0018560929, 0.0016452543, 0.0014727679, 0.0030769745]","[0.0005389862, 0.0004996614, 0.0006706959, 0.000277199, 0.0002448549, 0.0001361365, 0.0117218718]",0,0.00640449194,raw_action_units,2,96,769564,769564,true
200,eval_same_demo_teacher_forced,0.006147772695,0.006147772695,raw_action_units,1.000478427,1.000478427,5.451834997,"[1.0056140423, 1.0219219923, 1.0096460581, 0.9647318721]","[5.4690570831, 5.4909291267, 5.4721388817, 5.375213623]","[0.0030675789, 0.0023463683, 0.002172821, 0.0034465445]","[0.0005001126, 0.0007119821, 0.0005831945, 0.0001157195, 0.0001766974, 0.0001427814, 0.0170778092]",0,0.006147772606,raw_action_units,2,96,769564,769564,true
201,train_single_demo,0.006103213721,0.006103213721,raw_action_units,1.000672102,1.000672102,5.45186011,"[1.0058926344, 1.0220159292, 1.0097135305, 0.9650661349]","[5.4693336487, 5.4906215668, 5.471768856, 5.3757157326]","[0.0009176158, 0.0018231366, 0.0014990583, 0.0009457429]","[0.0006747422, 0.0004081887, 0.0005177346, 0.0001362321, 0.0001624017, 0.0001078543, 0.0070675644]",0,0.006103213522,raw_action_units,2,96,769564,769564,true
201,eval_same_demo_teacher_forced,0.006596659931,0.006596659931,raw_action_units,1.001287341,1.001287341,5.451853275,"[1.0067189932, 1.0222252607, 1.0095027685, 0.9667024612]","[5.470015049, 5.4890789986, 5.4698047638, 5.3785133362]","[0.0030790083, 0.0023508735, 0.0021797342, 0.0034525713]","[0.0005053944, 0.0007229587, 0.0004794422, 0.0002491913, 0.0002157309, 0.00013058, 0.0170555282]",0,0.006596659621,raw_action_units,2,96,769564,769564,true
202,train_single_demo,0.006485936853,0.006485936853,raw_action_units,1.001193821,1.001193821,5.451758703,"[1.0067344904, 1.0220943689, 1.0094474554, 0.966498673]","[5.4700889587, 5.488931179, 5.4698390961, 5.3781776428]","[0.0021238171, 0.0008037011, 0.0011921353, 0.0019997561]","[0.0005854445, 0.0005860518, 0.0007998028, 0.0001146822, 0.0002211158, 0.0001495171, 0.0082523515]",0,0.006485936454,raw_action_units,2,96,769564,769564,true
202,eval_same_demo_teacher_forced,0.006495709221,0.006495709221,raw_action_units,1.000082254,1.000082254,5.450524171,"[1.0066981316, 1.0208778381, 1.0091738701, 0.9635791183]","[5.4703865051, 5.4880013466, 5.4710326195, 5.3726768494]","[0.0031050381, 0.0024703152, 0.002199203, 0.003588584]","[0.0004662197, 0.0007190761, 0.0005323412, 0.000150395, 0.0002178142, 0.0001127006, 0.0176869482]",0,0.006495708866,raw_action_units,2,96,769564,769564,true
203,train_single_demo,0.006487028208,0.006487028208,raw_action_units,1.00005424,1.00005424,5.450835069,"[1.0067738295, 1.0206357241, 1.0091252327, 0.9636821151]","[5.4709305763, 5.4881014824, 5.4712042809, 5.3731040955]","[0.0030669617, 0.0011912342, 0.0008367035, 0.0009799091]","[0.0005403993, 0.0005587994, 0.0005315787, 0.0001555958, 0.0001802738, 0.0001171835, 0.0085470853]",0,0.006487027875,raw_action_units,2,96,769564,769564,true
203,eval_same_demo_teacher_forced,0.006166260689,0.006166260689,raw_action_units,1.00043722,1.00043722,5.452588558,"[1.0064975023, 1.020549655, 1.0085359812, 0.9661659598]","[5.471824646, 5.4895339012, 5.4703941345, 5.3786010742]","[0.002937468, 0.0022014601, 0.0021813104, 0.0037464702]","[0.0005141029, 0.0006878343, 0.0005754523, 0.000136109, 0.0002196785, 0.0001449016, 0.017088661]",0,0.006166260512,raw_action_units,2,96,769564,769564,true
204,train_single_demo,0.006474419807,0.006474419807,raw_action_units,1.000631173,1.000631173,5.452530861,"[1.0063436031, 1.0208005905, 1.0082339048, 0.9671468139]","[5.4712128639, 5.4895167351, 5.4692783356, 5.3801140785]","[0.0010497499, 0.0023113175, 0.0024855344, 0.0044040983]","[0.0006672933, 0.000754261, 0.0005168179, 0.0001593078, 0.0002125705, 0.0001248521, 0.0155036217]",0,0.006474419541,raw_action_units,2,96,769564,769564,true
204,eval_same_demo_teacher_forced,0.006117479565,0.006117479565,raw_action_units,1.000122031,1.000122031,5.450718085,"[1.0050753355, 1.0206546783, 1.0074020624, 0.967355907]","[5.4674983025, 5.4882416725, 5.4673557281, 5.379776001]","[0.0029347606, 0.0021925112, 0.0020953962, 0.003547824]","[0.000461817, 0.0006547324, 0.0005110663, 0.0001266717, 0.0001621363, 9.79523e-05, 0.0168339834]",0,0.006117479255,raw_action_units,2,96,769564,769564,true
205,train_single_demo,0.006276162341,0.006276162341,raw_action_units,0.9999790589,0.9999790589,5.450698694,"[1.0052727461, 1.020663619, 1.0073825121, 0.9665976167]","[5.4679999352, 5.4885559082, 5.4676747322, 5.3785643578]","[0.0024377052, 0.0020052043, 0.0028813286, 0.0039187684]","[0.0006288174, 0.0006799868, 0.0004713522, 0.000151448, 0.0002210056, 0.0001117443, 0.017410906]",0,0.006276162075,raw_action_units,2,96,769564,769564,true
205,eval_same_demo_teacher_forced,0.0068584426,0.0068584426,raw_action_units,1.00090305,1.00090305,5.455934207,"[1.0048900843, 1.022490263, 1.0087116957, 0.9675200582]","[5.4716229439, 5.4956054688, 5.4731688499, 5.3833389282]","[0.0031192927, 0.0025258835, 0.0023074043, 0.0040500243]","[0.0006452919, 0.0007789626, 0.0006682701, 0.0003636, 0.0004681665, 0.0005235161, 0.0175567511]",0,0.006858442156,raw_action_units,2,96,769564,769564,true
206,train_single_demo,0.006694114146,0.006694114146,raw_action_units,1.000534058,1.000534058,5.4551452,"[1.0051627159, 1.0224894285, 1.0078562498, 0.9666278958]","[5.4718174934, 5.4956316948, 5.4714026451, 5.3817286491]","[0.0016323359, 0.0008636084, 0.0008772141, 0.000918498]","[0.0005061231, 0.0004875911, 0.0006183735, 0.0001293068, 0.0003024211, 0.000187517, 0.0052790656]",0,0.006694113747,raw_action_units,2,96,769564,769564,true
206,eval_same_demo_teacher_forced,0.006285193066,0.006285193066,raw_action_units,0.9996217887,0.9996217887,5.452689171,"[1.0048208237, 1.0223785639, 1.0051593781, 0.9661282897]","[5.4701809883, 5.4951324463, 5.4653115273, 5.3801312447]","[0.0029607741, 0.0024278371, 0.0022830039, 0.0035350707]","[0.0006854543, 0.00068207, 0.0007131439, 0.0001292275, 0.0004427913, 0.0002659637, 0.01669305]",0,0.006285192534,raw_action_units,2,96,769564,769564,true
207,train_single_demo,0.006423245495,0.006423245495,raw_action_units,0.9995404482,0.9995404482,5.452429612,"[1.004573226, 1.0220381021, 1.0050625801, 0.9664878845]","[5.4696006775, 5.4943695068, 5.4651083946, 5.3806405067]","[0.0024876625, 0.0018145585, 0.0020075552, 0.0016657755]","[0.0005943473, 0.000615051, 0.0006595184, 0.0003275185, 0.0001844521, 0.0002267398, 0.0113495877]",0,0.006423245228,raw_action_units,2,96,769564,769564,true
207,eval_same_demo_teacher_forced,0.006146800083,0.006146800083,raw_action_units,0.9998643001,0.9998643001,5.45252641,"[1.0051175356, 1.0211186409, 1.0059021711, 0.9673187137]","[5.4698734283, 5.4918618202, 5.4663925171, 5.3819785118]","[0.0029844288, 0.0022723365, 0.0020707692, 0.0034159953]","[0.0004845026, 0.0006589547, 0.000517188, 0.000235353, 0.0001911222, 0.0001323499, 0.0165817048]",0,0.006146799596,raw_action_units,2,96,769564,769564,true
208,train_single_demo,0.00620630011,0.00620630011,raw_action_units,0.9998612404,0.9998612404,5.452704589,"[1.0053597689, 1.0209882259, 1.0061104298, 0.9669866562]","[5.470489502, 5.4917697906, 5.4669938087, 5.3815646172]","[0.0025291599, 0.0034968045, 0.0032631743, 0.0037113782]","[0.000579399, 0.0005245786, 0.0008772885, 0.0001534316, 0.0002732643, 0.000197215, 0.0201457273]",0,0.006206299932,raw_action_units,2,96,769564,769564,true
208,eval_same_demo_teacher_forced,0.006169442398,0.006169442398,raw_action_units,1.000139316,1.000139316,5.455319722,"[1.0068362951, 1.0215725899, 1.0070174932, 0.965130806]","[5.4753928185, 5.4949860573, 5.4708666801, 5.3800330162]","[0.0028890779, 0.0022175245, 0.0021307033, 0.0036492255]","[0.0005348438, 0.0007230031, 0.000641019, 0.0001647678, 0.0001435113, 0.0001795356, 0.016664749]",0,0.006169442087,raw_action_units,2,96,769564,769564,true
209,train_single_demo,0.006269608779,0.006269608779,raw_action_units,1.000052333,1.000052333,5.45526886,"[1.0066574812, 1.0219714642, 1.0067540407, 0.964826405]","[5.4751572609, 5.4957432747, 5.470720768, 5.3794531822]","[0.000738017, 0.0010358407, 0.0012461239, 0.0027369394]","[0.000718181, 0.0005445207, 0.000513368, 0.0002117628, 0.0001463338, 0.0001442349, 0.0077962107]",0,0.006269608669,raw_action_units,2,96,769564,769564,true
209,eval_same_demo_teacher_forced,0.006079385368,0.006079385368,raw_action_units,0.9998005629,0.9998005629,5.453641574,"[1.0056751966, 1.0237597227, 1.0058475733, 0.963919878]","[5.4720749855, 5.4976029396, 5.4682159424, 5.3766708374]","[0.0029069462, 0.0021605724, 0.0020846752, 0.0035866972]","[0.0004693415, 0.0006592499, 0.00066488, 0.0001460791, 0.0002072208, 0.000118086, 0.0165282022]",0,0.006079385146,raw_action_units,2,96,769564,769564,true
210,train_single_demo,0.006163057871,0.006163057871,raw_action_units,0.9998556376,0.9998556376,5.453076681,"[1.005795002, 1.023750186, 1.0057061911, 0.9641712308]","[5.471616745, 5.4968490601, 5.4671401978, 5.3766999245]","[0.0008447808, 0.0020405215, 0.0026669288, 0.0039407331]","[0.00083382, 0.0005282307, 0.0006429955, 0.0001138833, 0.000165604, 0.0001388097, 0.0141893439]",0,0.006163057649,raw_action_units,2,96,769564,769564,true
210,eval_same_demo_teacher_forced,0.006094982227,0.006094982227,raw_action_units,0.9998686314,0.9998686314,5.452240944,"[1.0060385466, 1.0224862099, 1.0074449778, 0.9635047913]","[5.4709763527, 5.4938197136, 5.4692664146, 5.3749008179]","[0.0029005033, 0.0021435264, 0.0020479839, 0.0038108255]","[0.0005104473, 0.0006297454, 0.0004908672, 0.0002698434, 0.0001853907, 0.0001838805, 0.0168097932]",0,0.006094982049,raw_action_units,2,96,769564,769564,true
211,train_single_demo,0.006139387377,0.006139387377,raw_action_units,0.9999325275,0.9999325275,5.452599208,"[1.0059423447, 1.0222263336, 1.0079160929, 0.9636452794]","[5.4710803032, 5.4936385155, 5.4703769684, 5.3753013611]","[0.0035518615, 0.0031289421, 0.0031287223, 0.0041063572]","[0.0005050737, 0.0005751879, 0.0008015262, 0.0001666195, 0.0002324273, 0.0002048033, 0.0218671542]",0,0.006139387332,raw_action_units,2,96,769564,769564,true
211,eval_same_demo_teacher_forced,0.005981896228,0.005981896228,raw_action_units,0.9997052352,0.9997052352,5.453697522,"[1.0052152872, 1.0199159384, 1.0088348389, 0.9648549557]","[5.4715437889, 5.4913024902, 5.473637104, 5.378305912]","[0.002827008, 0.002145631, 0.0019918282, 0.0036120471]","[0.0005757531, 0.0006874502, 0.000454769, 0.0001351729, 0.0002045816, 0.0001161065, 0.0163350664]",0,0.005981895895,raw_action_units,2,96,769564,769564,true
212,train_single_demo,0.005990851671,0.005990851671,raw_action_units,0.9995952646,0.9995952646,5.453470548,"[1.0049210787, 1.0198088884, 1.0084348917, 0.9652162194]","[5.4710497856, 5.4910559654, 5.4728188515, 5.3789582253]","[0.0029235736, 0.0024452719, 0.0021206653, 0.0033433244]","[0.0005946073, 0.0003849752, 0.0005392741, 0.0001933275, 0.0002238079, 0.0001215174, 0.0168999527]",0,0.005990851493,raw_action_units,2,96,769564,769564,true
212,eval_same_demo_teacher_forced,0.005954095783,0.005954095783,raw_action_units,0.9989711046,0.9989711046,5.452633858,"[1.0041294098, 1.019502759, 1.0066304207, 0.9656217694]","[5.470161438, 5.4911198616, 5.469440937, 5.3798141479]","[0.0028622809, 0.0022545781, 0.002054662, 0.0035296392]","[0.0004291984, 0.0006820192, 0.0005180681, 0.0001209596, 0.0002154683, 0.0002481634, 0.0165131539]",0,0.005954095295,raw_action_units,2,96,769564,769564,true
213,train_single_demo,0.006042813417,0.006042813417,raw_action_units,0.9988633792,0.9988633792,5.452445507,"[1.0040855408, 1.0196057558, 1.0064228773, 0.9653393626]","[5.4700679779, 5.4913897514, 5.4690151215, 5.3793091774]","[0.0005089501, 0.0010950072, 0.001687785, 0.0033381823]","[0.0007379726, 0.000495305, 0.0005920587, 0.000118246, 0.0001855572, 0.0001812403, 0.0092919869]",0,0.006042813084,raw_action_units,2,96,769564,769564,true
213,eval_same_demo_teacher_forced,0.006026237582,0.006026237582,raw_action_units,0.998077035,0.998077035,5.45176665,"[1.0031957626, 1.0197210312, 1.0071789026, 0.9622126222]","[5.468744278, 5.4927248955, 5.4715919495, 5.3740048409]","[0.0029015476, 0.002152404, 0.0021076987, 0.0034817134]","[0.0005407215, 0.000670235, 0.0004585237, 0.0002750987, 0.0002420826, 0.0001653251, 0.016273899]",0,0.006026237493,raw_action_units,2,96,769564,769564,true
214,train_single_demo,0.006130725456,0.006130725456,raw_action_units,0.998118182,0.998118182,5.452206453,"[1.0028823614, 1.0198757648, 1.0074887276, 0.9622259736]","[5.468547821, 5.4933514595, 5.4725956917, 5.3743305206]","[0.0033823203, 0.0019105462, 0.0023879437, 0.0021704929]","[0.0005550888, 0.0007102476, 0.0005044091, 0.0001691615, 0.0001802793, 0.0002226757, 0.0148979174]",0,0.006130724968,raw_action_units,2,96,769564,769564,true
214,eval_same_demo_teacher_forced,0.006081955507,0.006081955507,raw_action_units,0.9996239742,0.9996239742,5.456896782,"[1.0030232668, 1.0217462778, 1.0084891319, 0.9652371407]","[5.471051693, 5.4983916283, 5.4761161804, 5.3820261955]","[0.002853686, 0.0021006858, 0.0021047934, 0.0037597453]","[0.00047241, 0.0006567091, 0.0005006233, 0.0001807848, 0.0001928797, 0.0002775263, 0.0166521575]",0,0.006081955241,raw_action_units,2,96,769564,769564,true
215,train_single_demo,0.006262632087,0.006262632087,raw_action_units,0.9997987151,0.9997987151,5.457008044,"[1.0031579733, 1.0217813253, 1.0081609488, 0.9660946727]","[5.4710922241, 5.498196125, 5.475212574, 5.3835296631]","[0.004734131, 0.00316748, 0.0024458829, 0.0032977925]","[0.0005678983, 0.0004682999, 0.0006431164, 0.0001610005, 0.0002210635, 0.0001561048, 0.0216617677]",0,0.006262631998,raw_action_units,2,96,769564,769564,true
215,eval_same_demo_teacher_forced,0.006029671679,0.006029671679,raw_action_units,0.9996281465,0.9996281465,5.455342929,"[1.0036722422, 1.0211466551, 1.008027792, 0.9656656384]","[5.470249176, 5.4957256317, 5.4742226601, 5.3811736107]","[0.0028003824, 0.0021270139, 0.0020519162, 0.0035680316]","[0.0004790431, 0.000590274, 0.0005536706, 0.0001715858, 0.0001527688, 0.000171172, 0.0163393375]",0,0.006029671502,raw_action_units,2,96,769564,769564,true
216,train_single_demo,0.006217242684,0.006217242684,raw_action_units,0.9995482564,0.9995482564,5.455044746,"[1.0039120913, 1.0209685564, 1.0082343817, 0.9650778174]","[5.4704322815, 5.4953122139, 5.4744820595, 5.3799514771]","[0.0010652258, 0.0015704222, 0.0024207814, 0.0031352229]","[0.0004611472, 0.0004649991, 0.0005675482, 0.000215022, 0.0001842292, 0.0002654576, 0.0121769877]",0,0.006217242352,raw_action_units,2,96,769564,769564,true
216,eval_same_demo_teacher_forced,0.005856322125,0.005856322125,raw_action_units,0.9996004899,0.9996004899,5.456504663,"[1.0049268007, 1.0205330849, 1.0098069906, 0.9631350636]","[5.4736480713, 5.4961662292, 5.4779925346, 5.3782119751]","[0.0028021336, 0.001970184, 0.0020175846, 0.0036708091]","[0.0005093393, 0.0006432979, 0.0005314937, 0.0001520385, 0.0001332718, 0.0001292374, 0.0162075665]",0,0.005856321681,raw_action_units,2,96,769564,769564,true
217,train_single_demo,0.006151630698,0.006151630698,raw_action_units,0.9997853438,0.9997853438,5.456978162,"[1.0049138069, 1.0208339691, 1.0098543167, 0.9635391235]","[5.4738440514, 5.4967708588, 5.4780311584, 5.3792653084]","[0.001557964, 0.00227948, 0.0030014708, 0.0036169039]","[0.0007398836, 0.0003373596, 0.0005524788, 0.0001199995, 0.000130997, 0.000203485, 0.0162134804]",0,0.006151630588,raw_action_units,2,96,769564,769564,true
217,eval_same_demo_teacher_forced,0.005969794778,0.005969794778,raw_action_units,0.9996535778,0.9996535778,5.45629247,"[1.0026751757, 1.0215916634, 1.0089139938, 0.9654334188]","[5.469473362, 5.4974617958, 5.4761605263, 5.3820729256]","[0.0028616656, 0.002106142, 0.0021172184, 0.0034700728]","[0.000440468, 0.000621154, 0.0004743224, 0.0002408282, 0.0001399541, 0.0002527152, 0.0163019784]",0,0.005969794556,raw_action_units,2,96,769564,769564,true
218,train_single_demo,0.006247452615,0.006247452615,raw_action_units,0.9995723963,0.9995723963,5.455811183,"[1.0025912523, 1.0215338469, 1.008752346, 0.9654121399]","[5.4689354897, 5.4970664978, 5.4755825996, 5.3816599846]","[0.0019449623, 0.0031361275, 0.0018160776, 0.0011371077]","[0.0007066528, 0.0005988629, 0.00077477, 0.0001268088, 0.0001717345, 8.67709e-05, 0.0115943812]",0,0.00624745215,raw_action_units,2,96,769564,769564,true
218,eval_same_demo_teacher_forced,0.005840047883,0.005840047883,raw_action_units,0.9998526176,0.9998526176,5.455593745,"[1.0046399832, 1.0209271908, 1.0074191093, 0.9664244056]","[5.4722485542, 5.4956307411, 5.4716835022, 5.3828110695]","[0.0028766869, 0.0020487113, 0.0021080037, 0.0033798304]","[0.0004693281, 0.0005801244, 0.0005586144, 0.0001698021, 0.0001340037, 0.0001729207, 0.0161383618]",0,0.005840047662,raw_action_units,2,96,769564,769564,true
219,train_single_demo,0.006392958884,0.006392958884,raw_action_units,0.9999741713,0.9999741713,5.456047058,"[1.0051879883, 1.0209062099, 1.0072067976, 0.9665956497]","[5.4735636711, 5.4958128929, 5.4713301659, 5.3834834099]","[0.0022602989, 0.0018588678, 0.0029355919, 0.0051947455]","[0.0007555953, 0.0004652447, 0.0006805398, 0.0001499765, 0.0001248468, 0.0002509674, 0.0190094579]",0,0.006392958618,raw_action_units,2,96,769564,769564,true
219,eval_same_demo_teacher_forced,0.005654043673,0.005654043673,raw_action_units,0.9991912842,0.9991912842,5.454908053,"[1.0049889088, 1.0200285912, 1.0067843199, 0.9649633765]","[5.4732613564, 5.4942646027, 5.471446991, 5.3806595802]","[0.0027428381, 0.0020334476, 0.0019372123, 0.0033893588]","[0.0004824553, 0.0005885144, 0.0005185319, 0.0001225011, 0.0001393636, 0.0001115583, 0.0157170743]",0,0.005654043562,raw_action_units,2,96,769564,769564,true
220,train_single_demo,0.00614397414,0.00614397414,raw_action_units,0.9989933173,0.9989933173,5.454735597,"[1.0044138432, 1.0199891329, 1.0069791079, 0.9645912051]","[5.4722161293, 5.4943580627, 5.4723887444, 5.3799777031]","[0.0027354003, 0.0020028909, 0.0016976503, 0.0036485912]","[0.0007063005, 0.0004514648, 0.0006073779, 0.0001153514, 0.0001573004, 0.000123924, 0.0154862115]",0,0.006143973697,raw_action_units,2,96,769564,769564,true
220,eval_same_demo_teacher_forced,0.005847723068,0.005847723068,raw_action_units,0.9992530346,0.9992530346,5.456409136,"[1.0030118227, 1.0211724043, 1.0074769258, 0.9653509259]","[5.4707856178, 5.4976563454, 5.4746842384, 5.3825116158]","[0.0027209169, 0.0019358409, 0.0020520433, 0.0035318227]","[0.0004323543, 0.0005982771, 0.0004510945, 0.0002049889, 0.0001373394, 0.0002555127, 0.0158415232]",0,0.005847722647,raw_action_units,2,96,769564,769564,true
221,train_single_demo,0.006239238816,0.006239238816,raw_action_units,0.9995386203,0.9995386203,5.456687609,"[1.0033878088, 1.0215010643, 1.0074492693, 0.9658161998]","[5.4712715149, 5.4980201721, 5.4740810394, 5.3833765984]","[0.0015307871, 0.0024189211, 0.0026586344, 0.0030013053]","[0.0008027899, 0.0003785033, 0.0006836175, 0.000101523, 0.0001429131, 0.0002172677, 0.0144902691]",0,0.006239238594,raw_action_units,2,96,769564,769564,true
221,eval_same_demo_teacher_forced,0.005637016768,0.005637016768,raw_action_units,0.9995611906,0.9995611906,5.455862999,"[1.0034998655, 1.021879673, 1.0072646141, 0.9656005502]","[5.4704794884, 5.4979782104, 5.472764492, 5.3822302818]","[0.002811522, 0.0019386504, 0.0019390435, 0.0035299154]","[0.0004630575, 0.0005565899, 0.0005170771, 0.0001362739, 0.0001583726, 0.00016077, 0.0158913378]",0,0.00563701668,raw_action_units,2,96,769564,769564,true
222,train_single_demo,0.005930709032,0.005930709032,raw_action_units,0.9992756049,0.9992756049,5.455266953,"[1.0031781197, 1.0216542482, 1.007232666, 0.9650373459]","[5.4697709084, 5.4974656105, 5.4728293419, 5.381002903]","[0.002684731, 0.0012324605, 0.0011796852, 0.0010125795]","[0.0005226813, 0.0004784267, 0.0005367832, 0.0001238137, 0.000144541, 0.0001893721, 0.0086959293]",0,0.005930708633,raw_action_units,2,96,769564,769564,true
222,eval_same_demo_teacher_forced,0.00573593316,0.00573593316,raw_action_units,0.9988430341,0.9988430341,5.45454073,"[1.0029568672, 1.0212777853, 1.0074282885, 0.9637091756]","[5.469379425, 5.4965529442, 5.4731178284, 5.3791122437]","[0.002774887, 0.0020560396, 0.0021501596, 0.0033744925]","[0.0005030798, 0.000619855, 0.0005295039, 0.0001437666, 0.0002405572, 0.0002195282, 0.0158659685]",0,0.005735933071,raw_action_units,2,96,769564,769564,true
223,train_single_demo,0.005820441525,0.005820441525,raw_action_units,0.9990185499,0.9990185499,5.455079397,"[1.0031210184, 1.0213319063, 1.0077060461, 0.9639151692]","[5.4699788094, 5.4968066216, 5.4737505913, 5.3797821999]","[0.0051581091, 0.0026486216, 0.0014864913, 0.0012075827]","[0.0006306497, 0.0003684624, 0.0006002506, 0.0001049383, 0.0001709152, 0.0001700857, 0.0163311083]",0,0.005820441282,raw_action_units,2,96,769564,769564,true
223,eval_same_demo_teacher_forced,0.005829254941,0.005829254941,raw_action_units,0.9995917877,0.9995917877,5.456661701,"[1.0037235022, 1.0208486319, 1.007563591, 0.9662315845]","[5.4721398354, 5.4964156151, 5.4737381935, 5.3843517303]","[0.0027478964, 0.0019541637, 0.0020207495, 0.0033650354]","[0.0004118572, 0.0005784013, 0.000416023, 0.000123927, 0.0001587138, 0.000107231, 0.0158575736]",0,0.005829254609,raw_action_units,2,96,769564,769564,true
224,train_single_demo,0.00577336705,0.00577336705,raw_action_units,0.9995692571,0.9995692571,5.456294378,"[1.0037654638, 1.0206295252, 1.0075930357, 0.9662887454]","[5.4718871117, 5.4957332611, 5.4736990929, 5.3838591576]","[0.0005568211, 0.0014688188, 0.0017852001, 0.0023269677]","[0.0005405578, 0.0004096512, 0.0004999742, 0.0001861148, 0.0002386692, 0.0001237584, 0.0087424368]",0,0.005773366917,raw_action_units,2,96,769564,769564,true
224,eval_same_demo_teacher_forced,0.006157822441,0.006157822441,raw_action_units,0.9989307721,0.9989307721,5.454771042,"[1.0036382675, 1.0191286802, 1.0070713758, 0.9658848643]","[5.471227169, 5.4929389954, 5.4730477333, 5.3818707466]","[0.0026985814, 0.0019293326, 0.0022094573, 0.0037832328]","[0.0004755908, 0.0005731083, 0.0003844041, 0.0001668101, 0.0001864747, 0.000165013, 0.0166346543]",0,0.006157822197,raw_action_units,2,96,769564,769564,true
225,train_single_demo,0.006123582833,0.006123582833,raw_action_units,0.9990847905,0.9990847905,5.455239296,"[1.003862977, 1.0193603039, 1.007319808, 0.9657960534]","[5.4717845917, 5.4935364723, 5.4734940529, 5.3821411133]","[0.001692472, 0.0018770872, 0.0019555707, 0.0033773219]","[0.0005169787, 0.0003830117, 0.000700524, 8.52821e-05, 0.0001507382, 7.72812e-05, 0.0136654722]",0,0.006123582522,raw_action_units,2,96,769564,769564,true
225,eval_same_demo_teacher_forced,0.005640354628,0.005640354628,raw_action_units,0.9992024501,0.9992024501,5.457014402,"[1.0033885241, 1.0200830698, 1.0067900419, 0.9665480256]","[5.4723262787, 5.496471405, 5.4734826088, 5.3857765198]","[0.0026319243, 0.0018955554, 0.0020372132, 0.0035325631]","[0.0005987259, 0.0005879966, 0.0004391384, 0.0001180652, 0.0001924258, 0.0001314058, 0.0156024396]",0,0.005640354185,raw_action_units,2,96,769564,769564,true
226,train_single_demo,0.00558629275,0.00558629275,raw_action_units,0.9991649588,0.9991649588,5.456813494,"[1.0031088591, 1.0201869011, 1.0065928698, 0.9667713046]","[5.47159338, 5.496489048, 5.4731202126, 5.3860526085]","[0.0035461767, 0.0022677996, 0.0013494127, 0.0012081523]","[0.0005747737, 0.0003871347, 0.0004289669, 8.40926e-05, 0.0001710087, 0.0001399807, 0.0128642395]",0,0.005586292417,raw_action_units,2,96,769564,769564,true
226,eval_same_demo_teacher_forced,0.005552878603,0.005552878603,raw_action_units,0.9993388653,0.9993388653,5.456931909,"[1.0022019148, 1.020578742, 1.0062426329, 0.9683321118]","[5.4694461823, 5.4970726967, 5.4728522301, 5.388355732]","[0.0026571692, 0.0018689585, 0.001983976, 0.003426505]","[0.0004059414, 0.0005929572, 0.0003899436, 0.0001221003, 0.0001251994, 0.0001052419, 0.0156476814]",0,0.005552878337,raw_action_units,2,96,769564,769564,true
227,train_single_demo,0.00556755097,0.00556755097,raw_action_units,0.9995089571,0.9995089571,5.457413673,"[1.0021870136, 1.0208255053, 1.0066567659, 0.9683663249]","[5.469581604, 5.497695446, 5.473815918, 5.3885617256]","[0.001757252, 0.0016394927, 0.0011408577, 0.0009892326]","[0.0004699451, 0.0003701102, 0.0006225907, 0.0001217407, 0.0001727808, 8.31777e-05, 0.0078316154]",0,0.005567550837,raw_action_units,2,96,769564,769564,true
227,eval_same_demo_teacher_forced,0.005434213361,0.005434213361,raw_action_units,0.9997649193,0.9997649193,5.459265073,"[1.0023636818, 1.0210390091, 1.0074892044, 0.9681677818]","[5.4714655876, 5.4995436668, 5.4766030312, 5.3894476891]","[0.0026647828, 0.0018986751, 0.0018958459, 0.0033760918]","[0.0004053263, 0.0005381618, 0.000385538, 0.0001090278, 0.0001559268, 9.7432e-05, 0.015520528]",0,0.005434213117,raw_action_units,2,96,769564,769564,true
228,train_single_demo,0.005515748324,0.005515748324,raw_action_units,0.9996185899,0.9996185899,5.459149361,"[1.0024064779, 1.0207768679, 1.0073772669, 0.9679136872]","[5.4717254639, 5.4992251396, 5.4765896797, 5.3890571594]","[0.0024681082, 0.0012612812, 0.0013074117, 0.0032165179]","[0.0005872335, 0.0004144088, 0.0004931333, 7.3251e-05, 0.0001261608, 9.43635e-05, 0.0126547553]",0,0.005515748191,raw_action_units,2,96,769564,769564,true
228,eval_same_demo_teacher_forced,0.005458012378,0.005458012378,raw_action_units,0.9990106026,0.9990106026,5.458681742,"[1.0014925003, 1.020186305, 1.0070258379, 0.9673376679]","[5.4706687927, 5.4988131523, 5.4767899513, 5.3884549141]","[0.0026492157, 0.0019099481, 0.0019248148, 0.0032952449]","[0.0004461863, 0.0005357721, 0.0004401033, 0.0001548824, 0.0001463302, 9.88137e-05, 0.0152915521]",0,0.005458012046,raw_action_units,2,96,769564,769564,true
229,train_single_demo,0.005471071733,0.005471071733,raw_action_units,0.9990866582,0.9990866582,5.459061623,"[1.0015343428, 1.0201796293, 1.0072175264, 0.9674150944]","[5.4709815979, 5.4991335869, 5.4773159027, 5.388815403]","[0.0004574307, 0.0004993778, 0.0005272129, 0.0004344735]","[0.0004926533, 0.0003260062, 0.0005349529, 0.0001161587, 0.0001333106, 8.03356e-05, 0.0016739485]",0,0.005471071494,raw_action_units,2,96,769564,769564,true
229,eval_same_demo_teacher_forced,0.005314527235,0.005314527235,raw_action_units,0.9995781978,0.9995781978,5.459546725,"[1.0023213625, 1.0202161074, 1.0077522993, 0.9680232406]","[5.4719443321, 5.4990000725, 5.4773726463, 5.3898696899]","[0.0026869138, 0.0018391599, 0.0019061775, 0.0032478552]","[0.0004275884, 0.000538366, 0.0003659006, 0.0001027963, 0.000132183, 9.72671e-05, 0.0152760847]",0,0.005314526991,raw_action_units,2,96,769564,769564,true
230,train_single_demo,0.005368007502,0.005368007502,raw_action_units,0.9996080001,0.9996080001,5.459363937,"[1.0024021864, 1.020277977, 1.0077835321, 0.9679684639]","[5.4718151093, 5.4988365173, 5.4771790504, 5.3896255493]","[0.0007547987, 0.0018043075, 0.0024952809, 0.0046770992]","[0.000434378, 0.0004664985, 0.0005400444, 0.0001347178, 0.0001601774, 9.04281e-05, 0.0152038569]",0,0.005368007081,raw_action_units,2,96,769564,769564,true
230,eval_same_demo_teacher_forced,0.005334772946,0.005334772946,raw_action_units,0.9997263749,0.9997263749,5.459501108,"[1.0031763315, 1.020195365, 1.0077328682, 0.9678008556]","[5.4733376503, 5.4987311363, 5.4767055511, 5.3892288208]","[0.0025963674, 0.0018186258, 0.0018682488, 0.0032858613]","[0.0004152287, 0.0005445275, 0.0003586008, 0.0001412886, 0.0001288482, 0.0001009169, 0.0150565179]",0,0.005334772524,raw_action_units,2,96,769564,769564,true
231,train_single_demo,0.005350192621,0.005350192621,raw_action_units,0.9996700287,0.9996700287,5.459582329,"[1.0031632185, 1.020181179, 1.0076777935, 0.9676577449]","[5.4735455513, 5.498916626, 5.4768333435, 5.3890337944]","[0.0005342462, 0.0004564147, 0.0010002762, 0.0024470619]","[0.0003563991, 0.0005123258, 0.0005610506, 8.95813e-05, 0.0001401294, 7.44421e-05, 0.0060325689]",0,0.005350192299,raw_action_units,2,96,769564,769564,true
231,eval_same_demo_teacher_forced,0.005371220876,0.005371220876,raw_action_units,0.9992552598,0.9992552598,5.45959727,"[1.0024751425, 1.0202459097, 1.0074285269, 0.9668716788]","[5.4732575417, 5.4999084473, 5.4775872231, 5.3876357079]","[0.0025589212, 0.001754982, 0.001964946, 0.0034424181]","[0.0003803638, 0.0005376441, 0.0004689091, 0.0001377897, 0.0001400607, 9.76255e-05, 0.0152498232]",0,0.005371220587,raw_action_units,2,96,769564,769564,true
232,train_single_demo,0.005397930431,0.005397930431,raw_action_units,0.999215126,0.999215126,5.459653219,"[1.0023986101, 1.0202153921, 1.0075868368, 0.9666597247]","[5.4732241631, 5.499976635, 5.4780049324, 5.387406826]","[0.0040051751, 0.0010661428, 0.0006998256, 0.0012955976]","[0.000505489, 0.000394192, 0.0004076165, 8.24669e-05, 0.0001201172, 0.000111713, 0.0107452013]",0,0.005397930387,raw_action_units,2,96,769564,769564,true
232,eval_same_demo_teacher_forced,0.005259030964,0.005259030964,raw_action_units,0.9991443952,0.9991443952,5.459730625,"[1.0026823282, 1.0197005272, 1.0082210302, 0.9659736753]","[5.4737687111, 5.4991855621, 5.4792532921, 5.3867144585]","[0.0025501188, 0.001741814, 0.0018942091, 0.0033490125]","[0.0004112112, 0.0005415741, 0.0003868345, 0.0001265998, 0.0001389307, 0.0001035222, 0.0149778472]",0,0.005259030809,raw_action_units,2,96,769564,769564,true
233,train_single_demo,0.005339479695,0.005339479695,raw_action_units,0.9991377592,0.9991377592,5.459720612,"[1.0028207302, 1.0193704367, 1.0082216263, 0.9661383033]","[5.474006176, 5.4985847473, 5.4792518616, 5.3870387077]","[0.0016026343, 0.0028059438, 0.002794069, 0.0029551454]","[0.0004476066, 0.0003492452, 0.0005185812, 0.000117081, 0.0001334985, 8.63827e-05, 0.01612374]",0,0.005339479517,raw_action_units,2,96,769564,769564,true
233,eval_same_demo_teacher_forced,0.005246116935,0.005246116935,raw_action_units,0.999182264,0.999182264,5.459828059,"[1.0026265383, 1.0188251734, 1.0079362392, 0.9673407078]","[5.4735474586, 5.4977250099, 5.4789147377, 5.3891243935]","[0.0025920139, 0.0017215846, 0.0018568598, 0.0033240353]","[0.0003696601, 0.0005115863, 0.0004531087, 0.0001069221, 0.0001244857, 0.000100298, 0.0149493022]",0,0.005246116647,raw_action_units,2,96,769564,769564,true
234,train_single_demo,0.005323363002,0.005323363002,raw_action_units,0.9992374182,0.9992374182,5.460093975,"[1.0024802685, 1.018974781, 1.0078238249, 0.9676708579]","[5.4734625816, 5.4981918335, 5.4788203239, 5.3898997307]","[0.0006052058, 0.0015595985, 0.0020598096, 0.0033924815]","[0.0005250316, 0.0003725093, 0.0005621266, 0.0001031632, 0.0001410683, 8.92479e-05, 0.0115367696]",0,0.005323362847,raw_action_units,2,96,769564,769564,true
234,eval_same_demo_teacher_forced,0.005400987497,0.005400987497,raw_action_units,0.9987022479,0.9987022479,5.460628668,"[1.0008431673, 1.0192854404, 1.0077095032, 0.9669707417]","[5.4718899727, 5.5007529259, 5.4804859161, 5.3893847466]","[0.0025523077, 0.0017061923, 0.0019339928, 0.0033316321]","[0.0003782901, 0.0005523452, 0.0004155938, 0.0001273628, 0.0001371744, 9.71698e-05, 0.0149592822]",0,0.005400987253,raw_action_units,2,96,769564,769564,true
235,train_single_demo,0.005425329863,0.005425329863,raw_action_units,0.9986212254,0.9986212254,5.460719426,"[1.0007015467, 1.0192755461, 1.0079442263, 0.9665635228]","[5.4718108177, 5.5010356903, 5.481118679, 5.3889126778]","[0.0006748582, 0.0015093224, 0.0013516811, 0.0008746081]","[0.000509519, 0.0004948348, 0.0006080359, 8.083e-05, 0.0001186105, 8.06432e-05, 0.0058258492]",0,0.005425329719,raw_action_units,2,96,769564,769564,true
235,eval_same_demo_teacher_forced,0.005268730378,0.005268730378,raw_action_units,0.9986056487,0.9986056487,5.460697492,"[1.0004037619, 1.019385457, 1.0079985857, 0.9666345716]","[5.4712738991, 5.5011062622, 5.4804821014, 5.3899273872]","[0.0025543247, 0.0017081852, 0.0018540361, 0.0034214689]","[0.0004585848, 0.0005287383, 0.0003605116, 0.0001145606, 0.0001102088, 8.67033e-05, 0.0150322178]",0,0.005268730223,raw_action_units,2,96,769564,769564,true
236,train_single_demo,0.005448814792,0.005448814792,raw_action_units,0.998584191,0.998584191,5.460339864,"[1.0003246069, 1.0193120241, 1.0076755285, 0.9670246243]","[5.4708137512, 5.5005488396, 5.4795393944, 5.3904590607]","[0.0017441738, 0.001055793, 0.0016980647, 0.0035534874]","[0.0004575946, 0.0005737698, 0.0006026143, 9.1423e-05, 0.0001350914, 8.78678e-05, 0.0121417977]",0,0.005448814481,raw_action_units,2,96,769564,769564,true
236,eval_same_demo_teacher_forced,0.005247180661,0.005247180661,raw_action_units,0.9984798034,0.9984798034,5.460065842,"[1.0013414621, 1.0185490847, 1.0073877573, 0.9666409492]","[5.4727892876, 5.4991874695, 5.4791893959, 5.3890972137]","[0.0025225065, 0.0016554687, 0.0018654825, 0.0033149526]","[0.0004150056, 0.0005025712, 0.0003772583, 0.0001033811, 0.0001127333, 0.00010208, 0.0147641869]",0,0.005247180483,raw_action_units,2,96,769564,769564,true
237,train_single_demo,0.005471031958,0.005471031958,raw_action_units,0.9984094302,0.9984094302,5.460443497,"[1.0015281439, 1.0184167624, 1.0073553324, 0.9663376212]","[5.473690033, 5.499578476, 5.4798488617, 5.3886566162]","[0.0040386887, 0.0027132938, 0.0028940116, 0.0038490759]","[0.0006557833, 0.0003935343, 0.0005128199, 9.54326e-05, 0.0001150601, 9.67529e-05, 0.0217469875]",0,0.005471031935,raw_action_units,2,96,769564,769564,true
237,eval_same_demo_teacher_forced,0.005523392775,0.005523392775,raw_action_units,0.9991534551,0.9991534551,5.463113467,"[1.0025917292, 1.0196727514, 1.0082720518, 0.9660771489]","[5.4773898125, 5.5033454895, 5.4823913574, 5.3893265724]","[0.0025281829, 0.0016799119, 0.0019390235, 0.003794106]","[0.0003987977, 0.0005515689, 0.0006552609, 0.0001136056, 0.0001226723, 9.0607e-05, 0.01546463]",0,0.005523392487,raw_action_units,2,96,769564,769564,true
238,train_single_demo,0.005615163905,0.005615163905,raw_action_units,0.999250253,0.999250253,5.462798119,"[1.0024147034, 1.0199165344, 1.0082553625, 0.9664144516]","[5.4765586853, 5.5031929016, 5.4817638397, 5.3896765709]","[0.0016995823, 0.0017231231, 0.0015836139, 0.0020014641]","[0.0005472868, 0.0003501149, 0.0004871353, 0.0001131569, 0.0001200914, 8.85665e-05, 0.0105572706]",0,0.005615163594,raw_action_units,2,96,769564,769564,true
238,eval_same_demo_teacher_forced,0.005584836317,0.005584836317,raw_action_units,0.9988073508,0.9988073508,5.460838477,"[0.9999808669, 1.0207197666, 1.0082582235, 0.9662703872]","[5.4702010155, 5.5031661987, 5.4811134338, 5.3888735771]","[0.0025253093, 0.0018662951, 0.0020214852, 0.0034094716]","[0.0003800181, 0.0005482729, 0.0004186482, 0.0001082809, 0.0001257369, 9.48565e-05, 0.0155136697]",0,0.005584836006,raw_action_units,2,96,769564,769564,true
239,train_single_demo,0.005871874435,0.005871874435,raw_action_units,0.9986320337,0.9986320337,5.460953236,"[0.9999477267, 1.0203183889, 1.00814116, 0.9661206603]","[5.4705257416, 5.5030083656, 5.481367588, 5.3889107704]","[0.0017163382, 0.0015043258, 0.0022436741, 0.0035996316]","[0.0004951844, 0.000423334, 0.0005260305, 0.0001147042, 0.0001090387, 8.5115e-05, 0.0141085386]",0,0.005871874059,raw_action_units,2,96,769564,769564,true
239,eval_same_demo_teacher_forced,0.005878928894,0.005878928894,raw_action_units,0.9992719491,0.9992719491,5.46476237,"[1.0019999743, 1.0197029114, 1.0090970993, 0.9662877917]","[5.4772734642, 5.5049233437, 5.4847278595, 5.392124176]","[0.0026558435, 0.0016940087, 0.0019925621, 0.0035834126]","[0.0004454889, 0.0004990545, 0.0003802978, 0.0001287638, 0.000117937, 9.71484e-05, 0.0157015081]",0,0.005878928517,raw_action_units,2,96,769564,769564,true
240,train_single_demo,0.005876598104,0.005876598104,raw_action_units,0.9993189573,0.9993189573,5.464803855,"[1.0020238161, 1.0197447538, 1.0090171099, 0.9664902687]","[5.477370739, 5.5048508644, 5.4846358299, 5.3923563957]","[0.0025363895, 0.0014796922, 0.0019981826, 0.0045185974]","[0.0004730477, 0.0004387224, 0.000590591, 0.0001187329, 0.0001124073, 0.0001017701, 0.0165972356]",0,0.005876597904,raw_action_units,2,96,769564,769564,true
240,eval_same_demo_teacher_forced,0.005372458448,0.005372458448,raw_action_units,0.9988936186,0.9988936186,5.462545713,"[1.0016931295, 1.0190067291, 1.008746624, 0.9661281109]","[5.4754195213, 5.5016493797, 5.4837002754, 5.3894133568]","[0.0025423157, 0.0017732065, 0.0019641563, 0.0033353248]","[0.0004704737, 0.0004972351, 0.0003774677, 0.0001121737, 0.0001251607, 0.0001000948, 0.0151436506]",0,0.005372458271,raw_action_units,2,96,769564,769564,true
241,train_single_demo,0.005414420351,0.005414420351,raw_action_units,0.9987343947,0.9987343947,5.462407112,"[1.0016307831, 1.0187984705, 1.0086525679, 0.9658558369]","[5.4754943848, 5.5013918877, 5.4837837219, 5.3889584541]","[0.0015792307, 0.0009215118, 0.0007295032, 0.0006630545]","[0.0004817202, 0.0003511901, 0.0005648266, 0.0001775711, 0.0001298844, 8.32355e-05, 0.0050248471]",0,0.005414420207,raw_action_units,2,96,769564,769564,true
241,eval_same_demo_teacher_forced,0.005110260254,0.005110260254,raw_action_units,0.9980477492,0.9980477492,5.463196754,"[1.0017527342, 1.0177887678, 1.0082000494, 0.9644496441]","[5.4779734612, 5.5018424988, 5.484998703, 5.3879723549]","[0.0024591456, 0.0016696216, 0.0018001227, 0.0032637196]","[0.0003618721, 0.0005602058, 0.0003822875, 0.0001227991, 0.0001078823, 8.40132e-05, 0.014468004]",0,0.005110259922,raw_action_units,2,96,769564,769564,true
242,train_single_demo,0.00525559547,0.00525559547,raw_action_units,0.9980831146,0.9980831146,5.46349144,"[1.0016914606, 1.0178910494, 1.0081535578, 0.9645960927]","[5.4781022072, 5.5022654533, 5.4850177765, 5.3885788918]","[0.0038415634, 0.0030126243, 0.0023010785, 0.0019132205]","[0.0005822247, 0.0003437564, 0.0004790426, 8.35459e-05, 0.0001461897, 8.23027e-05, 0.0176527891]",0,0.005255595204,raw_action_units,2,96,769564,769564,true
242,eval_same_demo_teacher_forced,0.005125927739,0.005125927739,raw_action_units,0.9980775515,0.9980775515,5.463469346,"[1.0006309748, 1.0181206465, 1.0083084106, 0.9652503133]","[5.4756965637, 5.5027546883, 5.4853425026, 5.3900828362]","[0.002468389, 0.0016295201, 0.0017793119, 0.0032959736]","[0.0004360201, 0.0005173914, 0.0003642752, 0.0001128063, 0.0001085199, 0.0001029049, 0.014411171]",0,0.005125927606,raw_action_units,2,96,769564,769564,true
243,train_single_demo,0.005203335856,0.005203335856,raw_action_units,0.9981502295,0.9981502295,5.463326772,"[1.000374198, 1.0182267427, 1.0083523989, 0.9656476974]","[5.4748306274, 5.5026721954, 5.4852700233, 5.3905339241]","[0.0038127147, 0.0020629456, 0.0012754902, 0.0011822142]","[0.0004260927, 0.0004295817, 0.0007252355, 9.06673e-05, 0.0001259935, 9.50123e-05, 0.0126908049]",0,0.00520333559,raw_action_units,2,96,769564,769564,true
243,eval_same_demo_teacher_forced,0.005088848838,0.005088848838,raw_action_units,0.998464942,0.998464942,5.463631948,"[1.0005723238, 1.0175350904, 1.0081590414, 0.9675933719]","[5.4749922752, 5.5014243126, 5.4843788147, 5.3937339783]","[0.0024771811, 0.0016277683, 0.0018021772, 0.0032171281]","[0.0004516857, 0.0004990415, 0.0003689945, 8.471e-05, 0.0001323223, 0.000119777, 0.014310915]",0,0.005088848727,raw_action_units,2,96,769564,769564,true
244,train_single_demo,0.005128957564,0.005128957564,raw_action_units,0.9984800021,0.9984800021,5.463909944,"[1.0005341768, 1.0176774263, 1.0079613924, 0.967746973]","[5.4752736092, 5.5019359589, 5.4840908051, 5.3943405151]","[0.0017387089, 0.0014129188, 0.0011679308, 0.00105899]","[0.0003800838, 0.0004547184, 0.0003986641, 7.84296e-05, 0.0001136064, 9.82015e-05, 0.0078887558]",0,0.005128957331,raw_action_units,2,96,769564,769564,true
244,eval_same_demo_teacher_forced,0.005092571645,0.005092571645,raw_action_units,0.9982099533,0.9982099533,5.464336554,"[1.000156641, 1.0187751055, 1.0063829422, 0.9675250053]","[5.4757590294, 5.5048499107, 5.4819374084, 5.3947997093]","[0.0024540944, 0.0016478536, 0.0017886151, 0.0032975904]","[0.0004277872, 0.0004710976, 0.000456992, 9.48429e-05, 0.0001103944, 0.00010138, 0.0144167729]",0,0.005092571356,raw_action_units,2,96,769564,769564,true
245,train_single_demo,0.005052815812,0.005052815812,raw_action_units,0.9981327256,0.9981327256,5.464461644,"[1.0000773668, 1.0189658403, 1.0063638687, 0.9671238065]","[5.4758057594, 5.5055294037, 5.4823479652, 5.3941617012]","[0.0006151215, 0.0007649061, 0.0013833343, 0.0033380107]","[0.0005262152, 0.0004057155, 0.0005238264, 8.13181e-05, 0.0001107479, 8.64888e-05, 0.0089430902]",0,0.005052815502,raw_action_units,2,96,769564,769564,true
245,eval_same_demo_teacher_forced,0.005189038503,0.005189038503,raw_action_units,0.9979870319,0.9979870319,5.464417617,"[0.9997819066, 1.0193344355, 1.0061349869, 0.9666967988]","[5.4751625061, 5.5065841675, 5.4823460579, 5.3935775757]","[0.002420749, 0.001570569, 0.00182231, 0.0033107491]","[0.0003653656, 0.0004834413, 0.000355079, 0.000113856, 0.0001422405, 0.0001027672, 0.0144049106]",0,0.005189038281,raw_action_units,2,96,769564,769564,true
246,train_single_demo,0.00518720597,0.00518720597,raw_action_units,0.9980774323,0.9980774323,5.464763006,"[0.9999332428, 1.0192130804, 1.0062109232, 0.9669526219]","[5.4756474495, 5.5066132545, 5.4824786186, 5.3943119049]","[0.0016913345, 0.00175536, 0.0015132622, 0.0016262969]","[0.000388921, 0.0003928973, 0.0005238845, 6.20092e-05, 9.89982e-05, 0.0001189511, 0.0099402815]",0,0.005187205615,raw_action_units,2,96,769564,769564,true
246,eval_same_demo_teacher_forced,0.005313587065,0.005313587065,raw_action_units,0.9991069635,0.9991069635,5.467141946,"[1.0015729666, 1.0193305016, 1.0074607134, 0.9680635929]","[5.4793205261, 5.5073928833, 5.4845695496, 5.3972840309]","[0.002409423, 0.0015649173, 0.0018207092, 0.0034599688]","[0.0003814187, 0.0004711655, 0.0003545811, 9.49327e-05, 0.0001071174, 8.68971e-05, 0.0147001697]",0,0.005313586976,raw_action_units,2,96,769564,769564,true
247,train_single_demo,0.005279943502,0.005279943502,raw_action_units,0.9990986188,0.9990986188,5.466724714,"[1.0015357733, 1.0192630291, 1.0075260401, 0.968069613]","[5.4788002968, 5.5068039894, 5.4844412804, 5.3968529701]","[0.0017129974, 0.0014796959, 0.0012316377, 0.0010144712]","[0.0003417345, 0.0003696997, 0.0004009987, 7.44883e-05, 0.0001016195, 0.0001151884, 0.0081141749]",0,0.005279943436,raw_action_units,2,96,769564,769564,true
247,eval_same_demo_teacher_forced,0.005058013213,0.005058013213,raw_action_units,0.9990811348,0.9990811348,5.466021697,"[1.0015326738, 1.0191210508, 1.0078985691, 0.967772305]","[5.4779143333, 5.5056533813, 5.4851036072, 5.3954157829]","[0.0024304185, 0.0015873573, 0.0017484151, 0.0033404445]","[0.0003498866, 0.0004634884, 0.0003870789, 0.0001009834, 0.0001234586, 0.0001329259, 0.0143787898]",0,0.005058012903,raw_action_units,2,96,769564,769564,true
248,train_single_demo,0.005087836025,0.005087836025,raw_action_units,0.9991894166,0.9991894166,5.466481845,"[1.0017750263, 1.0192068815, 1.0079592466, 0.9678165317]","[5.4786472321, 5.5061035156, 5.4854140282, 5.3957629204]","[0.0006365, 0.0013936324, 0.0017885336, 0.0036010325]","[0.0005913571, 0.0003364425, 0.0005233428, 9.92934e-05, 9.735e-05, 7.94119e-05, 0.0112572759]",0,0.005087835803,raw_action_units,2,96,769564,769564,true
248,eval_same_demo_teacher_forced,0.005019412686,0.005019412686,raw_action_units,0.9985246658,0.9985246658,5.466369788,"[1.0012798309, 1.0183913708, 1.0075155497, 0.9669118524]","[5.478705883, 5.5057301521, 5.4857010841, 5.3953413963]","[0.0025055269, 0.0015453628, 0.0017572065, 0.0033312552]","[0.0004111028, 0.0004752709, 0.0003835197, 9.62891e-05, 0.0001006458, 0.0001098108, 0.0144172246]",0,0.005019412509,raw_action_units,2,96,769564,769564,true
249,train_single_demo,0.005040028598,0.005040028598,raw_action_units,0.9983025789,0.9983025789,5.465976079,"[1.001019001, 1.01823771, 1.0073391199, 0.9666144848]","[5.4781937599, 5.5054459572, 5.4854187965, 5.3948454857]","[0.0026771778, 0.0020057962, 0.0020359531, 0.0032596784]","[0.0005259214, 0.0003622161, 0.0005505147, 0.0001110687, 0.0001420815, 9.30273e-05, 0.0156777296]",0,0.005040028443,raw_action_units,2,96,769564,769564,true
249,eval_same_demo_teacher_forced,0.004956177436,0.004956177436,raw_action_units,0.9980305433,0.9980305433,5.465622902,"[1.0008929968, 1.0180357695, 1.007068038, 0.9661252499]","[5.4782509804, 5.5051269531, 5.4849853516, 5.3941283226]","[0.0024123183, 0.0016129095, 0.0017482926, 0.0031757168]","[0.0004905628, 0.0004612409, 0.0003792815, 0.0001372676, 0.0001280443, 8.77735e-05, 0.0139769949]",0,0.004956177303,raw_action_units,2,96,769564,769564,true
250,train_single_demo,0.00497594336,0.00497594336,raw_action_units,0.9981309175,0.9981309175,5.466053486,"[1.0009964705, 1.0180672407, 1.0072203875, 0.9662396312]","[5.4787597656, 5.5054473877, 5.4855618477, 5.3944420815]","[0.0026330082, 0.0015725889, 0.0011183644, 0.0013479665]","[0.0003193869, 0.0004333659, 0.0005455293, 8.55913e-05, 0.0001110832, 8.95968e-05, 0.0100913197]",0,0.004975943161,raw_action_units,2,96,769564,769564,true
250,eval_same_demo_teacher_forced,0.00497932996,0.00497932996,raw_action_units,0.9984926383,0.9984926383,5.467704614,"[1.0021927357, 1.0175596476, 1.0071750879, 0.9670429826]","[5.4823851585, 5.5055980682, 5.4868354797, 5.3960003853]","[0.0024490023, 0.0016124403, 0.0017509776, 0.003122756]","[0.0004798098, 0.0004638608, 0.0003589657, 0.0001275072, 0.000111204, 9.51858e-05, 0.0140000246]",0,0.004979329627,raw_action_units,2,96,769564,769564,true
251,train_single_demo,0.005073024891,0.005073024891,raw_action_units,0.9983342886,0.9983342886,5.467609247,"[1.0020438433, 1.0173567533, 1.0068327188, 0.9671038985]","[5.4823012352, 5.5054264069, 5.4864602089, 5.3962492943]","[0.004538571, 0.0024361566, 0.0020340621, 0.0034445648]","[0.0005157404, 0.0003419841, 0.0004723752, 0.0001347523, 0.0001317141, 9.05827e-05, 0.0201062206]",0,0.005073024758,raw_action_units,2,96,769564,769564,true
251,eval_same_demo_teacher_forced,0.004895658077,0.004895658077,raw_action_units,0.9978785515,0.9978785515,5.468128204,"[1.0008376837, 1.0175646544, 1.0079184771, 0.9651934505]","[5.4810461998, 5.5073208809, 5.4900021553, 5.3941435814]","[0.0023496093, 0.0015486808, 0.0017059051, 0.0032814934]","[0.0003996189, 0.0004892189, 0.0004373732, 8.2294e-05, 0.0001009174, 0.0001238255, 0.0139167057]",0,0.004895657833,raw_action_units,2,96,769564,769564,true
252,train_single_demo,0.004991182281,0.004991182281,raw_action_units,0.9978479942,0.9978479942,5.468190829,"[1.0005013943, 1.017747879, 1.008217454, 0.964925468]","[5.4803957939, 5.507806778, 5.4905762672, 5.3939843178]","[0.0015385234, 0.000524127, 0.0013039499, 0.0027488302]","[0.0005642391, 0.0003418346, 0.0004523293, 0.0001197152, 0.0001273636, 0.0001211366, 0.0089753838]",0,0.00499118217,raw_action_units,2,96,769564,769564,true
252,eval_same_demo_teacher_forced,0.004960140213,0.004960140213,raw_action_units,0.9977040291,0.9977040291,5.468008041,"[0.9992022514, 1.0182437897, 1.0094679594, 0.9639021754]","[5.4776515961, 5.5090565681, 5.4929451942, 5.3923783302]","[0.0023312289, 0.0015445598, 0.0017093318, 0.0032600223]","[0.0003925377, 0.0004783924, 0.0003528302, 0.0001072744, 0.0001156287, 8.25641e-05, 0.0139497714]",0,0.004960139947,raw_action_units,2,96,769564,769564,true
253,train_single_demo,0.0050316751,0.0050316751,raw_action_units,0.9978199402,0.9978199402,5.468340874,"[0.9992456436, 1.0182342529, 1.0092897415, 0.9645101428]","[5.477953434, 5.5091919899, 5.492661953, 5.393556118]","[0.0015633459, 0.0005076233, 0.001582649, 0.0049148304]","[0.0003605897, 0.0005031949, 0.0005068171, 0.00012358, 0.0001089131, 0.0001020265, 0.0132896611]",0,0.005031674923,raw_action_units,2,96,769564,769564,true
253,eval_same_demo_teacher_forced,0.004850008059,0.004850008059,raw_action_units,0.9982904593,0.9982904593,5.469017029,"[0.9996312261, 1.0181490183, 1.0090504885, 0.9663310051]","[5.478975296, 5.5087656975, 5.4915175438, 5.3968100548]","[0.0023225832, 0.0015029684, 0.001718158, 0.0032605296]","[0.000376391, 0.000478252, 0.0003501946, 0.0001024723, 0.0001145944, 0.0001368855, 0.0138486288]",0,0.004850007771,raw_action_units,2,96,769564,769564,true
254,train_single_demo,0.004956789936,0.004956789936,raw_action_units,0.9982411861,0.9982411861,5.469082514,"[0.9997350574, 1.0179685354, 1.0092164278, 0.9660446644]","[5.4793686867, 5.5086479187, 5.4919548035, 5.3963580132]","[0.0018367236, 0.0018992772, 0.0019295634, 0.0029443472]","[0.0005170641, 0.0003501775, 0.0004771413, 0.0001024674, 9.48257e-05, 0.0001198413, 0.0134058259]",0,0.00495678967,raw_action_units,2,96,769564,769564,true
254,eval_same_demo_teacher_forced,0.004892490339,0.004892490339,raw_action_units,0.9980076154,0.9980076154,5.469246229,"[0.9996753335, 1.0169787407, 1.0098179579, 0.9655583501]","[5.4800114632, 5.5074901581, 5.4930939674, 5.3963875771]","[0.0023679149, 0.0015023408, 0.0017014164, 0.0031602655]","[0.0003616673, 0.0004492314, 0.0003451494, 9.12569e-05, 0.0001017095, 0.0001012282, 0.0138306478]",0,0.004892490272,raw_action_units,2,96,769564,769564,true
255,train_single_demo,0.004952792001,0.004952792001,raw_action_units,0.9978496631,0.9978496631,5.469144662,"[0.9994411469, 1.0168110132, 1.009732604, 0.9654138088]","[5.4796948433, 5.5074095726, 5.493165493, 5.3963088989]","[0.0014589895, 0.0003735671, 0.0004932352, 0.0008395776]","[0.0004542108, 0.0003596119, 0.0005718884, 7.43631e-05, 0.0001314659, 0.0001380668, 0.003809789]",0,0.004952791679,raw_action_units,2,96,769564,769564,true
255,eval_same_demo_teacher_forced,0.004942834222,0.004942834222,raw_action_units,0.9972782532,0.9972782532,5.46833992,"[0.9991676211, 1.0163867474, 1.0087641478, 0.9647946358]","[5.4793686867, 5.5070948601, 5.4918532372, 5.3950424194]","[0.0024171637, 0.001612606, 0.0017078271, 0.0031880066]","[0.0003785157, 0.0005036164, 0.0003384337, 8.98988e-05, 0.0001193928, 8.82161e-05, 0.0141017297]",0,0.0049428342,raw_action_units,2,96,769564,769564,true
256,train_single_demo,0.00493734004,0.00493734004,raw_action_units,0.9973177115,0.9973177115,5.468464057,"[0.9993896484, 1.0163440704, 1.0084933043, 0.9650440216]","[5.4798979759, 5.5070705414, 5.4913773537, 5.395509243]","[0.0018385981, 0.0025062438, 0.0017985549, 0.0012407837]","[0.0003582762, 0.0003492617, 0.0004969759, 8.13704e-05, 0.0001181083, 0.0001099607, 0.0114083616]",0,0.004937339751,raw_action_units,2,96,769564,769564,true
256,eval_same_demo_teacher_forced,0.005019469963,0.005019469963,raw_action_units,0.9980360667,0.9980360667,5.470996221,"[1.0005708933, 1.0168713331, 1.0080728531, 0.9666290879]","[5.4835834503, 5.5089917183, 5.4918808937, 5.3995299339]","[0.0023898045, 0.001525579, 0.0017145596, 0.0033610507]","[0.0004105322, 0.0004504973, 0.000423451, 0.0001069304, 9.85726e-05, 0.0001403852, 0.0141038699]",0,0.005019469808,raw_action_units,2,96,769564,769564,true
257,train_single_demo,0.004980409363,0.004980409363,raw_action_units,0.9980755647,0.9980755647,5.47104152,"[1.000629425, 1.0167423487, 1.0081032515, 0.9668270946]","[5.4836368561, 5.5086593628, 5.491979599, 5.3998904228]","[0.0013496397, 0.0008171485, 0.0005493285, 0.001186709]","[0.0004669362, 0.0003577889, 0.0004051908, 8.85002e-05, 8.92518e-05, 7.34305e-05, 0.0053488463]",0,0.004980409252,raw_action_units,2,96,769564,769564,true
257,eval_same_demo_teacher_forced,0.005008196924,0.005008196924,raw_action_units,0.9975646337,0.9975646337,5.470435143,"[0.9997029305, 1.0159885883, 1.0079091787, 0.9666576982]","[5.481780529, 5.5075416565, 5.4928264618, 5.3995914459]","[0.0023422271, 0.0014568112, 0.0017704153, 0.0032186219]","[0.0003703054, 0.0004581677, 0.0003672352, 0.0001246104, 0.0001083512, 0.0001138297, 0.0138366334]",0,0.005008196547,raw_action_units,2,96,769564,769564,true
258,train_single_demo,0.005045294606,0.005045294606,raw_action_units,0.9973956744,0.9973956744,5.47019434,"[0.9995026588, 1.0159705877, 1.007774353, 0.9663349986]","[5.4813857079, 5.5076026917, 5.492667675, 5.3991208076]","[0.0004429376, 0.0004789031, 0.0008302709, 0.0026011765]","[0.0004474541, 0.0003993755, 0.0003517685, 0.0001593716, 9.81475e-05, 8.4895e-05, 0.0060772416]",0,0.005045294496,raw_action_units,2,96,769564,769564,true
258,eval_same_demo_teacher_forced,0.004940884498,0.004940884498,raw_action_units,0.997299552,0.997299552,5.470398267,"[0.9998784065, 1.0163846016, 1.00801754, 0.9649176598]","[5.4823403358, 5.5088119507, 5.493124485, 5.397315979]","[0.0023495599, 0.0014594091, 0.0017199564, 0.0032660859]","[0.0003575095, 0.0004703626, 0.0003731461, 0.000146155, 0.0001126015, 7.88019e-05, 0.0138526922]",0,0.004940884454,raw_action_units,2,96,769564,769564,true
259,train_single_demo,0.00503262536,0.00503262536,raw_action_units,0.9973791838,0.9973791838,5.470224698,"[1.0001385212, 1.0163718462, 1.0079892874, 0.9650170803]","[5.4825873375, 5.5084514618, 5.4925923347, 5.3972663879]","[0.001466337, 0.0018797162, 0.001448766, 0.0017708734]","[0.0004554451, 0.0003388927, 0.0004547733, 0.0001015449, 0.000103794, 0.0001009837, 0.0099345278]",0,0.005032625227,raw_action_units,2,96,769564,769564,true
259,eval_same_demo_teacher_forced,0.004994435702,0.004994435702,raw_action_units,0.9972734849,0.9972734849,5.469211896,"[0.9995802045, 1.0160888433, 1.0078336, 0.9655914307]","[5.4807953835, 5.5070095062, 5.4920139313, 5.3970284462]","[0.0023516293, 0.0016178956, 0.0017730793, 0.0031031705]","[0.0003850245, 0.0004770132, 0.0003193521, 0.0001186528, 0.0001069756, 0.0001034644, 0.0139696226]",0,0.004994435502,raw_action_units,2,96,769564,769564,true
260,train_single_demo,0.005122283629,0.005122283629,raw_action_units,0.9971764286,0.9971764286,5.469290415,"[0.9994690418, 1.0158520937, 1.0076880455, 0.9656965137]","[5.4808659554, 5.5069050789, 5.4920063019, 5.397383213]","[0.0006809371, 0.0009142098, 0.0019804446, 0.0053067231]","[0.0005729981, 0.0004477026, 0.0006469824, 0.0001421593, 0.0001625422, 7.6366e-05, 0.0134953]",0,0.005122283385,raw_action_units,2,96,769564,769564,true
260,eval_same_demo_teacher_forced,0.005004296234,0.005004296234,raw_action_units,0.9974028269,0.9974028269,5.470468203,"[1.0000907183, 1.0157271624, 1.0072718859, 0.9665214419]","[5.4829502106, 5.5076613426, 5.4909896851, 5.4002718925]","[0.0023833888, 0.0015166728, 0.0016728514, 0.0031444405]","[0.0003504529, 0.0004376268, 0.000338618, 9.66306e-05, 0.0001165584, 0.0001145935, 0.0138008893]",0,0.005004295991,raw_action_units,2,96,769564,769564,true
261,train_single_demo,0.005084683808,0.005084683808,raw_action_units,0.997372965,0.997372965,5.469986598,"[1.0000257492, 1.0160193443, 1.0071173906, 0.9663293362]","[5.4823079109, 5.5077519417, 5.4901509285, 5.3997359276]","[0.0021852127, 0.002091154, 0.0012641788, 0.0012735731]","[0.0005509355, 0.0003696125, 0.000635786, 0.000104138, 0.0001300731, 0.0001169032, 0.010017259]",0,0.005084683498,raw_action_units,2,96,769564,769564,true
261,eval_same_demo_teacher_forced,0.005006868237,0.005006868237,raw_action_units,0.9967241287,0.9967241287,5.468191783,"[0.9992353916, 1.016669631, 1.0070322752, 0.9639593959]","[5.4798340797, 5.5081915855, 5.4902806282, 5.3944611549]","[0.002379728, 0.0016888529, 0.0016932396, 0.0031241311]","[0.0003622178, 0.0004385144, 0.0003480551, 0.0001465518, 0.0001298743, 9.06354e-05, 0.0140345655]",0,0.005006868037,raw_action_units,2,96,769564,769564,true
262,train_single_demo,0.005095028784,0.005095028784,raw_action_units,0.9967747529,0.9967747529,5.468933582,"[0.9993855357, 1.0165020227, 1.0072313547, 0.9639799595]","[5.4808101654, 5.5085844994, 5.4914417267, 5.3948960304]","[0.001766223, 0.001976578, 0.0017564438, 0.003096407]","[0.0006219306, 0.0003053717, 0.0005134775, 7.81367e-05, 0.0001079743, 0.000170003, 0.013245496]",0,0.005095028452,raw_action_units,2,96,769564,769564,true
262,eval_same_demo_teacher_forced,0.004911284583,0.004911284583,raw_action_units,0.9980224371,0.9980224371,5.473802725,"[1.0014177561, 1.0161175728, 1.0078858137, 0.9666683078]","[5.4879584312, 5.5107598305, 5.4946656227, 5.4018268585]","[0.0022922654, 0.0015778599, 0.0016845143, 0.0033347232]","[0.0003223458, 0.0004820947, 0.0003302335, 0.0001330652, 0.0001241432, 0.0001015701, 0.0140629308]",0,0.004911284362,raw_action_units,2,96,769564,769564,true
263,train_single_demo,0.005180976198,0.005180976198,raw_action_units,0.9981519779,0.9981519779,5.473975499,"[1.0013183355, 1.0163478851, 1.0077239275, 0.9672176838]","[5.4877266884, 5.5111174583, 5.4942054749, 5.4028525352]","[0.0022149559, 0.0021524907, 0.0012918477, 0.0016693621]","[0.0005818638, 0.0003642017, 0.0004971021, 0.0001416999, 0.000141518, 0.0001182988, 0.0109804645]",0,0.005180975866,raw_action_units,2,96,769564,769564,true
263,eval_same_demo_teacher_forced,0.004914192017,0.004914192017,raw_action_units,0.9978689353,0.9978689353,5.471520901,"[1.0001703501, 1.016690135, 1.0081734657, 0.9664416909]","[5.4831237793, 5.5095877647, 5.4938960075, 5.399477005]","[0.0022809373, 0.0015365331, 0.0017741352, 0.0030827392]","[0.0003694552, 0.0004709796, 0.0003582406, 0.0001080166, 9.84688e-05, 8.94759e-05, 0.0136854658]",0,0.004914191862,raw_action_units,2,96,769564,769564,true
264,train_single_demo,0.005008823665,0.005008823665,raw_action_units,0.9977538586,0.9977538586,5.471240997,"[1.0002889633, 1.0164535046, 1.0084346533, 0.9658381939]","[5.4831748009, 5.5090813637, 5.4943156242, 5.3983917236]","[0.0008300288, 0.0005231689, 0.000544616, 0.0008710921]","[0.0003407392, 0.0003997493, 0.0004482224, 0.0001914632, 0.0001236166, 7.76231e-05, 0.0032641711]",0,0.005008823416,raw_action_units,2,96,769564,769564,true
264,eval_same_demo_teacher_forced,0.004785328793,0.004785328793,raw_action_units,0.9974477688,0.9974477688,5.471763929,"[1.0006268024, 1.0148638487, 1.0095990896, 0.9647013545]","[5.4848570824, 5.5071501732, 5.4973168373, 5.3977332115]","[0.0022669246, 0.0014446127, 0.0016436494, 0.0031137662]","[0.0003536514, 0.000429908, 0.0003991426, 0.0001181775, 0.0001241935, 0.0001009492, 0.0132946447]",0,0.004785328571,raw_action_units,2,96,769564,769564,true
265,train_single_demo,0.004945031522,0.004945031522,raw_action_units,0.9975736141,0.9975736141,5.472229163,"[1.0004934072, 1.0148762465, 1.0096213818, 0.9653033614]","[5.4849300385, 5.5073895454, 5.4974980354, 5.3990979195]","[0.0006250333, 0.0008311902, 0.0014256113, 0.0042793001]","[0.0004124205, 0.0002920187, 0.0005188148, 0.0001635504, 0.0001078644, 0.0001005348, 0.0109367827]",0,0.004945031234,raw_action_units,2,96,769564,769564,true
265,eval_same_demo_teacher_forced,0.004701320703,0.004701320703,raw_action_units,0.9976837238,0.9976837238,5.471467336,"[0.9991471171, 1.0152045488, 1.0096046925, 0.9667785168]","[5.4815125465, 5.5068974495, 5.4963545799, 5.4011039734]","[0.0023120705, 0.0014796675, 0.0016386203, 0.0030928347]","[0.0003434529, 0.0004914608, 0.000357324, 0.0001237548, 0.0001153394, 8.77699e-05, 0.0133964857]",0,0.004701320437,raw_action_units,2,96,769564,769564,true
266,train_single_demo,0.004769260219,0.004769260219,raw_action_units,0.9975182017,0.9975182017,5.470927556,"[0.998936832, 1.0152350664, 1.0095376968, 0.9663632512]","[5.4808158875, 5.5067520142, 5.4960517883, 5.4000887871]","[0.0012937894, 0.0012365483, 0.0010130148, 0.0022769929]","[0.0003624416, 0.0004413505, 0.0004368364, 0.0001931955, 0.0001154605, 6.54669e-05, 0.0085708536]",0,0.004769260064,raw_action_units,2,96,769564,769564,true
266,eval_same_demo_teacher_forced,0.004917160763,0.004917160763,raw_action_units,0.9971351624,0.9971351624,5.470939477,"[1.0004067421, 1.0142797232, 1.0095479488, 0.9643060565]","[5.4844985008, 5.506216526, 5.4965057373, 5.3965373039]","[0.0024295, 0.0015838942, 0.0016916279, 0.0030113424]","[0.0003325321, 0.0005480892, 0.0003248196, 0.0001690173, 9.47953e-05, 0.0001662558, 0.0136181274]",0,0.004917160386,raw_action_units,2,96,769564,769564,true
267,train_single_demo,0.004934756551,0.004934756551,raw_action_units,0.9971739848,0.9971739848,5.471723398,"[1.0006281137, 1.0142885447, 1.0093950033, 0.9643841386]","[5.48579216, 5.5069785118, 5.496887207, 5.3972358704]","[0.0015487728, 0.001732888, 0.0015317184, 0.0025471267]","[0.0004070623, 0.0004291663, 0.0002843855, 0.0001042038, 0.0001000785, 0.0001150745, 0.0114409132]",0,0.004934756351,raw_action_units,2,96,769564,769564,true
267,eval_same_demo_teacher_forced,0.004821456503,0.004821456503,raw_action_units,0.9967124065,0.9967124065,5.473530769,"[0.9993553758, 1.014081955, 1.0089203119, 0.9644920826]","[5.4865202904, 5.5090432167, 5.4989509583, 5.3996086121]","[0.0022954883, 0.0015631965, 0.0017031552, 0.0030321144]","[0.0003449745, 0.0005027317, 0.0004607215, 0.0002246631, 0.0001436077, 0.0001068997, 0.0132558206]",0,0.004821456259,raw_action_units,2,96,769564,769564,true
268,train_single_demo,0.004930048715,0.004930048715,raw_action_units,0.9965750774,0.9965750774,5.472889582,"[0.9987387657, 1.0140753984, 1.0088483095, 0.9646377563]","[5.4848475456, 5.5086021423, 5.4985308647, 5.399576664]","[0.0013632183, 0.0016726353, 0.0018407661, 0.0033041944]","[0.0004539662, 0.0003151842, 0.0005175113, 9.56072e-05, 8.68029e-05, 0.0001270534, 0.012720298]",0,0.004930048471,raw_action_units,2,96,769564,769564,true
268,eval_same_demo_teacher_forced,0.004712566268,0.004712566268,raw_action_units,0.9966684182,0.9966684182,5.471692562,"[0.998252809, 1.0140447617, 1.0098134279, 0.9645628929]","[5.4817919731, 5.5072441101, 5.4990463257, 5.3986878395]","[0.0022732236, 0.0015002238, 0.0016632742, 0.0029771209]","[0.0003575387, 0.0004404651, 0.0003541254, 0.0001449851, 0.0001726468, 9.3977e-05, 0.0131604858]",0,0.004712565846,raw_action_units,2,96,769564,769564,true
269,train_single_demo,0.004759631275,0.004759631275,raw_action_units,0.9967744748,0.9967744748,5.471802711,"[0.9986777306, 1.013964057, 1.009939909, 0.9645161629]","[5.482460022, 5.5070176125, 5.4991359711, 5.3985977173]","[0.0017148362, 0.0006729892, 0.0013094532, 0.0028006285]","[0.0004067731, 0.0003367632, 0.00054726, 0.0001722339, 0.000188856, 9.43319e-05, 0.0096251182]",0,0.004759631164,raw_action_units,2,96,769564,769564,true
269,eval_same_demo_teacher_forced,0.00469367858,0.00469367858,raw_action_units,0.9972017209,0.9972017209,5.472363154,"[0.9995962977, 1.01392138, 1.009526968, 0.9657621384]","[5.4840736389, 5.5065131187, 5.4979195595, 5.4009461403]","[0.0023062339, 0.0014591571, 0.0016282311, 0.0030225813]","[0.0003608192, 0.0004464452, 0.0003852383, 8.21792e-05, 0.0001011537, 9.39984e-05, 0.0132585233]",0,0.004693678447,raw_action_units,2,96,769564,769564,true
270,train_single_demo,0.004780504775,0.004780504775,raw_action_units,0.9970485369,0.9970485369,5.471955299,"[0.9990177751, 1.0141271353, 1.0092753172, 0.9657740593]","[5.482843399, 5.5066437721, 5.4975495338, 5.400783062]","[0.0004604742, 0.0012278835, 0.0013162548, 0.0006125559]","[0.0003798519, 0.0003365769, 0.0005055524, 0.0002030815, 0.0001817645, 8.02097e-05, 0.0046430076]",0,0.004780504586,raw_action_units,2,96,769564,769564,true
270,eval_same_demo_teacher_forced,0.00474966038,0.00474966038,raw_action_units,0.9965005716,0.9965005716,5.470091184,"[0.9974949956, 1.0145754814, 1.0080624819, 0.9658691287]","[5.4792532921, 5.5063052177, 5.4946289062, 5.4001774788]","[0.0023250291, 0.0014218659, 0.0016776072, 0.0030843376]","[0.0003915534, 0.0004376036, 0.0004389743, 0.0001282052, 0.0001176901, 0.0001199657, 0.0132564763]",0,0.004749660336,raw_action_units,2,96,769564,769564,true
271,train_single_demo,0.004761907117,0.004761907117,raw_action_units,0.9965029955,0.9965029955,5.469959418,"[0.9977583885, 1.0143275261, 1.0082870722, 0.965638876]","[5.4795308113, 5.5058674812, 5.4947800636, 5.3996582031]","[0.001483282, 0.0023949654, 0.0022845634, 0.0025525214]","[0.0003532637, 0.0003859691, 0.0006277545, 0.0001630973, 0.000131229, 8.66896e-05, 0.0135038281]",0,0.004761906962,raw_action_units,2,96,769564,769564,true
271,eval_same_demo_teacher_forced,0.004664702962,0.004664702962,raw_action_units,0.9962059259,0.9962059259,5.469583829,"[0.9976375699, 1.0131092072, 1.0094732046, 0.9646036029]","[5.4791145325, 5.5043716431, 5.4964814186, 5.3983664513]","[0.0022423323, 0.0014221974, 0.0016061949, 0.0029885655]","[0.0003395166, 0.0004691027, 0.0004167887, 0.0001302177, 0.0001255054, 7.73313e-05, 0.0128952945]",0,0.004664702784,raw_action_units,2,96,769564,769564,true
272,train_single_demo,0.00470957874,0.00470957874,raw_action_units,0.9962878029,0.9962878029,5.470138868,"[0.9974321723, 1.0134754181, 1.0097862482, 0.9644575119]","[5.4791145325, 5.5054154396, 5.4975800514, 5.3984451294]","[0.0015419773, 0.0017728745, 0.0015350669, 0.0021836485]","[0.0004532256, 0.000308588, 0.0005794019, 8.90504e-05, 8.25919e-05, 0.0001259913, 0.0106698917]",0,0.004709578696,raw_action_units,2,96,769564,769564,true
272,eval_same_demo_teacher_forced,0.004802298887,0.004802298887,raw_action_units,0.9961695671,0.9961695671,5.47151947,"[0.9967625737, 1.0144211054, 1.0084524155, 0.9650419354]","[5.4799227715, 5.5086746216, 5.4968681335, 5.4006118774]","[0.0024473087, 0.0014538388, 0.0017320424, 0.0033041213]","[0.0003498229, 0.0005929552, 0.0004761911, 0.0002958867, 0.0001031989, 0.0001144435, 0.0137077952]",0,0.004802298688,raw_action_units,2,96,769564,769564,true
273,train_single_demo,0.004829397891,0.004829397891,raw_action_units,0.9961050351,0.9961050351,5.471511682,"[0.9969587326, 1.0145555735, 1.0080432892, 0.9648626447]","[5.4804344177, 5.5090975761, 5.4962010384, 5.4003129005]","[0.0026790302, 0.0015916327, 0.0015990207, 0.002444241]","[0.0004469986, 0.0003555373, 0.0008396441, 0.0001680218, 9.4417e-05, 6.00806e-05, 0.0125846677]",0,0.004829397514,raw_action_units,2,96,769564,769564,true
273,eval_same_demo_teacher_forced,0.004748249116,0.004748249116,raw_action_units,0.9957958062,0.9957958062,5.471463044,"[0.9988797307, 1.0143483877, 1.0070797205, 0.9628756046]","[5.4844837189, 5.50989151, 5.4948921204, 5.396584034]","[0.002351376, 0.0013976325, 0.0017930228, 0.0030210856]","[0.0003512172, 0.0005737111, 0.0004115038, 0.0001699549, 0.000112418, 0.0002667468, 0.0130999014]",0,0.004748248983,raw_action_units,2,96,769564,769564,true
274,train_single_demo,0.004826101552,0.004826101552,raw_action_units,0.995900472,0.995900472,5.471522013,"[0.9988276362, 1.0144791603, 1.0073058605, 0.9629895091]","[5.4841856956, 5.5099868774, 5.4951262474, 5.3967890739]","[0.0006003093, 0.0011377065, 0.0010841255, 0.0017847527]","[0.0003986846, 0.0004200879, 0.0005097417, 0.0001547049, 8.52002e-05, 0.0001307706, 0.0063628745]",0,0.004826101164,raw_action_units,2,96,769564,769564,true
274,eval_same_demo_teacher_forced,0.004664729194,0.004664729194,raw_action_units,0.9961533944,0.9961533944,5.471717834,"[0.9972971082, 1.0154739618, 1.0076979399, 0.9641445279]","[5.4808154106, 5.5111908913, 5.4959106445, 5.3989548683]","[0.0022526688, 0.0013653192, 0.001704994, 0.0030107119]","[0.0003685513, 0.0004877692, 0.0003324358, 0.0001258698, 0.0001507287, 0.000102304, 0.0130163049]",0,0.004664729039,raw_action_units,2,96,769564,769564,true
275,train_single_demo,0.004835348887,0.004835348887,raw_action_units,0.9962273836,0.9962273836,5.47202158,"[0.9971173406, 1.015786767, 1.0076676607, 0.964337647]","[5.4806351662, 5.5118746758, 5.4960231781, 5.3995518684]","[0.0034007344, 0.0014983044, 0.0011838716, 0.0028127946]","[0.0003106106, 0.0004825275, 0.0006926197, 0.0001688046, 0.0001507213, 0.0002591561, 0.0135030439]",0,0.004835348576,raw_action_units,2,96,769564,769564,true
275,eval_same_demo_teacher_forced,0.004693142449,0.004693142449,raw_action_units,0.9955909252,0.9955909252,5.470353762,"[0.9966381192, 1.0155705214, 1.0071281195, 0.96302706]","[5.4788956642, 5.5110020638, 5.4950127602, 5.396504879]","[0.0022132825, 0.0014205002, 0.0016355721, 0.0031735909]","[0.0003574755, 0.0004509513, 0.000473591, 9.34107e-05, 8.76307e-05, 9.1156e-05, 0.0132209389]",0,0.004693142183,raw_action_units,2,96,769564,769564,true
276,train_single_demo,0.004779199526,0.004779199526,raw_action_units,0.9954791268,0.9954791268,5.469838778,"[0.9968716502, 1.0151281357, 1.007224679, 0.9626920819]","[5.4789319038, 5.5099182129, 5.4948029518, 5.3957023621]","[0.0012974741, 0.0008988606, 0.0007479772, 0.0011156489]","[0.0004035985, 0.0005106906, 0.000455479, 0.000269189, 0.0001802783, 0.0001150946, 0.005170601]",0,0.004779199138,raw_action_units,2,96,769564,769564,true
276,eval_same_demo_teacher_forced,0.004677834144,0.004677834144,raw_action_units,0.9959063927,0.9959063927,5.469547113,"[0.9980633259, 1.0141276121, 1.0077972412, 0.963637352]","[5.4797897339, 5.5068764687, 5.4942908287, 5.3972306252]","[0.0022220227, 0.0013648671, 0.0017156824, 0.0030141717]","[0.0003391517, 0.000481574, 0.0003156924, 0.0001860869, 0.0001178561, 0.0001360629, 0.0129778786]",0,0.004677833901,raw_action_units,2,96,769564,769564,true
277,train_single_demo,0.004722885477,0.004722885477,raw_action_units,0.9961007635,0.9961007635,5.470160961,"[0.9978454113, 1.0142650604, 1.0078829527, 0.9644096494]","[5.4796881676, 5.5072898865, 5.4946084023, 5.3990569115]","[0.0014686254, 0.0004487634, 0.0007116122, 0.0008851616]","[0.0003579387, 0.0005629365, 0.0007471672, 0.0001691491, 0.0001286851, 6.8286e-05, 0.004115622]",0,0.004722885167,raw_action_units,2,96,769564,769564,true
277,eval_same_demo_teacher_forced,0.004625155746,0.004625155746,raw_action_units,0.9967529376,0.9967529376,5.472159386,"[0.9974026084, 1.015168786, 1.0084109306, 0.9660294652]","[5.4799785614, 5.5095629692, 5.4965538979, 5.4025416374]","[0.0022208649, 0.0013724603, 0.0017161975, 0.0029194711]","[0.0003321496, 0.0005331668, 0.0003341537, 0.0002186958, 0.0001304158, 0.0001225106, 0.0127296457]",0,0.004625155457,raw_action_units,2,96,769564,769564,true
278,train_single_demo,0.00458160881,0.00458160881,raw_action_units,0.9966573517,0.9966573517,5.472478867,"[0.997733593, 1.015039444, 1.0084995031, 0.9653570652]","[5.481159687, 5.5100097656, 5.4972281456, 5.4015173912]","[0.002218548, 0.0015925871, 0.0012584509, 0.0011555863]","[0.0003906025, 0.0003383263, 0.0003689939, 0.0001179872, 8.20218e-05, 7.87008e-05, 0.0095174192]",0,0.004581608765,raw_action_units,2,96,769564,769564,true
278,eval_same_demo_teacher_forced,0.004727591605,0.004727591605,raw_action_units,0.9961701234,0.9961701234,5.473974387,"[0.9985257983, 1.0144203901, 1.009765625, 0.9619686007]","[5.4851055145, 5.5118107796, 5.5026078224, 5.3963737488]","[0.0022744618, 0.0013916061, 0.0017169835, 0.003028753]","[0.0003701762, 0.0005821864, 0.0005217369, 0.000251179, 0.0001329245, 8.02296e-05, 0.0127822235]",0,0.004727591539,raw_action_units,2,96,769564,769564,true
279,train_single_demo,0.004674430238,0.004674430238,raw_action_units,0.9962510665,0.9962510665,5.474343936,"[0.9985197186, 1.0141717196, 1.0100108385, 0.9623021483]","[5.4853076935, 5.5115084648, 5.5032391548, 5.3973202705]","[0.0016459781, 0.0013101442, 0.0013381521, 0.0009728945]","[0.0004042061, 0.0004308362, 0.0004788389, 0.0001214806, 0.0001153793, 7.31417e-05, 0.0075936629]",0,0.004674429961,raw_action_units,2,96,769564,769564,true
279,eval_same_demo_teacher_forced,0.004436738479,0.004436738479,raw_action_units,0.9969983101,0.9969983101,5.475468953,"[0.9982277751, 1.0134185553, 1.0111416578, 0.9652051926]","[5.4843821526, 5.5092391968, 5.504843235, 5.4034113884]","[0.0022069351, 0.0013275178, 0.0015567323, 0.0029740257]","[0.000352212, 0.000497353, 0.000312259, 0.0001332069, 8.63424e-05, 9.26907e-05, 0.0126400543]",0,0.004436738257,raw_action_units,2,96,769564,769564,true
280,train_single_demo,0.004502287523,0.004502287523,raw_action_units,0.9970656832,0.9970656832,5.475529035,"[0.9982027411, 1.0134218931, 1.0111831427, 0.9654549956]","[5.484228611, 5.5091381073, 5.5048737526, 5.4038748741]","[0.0014104149, 0.000492103, 0.000620376, 0.0006396126]","[0.0003932659, 0.0003730413, 0.0005724901, 0.0001783543, 0.0001156851, 7.3787e-05, 0.0038277621]",0,0.004502287312,raw_action_units,2,96,769564,769564,true
280,eval_same_demo_teacher_forced,0.004445720774,0.004445720774,raw_action_units,0.9966891607,0.9966891607,5.474892298,"[0.9982506633, 1.0127606392, 1.011044383, 0.9647011161]","[5.4842720032, 5.5080509186, 5.504919529, 5.402326107]","[0.0021022961, 0.0013763459, 0.0016235745, 0.0029582742]","[0.0004093343, 0.0004333848, 0.0003134031, 8.77851e-05, 8.93739e-05, 6.97372e-05, 0.0127028404]",0,0.004445720641,raw_action_units,2,96,769564,769564,true
281,train_single_demo,0.004528817565,0.004528817565,raw_action_units,0.9965554873,0.9965554873,5.474834124,"[0.9983479381, 1.0127300024, 1.0109370947, 0.9642068744]","[5.4847044945, 5.5082173347, 5.5048294067, 5.4015846252]","[0.002307445, 0.0019024755, 0.0011141126, 0.0010826158]","[0.0004113376, 0.0002994979, 0.0003453736, 0.0001416028, 9.5348e-05, 7.94893e-05, 0.0098389853]",0,0.004528817499,raw_action_units,2,96,769564,769564,true
281,eval_same_demo_teacher_forced,0.004502597575,0.004502597575,raw_action_units,0.9959967136,0.9959967136,5.475128333,"[0.9984152913, 1.0124408007, 1.0093984604, 0.963732481]","[5.4866309166, 5.5093274117, 5.5029563904, 5.4015974998]","[0.0021747011, 0.0013414853, 0.0015570209, 0.0029792748]","[0.0003633238, 0.0004325661, 0.0003883931, 8.70547e-05, 7.87576e-05, 7.76061e-05, 0.012664143]",0,0.004502597487,raw_action_units,2,96,769564,769564,true
282,train_single_demo,0.004623214869,0.004623214869,raw_action_units,0.9959887067,0.9959887067,5.474949201,"[0.9983175397, 1.0125179291, 1.009072423, 0.9640470147]","[5.4862847328, 5.5093421936, 5.5021586418, 5.4020113945]","[0.0015151604, 0.002098779, 0.0016888938, 0.0028325713]","[0.0003782251, 0.0004233091, 0.0004767999, 0.0001461489, 9.3959e-05, 8.87601e-05, 0.0126297539]",0,0.004623214581,raw_action_units,2,96,769564,769564,true
282,eval_same_demo_teacher_forced,0.004471231562,0.004471231562,raw_action_units,0.9961333672,0.9961333672,5.473654747,"[0.9975660443, 1.0133895874, 1.0093510151, 0.9642267227]","[5.4827342033, 5.5091805458, 5.5013394356, 5.4013648033]","[0.0021586646, 0.0013058571, 0.0016011695, 0.0029172867]","[0.0003665184, 0.0004413188, 0.0003303503, 0.0001139446, 8.58001e-05, 0.0001005554, 0.0125317238]",0,0.004471231429,raw_action_units,2,96,769564,769564,true
283,train_single_demo,0.004518569137,0.004518569137,raw_action_units,0.9962115685,0.9962115685,5.473938624,"[0.9978281856, 1.0135221481, 1.0096119642, 0.9638844132]","[5.4833145142, 5.5095558167, 5.5020232201, 5.4008612633]","[0.003216027, 0.0016610683, 0.0014877999, 0.0024979075]","[0.0004431928, 0.0002222849, 0.0004817609, 8.43402e-05, 0.0001179873, 0.000117069, 0.0140432669]",0,0.004518569048,raw_action_units,2,96,769564,769564,true
283,eval_same_demo_teacher_forced,0.00447253619,0.00447253619,raw_action_units,0.9961719513,0.9961719513,5.474879742,"[0.9983113408, 1.0135440826, 1.0096999407, 0.9631325603]","[5.485168457, 5.510696888, 5.5029187202, 5.4007344246]","[0.0021098647, 0.0013097598, 0.0016530276, 0.0030067777]","[0.0003440491, 0.0004602863, 0.0002840853, 0.0001155142, 9.90963e-05, 9.00925e-05, 0.0127458787]",0,0.004472535991,raw_action_units,2,96,769564,769564,true
284,train_single_demo,0.004467779926,0.004467779926,raw_action_units,0.9961102804,0.9961102804,5.474769592,"[0.998319447, 1.0133441687, 1.0094021559, 0.9633755088]","[5.4853110313, 5.510365963, 5.502263546, 5.4011383057]","[0.0023989202, 0.0022738674, 0.0019222781, 0.0012641422]","[0.0005171553, 0.0004288638, 0.0006858371, 0.0001010931, 0.0001268458, 0.0001070336, 0.011786785]",0,0.004467779859,raw_action_units,2,96,769564,769564,true
284,eval_same_demo_teacher_forced,0.004858857021,0.004858857021,raw_action_units,0.9956748486,0.9956748486,5.474190394,"[0.9965804219, 1.0136544704, 1.0077102184, 0.9647541046]","[5.4824104309, 5.511452198, 5.4993247986, 5.4035739899]","[0.0023302455, 0.0013008123, 0.0016189344, 0.0032175134]","[0.0003827816, 0.0004693288, 0.0003390219, 9.95845e-05, 0.0001014901, 9.76933e-05, 0.0133282347]",0,0.004858856755,raw_action_units,2,96,769564,769564,true
285,train_single_demo,0.004785935239,0.004785935239,raw_action_units,0.9956737359,0.9956737359,5.47428449,"[0.9964672923, 1.0139151812, 1.0077725649, 0.9645400047]","[5.4822640419, 5.5121321678, 5.4994597435, 5.4032802582]","[0.0015932145, 0.0016684897, 0.0014202826, 0.0006930194]","[0.0004583182, 0.000342977, 0.000372153, 8.74669e-05, 9.60105e-05, 9.95265e-05, 0.0079498077]",0,0.004785934995,raw_action_units,2,96,769564,769564,true
285,eval_same_demo_teacher_forced,0.004815208881,0.004815208881,raw_action_units,0.9962939421,0.9962939421,5.476032257,"[0.9981182218, 1.014801383, 1.0088371038, 0.9634189606]","[5.4860839844, 5.5145630836, 5.5012984276, 5.4021835327]","[0.0021452515, 0.0012739337, 0.001567747, 0.0032836702]","[0.0005691634, 0.0004332389, 0.00036291, 0.0001542598, 8.14862e-05, 8.37122e-05, 0.0127887828]",0,0.004815208593,raw_action_units,2,96,769564,769564,true
286,train_single_demo,0.004924214755,0.004924214755,raw_action_units,0.9963522752,0.9963522752,5.475975831,"[0.9985461235, 1.0145918131, 1.0088402033, 0.9634310603]","[5.4867801666, 5.5139451027, 5.501121521, 5.4020571709]","[0.0014872538, 0.0018092082, 0.0012531356, 0.0016499744]","[0.0005403403, 0.0004336414, 0.0004427387, 8.384e-05, 0.0001024105, 7.37656e-05, 0.009172515]",0,0.004924214667,raw_action_units,2,96,769564,769564,true
286,eval_same_demo_teacher_forced,0.005120646519,0.005120646519,raw_action_units,0.9955282609,0.9955282609,5.474329948,"[0.9975709915, 1.0129371881, 1.0084804296, 0.9631245732]","[5.4848456383, 5.5102562904, 5.5017266273, 5.4004898071]","[0.0021979425, 0.001420535, 0.0017679912, 0.0032691134]","[0.0004982378, 0.0004439028, 0.0004117542, 0.0001574296, 9.89465e-05, 0.0001232355, 0.0134137608]",0,0.005120646386,raw_action_units,2,96,769564,769564,true
287,train_single_demo,0.005213066315,0.005213066315,raw_action_units,0.9955004255,0.9955004255,5.474734306,"[0.9973221421, 1.0128620863, 1.0084992647, 0.9633181691]","[5.484849453, 5.5105228424, 5.5023083687, 5.4012565613]","[0.002546316, 0.0018931665, 0.0023787871, 0.0053841476]","[0.0004563055, 0.0004053091, 0.0006502346, 0.0001659011, 0.0001141035, 0.0001103422, 0.0194520336]",0,0.005213066049,raw_action_units,2,96,769564,769564,true
287,eval_same_demo_teacher_forced,0.005433630043,0.005433630043,raw_action_units,0.9962776502,0.9962776502,5.476746559,"[0.9979493618, 1.0124562979, 1.009491086, 0.965213716]","[5.4866557121, 5.5102229118, 5.5031661987, 5.4069399834]","[0.0025071634, 0.0015640673, 0.001776168, 0.003229385]","[0.0006183626, 0.0004686187, 0.0003710015, 9.02561e-05, 8.17054e-05, 7.43185e-05, 0.0141801089]",0,0.005433629666,raw_action_units,2,96,769564,769564,true
288,train_single_demo,0.005285851968,0.005285851968,raw_action_units,0.9962449471,0.9962449471,5.476037343,"[0.9979006648, 1.0123507977, 1.0096373558, 0.9650909901]","[5.4856972694, 5.5095171928, 5.5027594566, 5.4061760902]","[0.0021983408, 0.0008933828, 0.0007872973, 0.001688853]","[0.000397915, 0.0003539166, 0.0005855553, 0.0002009856, 0.0001113314, 0.0001688272, 0.0079252487]",0,0.005285851835,raw_action_units,2,96,769564,769564,true
288,eval_same_demo_teacher_forced,0.005244925929,0.005244925929,raw_action_units,0.9956803322,0.9956803322,5.472527822,"[0.9965028763, 1.0127078295, 1.009822011, 0.9636886716]","[5.4800758362, 5.5078253746, 5.5015149117, 5.4006938934]","[0.0022782444, 0.0016681029, 0.0017937287, 0.0028939273]","[0.0003375855, 0.0004574497, 0.0003682211, 0.0001290464, 8.47698e-05, 0.0001070549, 0.0136253797]",0,0.005244925618,raw_action_units,2,96,769564,769564,true
289,train_single_demo,0.005044253388,0.005044253388,raw_action_units,0.9956091245,0.9956091245,5.473038673,"[0.996547401, 1.0126484632, 1.0097111464, 0.9635295272]","[5.4809355736, 5.5083861351, 5.5020709038, 5.4007611275]","[0.0030605281, 0.0013689627, 0.0006769675, 0.0007714832]","[0.0004458395, 0.0004033199, 0.0006766038, 0.0001459711, 0.0001190944, 8.05123e-05, 0.0084150564]",0,0.0050442531,raw_action_units,2,96,769564,769564,true
289,eval_same_demo_teacher_forced,0.005128274361,0.005128274361,raw_action_units,0.9957121213,0.9957121213,5.477477868,"[0.9980854988, 1.0115324259, 1.009406805, 0.9638237953]","[5.4891238213, 5.5104813576, 5.5055956841, 5.4047112465]","[0.0023001519, 0.0015896265, 0.0018021927, 0.0030550798]","[0.0003769051, 0.0004803366, 0.0005939836, 0.0001889529, 0.0001546424, 0.0001956694, 0.0133168474]",0,0.005128274007,raw_action_units,2,96,769564,769564,true
290,train_single_demo,0.005016236721,0.005016236721,raw_action_units,0.9957251747,0.9957251747,5.477219105,"[0.9980695248, 1.0116313696, 1.0094162226, 0.9637835622]","[5.488714695, 5.510365963, 5.5054850578, 5.4043097496]","[0.0024471323, 0.0018174982, 0.0017737827, 0.0028608216]","[0.0004296503, 0.0003873345, 0.0005128908, 0.0001079982, 0.0001079833, 7.70131e-05, 0.0139507912]",0,0.005016236433,raw_action_units,2,96,769564,769564,true
290,eval_same_demo_teacher_forced,0.004551443892,0.004551443892,raw_action_units,0.9956262509,0.9956262509,5.473763625,"[0.9973441958, 1.0116919279, 1.0093932152, 0.9640755653]","[5.4831733704, 5.5070872307, 5.5023369789, 5.4024558067]","[0.0022325404, 0.0013686303, 0.0015818356, 0.0028605154]","[0.0003460129, 0.0005070855, 0.0003727927, 0.0001690185, 0.0001038065, 8.74961e-05, 0.0124899494]",0,0.00455144367,raw_action_units,2,96,769564,769564,true
291,train_single_demo,0.004629255583,0.004629255583,raw_action_units,0.9955779314,0.9955779314,5.473463694,"[0.9971444011, 1.0118017197, 1.0095983744, 0.9637670517]","[5.4824852943, 5.5071125031, 5.5024356842, 5.4018211365]","[0.0006423799, 0.0014197474, 0.0009924358, 0.0011286266]","[0.0004514667, 0.0003710451, 0.0006274278, 0.000137146, 0.0001215075, 8.73232e-05, 0.0055246665]",0,0.004629255494,raw_action_units,2,96,769564,769564,true
291,eval_same_demo_teacher_forced,0.00441381149,0.00441381149,raw_action_units,0.9957327843,0.9957327843,5.475348473,"[0.997274816, 1.0123838186, 1.0095846653, 0.9636875987]","[5.4845690727, 5.5099716187, 5.503616333, 5.403236866]","[0.0020738046, 0.0012539796, 0.0015461951, 0.0028379234]","[0.0003373656, 0.0004515363, 0.0003072875, 7.66746e-05, 0.0001139724, 6.96089e-05, 0.0121393837]",0,0.004413811224,raw_action_units,2,96,769564,769564,true
292,train_single_demo,0.004514814354,0.004514814354,raw_action_units,0.9956440131,0.9956440131,5.475761096,"[0.9970191121, 1.0124605894, 1.0094312429, 0.9636653066]","[5.4847507477, 5.5106925964, 5.5040850639, 5.4035148621]","[0.0012601803, 0.000553706, 0.0011994948, 0.0020431078]","[0.0003907468, 0.000377574, 0.0009027764, 0.0001460701, 0.0001453247, 0.0001220431, 0.0067643193]",0,0.004514814221,raw_action_units,2,96,769564,769564,true
292,eval_same_demo_teacher_forced,0.004313449375,0.004313449375,raw_action_units,0.9954849084,0.9954849084,5.476054509,"[0.9959108233, 1.0125530958, 1.0092935562, 0.964182198]","[5.4830384254, 5.5115380287, 5.5049781799, 5.4046616554]","[0.0020792147, 0.0012338454, 0.0015573587, 0.0030340243]","[0.0003298698, 0.0004582313, 0.0003454841, 8.76187e-05, 0.0001225426, 8.56227e-05, 0.0124034053]",0,0.004313449065,raw_action_units,2,96,769564,769564,true
293,train_single_demo,0.004389155734,0.004389155734,raw_action_units,0.9954475164,0.9954475164,5.475735664,"[0.995816052, 1.0124646425, 1.0093907118, 0.9641185403]","[5.4824872017, 5.5111393929, 5.5049490929, 5.4043669701]","[0.0020826079, 0.0010341731, 0.0006846394, 0.0004817349]","[0.0004660462, 0.0003129136, 0.0004359215, 8.91739e-05, 0.0001401295, 7.01807e-05, 0.0059811552]",0,0.004389155567,raw_action_units,2,96,769564,769564,true
293,eval_same_demo_teacher_forced,0.004388242805,0.004388242805,raw_action_units,0.9958857298,0.9958857298,5.475416183,"[0.9961773753, 1.0132926702, 1.0098549128, 0.9642179608]","[5.4818477631, 5.5113511086, 5.5042991638, 5.4041666985]","[0.0020293402, 0.0012177901, 0.0015810564, 0.0030612061]","[0.0003206592, 0.0004852202, 0.0004056022, 0.0001448216, 0.0001099025, 0.0001210251, 0.0122192064]",0,0.004388242605,raw_action_units,2,96,769564,769564,true
294,train_single_demo,0.004409974286,0.004409974286,raw_action_units,0.9958758752,0.9958758752,5.475417455,"[0.9964801669, 1.013224721, 1.0100520849, 0.9637463689]","[5.4825515747, 5.5112175941, 5.5047192574, 5.4031805992]","[0.0021102426, 0.0007481133, 0.0004018393, 0.000467184]","[0.000294653, 0.0002655346, 0.0005308321, 8.81807e-05, 8.6616e-05, 6.75459e-05, 0.0051895515]",0,0.004409974175,raw_action_units,2,96,769564,769564,true
294,eval_same_demo_teacher_forced,0.004334392492,0.004334392492,raw_action_units,0.9956845045,0.9956845045,5.476222038,"[0.9967927933, 1.0131617785, 1.0103524923, 0.9624310136]","[5.4845557213, 5.5122122765, 5.5068717003, 5.4012489319]","[0.0020758279, 0.0012033483, 0.0015288395, 0.0029677681]","[0.0003844024, 0.0004161531, 0.0003762637, 0.0001210969, 0.0001078411, 6.66611e-05, 0.012135203]",0,0.004334392292,raw_action_units,2,96,769564,769564,true
295,train_single_demo,0.00441378324,0.00441378324,raw_action_units,0.9955966075,0.9955966075,5.476076762,"[0.996489048, 1.0130406618, 1.0103657246, 0.9624908566]","[5.4839057922, 5.5120062828, 5.5069999695, 5.4013953209]","[0.0013674797, 0.0017555314, 0.0021316628, 0.0026569536]","[0.000546317, 0.0003846247, 0.0006870139, 0.0001520922, 0.0001310824, 8.675e-05, 0.0118574658]",0,0.004413783018,raw_action_units,2,96,769564,769564,true
295,eval_same_demo_teacher_forced,0.004240330309,0.004240330309,raw_action_units,0.995365262,0.995365262,5.475419998,"[0.9960162044, 1.0126646757, 1.0105978251, 0.9621824622]","[5.482357502, 5.5112547874, 5.5069832802, 5.4010825157]","[0.0020522245, 0.001291016, 0.0014696332, 0.0028531095]","[0.0003433593, 0.0003988196, 0.0003022141, 0.0001119406, 8.89744e-05, 8.13247e-05, 0.012088838]",0,0.004240330131,raw_action_units,2,96,769564,769564,true
296,train_single_demo,0.004421882021,0.004421882021,raw_action_units,0.9954050382,0.9954050382,5.47546196,"[0.9961097836, 1.0127630234, 1.010507226, 0.9622400403]","[5.4825057983, 5.5114321709, 5.5065975189, 5.4013118744]","[0.002080613, 0.0013737413, 0.0010478945, 0.0010553877]","[0.0005472818, 0.0004012062, 0.0006771379, 0.0001968478, 0.0001096245, 6.57914e-05, 0.0077279736]",0,0.004421881799,raw_action_units,2,96,769564,769564,true
296,eval_same_demo_teacher_forced,0.004180338234,0.004180338234,raw_action_units,0.9951037963,0.9951037963,5.475009282,"[0.9958998561, 1.0130124092, 1.0090159178, 0.9624869823]","[5.4825611115, 5.5121245384, 5.5036187172, 5.4017319679]","[0.0020559307, 0.001201202, 0.0015209611, 0.0027352804]","[0.0003253343, 0.0003915899, 0.0002631668, 7.20468e-05, 8.31017e-05, 8.4236e-05, 0.0119289299]",0,0.004180338056,raw_action_units,2,96,769564,769564,true
297,train_single_demo,0.004286950609,0.004286950609,raw_action_units,0.9949905276,0.9949905276,5.475096703,"[0.9957094193, 1.0130681992, 1.008862257, 0.9623222351]","[5.4825615883, 5.5124878883, 5.5038027763, 5.4015336037]","[0.0016104635, 0.0014235856, 0.0016744105, 0.0025719439]","[0.00047172, 0.000322692, 0.000481272, 0.0001677072, 8.59399e-05, 8.37997e-05, 0.0111275753]",0,0.004286950365,raw_action_units,2,96,769564,769564,true
297,eval_same_demo_teacher_forced,0.004339840729,0.004339840729,raw_action_units,0.994555831,0.994555831,5.476589839,"[0.9955069423, 1.012701869, 1.0083464384, 0.9616680741]","[5.4848837852, 5.5141997337, 5.5056157112, 5.4016604424]","[0.002140769, 0.0013705663, 0.0015305327, 0.0028939582]","[0.0003453924, 0.0004411158, 0.0005520692, 0.000154577, 7.76652e-05, 6.62175e-05, 0.0122506581]",0,0.004339840441,raw_action_units,2,96,769564,769564,true
298,train_single_demo,0.004530757045,0.004530757045,raw_action_units,0.9947307706,0.9947307706,5.477063497,"[0.995808363, 1.0126719475, 1.0087586641, 0.9616840482]","[5.4855532646, 5.5142769814, 5.5065407753, 5.4018826485]","[0.0013328531, 0.0004511442, 0.0009994372, 0.0030306662]","[0.0003468573, 0.0002661281, 0.0004719315, 0.0001128315, 7.63079e-05, 6.65538e-05, 0.0088340659]",0,0.004530756867,raw_action_units,2,96,769564,769564,true
298,eval_same_demo_teacher_forced,0.004229176479,0.004229176479,raw_action_units,0.994874239,0.994874239,5.47643137,"[0.9954648018, 1.0120749474, 1.0091859102, 0.9627714157]","[5.4834933281, 5.5122056007, 5.5065722466, 5.4034538269]","[0.0020056912, 0.0011793738, 0.0015184795, 0.002783889]","[0.0003214531, 0.0004482235, 0.0002842074, 0.0001390877, 8.4504e-05, 8.44722e-05, 0.0117410608]",0,0.004229176257,raw_action_units,2,96,769564,769564,true
299,train_single_demo,0.004276901445,0.004276901445,raw_action_units,0.9948677222,0.9948677222,5.476066271,"[0.9953972697, 1.0120130777, 1.0090357065, 0.9630246162]","[5.4829897881, 5.5117340088, 5.5058689117, 5.4036712646]","[0.0003759149, 0.0003011732, 0.0004604138, 0.0008674085]","[0.0003196656, 0.000379373, 0.0005194581, 9.32252e-05, 7.4024e-05, 7.43478e-05, 0.0020484994]",0,0.004276901306,raw_action_units,2,96,769564,769564,true
299,eval_same_demo_teacher_forced,0.004138449673,0.004138449673,raw_action_units,0.9952889283,0.9952889283,5.476020177,"[0.9955018163, 1.0134925842, 1.0089424849, 0.963218987]","[5.4824347496, 5.5135445595, 5.5045280457, 5.4035725594]","[0.0020567589, 0.001189847, 0.0014653242, 0.0027914087]","[0.000301794, 0.0003860196, 0.00029147, 8.51716e-05, 0.0001043192, 6.15672e-05, 0.0119005004]",0,0.004138449473,raw_action_units,2,96,769564,769564,true
300,train_single_demo,0.00419440819,0.00419440819,raw_action_units,0.9953351816,0.9953351816,5.475987275,"[0.9954559207, 1.0138961077, 1.0090270042, 0.9629619122]","[5.4822273254, 5.5141086578, 5.5045990944, 5.403011322]","[0.0030401063, 0.001143259, 0.0010625048, 0.0019228497]","[0.0003025186, 0.0003038217, 0.0008769808, 0.0001247411, 0.0001051446, 6.09099e-05, 0.0107711414]",0,0.004194408123,raw_action_units,2,96,769564,769564,true
300,eval_same_demo_teacher_forced,0.004176756367,0.004176756367,raw_action_units,0.9955910842,0.9955910842,5.475842158,"[0.9953314662, 1.0144819021, 1.0100810528, 0.9624702334]","[5.4811987877, 5.5143485069, 5.5062446594, 5.4015769958]","[0.0020514266, 0.0012568067, 0.001464612, 0.0028831826]","[0.0003262725, 0.0003919252, 0.0002682597, 0.0001077929, 9.89285e-05, 8.50342e-05, 0.0121198343]",0,0.004176756278,raw_action_units,2,96,769564,769564,true
301,train_single_demo,0.00426539313,0.00426539313,raw_action_units,0.9954792261,0.9954792261,5.475781759,"[0.9952940941, 1.0139571428, 1.0100989342, 0.9625665545]","[5.4812850952, 5.5135760307, 5.5064415932, 5.4018235207]","[0.0034050464, 0.0019623612, 0.0012714936, 0.0009627705]","[0.0003800293, 0.0003817217, 0.0005224288, 0.0001102763, 9.35374e-05, 7.84562e-05, 0.011736474]",0,0.00426539282,raw_action_units,2,96,769564,769564,true
301,eval_same_demo_teacher_forced,0.004335527929,0.004335527929,raw_action_units,0.9955718915,0.9955718915,5.478525798,"[0.9954268336, 1.0127075911, 1.0101553202, 0.9639980197]","[5.4844765663, 5.5138344765, 5.5089011192, 5.4068903923]","[0.0021537379, 0.0012546247, 0.0015091598, 0.0028713115]","[0.0003605245, 0.0005134845, 0.000377048, 0.0001378462, 9.68983e-05, 0.0001075046, 0.0120371543]",0,0.004335527796,raw_action_units,2,96,769564,769564,true
302,train_single_demo,0.004316599263,0.004316599263,raw_action_units,0.9954751134,0.9954751134,5.478702704,"[0.9953129888, 1.0126920938, 1.0102844238, 0.9636109471]","[5.4846596718, 5.5142059326, 5.5095849037, 5.4063591957]","[0.0023153219, 0.0016783454, 0.0010481569, 0.0010867657]","[0.000370787, 0.0003915105, 0.0004804937, 7.62573e-05, 9.67103e-05, 8.48993e-05, 0.0092243748]",0,0.004316599064,raw_action_units,2,96,769564,769564,true
302,eval_same_demo_teacher_forced,0.004175464002,0.004175464002,raw_action_units,0.9953532616,0.9953532616,5.479341984,"[0.9956772923, 1.0133248568, 1.0105791092, 0.9618320465]","[5.4861540794, 5.5167922974, 5.5116882324, 5.4027342796]","[0.0020038697, 0.0011929731, 0.0015424675, 0.0028115511]","[0.0003345715, 0.0004267618, 0.0004984066, 9.30633e-05, 9.53967e-05, 7.90746e-05, 0.0116867311]",0,0.00417546378,raw_action_units,2,96,769564,769564,true
303,train_single_demo,0.004216500791,0.004216500791,raw_action_units,0.9953703483,0.9953703483,5.47920831,"[0.9957810044, 1.0130596161, 1.0105733871, 0.962067306]","[5.4861140251, 5.5161566734, 5.51146698, 5.4030952454]","[0.0004784298, 0.0004483087, 0.0008560502, 0.0018271535]","[0.000338522, 0.0004851512, 0.0004331979, 8.4492e-05, 7.1735e-05, 8.36397e-05, 0.0048206612]",0,0.004216500691,raw_action_units,2,96,769564,769564,true
303,eval_same_demo_teacher_forced,0.004078252707,0.004078252707,raw_action_units,0.9957805475,0.9957805475,5.478565534,"[0.9958097935, 1.0122066736, 1.0109629631, 0.964142859]","[5.4844231606, 5.5128912926, 5.5101914406, 5.4067540169]","[0.0019850237, 0.0012091174, 0.0014485251, 0.0027974304]","[0.000370586, 0.0004417814, 0.0003100844, 7.69688e-05, 8.37467e-05, 7.6124e-05, 0.0116608776]",0,0.004078252507,raw_action_units,2,96,769564,769564,true
304,train_single_demo,0.004174893179,0.004174893179,raw_action_units,0.9956562122,0.9956562122,5.477897008,"[0.9954013824, 1.0119987726, 1.0108138323, 0.9644107819]","[5.4831681252, 5.5119223595, 5.5094752312, 5.4070205688]","[0.0004849609, 0.001232956, 0.0015463062, 0.002027953]","[0.0004086197, 0.0003866847, 0.0005829695, 0.0001117997, 0.0001123175, 0.0001172927, 0.007541623]",0,0.004174893012,raw_action_units,2,96,769564,769564,true
304,eval_same_demo_teacher_forced,0.004007889579,0.004007889579,raw_action_units,0.9951381683,0.9951381683,5.475749016,"[0.9946088791, 1.0115873814, 1.01098454, 0.9633717537]","[5.4802470207, 5.5096211433, 5.5088820457, 5.4042458534]","[0.0019719158, 0.0012129659, 0.0014620809, 0.0027204414]","[0.0003240063, 0.0004279423, 0.0003478833, 7.07583e-05, 8.96461e-05, 9.18658e-05, 0.0115408553]",0,0.004007889401,raw_action_units,2,96,769564,769564,true
305,train_single_demo,0.004110716749,0.004110716749,raw_action_units,0.9950125217,0.9950125217,5.47560517,"[0.9948399663, 1.0115064383, 1.0110024214, 0.9627016187]","[5.4807801247, 5.5096340179, 5.5091304779, 5.4028754234]","[0.0016022408, 0.0005472566, 0.0012780614, 0.003578515]","[0.0002766527, 0.0003433313, 0.0004981992, 0.000123031, 0.0001111839, 6.74117e-05, 0.0108408174]",0,0.004110716461,raw_action_units,2,96,769564,769564,true
305,eval_same_demo_teacher_forced,0.004038192487,0.004038192487,raw_action_units,0.994704326,0.994704326,5.475999991,"[0.9954698682, 1.0111522675, 1.0107505322, 0.9614446759]","[5.4833602905, 5.5102386475, 5.509534359, 5.4008660316]","[0.0019823138, 0.0011600914, 0.0014512831, 0.0027364932]","[0.0003218104, 0.0004117516, 0.0002560764, 7.42411e-05, 8.02294e-05, 9.56886e-05, 0.0115880212]",0,0.004038192332,raw_action_units,2,96,769564,769564,true
306,train_single_demo,0.00409786636,0.00409786636,raw_action_units,0.9946932197,0.9946932197,5.476142724,"[0.995331943, 1.0110797882, 1.0107246637, 0.9616365433]","[5.4833374023, 5.5102438927, 5.5096035004, 5.4013848305]","[0.0023503716, 0.0015188273, 0.0009506136, 0.0012703134]","[0.0003550742, 0.0002773576, 0.0004975289, 7.87595e-05, 9.02959e-05, 7.67792e-05, 0.009281924]",0,0.004097866161,raw_action_units,2,96,769564,769564,true
306,eval_same_demo_teacher_forced,0.004132787231,0.004132787231,raw_action_units,0.9942958355,0.9942958355,5.475641251,"[0.9944798946, 1.0107046366, 1.0096811056, 0.9623177648]","[5.4821815491, 5.5097923279, 5.5081219673, 5.4024682045]","[0.0020467232, 0.0011461766, 0.0015689217, 0.0028237908]","[0.0003493709, 0.0004751791, 0.0003049997, 0.0001174013, 8.03596e-05, 8.13044e-05, 0.0118662072]",0,0.004132787032,raw_action_units,2,96,769564,769564,true
307,train_single_demo,0.00410171117,0.00410171117,raw_action_units,0.9942572514,0.9942572514,5.475771745,"[0.9947116375, 1.0105651617, 1.0095683336, 0.9621837735]","[5.4828362465, 5.5097999573, 5.5081048012, 5.4023442268]","[0.0021921394, 0.0010260369, 0.0008548934, 0.0023302594]","[0.0004267315, 0.0002803363, 0.0004157648, 7.75821e-05, 7.63983e-05, 6.00041e-05, 0.0098690083]",0,0.004101711015,raw_action_units,2,96,769564,769564,true
307,eval_same_demo_teacher_forced,0.004169574007,0.004169574007,raw_action_units,0.9942694902,0.9942694902,5.476446629,"[0.9959250093, 1.0106592178, 1.0096873045, 0.9608063698]","[5.4858307838, 5.5108122826, 5.5090384483, 5.4001059532]","[0.0019722313, 0.0011249897, 0.0014704395, 0.0028461155]","[0.0003609201, 0.0004965371, 0.0003101673, 8.24327e-05, 8.49665e-05, 8.17373e-05, 0.0115573453]",0,0.004169573741,raw_action_units,2,96,769564,769564,true
308,train_single_demo,0.004209902914,0.004209902914,raw_action_units,0.9943490426,0.9943490426,5.476269404,"[0.9958521724, 1.0109446049, 1.0095330477, 0.9610663056]","[5.4853587151, 5.5109086037, 5.5083966255, 5.4004130363]","[0.0011394527, 0.0014471411, 0.0014428477, 0.0022877899]","[0.0003159548, 0.0002468018, 0.0004638609, 7.13491e-05, 7.94769e-05, 7.91332e-05, 0.0097985761]",0,0.00420990267,raw_action_units,2,96,769564,769564,true
308,eval_same_demo_teacher_forced,0.004122734535,0.004122734535,raw_action_units,0.9953879913,0.9953879913,5.476186434,"[0.9952218533, 1.0135194063, 1.0103942156, 0.9624164701]","[5.4819340706, 5.5127615929, 5.5079493523, 5.4020996094]","[0.0019610622, 0.0011501095, 0.0014875536, 0.0028211961]","[0.0003329847, 0.000471102, 0.000298428, 0.0001014831, 8.04561e-05, 9.43471e-05, 0.0116060628]",0,0.004122734425,raw_action_units,2,96,769564,769564,true
309,train_single_demo,0.004178411327,0.004178411327,raw_action_units,0.9954007864,0.9954007864,5.47598362,"[0.9950714111, 1.0133799314, 1.0104938745, 0.9626579285]","[5.4813361168, 5.5122551918, 5.5078406334, 5.4025025368]","[0.0015810627, 0.0020698253, 0.0021262255, 0.0022242109]","[0.000408682, 0.0003917874, 0.0005023972, 8.38152e-05, 0.0001049467, 9.235e-05, 0.0124183381]",0,0.004178411194,raw_action_units,2,96,769564,769564,true
309,eval_same_demo_teacher_forced,0.004121874304,0.004121874304,raw_action_units,0.9949343999,0.9949343999,5.476076762,"[0.9952113032, 1.0109101534, 1.0113115311, 0.9623044133]","[5.4824347496, 5.5091719627, 5.5106086731, 5.4020934105]","[0.0019539904, 0.0011186484, 0.001537969, 0.002828588]","[0.0003553286, 0.000484669, 0.0002929096, 9.5948e-05, 8.1802e-05, 9.57017e-05, 0.0116122337]",0,0.00412187406,raw_action_units,2,96,769564,769564,true
310,train_single_demo,0.004140328305,0.004140328305,raw_action_units,0.9948139191,0.9948139191,5.47661829,"[0.9951846004, 1.0104382038, 1.0113488436, 0.9622840881]","[5.4832782745, 5.5091972351, 5.5114722252, 5.4025244713]","[0.0021290616, 0.0018529085, 0.0017821785, 0.0006835088]","[0.0004010636, 0.0004946211, 0.0003202064, 0.0001028921, 7.99354e-05, 0.0001131247, 0.0097715575]",0,0.004140328084,raw_action_units,2,96,769564,769564,true
310,eval_same_demo_teacher_forced,0.004099607468,0.004099607468,raw_action_units,0.994478186,0.994478186,5.478470802,"[0.994553864, 1.0093990564, 1.0103919506, 0.9635679126]","[5.4852700233, 5.509979248, 5.5115590096, 5.4070739746]","[0.0020427699, 0.001203959, 0.0014323323, 0.0027683645]","[0.0003360723, 0.0004127756, 0.0002803952, 0.0001018035, 9.51499e-05, 7.68458e-05, 0.0117299529]",0,0.00409960729,raw_action_units,2,96,769564,769564,true
311,train_single_demo,0.004214217886,0.004214217886,raw_action_units,0.9943932692,0.9943932692,5.478223642,"[0.9942056537, 1.0095905066, 1.0101834536, 0.9635935426]","[5.4845085144, 5.510248661, 5.511100769, 5.4070382118]","[0.0022369719, 0.0008794931, 0.0005454937, 0.0015331254]","[0.0003877482, 0.0006220801, 0.0005284298, 0.0001126999, 9.65137e-05, 7.46064e-05, 0.0072693191]",0,0.004214217798,raw_action_units,2,96,769564,769564,true
311,eval_same_demo_teacher_forced,0.00403052584,0.00403052584,raw_action_units,0.9949511687,0.9949511687,5.478831768,"[0.994576633, 1.0110592842, 1.0107699633, 0.9633989334]","[5.4844613075, 5.5125746727, 5.5116920471, 5.406598568]","[0.002011358, 0.001148506, 0.0014381912, 0.0026437559]","[0.0004001156, 0.000397605, 0.0002712984, 7.22888e-05, 8.13185e-05, 8.72779e-05, 0.011363267]",0,0.004030525684,raw_action_units,2,96,769564,769564,true
312,train_single_demo,0.004114073546,0.004114073546,raw_action_units,0.9950440725,0.9950440725,5.478896777,"[0.9948709011, 1.0110371113, 1.0109335184, 0.9633347392]","[5.4847970009, 5.5124230385, 5.5118851662, 5.4064826965]","[0.0016545105, 0.0008218348, 0.001050279, 0.0028306532]","[0.0004112639, 0.0005215297, 0.0004170615, 0.0001053263, 0.000106812, 7.77292e-05, 0.009485512]",0,0.004114073479,raw_action_units,2,96,769564,769564,true
312,eval_same_demo_teacher_forced,0.00403365291,0.00403365291,raw_action_units,0.9946331978,0.9946331978,5.477555434,"[0.9950885773, 1.0099093914, 1.0107706785, 0.9627642035]","[5.4842505455, 5.5096526146, 5.5114402771, 5.4048771858]","[0.0019687978, 0.0011611431, 0.0014230447, 0.0028695408]","[0.0003151128, 0.0005590446, 0.0002724189, 8.41085e-05, 8.42504e-05, 8.74122e-05, 0.0115870731]",0,0.004033652622,raw_action_units,2,96,769564,769564,true
313,train_single_demo,0.00410741847,0.00410741847,raw_action_units,0.9944466551,0.9944466551,5.477075895,"[0.9947432876, 1.0096893311, 1.01042974, 0.9629243016]","[5.4834804535, 5.509039402, 5.5106468201, 5.4051356316]","[0.0021221691, 0.0012119804, 0.0004902681, 0.00103531]","[0.0004746528, 0.0003613479, 0.0006531745, 8.97641e-05, 0.0001112083, 0.0001007562, 0.006713619]",0,0.004107418337,raw_action_units,2,96,769564,769564,true
313,eval_same_demo_teacher_forced,0.004119488255,0.004119488255,raw_action_units,0.9944943587,0.9944943587,5.47686704,"[0.9940279126, 1.010150075, 1.0097436905, 0.9640557766]","[5.4819321632, 5.5093207359, 5.5088992119, 5.4073162079]","[0.0020282338, 0.0011078983, 0.0014699586, 0.0030415375]","[0.0004352547, 0.0006220096, 0.0002726961, 9.27432e-05, 9.08123e-05, 7.96369e-05, 0.0117901964]",0,0.0041194881,raw_action_units,2,96,769564,769564,true
314,train_single_demo,0.004095754509,0.004095754509,raw_action_units,0.9945443869,0.9945443869,5.477197329,"[0.9941706657, 1.0102710724, 1.0098899603, 0.9638459086]","[5.4823899269, 5.5098800659, 5.5094456673, 5.4070739746]","[0.0003990949, 0.0003703476, 0.0003593616, 0.0006764238]","[0.0003220724, 0.0003808243, 0.0005763264, 7.04182e-05, 0.0001277654, 7.80823e-05, 0.0016036592]",0,0.004095754231,raw_action_units,2,96,769564,769564,true
314,eval_same_demo_teacher_forced,0.004054308248,0.004054308248,raw_action_units,0.9947611094,0.9947611094,5.478422165,"[0.9947447777, 1.0109471083, 1.010855794, 0.9624968171]","[5.4841632843, 5.5123748779, 5.5124130249, 5.4047369957]","[0.002005019, 0.0011345815, 0.0014449349, 0.0029096005]","[0.0004225108, 0.0004159927, 0.0003256672, 0.0001068708, 8.55004e-05, 0.0001102307, 0.0116479648]",0,0.004054308115,raw_action_units,2,96,769564,769564,true
315,train_single_demo,0.004114653178,0.004114653178,raw_action_units,0.9945617914,0.9945617914,5.478444099,"[0.9945650101, 1.0106742382, 1.0107668638, 0.9622411132]","[5.4842429161, 5.5122280121, 5.5127906799, 5.4045157433]","[0.000363885, 0.0003463776, 0.000403197, 0.0008607707]","[0.0003671819, 0.0003941957, 0.0005094968, 0.000112942, 9.75008e-05, 6.82684e-05, 0.0019053174]",0,0.004114652895,raw_action_units,2,96,769564,769564,true
315,eval_same_demo_teacher_forced,0.003979203757,0.003979203757,raw_action_units,0.9941836993,0.9941836993,5.479930878,"[0.9944813848, 1.0096770525, 1.0104715824, 0.9621047974]","[5.4865965843, 5.5121893883, 5.514559269, 5.4063777924]","[0.0019753545, 0.0011356053, 0.0014726644, 0.0027408956]","[0.0003461863, 0.0004103724, 0.0002897359, 9.78682e-05, 0.0001217778, 0.0001095515, 0.0114424154]",0,0.003979203602,raw_action_units,2,96,769564,769564,true
316,train_single_demo,0.004032355112,0.004032355112,raw_action_units,0.9941346049,0.9941346049,5.47973601,"[0.9943609238, 1.0096229315, 1.0104442835, 0.9621103406]","[5.486219883, 5.5119476318, 5.5143718719, 5.4064059258]","[0.00232976, 0.0006549805, 0.0004845586, 0.0010341177]","[0.0004160922, 0.0003756708, 0.0003282181, 0.0001029021, 9.82987e-05, 8.19627e-05, 0.0064778347]",0,0.004032354802,raw_action_units,2,96,769564,769564,true
316,eval_same_demo_teacher_forced,0.00403659946,0.00403659946,raw_action_units,0.9943514665,0.9943514665,5.478789647,"[0.9950981736, 1.0097233057, 1.0106981993, 0.9618864059]","[5.4862027168, 5.5108056068, 5.5136108398, 5.4045391083]","[0.0019996623, 0.0011012146, 0.0013914745, 0.0027695212]","[0.000284827, 0.000451881, 0.0002701538, 0.0001277581, 9.97857e-05, 9.43622e-05, 0.0113795074]",0,0.004036599149,raw_action_units,2,96,769564,769564,true
317,train_single_demo,0.004191438512,0.004191438512,raw_action_units,0.9944033424,0.9944033424,5.478859584,"[0.9952136874, 1.00986588, 1.0107479095, 0.9617858529]","[5.486410141, 5.5110764503, 5.5137805939, 5.4041705132]","[0.0018856166, 0.0006235467, 0.0005129111, 0.0004305952]","[0.0004584787, 0.0002769498, 0.0003923967, 9.84226e-05, 0.0001346734, 8.64159e-05, 0.0045948341]",0,0.004191438446,raw_action_units,2,96,769564,769564,true
317,eval_same_demo_teacher_forced,0.004496011728,0.004496011728,raw_action_units,0.9951010148,0.9951010148,5.480187098,"[0.9965181947, 1.010011673, 1.0106239319, 0.9632503986]","[5.4893155098, 5.5112380981, 5.5129885674, 5.4072060585]","[0.002023153, 0.0012340238, 0.0014624122, 0.0028051168]","[0.0003200801, 0.0004520064, 0.0003172646, 9.84796e-05, 7.98216e-05, 0.0001017144, 0.0117988689]",0,0.004496011706,raw_action_units,2,96,769564,769564,true
318,train_single_demo,0.004463243143,0.004463243143,raw_action_units,0.9949410756,0.9949410756,5.479604085,"[0.996160686, 1.0099118948, 1.0104886293, 0.9632031322]","[5.4882602692, 5.5106911659, 5.5125336647, 5.4069309235]","[0.0019648161, 0.0020773502, 0.0013885637, 0.0010582797]","[0.0003823456, 0.0003278877, 0.0004631838, 0.0001347537, 0.0001295385, 0.0001300025, 0.009788054]",0,0.004463242988,raw_action_units,2,96,769564,769564,true
318,eval_same_demo_teacher_forced,0.004047739164,0.004047739164,raw_action_units,0.994502306,0.994502306,5.477555275,"[0.9942714572, 1.0107574463, 1.0099953413, 0.9629855156]","[5.4826927185, 5.5108046532, 5.5110173225, 5.4057059288]","[0.0019438299, 0.0012194673, 0.0014574871, 0.0027705515]","[0.0002880688, 0.0003854897, 0.0002765386, 9.97713e-05, 8.3512e-05, 0.0001434914, 0.0116579654]",0,0.004047739009,raw_action_units,2,96,769564,769564,true
319,train_single_demo,0.004135389347,0.004135389347,raw_action_units,0.994588534,0.994588534,5.478013992,"[0.9945437312, 1.0107914209, 1.0101140738, 0.9629051685]","[5.4835181236, 5.5112586021, 5.5114712715, 5.4058055878]","[0.0012395338, 0.0006656556, 0.0008891902, 0.0029099665]","[0.0003797109, 0.0003094091, 0.0004578931, 0.0001605554, 9.11868e-05, 0.0001067756, 0.0084770741]",0,0.004135389147,raw_action_units,2,96,769564,769564,true
319,eval_same_demo_teacher_forced,0.004020476093,0.004020476093,raw_action_units,0.9944048723,0.9944048723,5.479979197,"[0.9945275784, 1.0101798773, 1.009824872, 0.9630871415]","[5.4858551025, 5.5129947662, 5.5130238533, 5.4080433846]","[0.0019759415, 0.0010905077, 0.0013820902, 0.0027300613]","[0.0003172336, 0.0004380954, 0.0002399959, 0.0001254125, 9.06183e-05, 0.000106686, 0.0112445094]",0,0.004020475916,raw_action_units,2,96,769564,769564,true
320,train_single_demo,0.004042601834,0.004042601834,raw_action_units,0.9943913221,0.9943913221,5.480387688,"[0.994389832, 1.010122776, 1.0098000765, 0.9632528424]","[5.4861235619, 5.5133132935, 5.5133728981, 5.4087409973]","[0.000544208, 0.0011290734, 0.0013177783, 0.0020247658]","[0.0002810441, 0.0003240666, 0.0003366239, 7.38348e-05, 9.04381e-05, 0.0001439913, 0.0075276955]",0,0.004042601656,raw_action_units,2,96,769564,769564,true
320,eval_same_demo_teacher_forced,0.00403313525,0.00403313525,raw_action_units,0.9939141671,0.9939141671,5.479465803,"[0.993435204, 1.0095118284, 1.0099005699, 0.9628090858]","[5.484457016, 5.5117378235, 5.5138134956, 5.4078536034]","[0.0019493472, 0.0012040411, 0.001439534, 0.0027570322]","[0.0003488075, 0.0004948915, 0.0003291417, 0.0001140057, 7.10158e-05, 6.98268e-05, 0.0114347301]",0,0.004033135162,raw_action_units,2,96,769564,769564,true
321,train_single_demo,0.004137353506,0.004137353506,raw_action_units,0.9937490225,0.9937490225,5.479108493,"[0.9936249852, 1.0089578629, 1.0100492239, 0.9623637795]","[5.4847512245, 5.5106277466, 5.5140776634, 5.4069771767]","[0.0021294276, 0.0021727774, 0.0012615273, 0.0013480941]","[0.0003978309, 0.000462198, 0.0005039289, 8.04914e-05, 9.29068e-05, 7.99079e-05, 0.0104784304]",0,0.004137353351,raw_action_units,2,96,769564,769564,true
321,eval_same_demo_teacher_forced,0.004285459096,0.004285459096,raw_action_units,0.9942247868,0.9942247868,5.480930328,"[0.9961407781, 1.0079351664, 1.0110548735, 0.9617683887]","[5.4908638, 5.5096054077, 5.5163674355, 5.4068832397]","[0.0019177386, 0.0011300059, 0.0015173926, 0.0028426775]","[0.0003034474, 0.0005528458, 0.0002746748, 8.30149e-05, 8.56165e-05, 8.60878e-05, 0.0115779871]",0,0.00428545883,raw_action_units,2,96,769564,769564,true
322,train_single_demo,0.004251662487,0.004251662487,raw_action_units,0.9944315354,0.9944315354,5.481277784,"[0.9959821105, 1.0085177422, 1.0109362602, 0.9622900486]","[5.4905381203, 5.510576725, 5.5162982941, 5.4076991081]","[0.0022293162, 0.0006661217, 0.0011530387, 0.0039563891]","[0.0002980822, 0.0003460814, 0.0003035223, 8.58419e-05, 8.25739e-05, 7.09791e-05, 0.0128214331]",0,0.004251662287,raw_action_units,2,96,769564,769564,true
322,eval_same_demo_teacher_forced,0.004409856473,0.004409856473,raw_action_units,0.9946073294,0.9946073294,5.480679194,"[0.9948031306, 1.0101040602, 1.0096029043, 0.9639191628]","[5.4873275757, 5.5127105713, 5.5133476257, 5.4093298912]","[0.001921189, 0.0010718995, 0.0016331839, 0.0029345963]","[0.0002862104, 0.0005811853, 0.0002801316, 7.99144e-05, 9.76216e-05, 7.22381e-05, 0.0118342182]",0,0.004409856207,raw_action_units,2,96,769564,769564,true
323,train_single_demo,0.004347194297,0.004347194297,raw_action_units,0.9945563277,0.9945563277,5.480796019,"[0.9949914813, 1.0099188089, 1.0096096992, 0.9637052417]","[5.4879260063, 5.5126395226, 5.5135092735, 5.4091091156]","[0.0004350148, 0.0012003925, 0.0020037054, 0.0026380189]","[0.0003217122, 0.0004219949, 0.0004104331, 9.37737e-05, 0.0001379311, 7.73236e-05, 0.0095218122]",0,0.004347193986,raw_action_units,2,96,769564,769564,true
323,eval_same_demo_teacher_forced,0.003975263797,0.003975263797,raw_action_units,0.9938097,0.9938097,5.479191462,"[0.9957761765, 1.0073279142, 1.0101685524, 0.9619662762]","[5.4890823364, 5.5076727867, 5.5137515068, 5.4062590599]","[0.0019254104, 0.0010518624, 0.0014369073, 0.0027232189]","[0.0002796216, 0.0005434588, 0.0002836662, 0.0001515481, 9.85541e-05, 6.88549e-05, 0.0110647455]",0,0.003975263664,raw_action_units,2,96,769564,769564,true
324,train_single_demo,0.004000602756,0.004000602756,raw_action_units,0.9936839739,0.9936839739,5.478661855,"[0.9955680966, 1.0071018934, 1.0101690292, 0.9618970752]","[5.4883308411, 5.5068378448, 5.5134644508, 5.4060149193]","[0.0004448873, 0.0017216657, 0.0025390091, 0.0037854554]","[0.0004124006, 0.0003905221, 0.0003752248, 0.0001220607, 0.0001181594, 0.0001077273, 0.0133331837]",0,0.004000602556,raw_action_units,2,96,769564,769564,true
324,eval_same_demo_teacher_forced,0.004029474066,0.004029474066,raw_action_units,0.9931260745,0.9931260745,5.478031794,"[0.9939779639, 1.0068097115, 1.0097608566, 0.9619557261]","[5.4857087135, 5.5064177513, 5.5138173103, 5.4061818123]","[0.0019874084, 0.0012784529, 0.0015148536, 0.0027758207]","[0.0003564571, 0.0003998832, 0.0002678639, 0.0001172458, 0.0001268489, 0.00012745, 0.0118281869]",0,0.004029473911,raw_action_units,2,96,769564,769564,true
325,train_single_demo,0.004081050865,0.004081050865,raw_action_units,0.9931316376,0.9931316376,5.478406906,"[0.9938867688, 1.0068813562, 1.0094455481, 0.9623126388]","[5.4860033989, 5.5069794655, 5.5135416985, 5.4071030617]","[0.0003877187, 0.0013517997, 0.0017815855, 0.0027135143]","[0.0003161495, 0.0003739418, 0.0002501697, 0.000195475, 8.59401e-05, 6.39111e-05, 0.0096249944]",0,0.004081050732,raw_action_units,2,96,769564,769564,true
325,eval_same_demo_teacher_forced,0.00418471933,0.00418471933,raw_action_units,0.9936222235,0.9936222235,5.48120149,"[0.9947476983, 1.0080065727, 1.0089293718, 0.9628052711]","[5.4897198677, 5.5114002228, 5.5141196251, 5.4095664024]","[0.00197091, 0.001132048, 0.0014960867, 0.00289627]","[0.0003289348, 0.0003805499, 0.0002780485, 0.0001444853, 9.44783e-05, 0.0001531224, 0.0117371818]",0,0.004184719175,raw_action_units,2,96,769564,769564,true
326,train_single_demo,0.004070645353,0.004070645353,raw_action_units,0.9934873581,0.9934873581,5.480687777,"[0.9945309758, 1.0080567598, 1.0087815523, 0.9625799656]","[5.4888911247, 5.5112361908, 5.5137176514, 5.4089083672]","[0.0028016253, 0.0013501557, 0.0014930982, 0.0021080447]","[0.0002817581, 0.0003161587, 0.0003738092, 0.0001190628, 8.10591e-05, 0.0001645228, 0.0122312447]",0,0.004070645287,raw_action_units,2,96,769564,769564,true
326,eval_same_demo_teacher_forced,0.004049523578,0.004049523578,raw_action_units,0.9931448698,0.9931448698,5.479001045,"[0.9943178296, 1.0075149536, 1.0095647573, 0.9611819386]","[5.4870510101, 5.5088086128, 5.5145936012, 5.4055504799]","[0.0019053953, 0.0010652951, 0.0014333652, 0.0027638013]","[0.0003105923, 0.0003774717, 0.0002185946, 0.0001021738, 8.5872e-05, 7.09133e-05, 0.0113781309]",0,0.004049523423,raw_action_units,2,96,769564,769564,true
327,train_single_demo,0.004034775309,0.004034775309,raw_action_units,0.9930895766,0.9930895766,5.479235967,"[0.9942499995, 1.007095933, 1.0098011494, 0.9612111449]","[5.4872956276, 5.5083198547, 5.5154595375, 5.4058670998]","[0.0020292129, 0.0004558124, 0.000474323, 0.000672709]","[0.0003883807, 0.0002993628, 0.0006147316, 0.0001104403, 0.0001060528, 0.0001380076, 0.0046991236]",0,0.004034775088,raw_action_units,2,96,769564,769564,true
327,eval_same_demo_teacher_forced,0.003970737259,0.003970737259,raw_action_units,0.9932692846,0.9932692846,5.481585503,"[0.9944155812, 1.0060812235, 1.010360837, 0.9622194171]","[5.4901661873, 5.5085215569, 5.5183358192, 5.409318924]","[0.0019313503, 0.0011730642, 0.0014706966, 0.0028360449]","[0.0003055989, 0.0004044119, 0.0003288235, 0.0001225614, 8.77746e-05, 0.0001369718, 0.0115833804]",0,0.003970737081,raw_action_units,2,96,769564,769564,true
328,train_single_demo,0.003977857375,0.003977857375,raw_action_units,0.9934351444,0.9934351444,5.481790543,"[0.9944810867, 1.0063914061, 1.0103681087, 0.9624997973]","[5.4901924133, 5.5090751648, 5.5181236267, 5.4097704887]","[0.0015081252, 0.0006679649, 0.0007437352, 0.002916679]","[0.000340356, 0.0003119479, 0.0004718036, 9.73149e-05, 8.21515e-05, 0.0001065292, 0.0088037783]",0,0.003977857264,raw_action_units,2,96,769564,769564,true
328,eval_same_demo_teacher_forced,0.004354000712,0.004354000712,raw_action_units,0.9930318197,0.9930318197,5.479915301,"[0.9939853549, 1.0060886145, 1.0100468397, 0.9620065689]","[5.4878439903, 5.5079627037, 5.5166068077, 5.4072489738]","[0.0019062668, 0.0010887593, 0.0014580149, 0.0026949972]","[0.000296247, 0.0004224973, 0.0002395737, 8.87145e-05, 6.78274e-05, 0.0001290995, 0.0112651074]",0,0.004354000446,raw_action_units,2,96,769564,769564,true
329,train_single_demo,0.004278548683,0.004278548683,raw_action_units,0.9929465453,0.9929465453,5.479625066,"[0.9939048886, 1.0059571266, 1.0100494623, 0.961874783]","[5.4874644279, 5.5075416565, 5.5163283348, 5.4071660042]","[0.0013435116, 0.0007150026, 0.0009072328, 0.002546313]","[0.0003105561, 0.00035734, 0.0004699495, 0.000111092, 7.20265e-05, 8.71786e-05, 0.0082379607]",0,0.004278548328,raw_action_units,2,96,769564,769564,true
329,eval_same_demo_teacher_forced,0.004003540147,0.004003540147,raw_action_units,0.9930919011,0.9930919011,5.479243914,"[0.9934560657, 1.0071597099, 1.009942174, 0.961809814]","[5.4858436584, 5.5085806847, 5.5149726868, 5.4075775146]","[0.0019557162, 0.0010849427, 0.001383814, 0.0026169515]","[0.0003184272, 0.0003929524, 0.0003473062, 0.0001187783, 6.71807e-05, 7.24486e-05, 0.0110053988]",0,0.004003539859,raw_action_units,2,96,769564,769564,true
330,train_single_demo,0.003961888142,0.003961888142,raw_action_units,0.9930776159,0.9930776159,5.47904555,"[0.9930818081, 1.0075832605, 1.0098577738, 0.9617875218]","[5.4848685265, 5.5091700554, 5.5148086548, 5.4073348045]","[0.0022607606, 0.0009676198, 0.0009105527, 0.0017511327]","[0.0002526945, 0.0002809634, 0.0003163144, 0.0001574859, 7.85546e-05, 0.0001225208, 0.0090990812]",0,0.003961888098,raw_action_units,2,96,769564,769564,true
330,eval_same_demo_teacher_forced,0.0039292903,0.0039292903,raw_action_units,0.993188262,0.993188262,5.479599953,"[0.9920020103, 1.0095177889, 1.0102148056, 0.9610185623]","[5.4827160835, 5.5136466026, 5.5167489052, 5.4052882195]","[0.001938167, 0.0011082673, 0.0014176184, 0.0025873634]","[0.0003685349, 0.0003935093, 0.0002678123, 9.87567e-05, 7.92605e-05, 7.75e-05, 0.0110546043]",0,0.003929290211,raw_action_units,2,96,769564,769564,true
331,train_single_demo,0.003924077222,0.003924077222,raw_action_units,0.9931650956,0.9931650956,5.480138779,"[0.9921553135, 1.0093746185, 1.0103479624, 0.9607825279]","[5.4835968018, 5.5141386986, 5.5175642967, 5.4052548409]","[0.0022149098, 0.0009075746, 0.0003728396, 0.0004717359]","[0.000350284, 0.0003245212, 0.0004278627, 0.0001344408, 6.5903e-05, 6.78356e-05, 0.0055715069]",0,0.003924076933,raw_action_units,2,96,769564,769564,true
331,eval_same_demo_teacher_forced,0.004004543958,0.004004543958,raw_action_units,0.9930390914,0.9930390914,5.481702805,"[0.9929711819, 1.0082170963, 1.0096572638, 0.9613108635]","[5.4875254631, 5.5140738487, 5.517364502, 5.4078478813]","[0.0019811613, 0.0012348437, 0.0014172009, 0.0028330309]","[0.000312937, 0.0004198793, 0.0002706081, 0.000122235, 7.37267e-05, 0.0001149514, 0.0117515745]",0,0.004004543913,raw_action_units,2,96,769564,769564,true
332,train_single_demo,0.003971047544,0.003971047544,raw_action_units,0.9929753343,0.9929753343,5.48099947,"[0.9927743077, 1.0080353022, 1.009414196, 0.9616777301]","[5.4865880013, 5.5130286217, 5.5162949562, 5.4080853462]","[0.00038702, 0.001457147, 0.0018802535, 0.002284467]","[0.0003683944, 0.0003486968, 0.0003682212, 8.96344e-05, 7.72182e-05, 9.53604e-05, 0.0091680279]",0,0.003971047256,raw_action_units,2,96,769564,769564,true
332,eval_same_demo_teacher_forced,0.004246018206,0.004246018206,raw_action_units,0.9926369985,0.9926369985,5.478416125,"[0.9916111827, 1.0077968836, 1.0094081163, 0.9617318511]","[5.4822249413, 5.5102906227, 5.515001297, 5.4061470032]","[0.0019335299, 0.001183686, 0.0014213984, 0.0026805848]","[0.0002959639, 0.000450487, 0.0002647578, 6.70918e-05, 7.06755e-05, 9.00908e-05, 0.0113945315]",0,0.00424601794,raw_action_units,2,96,769564,769564,true
333,train_single_demo,0.004151745544,0.004151745544,raw_action_units,0.9928276738,0.9928276738,5.478960355,"[0.9921713471, 1.0077843666, 1.0096820593, 0.9616727829]","[5.4835357666, 5.5105304718, 5.5155754089, 5.4061985016]","[0.0019204923, 0.0007590072, 0.000848542, 0.0021599985]","[0.0002507294, 0.0005379432, 0.0003755503, 8.33386e-05, 7.37725e-05, 0.0001055876, 0.0085271476]",0,0.004151745478,raw_action_units,2,96,769564,769564,true
333,eval_same_demo_teacher_forced,0.003964544429,0.003964544429,raw_action_units,0.9934443633,0.9934443633,5.480547269,"[0.9934166074, 1.0078788996, 1.0109562874, 0.9615254998]","[5.4864649773, 5.5111298561, 5.5179405212, 5.4066543579]","[0.001902217, 0.0010579281, 0.0014561801, 0.0026773231]","[0.0003177003, 0.0005688938, 0.0002716532, 8.25348e-05, 7.26383e-05, 9.2686e-05, 0.0110077783]",0,0.00396454423,raw_action_units,2,96,769564,769564,true
334,train_single_demo,0.003928660415,0.003928660415,raw_action_units,0.9933493932,0.9933493932,5.479613145,"[0.9930262566, 1.0079181194, 1.0107810497, 0.9616718292]","[5.4848937988, 5.5103325844, 5.5168290138, 5.406396389]","[0.0013216214, 0.0017745137, 0.001362817, 0.0014451034]","[0.0003398082, 0.0003683758, 0.000639624, 8.10263e-05, 9.57364e-05, 8.26723e-05, 0.0087248543]",0,0.003928660193,raw_action_units,2,96,769564,769564,true
334,eval_same_demo_teacher_forced,0.003846968524,0.003846968524,raw_action_units,0.9930091302,0.9930091302,5.477042039,"[0.9917297363, 1.0080190897, 1.0094934702, 0.9627944827]","[5.4800992012, 5.508040905, 5.5127739906, 5.4072532654]","[0.0019286872, 0.0011427739, 0.0014284976, 0.0026542824]","[0.0002890724, 0.0005579787, 0.0002836365, 8.01398e-05, 9.10959e-05, 8.44722e-05, 0.0111335255]",0,0.003846968214,raw_action_units,2,96,769564,769564,true
335,train_single_demo,0.003853974709,0.003853974709,raw_action_units,0.9929513931,0.9929513931,5.477394104,"[0.9919798374, 1.007687211, 1.0093659163, 0.9627725482]","[5.4810204506, 5.5079169273, 5.5130696297, 5.4075684547]","[0.0020110509, 0.0008725908, 0.0007968711, 0.0020264911]","[0.0003160753, 0.0002502919, 0.0004968034, 7.68171e-05, 0.0001033107, 0.0001073855, 0.0086365724]",0,0.003853974509,raw_action_units,2,96,769564,769564,true
335,eval_same_demo_teacher_forced,0.004215962098,0.004215962098,raw_action_units,0.9936987956,0.9936987956,5.480652014,"[0.9937027097, 1.0075784922, 1.0098372698, 0.9636762738]","[5.4862561226, 5.5097789764, 5.5155482292, 5.4110240936]","[0.001893689, 0.0010796962, 0.0014406922, 0.0031366779]","[0.0002822788, 0.0004173455, 0.0002650291, 0.0001145543, 9.50775e-05, 0.0001142463, 0.0119252903]",0,0.004215961943,raw_action_units,2,96,769564,769564,true
336,train_single_demo,0.00433256772,0.00433256772,raw_action_units,0.9938528339,0.9938528339,5.480815252,"[0.993663609, 1.0079483986, 1.0100170374, 0.9637823105]","[5.4860935211, 5.5103297234, 5.5157623291, 5.411075592]","[0.003196924, 0.0015462377, 0.0013810386, 0.0038771105]","[0.0003094316, 0.000470152, 0.0006637971, 0.000130119, 0.0001262263, 0.0001115039, 0.0156910624]",0,0.004332567432,raw_action_units,2,96,769564,769564,true
336,eval_same_demo_teacher_forced,0.005618328539,0.005618328539,raw_action_units,0.9925674995,0.9925674995,5.477682432,"[0.9914758801, 1.006542325, 1.0091849566, 0.9630668759]","[5.4808287621, 5.5070052147, 5.5148010254, 5.408094883]","[0.0018204907, 0.0013902294, 0.0019227042, 0.0033417132]","[0.0003872958, 0.0004263667, 0.000333096, 0.0001391827, 9.88675e-05, 8.29517e-05, 0.0133637274]",0,0.00561832814,raw_action_units,2,96,769564,769564,true
337,train_single_demo,0.00504965665,0.00504965665,raw_action_units,0.9924701651,0.9924701651,5.477978071,"[0.9919150472, 1.0058900118, 1.0091862679, 0.9628893733]","[5.4823169708, 5.5061888695, 5.5149979591, 5.4084076881]","[0.0003213311, 0.0006429626, 0.0010973912, 0.0006561691]","[0.0003489463, 0.0003548083, 0.0005126013, 9.55934e-05, 0.0001266457, 7.04054e-05, 0.0032472443]",0,0.005049656456,raw_action_units,2,96,769564,769564,true
337,eval_same_demo_teacher_forced,0.005252348414,0.005252348414,raw_action_units,0.9929466248,0.9929466248,5.480403264,"[0.9939591289, 1.0053520203, 1.0089887381, 0.9634866714]","[5.4885215759, 5.5065665245, 5.5144734383, 5.412050724]","[0.001981264, 0.001535314, 0.0017323421, 0.0028649748]","[0.0004900515, 0.0004233941, 0.0002580809, 0.0001170553, 0.0001235412, 9.08727e-05, 0.0126963193]",0,0.005252347993,raw_action_units,2,96,769564,769564,true
338,train_single_demo,0.00486602122,0.00486602122,raw_action_units,0.9930252632,0.9930252632,5.479848703,"[0.9936736226, 1.0059508085, 1.0092414618, 0.9632351995]","[5.4871430397, 5.5070204735, 5.5144085884, 5.4108200073]","[0.0026950322, 0.0007446331, 0.0005640569, 0.0008697599]","[0.0005390329, 0.0005353275, 0.0004110477, 0.0001160719, 0.0001428659, 7.18001e-05, 0.0067124465]",0,0.00486602102,raw_action_units,2,96,769564,769564,true
338,eval_same_demo_teacher_forced,0.005188283045,0.005188283045,raw_action_units,0.9925959508,0.9925959508,5.4766771,"[0.991795361, 1.007158041, 1.009532094, 0.9618983269]","[5.4804968834, 5.5073833466, 5.5138087273, 5.4050192833]","[0.0022260824, 0.0013913881, 0.0021963925, 0.0032537719]","[0.0006073332, 0.0004913452, 0.0004090607, 9.60355e-05, 0.0001174223, 6.89033e-05, 0.0140782595]",0,0.005188282934,raw_action_units,2,96,769564,769564,true
339,train_single_demo,0.004833071803,0.004833071803,raw_action_units,0.99251767,0.99251767,5.477305253,"[0.9918345809, 1.0070229769, 1.009572506, 0.961640656]","[5.4814505577, 5.5079131126, 5.5146050453, 5.4052519798]","[0.0010097626, 0.0010387051, 0.0010175599, 0.0005584361]","[0.0004509131, 0.0006827657, 0.0005503054, 9.35807e-05, 0.0001509356, 6.48728e-05, 0.004349438]",0,0.004833071714,raw_action_units,2,96,769564,769564,true
339,eval_same_demo_teacher_forced,0.004998016482,0.004998016482,raw_action_units,0.9931013187,0.9931013187,5.481321971,"[0.9925511479, 1.0078285933, 1.0100673437, 0.9619583488]","[5.4863257408, 5.51161623, 5.517888546, 5.4094567299]","[0.0019968967, 0.0011851002, 0.0019100844, 0.0030663712]","[0.0005118211, 0.0004905841, 0.0004425644, 7.55527e-05, 0.0001665013, 0.0001468922, 0.0124433758]",0,0.004998016216,raw_action_units,2,96,769564,769564,true
340,train_single_demo,0.00467486633,0.00467486633,raw_action_units,0.9930815697,0.9930815697,5.480776151,"[0.9924098849, 1.007828474, 1.0100733042, 0.9620146751]","[5.4854373932, 5.5110569, 5.5175476074, 5.4090638161]","[0.0011175855, 0.0006632116, 0.0012461349, 0.0006150564]","[0.0004635099, 0.0005131057, 0.0004400442, 9.53588e-05, 0.0001290156, 9.1746e-05, 0.0046406998]",0,0.004674866086,raw_action_units,2,96,769564,769564,true
340,eval_same_demo_teacher_forced,0.005317779724,0.005317779724,raw_action_units,0.9924885829,0.9924885829,5.477111181,"[0.9923820496, 1.0062650442, 1.0096173286, 0.9616898894]","[5.4821066856, 5.5061860085, 5.5153079033, 5.4048428535]","[0.0019493508, 0.001250315, 0.0018487127, 0.0028715136]","[0.0003910329, 0.0003915984, 0.0002694886, 0.0001092267, 0.0001693089, 0.0001500957, 0.0123790586]",0,0.005317779524,raw_action_units,2,96,769564,769564,true
341,train_single_demo,0.004951676199,0.004951676199,raw_action_units,0.9927340349,0.9927340349,5.477809588,"[0.99295789, 1.006210804, 1.0095413923, 0.9622263312]","[5.483643055, 5.5063819885, 5.5151748657, 5.4060387611]","[0.0005373395, 0.0012361225, 0.0021156219, 0.0028564793]","[0.0004251235, 0.0003736115, 0.0003279893, 0.0001136019, 9.8593e-05, 0.0001949186, 0.0102708982]",0,0.004951676088,raw_action_units,2,96,769564,769564,true
341,eval_same_demo_teacher_forced,0.004591980173,0.004591980173,raw_action_units,0.9936243296,0.9936243296,5.480325222,"[0.9943925738, 1.0063523054, 1.0096166134, 0.9641359448]","[5.4881482124, 5.5070929527, 5.5148720741, 5.4111876488]","[0.0018928848, 0.001147492, 0.0014112791, 0.0027448225]","[0.0002941203, 0.0004093696, 0.0003744732, 0.0001068447, 0.0001061276, 6.756e-05, 0.0112353414]",0,0.004591979796,raw_action_units,2,96,769564,769564,true
342,train_single_demo,0.004339211931,0.004339211931,raw_action_units,0.9935138226,0.9935138226,5.479753494,"[0.9940149188, 1.00642097, 1.0096195936, 0.963999927]","[5.4869446754, 5.5067572594, 5.5145797729, 5.4107327461]","[0.0018169127, 0.0013633851, 0.0013932223, 0.0027328732]","[0.0004606695, 0.0002898316, 0.0005119747, 0.0001149859, 0.0001064725, 0.0001888004, 0.0111134537]",0,0.004339211753,raw_action_units,2,96,769564,769564,true
342,eval_same_demo_teacher_forced,0.004928613082,0.004928613082,raw_action_units,0.9919810295,0.9919810295,5.475173632,"[0.991104126, 1.0050302744, 1.0090376139, 0.9627520442]","[5.4785652161, 5.5024657249, 5.5126800537, 5.4069828987]","[0.0020340139, 0.0014138707, 0.001628321, 0.0030673898]","[0.0002850806, 0.0003975556, 0.0002867852, 0.0001178262, 8.71182e-05, 0.0001851847, 0.0128917405]",0,0.004928612815,raw_action_units,2,96,769564,769564,true
343,train_single_demo,0.005016515808,0.005016515808,raw_action_units,0.9919617375,0.9919617375,5.476047198,"[0.991168499, 1.0046821833, 1.0089927912, 0.9630036354]","[5.4795556068, 5.5028939247, 5.513569355, 5.4081683159]","[0.0004367606, 0.0010470775, 0.0023469718, 0.0048692729]","[0.0005496797, 0.0003184754, 0.000683707, 0.0001270862, 8.68565e-05, 0.0001035927, 0.0133557459]",0,0.005016515652,raw_action_units,2,96,769564,769564,true
343,eval_same_demo_teacher_forced,0.006489926949,0.006489926949,raw_action_units,0.9936842521,0.9936842521,5.482148806,"[0.9940055013, 1.0056214333, 1.0097554922, 0.965354681]","[5.4885840416, 5.507917881, 5.5157542229, 5.4163398743]","[0.0022574412, 0.001633362, 0.0020986616, 0.0030511592]","[0.0004461926, 0.0004661501, 0.0002959107, 0.000157343, 0.0001082567, 0.0001894704, 0.0141577683]",0,0.006489926683,raw_action_units,2,96,769564,769564,true
344,train_single_demo,0.006230748879,0.006230748879,raw_action_units,0.9937171141,0.9937171141,5.481212616,"[0.9938983917, 1.006084919, 1.0095638037, 0.9653213024]","[5.487411499, 5.5078010559, 5.5144381523, 5.4152007103]","[0.0012921292, 0.0016797195, 0.0032286895, 0.0044903294]","[0.0005647477, 0.0004694414, 0.0008799236, 0.0001016477, 0.0001340149, 0.0001267776, 0.0164324641]",0,0.006230748658,raw_action_units,2,96,769564,769564,true
344,eval_same_demo_teacher_forced,0.006855014556,0.006855014556,raw_action_units,0.9917904536,0.9917904536,5.476841291,"[0.990706265, 1.005818367, 1.0082243681, 0.9624126554]","[5.4799971581, 5.5068411827, 5.5136399269, 5.4068875313]","[0.0021037499, 0.0017967533, 0.0023090544, 0.0038072849]","[0.0003948881, 0.0004828282, 0.0003255925, 0.0001545804, 9.4249e-05, 0.0001402178, 0.0159371179]",0,0.006855014179,raw_action_units,2,96,769564,769564,true
345,train_single_demo,0.006108454894,0.006108454894,raw_action_units,0.9918298125,0.9918298125,5.477700551,"[0.9912769198, 1.0053409338, 1.0085412264, 0.9621603489]","[5.4819493294, 5.5066885948, 5.515024662, 5.407140255]","[0.0011720107, 0.0015768384, 0.0017419487, 0.0022252959]","[0.0004323941, 0.0007449428, 0.0006567009, 0.0001286365, 0.0001327273, 0.0001040016, 0.0095537612]",0,0.00610845465,raw_action_units,2,96,769564,769564,true
345,eval_same_demo_teacher_forced,0.005750079639,0.005750079639,raw_action_units,0.9929720958,0.9929720958,5.482143084,"[0.9942231178, 1.0049227476, 1.0093044043, 0.9634382725]","[5.490837574, 5.5076918602, 5.5178685188, 5.4121747017]","[0.0020911992, 0.0015891733, 0.0018571202, 0.0030854344]","[0.0006967518, 0.0004481291, 0.0003798642, 0.000135901, 0.0001040501, 0.0001247675, 0.0132006584]",0,0.00575007924,raw_action_units,2,96,769564,769564,true
346,train_single_demo,0.005441925488,0.005441925488,raw_action_units,0.9931816459,0.9931816459,5.481468995,"[0.9940516353, 1.0056415796, 1.0093771219, 0.9636562467]","[5.4893784523, 5.5079016685, 5.5169639587, 5.4116306305]","[0.0011661814, 0.0008311197, 0.0015276229, 0.0010717026]","[0.0005707088, 0.0006374849, 0.000933121, 0.0001501542, 0.0001292802, 0.0001132792, 0.005510068]",0,0.005441925267,raw_action_units,2,96,769564,769564,true
346,eval_same_demo_teacher_forced,0.004947587072,0.004947587072,raw_action_units,0.9932011763,0.9932011763,5.475122134,"[0.9927265048, 1.0071465969, 1.0091267824, 0.9638047218]","[5.4794640541, 5.5043754578, 5.5105671883, 5.4060807228]","[0.0021942039, 0.0012126239, 0.0017432036, 0.0028821547]","[0.0005221491, 0.0004810384, 0.0003673523, 8.51735e-05, 8.59951e-05, 0.0001237219, 0.0123908957]",0,0.004947586961,raw_action_units,2,96,769564,769564,true
347,train_single_demo,0.005022444607,0.005022444607,raw_action_units,0.993143638,0.993143638,5.475283941,"[0.9927474856, 1.0070396662, 1.009072423, 0.9637148976]","[5.4797286987, 5.5044722557, 5.5105895996, 5.4063439369]","[0.0020286513, 0.0009478646, 0.001601026, 0.0025336242]","[0.0008557355, 0.0003874473, 0.0010764002, 0.0001157106, 0.0002101031, 0.0001155153, 0.0096836286]",0,0.005022444363,raw_action_units,2,96,769564,769564,true
347,eval_same_demo_teacher_forced,0.004052860352,0.004052860352,raw_action_units,0.9923185905,0.9923185905,5.476205667,"[0.993242085, 1.0047665834, 1.0084224939, 0.9628431201]","[5.4837832451, 5.5024547577, 5.5108966827, 5.4076881409]","[0.0018695239, 0.0011916977, 0.0014365212, 0.0025852083]","[0.000289983, 0.0006661134, 0.000236313, 0.0001304564, 9.33588e-05, 0.0001294337, 0.0108495057]",0,0.004052860219,raw_action_units,2,96,769564,769564,true
348,train_single_demo,0.004286047692,0.004286047692,raw_action_units,0.9920798937,0.9920798937,5.47594738,"[0.9928767681, 1.0044249296, 1.0083240271, 0.9626939297]","[5.4833946228, 5.5019226074, 5.5109114647, 5.4075584412]","[0.001464582, 0.0008109416, 0.0015174161, 0.0009238021]","[0.0008021328, 0.0004339518, 0.0006672597, 8.90568e-05, 0.0001998331, 0.0002547442, 0.0058073197]",0,0.004286047603,raw_action_units,2,96,769564,769564,true
348,eval_same_demo_teacher_forced,0.004030704343,0.004030704343,raw_action_units,0.9914781253,0.9914781253,5.474938075,"[0.9906070828, 1.0043135881, 1.0072726011, 0.9637193084]","[5.4789223671, 5.5023617744, 5.5095381737, 5.408929348]","[0.0019053515, 0.001051528, 0.0013457161, 0.0026136385]","[0.0003890845, 0.0004414251, 0.0003617285, 0.0001016606, 0.0001408972, 0.0001101762, 0.0105584376]",0,0.004030704144,raw_action_units,2,96,769564,769564,true
349,train_single_demo,0.004263710696,0.004263710696,raw_action_units,0.9916166862,0.9916166862,5.475081762,"[0.9906795621, 1.0045295954, 1.0071154833, 0.9641419053]","[5.4789299965, 5.502846241, 5.508972168, 5.4095778465]","[0.0024530648, 0.0009293777, 0.0009267162, 0.0019613772]","[0.0005033735, 0.0004246974, 0.0009655274, 0.0001793677, 0.0001369927, 0.0002918761, 0.0084716035]",0,0.004263710408,raw_action_units,2,96,769564,769564,true
349,eval_same_demo_teacher_forced,0.004172575039,0.004172575039,raw_action_units,0.9932568073,0.9932568073,5.47808822,"[0.9923083782, 1.0068157911, 1.0084780455, 0.9654250145]","[5.4823036194, 5.5071749687, 5.5104002953, 5.4124732018]","[0.0019358691, 0.0010920247, 0.001336465, 0.0028901687]","[0.0004236211, 0.0004947197, 0.0002428048, 0.0001314761, 9.16632e-05, 0.0002943915, 0.0110167479]",0,0.004172574906,raw_action_units,2,96,769564,769564,true
350,train_single_demo,0.004295172325,0.004295172325,raw_action_units,0.9932719866,0.9932719866,5.478046099,"[0.992277205, 1.0068002939, 1.0088064671, 0.9652040601]","[5.4822273254, 5.5068421364, 5.5111660957, 5.4119477272]","[0.001113091, 0.0004288469, 0.0015160833, 0.0038723107]","[0.0002834654, 0.0003847307, 0.0005738935, 9.08361e-05, 0.0001254917, 0.0001098239, 0.0105598383]",0,0.004295172081,raw_action_units,2,96,769564,769564,true
350,eval_same_demo_teacher_forced,0.004044449112,0.004044449112,raw_action_units,0.9921774467,0.9921774467,5.474474589,"[0.9907519221, 1.0043461323, 1.0093868971, 0.9642247558]","[5.4773640633, 5.5000152588, 5.5120215416, 5.4084982872]","[0.0018291619, 0.0012383391, 0.0013697156, 0.0027605714]","[0.0003256128, 0.0004483461, 0.0006072982, 0.0001118112, 0.0001074802, 0.0002308033, 0.0107647749]",0,0.004044449046,raw_action_units,2,96,769564,769564,true
351,train_single_demo,0.004100208947,0.004100208947,raw_action_units,0.9920555949,0.9920555949,5.474045277,"[0.9908120632, 1.0035706758, 1.0093665123, 0.9644732475]","[5.4772047997, 5.4984207153, 5.5116958618, 5.4088592529]","[0.0004840324, 0.0010874321, 0.0019411313, 0.0028162112]","[0.0003803351, 0.0004799269, 0.0004418209, 9.6532e-05, 8.36753e-05, 0.0001508235, 0.0094422987]",0,0.004100208659,raw_action_units,2,96,769564,769564,true
351,eval_same_demo_teacher_forced,0.00373066434,0.00373066434,raw_action_units,0.9924946626,0.9924946626,5.474102974,"[0.9923083186, 1.0022219419, 1.0101519823, 0.9652963281]","[5.4793028831, 5.4953403473, 5.5112843513, 5.4104838371]","[0.0018308327, 0.0011558593, 0.0012861603, 0.0025632388]","[0.0003198193, 0.0004605316, 0.0004672416, 0.0001343444, 7.3671e-05, 9.94851e-05, 0.0104080671]",0,0.003730664296,raw_action_units,2,96,769564,769564,true
352,train_single_demo,0.003980655223,0.003980655223,raw_action_units,0.9927486579,0.9927486579,5.474677245,"[0.9926887155, 1.0027662516, 1.0103987455, 0.9651409984]","[5.4803166389, 5.4964179993, 5.5118408203, 5.4101333618]","[0.0012978815, 0.000775614, 0.0008487238, 0.0027696954]","[0.0003403279, 0.0003468494, 0.0003562224, 8.86044e-05, 0.0001107019, 0.0001511341, 0.0085670101]",0,0.003980655046,raw_action_units,2,96,769564,769564,true
352,eval_same_demo_teacher_forced,0.003707156361,0.003707156361,raw_action_units,0.9927734931,0.9927734931,5.474905173,"[0.9919283986, 1.0042456388, 1.0104507208, 0.9644691944]","[5.4793338776, 5.4992995262, 5.5128798485, 5.4081058502]","[0.0018361978, 0.0010477331, 0.001298451, 0.0025165065]","[0.0003227766, 0.0004937887, 0.0002831614, 0.0001186521, 7.83368e-05, 8.14396e-05, 0.0103448983]",0,0.003707156117,raw_action_units,2,96,769564,769564,true
353,train_single_demo,0.003919763491,0.003919763491,raw_action_units,0.9924868147,0.9924868147,5.474751314,"[0.9915983081, 1.0038427114, 1.0103001595, 0.9642062187]","[5.4789886475, 5.4989509583, 5.5132174492, 5.407848835]","[0.0004500613, 0.000849421, 0.0019526283, 0.0043912367]","[0.00036416, 0.000408662, 0.0006425632, 0.0001600342, 8.74797e-05, 7.44085e-05, 0.0116385492]",0,0.003919763402,raw_action_units,2,96,769564,769564,true
353,eval_same_demo_teacher_forced,0.00367733029,0.00367733029,raw_action_units,0.9919462999,0.9919462999,5.475608508,"[0.9920075536, 1.0024906397, 1.0101587772, 0.9631280303]","[5.4812273979, 5.4981770515, 5.5150527954, 5.4079756737]","[0.0018968745, 0.0010745047, 0.0012885587, 0.0025294852]","[0.0003067496, 0.0006052052, 0.0002150952, 6.77251e-05, 7.77953e-05, 0.0001178228, 0.0104910983]",0,0.003677330024,raw_action_units,2,96,769564,769564,true
354,train_single_demo,0.003949313347,0.003949313347,raw_action_units,0.992117087,0.992117087,5.4759806,"[0.9923321605, 1.0028926134, 1.0101681948, 0.963075459]","[5.4818863869, 5.4988994598, 5.5150794983, 5.408056736]","[0.0003956952, 0.0003557929, 0.0006840458, 0.0017943013]","[0.0004510691, 0.0003700948, 0.0004812098, 0.0001310486, 0.0001035113, 8.59122e-05, 0.0040293653]",0,0.003949313114,raw_action_units,2,96,769564,769564,true
354,eval_same_demo_teacher_forced,0.003726571022,0.003726571022,raw_action_units,0.9924758673,0.9924758673,5.475695928,"[0.9922695756, 1.0051695108, 1.0087379217, 0.9637265801]","[5.4808082581, 5.502061367, 5.5118527412, 5.4080634117]","[0.0017399361, 0.0010516992, 0.0014333952, 0.0027216992]","[0.0003417246, 0.0005736406, 0.0003048912, 0.0001084212, 7.66258e-05, 7.70362e-05, 0.0106744356]",0,0.003726570734,raw_action_units,2,96,769564,769564,true
355,train_single_demo,0.00394998646,0.00394998646,raw_action_units,0.9923892816,0.9923892816,5.475551923,"[0.9921553731, 1.0051692724, 1.0082812309, 0.9639511108]","[5.4806752205, 5.5022072792, 5.5110096931, 5.4083151817]","[0.0019229027, 0.0011144755, 0.0014113318, 0.0010849953]","[0.0004087491, 0.0004248454, 0.0005365298, 0.0001262638, 0.000100193, 0.0001114633, 0.0079759387]",0,0.003949986239,raw_action_units,2,96,769564,769564,true
355,eval_same_demo_teacher_forced,0.003893311756,0.003893311756,raw_action_units,0.992732803,0.992732803,5.476353645,"[0.9930847287, 1.005274415, 1.007663846, 0.964908123]","[5.4828820229, 5.5028457642, 5.5094103813, 5.410276413]","[0.0019137668, 0.0012665908, 0.0013410299, 0.0026236195]","[0.0003469768, 0.0004524563, 0.0003250638, 0.000101031, 6.4778e-05, 0.0001584885, 0.0110549666]",0,0.003893311535,raw_action_units,2,96,769564,769564,true
356,train_single_demo,0.00405309846,0.00405309846,raw_action_units,0.9928040107,0.9928040107,5.476189295,"[0.9931579232, 1.0053116083, 1.0081070662, 0.9646394253]","[5.4826188087, 5.5025382042, 5.5099411011, 5.4096589088]","[0.0016622148, 0.0003705376, 0.0008271749, 0.0027558934]","[0.0003601487, 0.000463728, 0.0005531858, 7.37591e-05, 8.7784e-05, 7.79452e-05, 0.0082111349]",0,0.004053098194,raw_action_units,2,96,769564,769564,true
356,eval_same_demo_teacher_forced,0.003725740127,0.003725740127,raw_action_units,0.9920767943,0.9920767943,5.472468058,"[0.9917042851, 1.0040405989, 1.0085805655, 0.9639819264]","[5.4766097069, 5.4973320961, 5.5085701942, 5.4073586464]","[0.0018504035, 0.0012146785, 0.0013166933, 0.0024681499]","[0.0002969236, 0.000448807, 0.0003442049, 9.07712e-05, 5.7869e-05, 0.0001299754, 0.0106188171]",0,0.003725739994,raw_action_units,2,96,769564,769564,true
357,train_single_demo,0.003817168685,0.003817168685,raw_action_units,0.9918661118,0.9918661118,5.472318014,"[0.9914941788, 1.0037591457, 1.0082346201, 0.9639763832]","[5.4765000343, 5.4970664978, 5.5080871582, 5.4076170921]","[0.0018888976, 0.0011155113, 0.0006880678, 0.0015428487]","[0.000362508, 0.0002687854, 0.0004771914, 6.08643e-05, 7.60133e-05, 0.0001494845, 0.0077669718]",0,0.003817168464,raw_action_units,2,96,769564,769564,true
357,eval_same_demo_teacher_forced,0.003693247214,0.003693247214,raw_action_units,0.9918344816,0.9918344816,5.474547068,"[0.992372036, 1.0037003756, 1.0073295832, 0.9639359117]","[5.4811081886, 5.4994597435, 5.5083136559, 5.409307003]","[0.0019304497, 0.0011033172, 0.0013177559, 0.0025910377]","[0.0003855725, 0.0004350918, 0.0003228576, 0.0001245476, 5.57424e-05, 8.48008e-05, 0.0107408678]",0,0.003693247125,raw_action_units,2,96,769564,769564,true
358,train_single_demo,0.003818886355,0.003818886355,raw_action_units,0.9919335445,0.9919335445,5.475269794,"[0.9925099015, 1.0040570498, 1.0073357821, 0.9638314247]","[5.4820327759, 5.5007343292, 5.5089812279, 5.4093308449]","[0.001211455, 0.0009132678, 0.000930403, 0.0020353512]","[0.0003648838, 0.0002683629, 0.0005700691, 4.90997e-05, 7.18522e-05, 0.0001440951, 0.0074399691]",0,0.003818886177,raw_action_units,2,96,769564,769564,true
358,eval_same_demo_teacher_forced,0.003825922807,0.003825922807,raw_action_units,0.9927602212,0.9927602212,5.477185567,"[0.992562294, 1.0060572624, 1.0084582567, 0.9639630914]","[5.4825568199, 5.5049557686, 5.512032032, 5.4091973305]","[0.0018304848, 0.0010591499, 0.0013131886, 0.0029961634]","[0.0003973006, 0.0004650794, 0.0005335356, 0.0001180443, 9.48166e-05, 0.000151908, 0.010837541]",0,0.00382592263,raw_action_units,2,96,769564,769564,true
359,train_single_demo,0.003878713741,0.003878713741,raw_action_units,0.9926357269,0.9926357269,5.476952553,"[0.9922266006, 1.0056356192, 1.0085440874, 0.9641366005]","[5.4816708565, 5.5041642189, 5.5124530792, 5.4095206261]","[0.0010082227, 0.000506626, 0.0010579162, 0.0025264202]","[0.0003751411, 0.0003199497, 0.0006368823, 7.85042e-05, 0.0001418188, 4.92664e-05, 0.0073220115]",0,0.003878713541,raw_action_units,2,96,769564,769564,true
359,eval_same_demo_teacher_forced,0.003763581316,0.003763581316,raw_action_units,0.9921136697,0.9921136697,5.474667231,"[0.9924640656, 1.0029015541, 1.0087646246, 0.9643246531]","[5.4804615974, 5.4973526001, 5.5111365318, 5.409717083]","[0.0017230714, 0.0010363847, 0.001273334, 0.0025718811]","[0.0002624062, 0.0004458435, 0.0002694015, 0.0001240944, 0.0001074687, 0.000112338, 0.0102366228]",0,0.003763581138,raw_action_units,2,96,769564,769564,true
360,train_single_demo,0.00373452281,0.00373452281,raw_action_units,0.9920674562,0.9920674562,5.474661827,"[0.992609024, 1.002784133, 1.0087507963, 0.9641256332]","[5.4809231758, 5.4971394539, 5.5112051964, 5.4093794823]","[0.0004111354, 0.0004541059, 0.0007546988, 0.0024651329]","[0.0003255823, 0.0002632896, 0.0006420572, 0.0001525414, 0.0001841402, 0.0001750767, 0.0054061897]",0,0.003734522721,raw_action_units,2,96,769564,769564,true
360,eval_same_demo_teacher_forced,0.003467415925,0.003467415925,raw_action_units,0.9921101729,0.9921101729,5.474992434,"[0.9925553799, 1.0033092499, 1.0085760355, 0.9640000463]","[5.4812736511, 5.4985198975, 5.5112018585, 5.4089736938]","[0.001737957, 0.0010221486, 0.0012992279, 0.0024365031]","[0.0003057492, 0.0003958099, 0.0003751151, 0.0001028872, 9.65147e-05, 8.39739e-05, 0.0100076636]",0,0.00346741577,raw_action_units,2,96,769564,769564,true
361,train_single_demo,0.003542535085,0.003542535085,raw_action_units,0.9922108253,0.9922108253,5.475313822,"[0.9923235774, 1.0036991835, 1.0086070299, 0.9642134309]","[5.4809212685, 5.4995427132, 5.5113120079, 5.4094786644]","[0.0018042745, 0.0012867324, 0.0009132454, 0.0009342337]","[0.0003112702, 0.000481629, 0.0004386206, 0.0001088215, 0.0001248656, 0.0001336626, 0.0070434804]",0,0.003542535007,raw_action_units,2,96,769564,769564,true
361,eval_same_demo_teacher_forced,0.00372323518,0.00372323518,raw_action_units,0.9918439388,0.9918439388,5.47457393,"[0.992043674, 1.0031102896, 1.0077730417, 0.96444875]","[5.4804420471, 5.4989857674, 5.5095667839, 5.4093003273]","[0.0017792025, 0.0010797858, 0.0013145952, 0.0024875468]","[0.0002838916, 0.0004467739, 0.0002933415, 0.0001223301, 0.0001526957, 0.0001505669, 0.0102073774]",0,0.003723235003,raw_action_units,2,96,769564,769564,true
362,train_single_demo,0.003677429321,0.003677429321,raw_action_units,0.9917077025,0.9917077025,5.474246502,"[0.9919738173, 1.0029687881, 1.0075882673, 0.9642999172]","[5.4802947044, 5.4985432625, 5.5091414452, 5.4090065956]","[0.0003609943, 0.0012872085, 0.0016794548, 0.0027640108]","[0.0003086524, 0.0003027908, 0.0005400723, 0.000140813, 0.0001071187, 6.64814e-05, 0.0091944896]",0,0.003677429188,raw_action_units,2,96,769564,769564,true
362,eval_same_demo_teacher_forced,0.00369959992,0.00369959992,raw_action_units,0.9918331703,0.9918331703,5.473997434,"[0.9919686317, 1.00357306, 1.008249402, 0.9635417461]","[5.4797096252, 5.4984202385, 5.5100426674, 5.4078154564]","[0.0018672185, 0.0010261637, 0.0013026657, 0.0025302188]","[0.000399274, 0.0004044108, 0.0002550897, 8.10104e-05, 7.21357e-05, 0.0001297437, 0.0104293032]",0,0.00369959981,raw_action_units,2,96,769564,769564,true
363,train_single_demo,0.003654528332,0.003654528332,raw_action_units,0.991916875,0.991916875,5.474381447,"[0.9919261932, 1.0037528276, 1.0084657669, 0.9635226727]","[5.4796776772, 5.4990496635, 5.5108218193, 5.4079780579]","[0.0004240007, 0.0002950674, 0.0004438788, 0.0007901437]","[0.0002727245, 0.0004432536, 0.0004407089, 8.44482e-05, 9.569e-05, 6.86928e-05, 0.0020123902]",0,0.003654528143,raw_action_units,2,96,769564,769564,true
363,eval_same_demo_teacher_forced,0.003525569569,0.003525569569,raw_action_units,0.9925304254,0.9925304254,5.476542791,"[0.9912073016, 1.0049389601, 1.0094460249, 0.9645294547]","[5.4787802696, 5.5024414062, 5.5141215324, 5.4108276367]","[0.0016835271, 0.0010231241, 0.0012463733, 0.0025458911]","[0.0002909429, 0.0003886475, 0.0002567086, 7.73977e-05, 5.41932e-05, 8.36138e-05, 0.0102215987]",0,0.003525569503,raw_action_units,2,96,769564,769564,true
364,train_single_demo,0.003569495631,0.003569495631,raw_action_units,0.9925392866,0.9925392866,5.476795197,"[0.9910785556, 1.0049227476, 1.0094833374, 0.9646723866]","[5.4788298607, 5.5026683807, 5.5144124031, 5.4112701416]","[0.0005436302, 0.000978754, 0.0014399212, 0.0012073958]","[0.0003516568, 0.0004144717, 0.0004499853, 0.0001153791, 8.475e-05, 0.000103157, 0.0057775769]",0,0.003569495465,raw_action_units,2,96,769564,769564,true
364,eval_same_demo_teacher_forced,0.003531704502,0.003531704502,raw_action_units,0.9924824238,0.9924824238,5.47730732,"[0.9917654395, 1.004517436, 1.0096445084, 0.9640021324]","[5.4811816216, 5.5025773048, 5.5153384209, 5.410132885]","[0.0016450485, 0.001069661, 0.0012459715, 0.0026656406]","[0.0003001845, 0.000407007, 0.0003938325, 8.89449e-05, 6.03607e-05, 8.75554e-05, 0.0102581764]",0,0.003531704346,raw_action_units,2,96,769564,769564,true
365,train_single_demo,0.00354672526,0.00354672526,raw_action_units,0.9924095074,0.9924095074,5.476936181,"[0.9920146465, 1.0041741133, 1.0095916986, 0.9638576508]","[5.4814515114, 5.5017294884, 5.5149559975, 5.4096083641]","[0.0019072372, 0.0011594711, 0.0008162656, 0.0004759451]","[0.0002504596, 0.0002711756, 0.0003835017, 7.86175e-05, 6.43681e-05, 0.0001172738, 0.0064627114]",0,0.003546725072,raw_action_units,2,96,769564,769564,true
365,eval_same_demo_teacher_forced,0.003406204438,0.003406204438,raw_action_units,0.9922217925,0.9922217925,5.475121657,"[0.9926612973, 1.0029338598, 1.0089929104, 0.964299202]","[5.4812812805, 5.4979948997, 5.5117564201, 5.4094538689]","[0.0017003962, 0.0010143627, 0.0012359741, 0.0024187872]","[0.0002661835, 0.0004889866, 0.0002550693, 0.0001354375, 4.60458e-05, 7.0747e-05, 0.0098841898]",0,0.003406204283,raw_action_units,2,96,769564,769564,true
366,train_single_demo,0.004074972744,0.004074972744,raw_action_units,0.992578725,0.992578725,5.476320585,"[0.9926888943, 1.0051509142, 1.0081974268, 0.9642777443]","[5.481903553, 5.502351284, 5.5101966858, 5.4108319283]","[0.0018727062, 0.0015394693, 0.0018457212, 0.0013094934]","[0.0008505544, 0.0013812239, 0.0009532717, 0.0006670181, 0.0006717195, 0.0009156352, 0.0060535097]",0,0.004074972478,raw_action_units,2,96,769564,769564,true
366,eval_same_demo_teacher_forced,0.004473896076,0.004473896076,raw_action_units,0.9928427537,0.9928427537,5.476414045,"[0.9927985072, 1.0048904419, 1.0090119839, 0.9646699429]","[5.4819126129, 5.5022926331, 5.5104846954, 5.4109663963]","[0.0022694522, 0.0011547279, 0.0015150924, 0.002782804]","[0.0006323995, 0.0007576321, 0.0006609518, 0.0002681878, 0.0004907611, 0.0004014062, 0.010302294]",0,0.004473895899,raw_action_units,2,96,769564,769564,true
367,train_single_demo,0.004542898076,0.004542898076,raw_action_units,0.9926915169,0.9926915169,5.476411661,"[0.9922690392, 1.0052006245, 1.0088368654, 0.9644594193]","[5.481192112, 5.5032010078, 5.5105834007, 5.4106688499]","[0.002443549, 0.0012372391, 0.0012339116, 0.000815942]","[0.0005776607, 0.0010643878, 0.0006457107, 0.0003262958, 0.0004860818, 0.0004573772, 0.0064711086]",0,0.004542897855,raw_action_units,2,96,769564,769564,true
367,eval_same_demo_teacher_forced,0.003748901654,0.003748901654,raw_action_units,0.9917943875,0.9917943875,5.476588408,"[0.9895513654, 1.0055638552, 1.0075917244, 0.9644706249]","[5.4778614044, 5.5057196617, 5.5112996101, 5.4114727974]","[0.0019875593, 0.0010698767, 0.001198631, 0.0025158934]","[0.0003433971, 0.0006708374, 0.0005870796, 0.0001694145, 8.82614e-05, 0.0001288808, 0.009863059]",0,0.003748901543,raw_action_units,2,96,769564,769564,true
368,train_single_demo,0.004090070414,0.004090070414,raw_action_units,0.9916433692,0.9916433692,5.476451874,"[0.9894425273, 1.0050054789, 1.0075365305, 0.964589119]","[5.4776539803, 5.5047798157, 5.5115737915, 5.411798954]","[0.0027197322, 0.0013208134, 0.0013949588, 0.0024771846]","[0.0004387674, 0.0004644849, 0.0007392363, 0.0001100566, 0.000383864, 0.0001816224, 0.0115291746]",0,0.004090070192,raw_action_units,2,96,769564,769564,true
368,eval_same_demo_teacher_forced,0.003995693754,0.003995693754,raw_action_units,0.9915008545,0.9915008545,5.475424925,"[0.9913279414, 1.0025480986, 1.0091849566, 0.9629426003]","[5.4799246788, 5.4990348816, 5.514503479, 5.4082350731]","[0.0017668031, 0.0011211581, 0.0013458336, 0.0026977398]","[0.0003199524, 0.0006685678, 0.0002887095, 0.0001538025, 0.0001879324, 0.0002654643, 0.0102457553]",0,0.00399569351,raw_action_units,2,96,769564,769564,true
369,train_single_demo,0.00413807823,0.00413807823,raw_action_units,0.9915999174,0.9915999174,5.4751695,"[0.991691649, 1.002577424, 1.0093411207, 0.9627892375]","[5.4801902771, 5.4985466003, 5.5142726898, 5.4076676369]","[0.0017383533, 0.0012846043, 0.0008366781, 0.0009464971]","[0.0002503794, 0.0006049225, 0.0008326144, 0.0002169546, 0.000115152, 0.0002636846, 0.0061270255]",0,0.004138078008,raw_action_units,2,96,769564,769564,true
369,eval_same_demo_teacher_forced,0.003864834085,0.003864834085,raw_action_units,0.9920066198,0.9920066198,5.474720001,"[0.9922676682, 1.0038331747, 1.0086914301, 0.9632342458]","[5.4804549217, 5.499777317, 5.5111756325, 5.4074707031]","[0.0019645798, 0.0011467903, 0.0013895013, 0.0024424163]","[0.0004422323, 0.0004008593, 0.0006633804, 9.74822e-05, 0.0002072815, 0.0002606642, 0.0100788539]",0,0.003864833819,raw_action_units,2,96,769564,769564,true
370,train_single_demo,0.003970461898,0.003970461898,raw_action_units,0.9921473265,0.9921473265,5.475117683,"[0.9919953942, 1.0045024157, 1.0085942745, 0.9634969831]","[5.4801850319, 5.5012431145, 5.5111298561, 5.4079117775]","[0.0012778448, 0.0013115392, 0.0012773589, 0.0025006752]","[0.0005742573, 0.0006248439, 0.0005270751, 0.0002151799, 0.0002003137, 0.0003180915, 0.0086832205]",0,0.003970461765,raw_action_units,2,96,769564,769564,true
370,eval_same_demo_teacher_forced,0.003956382939,0.003956382939,raw_action_units,0.9920804501,0.9920804501,5.475407283,"[0.9895235896, 1.006114006, 1.009000659, 0.9636834264]","[5.4760422707, 5.5044951439, 5.5131115913, 5.4079794884]","[0.0019784083, 0.0011821765, 0.0014018733, 0.0025186352]","[0.0004085138, 0.0006128223, 0.0006791395, 0.0001505371, 6.09191e-05, 0.0002254397, 0.0102545405]",0,0.003956382651,raw_action_units,2,96,769564,769564,true
371,train_single_demo,0.003993997971,0.003993997971,raw_action_units,0.9919520219,0.9919520219,5.474947453,"[0.9896990657, 1.0054106712, 1.0092865229, 0.9634119868]","[5.4760565758, 5.5029964447, 5.5134220123, 5.407315731]","[0.0015317914, 0.0010202224, 0.0014620866, 0.0020554452]","[0.0006351804, 0.0003161254, 0.0005811873, 0.0001601807, 0.000135112, 0.0001912561, 0.0086026629]",0,0.003993997794,raw_action_units,2,96,769564,769564,true
371,eval_same_demo_teacher_forced,0.003931813563,0.003931813563,raw_action_units,0.9910676281,0.9910676281,5.470556895,"[0.9892413616, 1.0010659695, 1.0100752115, 0.9638879895]","[5.4718871117, 5.4919586182, 5.5114722252, 5.4069099426]","[0.0018146193, 0.001178315, 0.0013296991, 0.0025748834]","[0.0004732975, 0.0005223076, 0.0003454943, 0.0002356969, 7.16373e-05, 0.0001921761, 0.0102300448]",0,0.003931813474,raw_action_units,2,96,769564,769564,true
372,train_single_demo,0.003982800369,0.003982800369,raw_action_units,0.9909215371,0.9909215371,5.469698111,"[0.9889571667, 1.000688076, 1.009677887, 0.9643629193]","[5.4707884789, 5.4905991554, 5.5100531578, 5.4073524475]","[0.0020328781, 0.0016980465, 0.0017360292, 0.0022618843]","[0.0003656555, 0.0003733689, 0.0005705963, 0.0002628245, 0.0001134634, 0.0001600651, 0.011679492]",0,0.003982800281,raw_action_units,2,96,769564,769564,true
372,eval_same_demo_teacher_forced,0.003789885746,0.003789885746,raw_action_units,0.9913587769,0.9913587769,5.469129721,"[0.9880456924, 1.0025875568, 1.0089296103, 0.9658724666]","[5.4678444862, 5.4925990105, 5.5073218346, 5.4087538719]","[0.001760786, 0.0010035321, 0.0012735401, 0.0027599314]","[0.0004601316, 0.0005001802, 0.0003394999, 0.0001115214, 5.88204e-05, 0.0001239424, 0.0103020351]",0,0.00378988559,raw_action_units,2,96,769564,769564,true
373,train_single_demo,0.003797571873,0.003797571873,raw_action_units,0.9916914105,0.9916914105,5.470407804,"[0.9882743955, 1.0034688711, 1.0092484951, 0.9657736421]","[5.4689564705, 5.4949326515, 5.5086803436, 5.4090614319]","[0.0004540587, 0.0006584158, 0.0009685521, 0.0004848716]","[0.000514717, 0.0003728289, 0.0005342288, 0.0002186066, 9.0691e-05, 0.0002355792, 0.0025236704]",0,0.003797571574,raw_action_units,2,96,769564,769564,true
373,eval_same_demo_teacher_forced,0.003889037917,0.003889037917,raw_action_units,0.9924942255,0.9924942255,5.475130399,"[0.9897654057, 1.005333066, 1.0102479458, 0.964630127]","[5.4750137329, 5.5020155907, 5.5140366554, 5.4094557762]","[0.0016404361, 0.0010903938, 0.0011794677, 0.0029587301]","[0.000295354, 0.0004571723, 0.0002764424, 0.0002726907, 7.818e-05, 0.0001522558, 0.0104887029]",0,0.00388903774,raw_action_units,2,96,769564,769564,true
374,train_single_demo,0.003786493403,0.003786493403,raw_action_units,0.9923710426,0.9923710426,5.474959532,"[0.9898919463, 1.0048388243, 1.0099607706, 0.9647926688]","[5.4752964973, 5.5011506081, 5.5135560036, 5.4098362923]","[0.002636533, 0.0015492166, 0.0015433967, 0.0036146194]","[0.0003455345, 0.000342697, 0.0005053511, 8.75736e-05, 0.0001188306, 8.89119e-05, 0.0148626911]",0,0.003786493359,raw_action_units,2,96,769564,769564,true
374,eval_same_demo_teacher_forced,0.003845659861,0.003845659861,raw_action_units,0.9912743568,0.9912743568,5.471966585,"[0.9889007211, 1.0026906729, 1.0077357292, 0.9657704234]","[5.4724106789, 5.4962058067, 5.5078587532, 5.4113907814]","[0.0018848086, 0.001260901, 0.0013798497, 0.0026464462]","[0.0004114314, 0.0004060362, 0.0003097517, 0.0002197954, 0.0001113646, 0.0001814473, 0.0109111825]",0,0.003845659572,raw_action_units,2,96,769564,769564,true
375,train_single_demo,0.004020990028,0.004020990028,raw_action_units,0.9911085169,0.9911085169,5.471440951,"[0.9888404012, 1.0024161339, 1.0074481964, 0.9657290578]","[5.4720778465, 5.4955368042, 5.5070137978, 5.411134243]","[0.0013518407, 0.001530294, 0.0014929031, 0.0026902186]","[0.0003300207, 0.0003740893, 0.000532953, 0.0002767514, 5.71851e-05, 0.0001973461, 0.0105958516]",0,0.004020989828,raw_action_units,2,96,769564,769564,true
375,eval_same_demo_teacher_forced,0.004021807574,0.004021807574,raw_action_units,0.9916098913,0.9916098913,5.472084999,"[0.9894897938, 1.0031400919, 1.0091383457, 0.964671433]","[5.4731726646, 5.4967021942, 5.5095081329, 5.4089570045]","[0.0017743441, 0.0010834751, 0.0013986361, 0.0025109781]","[0.0003042416, 0.0004497076, 0.0003922565, 0.0001857481, 0.0001205059, 8.64489e-05, 0.0103040989]",0,0.004021807441,raw_action_units,2,96,769564,769564,true
376,train_single_demo,0.00406425617,0.00406425617,raw_action_units,0.991716663,0.991716663,5.472217242,"[0.9894270301, 1.0033378601, 1.0094918013, 0.9646102786]","[5.4729385376, 5.4970202446, 5.5101833344, 5.4087257385]","[0.0012770084, 0.000616569, 0.0004362366, 0.0013552727]","[0.0004625856, 0.000487636, 0.0003330006, 0.0002052736, 0.000113032, 0.0001170475, 0.0047303266]",0,0.004064255971,raw_action_units,2,96,769564,769564,true
376,eval_same_demo_teacher_forced,0.004357648082,0.004357648082,raw_action_units,0.9911838373,0.9911838373,5.470613639,"[0.986530602, 1.0028795004, 1.0093444586, 0.9659807086]","[5.4666075706, 5.4951953888, 5.5099797249, 5.4106712341]","[0.0018204455, 0.0010840814, 0.0013816855, 0.0025910933]","[0.000322688, 0.0004882935, 0.0003802959, 0.0003369771, 8.28827e-05, 0.0001243417, 0.0102998065]",0,0.004357648038,raw_action_units,2,96,769564,769564,true
377,train_single_demo,0.004304947875,0.004304947875,raw_action_units,0.9911002914,0.9911002914,5.469970862,"[0.9865053296, 1.0027879477, 1.0089993477, 0.966108501]","[5.4660859108, 5.4943871498, 5.5087342262, 5.4106764793]","[0.0007023687, 0.0007711537, 0.0012391317, 0.0009491286]","[0.0004163341, 0.0005034536, 0.0004823197, 0.0002310395, 0.0001641196, 0.0001217067, 0.0044891457]",0,0.004304947598,raw_action_units,2,96,769564,769564,true
377,eval_same_demo_teacher_forced,0.004129066753,0.004129066753,raw_action_units,0.9915990035,0.9915990035,5.468442122,"[0.9890853763, 1.0030778646, 1.0090426207, 0.9651904106]","[5.468662262, 5.4917163849, 5.5056424141, 5.4077472687]","[0.0016154264, 0.0013125428, 0.0016815454, 0.0029751046]","[0.0008554147, 0.0009655452, 0.0003304444, 0.0001342472, 7.4546e-05, 8.95046e-05, 0.0108233811]",0,0.004129066531,raw_action_units,2,96,769564,769564,true
378,train_single_demo,0.004110101766,0.004110101766,raw_action_units,0.9915834665,0.9915834665,5.468366941,"[0.9899250865, 1.0026612282, 1.0091193914, 0.9646282196]","[5.4701008797, 5.491092205, 5.505838871, 5.406434536]","[0.0018324102, 0.0013977204, 0.000901018, 0.0008271288]","[0.000416725, 0.0004822876, 0.0003736679, 0.0003111155, 0.0001109205, 0.0002110338, 0.0067712353]",0,0.004110101522,raw_action_units,2,96,769564,769564,true
378,eval_same_demo_teacher_forced,0.003795750594,0.003795750594,raw_action_units,0.9917031527,0.9917031527,5.469633102,"[0.9910297394, 1.0017237663, 1.0100857019, 0.9639730453]","[5.4730148315, 5.4912161827, 5.5092201233, 5.4050822258]","[0.0017137764, 0.0010656154, 0.0013796575, 0.0026047817]","[0.000736272, 0.0008961079, 0.0002226047, 8.62536e-05, 9.01815e-05, 9.78138e-05, 0.0097074704]",0,0.003795750439,raw_action_units,2,96,769564,769564,true
379,train_single_demo,0.003782747779,0.003782747779,raw_action_units,0.9917429686,0.9917429686,5.470061938,"[0.9904373288, 1.0020042658, 1.0099499226, 0.9645802975]","[5.4723525047, 5.4920296669, 5.5093712807, 5.4064946175]","[0.0016462579, 0.0008766991, 0.0010214441, 0.0020157692]","[0.0005632777, 0.0003688485, 0.000320434, 0.0001911983, 0.0001018431, 0.0001325626, 0.0080521349]",0,0.003782747668,raw_action_units,2,96,769564,769564,true
379,eval_same_demo_teacher_forced,0.003947829828,0.003947829828,raw_action_units,0.9915281932,0.9915281932,5.471174558,"[0.987349093, 1.0036064386, 1.0084066391, 0.9667506218]","[5.4681811333, 5.4960479736, 5.5074515343, 5.4130177498]","[0.0022236472, 0.00104226, 0.0013725186, 0.0025144916]","[0.0005407772, 0.0007239643, 0.0002722862, 0.0002628811, 9.28456e-05, 0.0002856981, 0.0103391511]",0,0.003947829739,raw_action_units,2,96,769564,769564,true
380,train_single_demo,0.003885208862,0.003885208862,raw_action_units,0.9912367264,0.9912367264,5.470342954,"[0.9875572324, 1.0032072067, 1.008084178, 0.9660984874]","[5.4681129456, 5.4950699806, 5.5064740181, 5.4117131233]","[0.0012019345, 0.0006269751, 0.0004502355, 0.000642054]","[0.0007195179, 0.0004897685, 0.0002659791, 9.74016e-05, 0.0001449178, 8.11142e-05, 0.0033133989]",0,0.003885208585,raw_action_units,2,96,769564,769564,true
380,eval_same_demo_teacher_forced,0.003751114011,0.003751114011,raw_action_units,0.990329504,0.990329504,5.467177391,"[0.9892203212, 1.0023876429, 1.0069527626, 0.9627574086]","[5.4689211845, 5.492629528, 5.5027389526, 5.4044208527]","[0.0018558326, 0.0011441993, 0.00150563, 0.0024186978]","[0.0002879224, 0.0006719112, 0.0004439446, 0.0003129785, 0.0001531638, 0.0002872808, 0.0099604279]",0,0.003751113833,raw_action_units,2,96,769564,769564,true
381,train_single_demo,0.003743356171,0.003743356171,raw_action_units,0.990401427,0.990401427,5.467490196,"[0.9892293811, 1.0027107, 1.0066922903, 0.9629734159]","[5.4691758156, 5.4934277534, 5.5025315285, 5.4048237801]","[0.0023875593, 0.0007908849, 0.0005601335, 0.0013591927]","[0.0003542019, 0.000688588, 0.0004320066, 0.0001345616, 8.30142e-05, 0.0002397359, 0.0069889897]",0,0.003743355916,raw_action_units,2,96,769564,769564,true
381,eval_same_demo_teacher_forced,0.003583778782,0.003583778782,raw_action_units,0.9909670949,0.9909670949,5.469390869,"[0.9871209264, 1.0051146746, 1.0055273771, 0.9661054611]","[5.4668221474, 5.4983353615, 5.5017867088, 5.4106202126]","[0.0016591941, 0.0011040502, 0.001314527, 0.0024352095]","[0.0002604341, 0.0005578239, 0.0004316988, 0.0002099349, 0.0001944306, 0.0001924107, 0.0095509831]",0,0.003583778583,raw_action_units,2,96,769564,769564,true
382,train_single_demo,0.003675200744,0.003675200744,raw_action_units,0.9910591046,0.9910591046,5.46967411,"[0.9870784879, 1.005051136, 1.0056093931, 0.9664974809]","[5.4669470787, 5.498313427, 5.5019822121, 5.4114551544]","[0.0014760876, 0.0011743702, 0.0009805771, 0.0005209374]","[0.0003004123, 0.0007074622, 0.0006757064, 0.0002364774, 0.0002132562, 0.0002808601, 0.0048517771]",0,0.0036752004,raw_action_units,2,96,769564,769564,true
382,eval_same_demo_teacher_forced,0.003580747638,0.003580747638,raw_action_units,0.9908828735,0.9908828735,5.469331264,"[0.9893196225, 1.0024679899, 1.0066165924, 0.9651274681]","[5.4708323479, 5.4939255714, 5.5038866997, 5.4086780548]","[0.0016170688, 0.001020477, 0.0012457387, 0.0026896561]","[0.0002965244, 0.0004126592, 0.0003171581, 0.0001981451, 7.62898e-05, 9.13707e-05, 0.0101104993]",0,0.003580747438,raw_action_units,2,96,769564,769564,true
383,train_single_demo,0.003731365626,0.003731365626,raw_action_units,0.99084119,0.99084119,5.468947252,"[0.9896731377, 1.0022882223, 1.006675601, 0.9647276998]","[5.4710845947, 5.493309021, 5.5036411285, 5.4077529907]","[0.0012951437, 0.0009347817, 0.0009586274, 0.0024986484]","[0.0003328967, 0.0006745271, 0.0011074648, 0.0003550339, 0.0002421357, 0.0001835427, 0.0070570013]",0,0.003731365449,raw_action_units,2,96,769564,769564,true
383,eval_same_demo_teacher_forced,0.00333953447,0.00333953447,raw_action_units,0.9913235108,0.9913235108,5.467766444,"[0.9895071983, 1.0039181709, 1.0066776276, 0.9651910663]","[5.4687094688, 5.4938035011, 5.5012893677, 5.4072628021]","[0.0016214208, 0.0010330963, 0.0011743908, 0.0023663014]","[0.0002724003, 0.0003896795, 0.0002375003, 0.0001002313, 0.0001637057, 8.87049e-05, 0.0095893946]",0,0.003339534359,raw_action_units,2,96,769564,769564,true
384,train_single_demo,0.003596932162,0.003596932162,raw_action_units,0.9915822744,0.9915822744,5.468568007,"[0.9891636372, 1.0044746399, 1.0069121122, 0.9657787681]","[5.4685211182, 5.4950294495, 5.5020461082, 5.4086761475]","[0.0021533349, 0.0015698798, 0.0012186547, 0.0011189865]","[0.000419334, 0.0004915021, 0.0006205667, 0.0002505045, 0.0001454393, 0.0001025569, 0.0085765952]",0,0.003596931962,raw_action_units,2,96,769564,769564,true
384,eval_same_demo_teacher_forced,0.003431808514,0.003431808514,raw_action_units,0.9914698799,0.9914698799,5.470081806,"[0.9886479378, 1.0036832094, 1.007764101, 0.9657843709]","[5.4693579674, 5.4956030846, 5.5056109428, 5.4097552299]","[0.0016666547, 0.0010692111, 0.0012298339, 0.0024272916]","[0.0003383919, 0.0004806259, 0.0002924116, 0.0001704101, 0.0001023915, 8.73726e-05, 0.0097161308]",0,0.003431808381,raw_action_units,2,96,769564,769564,true
385,train_single_demo,0.003446886937,0.003446886937,raw_action_units,0.991307656,0.991307656,5.470134576,"[0.9888445735, 1.0031400919, 1.0081026554, 0.9651433825]","[5.4699501991, 5.4951367378, 5.5067009926, 5.4087491035]","[0.0004670937, 0.0007077876, 0.0012996345, 0.0022045972]","[0.0003170913, 0.0004604541, 0.0003892714, 7.84798e-05, 0.0001620376, 7.16481e-05, 0.0067094658]",0,0.003446886848,raw_action_units,2,96,769564,769564,true
385,eval_same_demo_teacher_forced,0.003618995814,0.003618995814,raw_action_units,0.9902865489,0.9902865489,5.469143232,"[0.9884249568, 1.0014672279, 1.0080810785, 0.9631727338]","[5.4697127342, 5.4932403564, 5.5079426765, 5.4056763649]","[0.0016728379, 0.0010623782, 0.0012461877, 0.002369476]","[0.0002840957, 0.0005035637, 0.0004199928, 0.0001964221, 9.71422e-05, 9.72196e-05, 0.0095156031]",0,0.003618995703,raw_action_units,2,96,769564,769564,true
386,train_single_demo,0.003599378824,0.003599378824,raw_action_units,0.9903485775,0.9903485775,5.469220479,"[0.9879339337, 1.0021320581, 1.0078210831, 0.9635071754]","[5.4688830376, 5.4942669868, 5.5074210167, 5.4063110352]","[0.001631821, 0.0012234581, 0.0008553903, 0.0007194036]","[0.0003473928, 0.0007276313, 0.0004472738, 8.71984e-05, 0.0001178938, 9.54348e-05, 0.005929803]",0,0.003599378768,raw_action_units,2,96,769564,769564,true
386,eval_same_demo_teacher_forced,0.003500528789,0.003500528789,raw_action_units,0.9909340938,0.9909340938,5.470517476,"[0.9874188304, 1.0043703318, 1.0072212219, 0.96472615]","[5.4686932564, 5.4982113838, 5.5062651634, 5.4088988304]","[0.0016058724, 0.0010498761, 0.0011892702, 0.0023341391]","[0.0003155201, 0.0005471999, 0.000253421, 8.30828e-05, 0.0001330543, 7.15969e-05, 0.0094096502]",0,0.003500528634,raw_action_units,2,96,769564,769564,true
387,train_single_demo,0.003530462661,0.003530462661,raw_action_units,0.990992109,0.990992109,5.470738252,"[0.9877569079, 1.004322648, 1.0073069334, 0.964582026]","[5.4693908691, 5.4983420372, 5.5066418648, 5.4085774422]","[0.0018188901, 0.0006053247, 0.0007442441, 0.0021705164]","[0.0003927813, 0.0003399681, 0.0003469946, 8.49617e-05, 9.53754e-05, 4.95175e-05, 0.0080336072]",0,0.003530462494,raw_action_units,2,96,769564,769564,true
387,eval_same_demo_teacher_forced,0.003536498795,0.003536498795,raw_action_units,0.9902154605,0.9902154605,5.468993505,"[0.9875944257, 1.0024752617, 1.0068522692, 0.9639398456]","[5.4682793617, 5.49518013, 5.5056686401, 5.4068450928]","[0.0016290949, 0.0011298273, 0.0012718627, 0.0023830757]","[0.0003520363, 0.000750506, 0.000244372, 7.38442e-05, 0.0001191486, 7.55471e-05, 0.0096088015]",0,0.003536498618,raw_action_units,2,96,769564,769564,true
388,train_single_demo,0.003474764371,0.003474764371,raw_action_units,0.99006929,0.99006929,5.468758265,"[0.9871971011, 1.0023041964, 1.0065923929, 0.9641836286]","[5.4675078392, 5.4948596954, 5.5051112175, 5.4075512886]","[0.0004160656, 0.0003173112, 0.000724763, 0.0020329987]","[0.0003408429, 0.0003984601, 0.0003967051, 8.55947e-05, 0.0001277131, 6.94114e-05, 0.0046907649]",0,0.003474764348,raw_action_units,2,96,769564,769564,true
388,eval_same_demo_teacher_forced,0.003568387901,0.003568387901,raw_action_units,0.9900296926,0.9900296926,5.469290257,"[0.9858908653, 1.0036588907, 1.0056509972, 0.9649178386]","[5.46585989, 5.4976973534, 5.5031676292, 5.4104351997]","[0.0016724017, 0.0010517286, 0.0013111486, 0.0024591538]","[0.0006475783, 0.0007463936, 0.0002237523, 0.0001098192, 8.66773e-05, 0.000107667, 0.0094433697]",0,0.003568387812,raw_action_units,2,96,769564,769564,true
389,train_single_demo,0.003507753291,0.003507753291,raw_action_units,0.9901181857,0.9901181857,5.469658216,"[0.986138165, 1.0038799047, 1.0058630705, 0.9645915627]","[5.4665679932, 5.4984283447, 5.5037899017, 5.409845829]","[0.0018039769, 0.0013671136, 0.0010249584, 0.0004677107]","[0.0003383813, 0.0004156899, 0.0003439212, 9.28038e-05, 0.0001315306, 8.53022e-05, 0.0067539513]",0,0.003507753213,raw_action_units,2,96,769564,769564,true
389,eval_same_demo_teacher_forced,0.003405776961,0.003405776961,raw_action_units,0.9900972644,0.9900972644,5.470306396,"[0.9880781174, 1.0028268099, 1.0067945719, 0.9626893997]","[5.4710998535, 5.4977555275, 5.5069046021, 5.4054656029]","[0.0016498166, 0.0009921695, 0.0012584357, 0.0023312874]","[0.0004887463, 0.0004835882, 0.0002138918, 8.08702e-05, 5.13159e-05, 9.75409e-05, 0.0094895372]",0,0.003405776762,raw_action_units,2,96,769564,769564,true
390,train_single_demo,0.003484135183,0.003484135183,raw_action_units,0.9901674589,0.9901674589,5.470424016,"[0.9882748723, 1.0026682615, 1.0069242716, 0.9628022313]","[5.4716124535, 5.4973731041, 5.5071845055, 5.405526638]","[0.0013086661, 0.0010388779, 0.0011877985, 0.0021862132]","[0.0003988301, 0.0003019389, 0.0002993681, 0.0001239665, 7.83919e-05, 7.91639e-05, 0.0087310625]",0,0.003484134961,raw_action_units,2,96,769564,769564,true
390,eval_same_demo_teacher_forced,0.003265423079,0.003265423079,raw_action_units,0.9901034037,0.9901034037,5.470563094,"[0.986964941, 1.0017880201, 1.0074152946, 0.9642453194]","[5.4694781303, 5.495323658, 5.5085587502, 5.408891201]","[0.0015704831, 0.0010124572, 0.0011589455, 0.0023476202]","[0.0003049585, 0.0004040899, 0.0002774814, 0.000148209, 0.0001155832, 0.0001208558, 0.0092854574]",0,0.003265422902,raw_action_units,2,96,769564,769564,true
391,train_single_demo,0.003380662141,0.003380662141,raw_action_units,0.9900770585,0.9900770585,5.470381896,"[0.9865298867, 1.0019150972, 1.0074168444, 0.9644463658]","[5.4683365822, 5.4953689575, 5.5084285736, 5.4093928337]","[0.0011301353, 0.0005798482, 0.0012492583, 0.0018473341]","[0.0004408309, 0.000336522, 0.000290462, 8.20692e-05, 8.23268e-05, 0.0001415017, 0.0070377956]",0,0.003380662096,raw_action_units,2,96,769564,769564,true
391,eval_same_demo_teacher_forced,0.003236304192,0.003236304192,raw_action_units,0.9901682734,0.9901682734,5.469650269,"[0.9861405492, 1.0025357008, 1.0074409246, 0.9645559192]","[5.4659333229, 5.4960436821, 5.5070724487, 5.4095511436]","[0.0016971054, 0.0010215162, 0.0011208657, 0.0023228812]","[0.0002564022, 0.0003876453, 0.000346157, 7.06418e-05, 0.0001144685, 5.82519e-05, 0.009550578]",0,0.003236304082,raw_action_units,2,96,769564,769564,true
392,train_single_demo,0.003345254343,0.003345254343,raw_action_units,0.9902953307,0.9902953307,5.469457308,"[0.9864578247, 1.0027450323, 1.0074341297, 0.9645445347]","[5.4661459923, 5.4961371422, 5.5064201355, 5.4091238976]","[0.0004242408, 0.0008158719, 0.0007195965, 0.0010303532]","[0.0003336841, 0.0003547638, 0.0005812509, 0.0001147018, 0.0001105354, 0.000165766, 0.0035719064]",0,0.00334525401,raw_action_units,2,96,769564,769564,true
392,eval_same_demo_teacher_forced,0.003219697159,0.003219697159,raw_action_units,0.9907812675,0.9907812675,5.470423063,"[0.9869604707, 1.0036033392, 1.0073484182, 0.965212822]","[5.4675621986, 5.4978575706, 5.5064988136, 5.4097728729]","[0.0015291254, 0.00102247, 0.0011162494, 0.0022997651]","[0.0002984633, 0.0003785477, 0.0002568175, 8.61145e-05, 6.52553e-05, 8.83393e-05, 0.0092697786]",0,0.003219697092,raw_action_units,2,96,769564,769564,true
393,train_single_demo,0.003221243077,0.003221243077,raw_action_units,0.990748922,0.990748922,5.470773061,"[0.9869621396, 1.0031448603, 1.007496953, 0.9653916955]","[5.4681010246, 5.4973282814, 5.5072650909, 5.4103989601]","[0.0010169619, 0.0003127976, 0.0003156036, 0.0002988584]","[0.0002382677, 0.0002677915, 0.0003707247, 7.16147e-05, 9.5848e-05, 7.21472e-05, 0.0022859934]",0,0.003221242866,raw_action_units,2,96,769564,769564,true
393,eval_same_demo_teacher_forced,0.003400953331,0.003400953331,raw_action_units,0.9905869563,0.9905869563,5.472063382,"[0.9873030782, 1.0010237694, 1.0081659555, 0.9658549428]","[5.4706730843, 5.4946975708, 5.5102028847, 5.4126777649]","[0.0015750254, 0.0010865038, 0.0011667885, 0.0023888459]","[0.0002929722, 0.0004465775, 0.0002906297, 0.0001105746, 0.0001050155, 0.0001287838, 0.0095054833]",0,0.003400953043,raw_action_units,2,96,769564,769564,true
394,train_single_demo,0.003393476984,0.003393476984,raw_action_units,0.9904907544,0.9904907544,5.471486568,"[0.9871532917, 1.0010505915, 1.0082393885, 0.9655196071]","[5.4698219299, 5.4943833351, 5.5099606514, 5.4117789268]","[0.0018757785, 0.0007044674, 0.0008731195, 0.001853001]","[0.0002886806, 0.0003473582, 0.0004004658, 0.0001099198, 0.0001068538, 0.0001341924, 0.0078986706]",0,0.00339347674,raw_action_units,2,96,769564,769564,true
394,eval_same_demo_teacher_forced,0.003471171949,0.003471171949,raw_action_units,0.990479668,0.990479668,5.469882329,"[0.9877900481, 1.0018934011, 1.0084480047, 0.9637872577]","[5.4690833092, 5.4946117401, 5.5088500977, 5.4069828987]","[0.0016881808, 0.0011370744, 0.0011321, 0.0023022348]","[0.0002636567, 0.0003839186, 0.0002146098, 0.0001267632, 6.87689e-05, 8.28236e-05, 0.0098137418]",0,0.003471171749,raw_action_units,2,96,769564,769564,true
395,train_single_demo,0.003422116085,0.003422116085,raw_action_units,0.990500927,0.990500927,5.470241388,"[0.9879746437, 1.0019174814, 1.0082167387, 0.9638950229]","[5.4698195457, 5.4950098991, 5.5086655617, 5.40747118]","[0.0012894137, 0.000938334, 0.0012034323, 0.0014755977]","[0.0002610532, 0.0004016949, 0.0002720251, 7.81857e-05, 0.0001135569, 0.0001594616, 0.0073008835]",0,0.003422115885,raw_action_units,2,96,769564,769564,true
395,eval_same_demo_teacher_forced,0.003393975707,0.003393975707,raw_action_units,0.9906935692,0.9906935692,5.472080231,"[0.98748523, 1.002513051, 1.007371068, 0.9654048085]","[5.4708442688, 5.4974341393, 5.508190155, 5.4118523598]","[0.0016156124, 0.0011517368, 0.0011147482, 0.0022925802]","[0.0002578859, 0.0004062709, 0.0002515182, 0.0001148355, 8.49024e-05, 7.07855e-05, 0.0096194874]",0,0.003393975574,raw_action_units,2,96,769564,769564,true
396,train_single_demo,0.00342796417,0.00342796417,raw_action_units,0.9906502962,0.9906502962,5.471636772,"[0.9870989919, 1.0025444031, 1.0075716972, 0.9653859735]","[5.4696788788, 5.4970107079, 5.5082650185, 5.4115905762]","[0.0015489002, 0.0010398206, 0.0006547986, 0.0010449765]","[0.0002826909, 0.0003861963, 0.0002772401, 9.73883e-05, 7.79201e-05, 9.61997e-05, 0.006287232]",0,0.00342796397,raw_action_units,2,96,769564,769564,true
396,eval_same_demo_teacher_forced,0.003589285693,0.003589285693,raw_action_units,0.9900558194,0.9900558194,5.469764392,"[0.9858767986, 1.0020796061, 1.0088456869, 0.9634212852]","[5.4660015106, 5.4951248169, 5.5111193657, 5.4068126678]","[0.0015464189, 0.0011011952, 0.0011452232, 0.0022990915]","[0.0002579306, 0.0004026147, 0.0002341143, 7.43743e-05, 0.0001044655, 9.58758e-05, 0.0094915004]",0,0.003589285449,raw_action_units,2,96,769564,769564,true
397,train_single_demo,0.003500730575,0.003500730575,raw_action_units,0.9900314411,0.9900314411,5.46993192,"[0.9863572121, 1.0017820597, 1.0088839531, 0.9631025195]","[5.4671225548, 5.494884491, 5.5113434792, 5.4063754082]","[0.0016101985, 0.0008163379, 0.000892998, 0.0023328566]","[0.0002176528, 0.0003815302, 0.0004035435, 0.0001584677, 8.42678e-05, 5.36916e-05, 0.0085925311]",0,0.00350073042,raw_action_units,2,96,769564,769564,true
397,eval_same_demo_teacher_forced,0.003669048349,0.003669048349,raw_action_units,0.9903780619,0.9903780619,5.471579393,"[0.9881019592, 1.0012563467, 1.0086613894, 0.9634926915]","[5.4719567299, 5.4949889183, 5.5113296509, 5.4080429077]","[0.0015281899, 0.0010862494, 0.0012296548, 0.0024183376]","[0.0002509344, 0.000461051, 0.0002447314, 7.55621e-05, 9.48493e-05, 7.52846e-05, 0.0097568417]",0,0.003669048172,raw_action_units,2,96,769564,769564,true
398,train_single_demo,0.003644372181,0.003644372181,raw_action_units,0.9905356367,0.9905356367,5.471225739,"[0.9877712131, 1.0018820763, 1.0085881948, 0.9639008641]","[5.4707183838, 5.4953742027, 5.5106043816, 5.4082064629]","[0.0018565971, 0.0010289015, 0.0007715388, 0.0012886213]","[0.0003396306, 0.0004207116, 0.0003326943, 9.96998e-05, 0.0001099216, 5.41413e-05, 0.007298104]",0,0.003644372026,raw_action_units,2,96,769564,769564,true
398,eval_same_demo_teacher_forced,0.003672240147,0.003672240147,raw_action_units,0.9908358455,0.9908358455,5.469536463,"[0.9867994189, 1.003110528, 1.0076522827, 0.9657811522]","[5.4664230347, 5.4953780174, 5.5070853233, 5.409257412]","[0.0014815273, 0.0010319146, 0.0013500256, 0.0025382116]","[0.0002782775, 0.0004251759, 0.0002612455, 0.0001323632, 6.05627e-05, 5.65099e-05, 0.0099888034]",0,0.003672240036,raw_action_units,2,96,769564,769564,true
399,train_single_demo,0.003539110146,0.003539110146,raw_action_units,0.9907995264,0.9907995264,5.469901085,"[0.9871234894, 1.0027877092, 1.0076544285, 0.9656324387]","[5.4674243927, 5.4953231812, 5.507352829, 5.4095044136]","[0.001048688, 0.0010397277, 0.000809823, 0.0004977407]","[0.0004222781, 0.0003661329, 0.0004484102, 6.77635e-05, 0.0001063752, 7.31189e-05, 0.0044588842]",0,0.003539109869,raw_action_units,2,96,769564,769564,true
399,eval_same_demo_teacher_forced,0.003696552943,0.003696552943,raw_action_units,0.9905745586,0.9905745586,5.471535842,"[0.9877864718, 1.0023624897, 1.0076599121, 0.9644892812]","[5.4707169533, 5.4966979027, 5.5086135864, 5.4101157188]","[0.0015040956, 0.0010027981, 0.0012294193, 0.0028733418]","[0.0003159257, 0.0004141153, 0.0002790022, 0.0001212358, 8.9846e-05, 6.86485e-05, 0.0102781216]",0,0.003696552877,raw_action_units,2,96,769564,769564,true
400,train_single_demo,0.003590240066,0.003590240066,raw_action_units,0.9904331764,0.9904331764,5.471002102,"[0.9872577786, 1.002690196, 1.0074964762, 0.9642881751]","[5.4693989754, 5.4969744682, 5.508122921, 5.4095115662]","[0.0011079457, 0.0007174949, 0.0008675464, 0.0019728357]","[0.0004587331, 0.0002852448, 0.0003666255, 0.0001356735, 6.75288e-05, 8.39036e-05, 0.0067674811]",0,0.003590239921,raw_action_units,2,96,769564,769564,true
400,eval_same_demo_teacher_forced,0.003453484426,0.003453484426,raw_action_units,0.9897576571,0.9897576571,5.469593048,"[0.9861547351, 1.0026825666, 1.0065442324, 0.9636489749]","[5.4671683311, 5.4970226288, 5.5067901611, 5.407389164]","[0.0014957292, 0.0010180159, 0.0012013951, 0.0025516732]","[0.0003182353, 0.0003741073, 0.0002382128, 8.47017e-05, 7.8607e-05, 8.32932e-05, 0.0097897658]",0,0.003453484249,raw_action_units,2,96,769564,769564,true
401,train_single_demo,0.003392336502,0.003392336502,raw_action_units,0.9898202022,0.9898202022,5.470202287,"[0.9865632057, 1.0023851395, 1.0066772699, 0.963655293]","[5.468559742, 5.4970183372, 5.5075359344, 5.4076943398]","[0.0015410563, 0.000690101, 0.0006503146, 0.0011100703]","[0.0003671928, 0.0002916944, 0.0003769884, 8.1032e-05, 8.92244e-05, 0.0001119573, 0.0056671086]",0,0.003392336269,raw_action_units,2,96,769564,769564,true
401,eval_same_demo_teacher_forced,0.003597830733,0.003597830733,raw_action_units,0.9906039238,0.9906039238,5.472760201,"[0.9887110591, 1.0016183853, 1.0075567961, 0.9645295143]","[5.4742393494, 5.4966397285, 5.5097937584, 5.4103674889]","[0.001522347, 0.0010826129, 0.0010967038, 0.0025450522]","[0.0002866873, 0.0004317441, 0.0002274167, 9.29327e-05, 7.00541e-05, 7.84199e-05, 0.0097444979]",0,0.003597830555,raw_action_units,2,96,769564,769564,true
402,train_single_demo,0.003513012547,0.003513012547,raw_action_units,0.9905798435,0.9905798435,5.47211806,"[0.9883728623, 1.0017578602, 1.0074887276, 0.9646998048]","[5.4729270935, 5.4961910248, 5.5091147423, 5.4102377892]","[0.0020259586, 0.0009719188, 0.0015927615, 0.0040752501]","[0.0003098435, 0.0003592345, 0.0003819477, 8.01484e-05, 8.55436e-05, 8.1218e-05, 0.0138673708]",0,0.003513012347,raw_action_units,2,96,769564,769564,true
402,eval_same_demo_teacher_forced,0.003488747869,0.003488747869,raw_action_units,0.9896536271,0.9896536271,5.467831294,"[0.9854524136, 1.0019378662, 1.006631732, 0.9645925164]","[5.4641242027, 5.4937119484, 5.5054306984, 5.4080576897]","[0.0014717109, 0.0010473753, 0.0012167678, 0.0024524268]","[0.0002563886, 0.0003896124, 0.0002263135, 7.44403e-05, 6.91578e-05, 9.59484e-05, 0.0097176302]",0,0.003488747669,raw_action_units,2,96,769564,769564,true
403,train_single_demo,0.003552704739,0.003552704739,raw_action_units,0.9895249406,0.9895249406,5.467913787,"[0.9854142666, 1.0016747713, 1.0066603422, 0.9643505216]","[5.4643306732, 5.493619442, 5.5057454109, 5.4079594612]","[0.0021981623, 0.001285982, 0.0016435649, 0.0029522392]","[0.0002761525, 0.0003837758, 0.0003929508, 8.77277e-05, 8.29634e-05, 8.19857e-05, 0.0128343543]",0,0.003552704517,raw_action_units,2,96,769564,769564,true
403,eval_same_demo_teacher_forced,0.003937068551,0.003937068551,raw_action_units,0.9904538989,0.9904538989,5.471046448,"[0.9868936539, 1.0028601885, 1.0082042217, 0.9638574719]","[5.4688324928, 5.4971747398, 5.5090699196, 5.4091076851]","[0.0017012167, 0.0010631398, 0.0012536227, 0.0024959955]","[0.0003019995, 0.0004085883, 0.0002247091, 6.79788e-05, 9.92222e-05, 7.96507e-05, 0.0102173053]",0,0.00393706844,raw_action_units,2,96,769564,769564,true
404,train_single_demo,0.003782979368,0.003782979368,raw_action_units,0.9905846914,0.9905846914,5.471051534,"[0.9868736863, 1.0032490492, 1.0084135532, 0.9638026357]","[5.4685578346, 5.4976286888, 5.5094032288, 5.4086151123]","[0.0007041166, 0.0011196855, 0.0009838118, 0.0006383747]","[0.0002648856, 0.0002898947, 0.000444516, 6.93194e-05, 9.39387e-05, 5.02515e-05, 0.0048176739]",0,0.003782979257,raw_action_units,2,96,769564,769564,true
404,eval_same_demo_teacher_forced,0.003648025139,0.003648025139,raw_action_units,0.9899541736,0.9899541736,5.469355265,"[0.9866089225, 1.0021840334, 1.0082979202, 0.9627256989]","[5.467420578, 5.4954342842, 5.5097675323, 5.4047985077]","[0.001636154, 0.0011364791, 0.0012513181, 0.0023436449]","[0.0003795058, 0.0003821916, 0.0002203187, 8.51768e-05, 7.20966e-05, 8.33764e-05, 0.0099206269]",0,0.003648024939,raw_action_units,2,96,769564,769564,true
405,train_single_demo,0.003607216291,0.003607216291,raw_action_units,0.9897218943,0.9897218943,5.469602108,"[0.9867741466, 1.0013736486, 1.0080326796, 0.9627073407]","[5.4684929848, 5.494664669, 5.509929657, 5.4053206444]","[0.0004170512, 0.0004424279, 0.0007630719, 0.0021976326]","[0.000302926, 0.0003392322, 0.0003975012, 0.0001006519, 0.0001040821, 7.65307e-05, 0.0053643971]",0,0.003607216158,raw_action_units,2,96,769564,769564,true
405,eval_same_demo_teacher_forced,0.003477034935,0.003477034935,raw_action_units,0.9896548986,0.9896548986,5.472590446,"[0.987742424, 1.0001968145, 1.0080522299, 0.9626278877]","[5.4740753174, 5.4954676628, 5.5126023293, 5.4082159996]","[0.0015324798, 0.0011901642, 0.0011157752, 0.0023856582]","[0.0003317256, 0.0003835176, 0.0003036243, 8.99509e-05, 8.82368e-05, 6.69701e-05, 0.0096281087]",0,0.003477034824,raw_action_units,2,96,769564,769564,true
406,train_single_demo,0.003490972682,0.003490972682,raw_action_units,0.9898373286,0.9898373286,5.472413699,"[0.9874970317, 1.000998497, 1.0082103014, 0.9626436234]","[5.4730286598, 5.4963226318, 5.5124650002, 5.4078388214]","[0.0003807562, 0.0005812919, 0.0007703438, 0.0005035538]","[0.0004071964, 0.0004539618, 0.0005428, 7.01454e-05, 0.0001127093, 7.58267e-05, 0.0022502649]",0,0.003490972599,raw_action_units,2,96,769564,769564,true
406,eval_same_demo_teacher_forced,0.003208367154,0.003208367154,raw_action_units,0.9900175333,0.9900175333,5.470329603,"[0.9863213897, 1.002989769, 1.0082778931, 0.9624810219]","[5.4675483704, 5.4977784157, 5.5106773376, 5.4053149223]","[0.0014960404, 0.0010089751, 0.0011524906, 0.0022597578]","[0.0002820484, 0.0003638947, 0.0001998336, 8.10699e-05, 7.19755e-05, 7.0678e-05, 0.0092857108]",0,0.003208367065,raw_action_units,2,96,769564,769564,true
407,train_single_demo,0.003283947551,0.003283947551,raw_action_units,0.9899994532,0.9899994532,5.470386346,"[0.9864323735, 1.0027134418, 1.0081275702, 0.9627245069]","[5.4677901268, 5.4974532127, 5.5104279518, 5.4058737755]","[0.0009812408, 0.0009837358, 0.0016595591, 0.0023472072]","[0.0004983682, 0.0006024512, 0.0004181391, 5.82561e-05, 7.39116e-05, 8.04931e-05, 0.0087189293]",0,0.003283947351,raw_action_units,2,96,769564,769564,true
407,eval_same_demo_teacher_forced,0.003292286148,0.003292286148,raw_action_units,0.9903742472,0.9903742472,5.471182664,"[0.9867098927, 1.0022624731, 1.0077637434, 0.9647607803]","[5.4687485695, 5.4961333275, 5.5093345642, 5.4105148315]","[0.001483303, 0.0010358697, 0.0010337461, 0.0023543427]","[0.0002419082, 0.0004120322, 0.0002448344, 8.17298e-05, 0.0001028583, 8.47219e-05, 0.0091696223]",0,0.00329228597,raw_action_units,2,96,769564,769564,true
408,train_single_demo,0.003395264813,0.003395264813,raw_action_units,0.9904144605,0.9904144605,5.471124649,"[0.9866209626, 1.0022667646, 1.0078761578, 0.9648938775]","[5.4684443474, 5.4958539009, 5.509540081, 5.4106602669]","[0.0003379533, 0.0005649748, 0.0012595641, 0.0023824207]","[0.0003407941, 0.0006404726, 0.0004964579, 6.7535e-05, 6.47597e-05, 0.0001323707, 0.0062112077]",0,0.003395264613,raw_action_units,2,96,769564,769564,true
408,eval_same_demo_teacher_forced,0.003251584557,0.003251584557,raw_action_units,0.9895847241,0.9895847241,5.469646772,"[0.98675704, 0.9999331832, 1.0081115961, 0.9635369182]","[5.4684891701, 5.4918999672, 5.5106163025, 5.4075813293]","[0.0014638255, 0.0009592177, 0.0010156259, 0.0023984946]","[0.0002409147, 0.0003889296, 0.0002259698, 8.1933e-05, 7.02136e-05, 7.37165e-05, 0.0091333585]",0,0.003251584424,raw_action_units,2,96,769564,769564,true
409,train_single_demo,0.003405729154,0.003405729154,raw_action_units,0.9895326893,0.9895326893,5.46992286,"[0.9869181514, 0.9997727871, 1.0080515146, 0.9633882642]","[5.4691505432, 5.492161274, 5.5107769966, 5.4076023102]","[0.000749212, 0.0003636753, 0.0008844497, 0.0029128871]","[0.0002720236, 0.0005217604, 0.0007216837, 9.31304e-05, 7.56823e-05, 0.0001425524, 0.0067660604]",0,0.003405729043,raw_action_units,2,96,769564,769564,true
409,eval_same_demo_teacher_forced,0.00321170905,0.00321170905,raw_action_units,0.9904470444,0.9904470444,5.473163446,"[0.9876379967, 1.0018310547, 1.0084227324, 0.963896513]","[5.4726366997, 5.4977536201, 5.5122356415, 5.4100270271]","[0.0015218733, 0.0009212492, 0.0010982208, 0.0022666992]","[0.0002350303, 0.0003790445, 0.000228249, 7.76327e-05, 6.42915e-05, 8.4576e-05, 0.0090952506]",0,0.003211708917,raw_action_units,2,96,769564,769564,true
410,train_single_demo,0.003312226657,0.003312226657,raw_action_units,0.9905514717,0.9905514717,5.473154068,"[0.9874579906, 1.002294898, 1.0084189177, 0.9640340209]","[5.4721374512, 5.4983315468, 5.5120577812, 5.4100875854]","[0.0004480806, 0.0005855073, 0.0006600139, 0.0005352644]","[0.0002758011, 0.0004407115, 0.0005118456, 0.0001149189, 8.3571e-05, 9.08489e-05, 0.0023828186]",0,0.003312226562,raw_action_units,2,96,769564,769564,true
410,eval_same_demo_teacher_forced,0.00304780916,0.00304780916,raw_action_units,0.9900897741,0.9900897741,5.472064336,"[0.9872718453, 1.0019253492, 1.0076303482, 0.9635313153]","[5.4713301659, 5.4974398613, 5.5110268593, 5.4084606171]","[0.0014711559, 0.0009228785, 0.0011338722, 0.0022700105]","[0.0002346244, 0.0003679851, 0.0002527646, 7.1715e-05, 5.13641e-05, 6.58278e-05, 0.0091020744]",0,0.003047809093,raw_action_units,2,96,769564,769564,true
411,train_single_demo,0.00313562993,0.00313562993,raw_action_units,0.9899473985,0.9899473985,5.471676509,"[0.987300396, 1.0015100241, 1.0075877905, 0.9633914828]","[5.4711227417, 5.4965624809, 5.510872364, 5.4081482887]","[0.0022208728, 0.0011460868, 0.0010535078, 0.0013968918]","[0.0002634699, 0.0004479008, 0.000430875, 7.47369e-05, 8.38529e-05, 6.62661e-05, 0.008813276]",0,0.003135629885,raw_action_units,2,96,769564,769564,true
411,eval_same_demo_teacher_forced,0.003040669331,0.003040669331,raw_action_units,0.9900025527,0.9900025527,5.471353849,"[0.9877163768, 1.0006483793, 1.0076438189, 0.9640018344]","[5.4713578224, 5.4941029549, 5.5106139183, 5.4093399048]","[0.0013937169, 0.0009756843, 0.0009901401, 0.0023446849]","[0.0002305782, 0.000358812, 0.0002112293, 0.0001008116, 5.54485e-05, 6.1817e-05, 0.0089636976]",0,0.00304066922,raw_action_units,2,96,769564,769564,true
412,train_single_demo,0.003308889068,0.003308889068,raw_action_units,0.9902742306,0.9902742306,5.471770922,"[0.9875835776, 1.0013090372, 1.0077954531, 0.9644088745]","[5.4710869789, 5.4951071739, 5.5108304024, 5.4100570679]","[0.000743994, 0.0004362101, 0.0011242363, 0.0027695152]","[0.0002860898, 0.000409759, 0.0003067354, 7.63739e-05, 4.4627e-05, 7.21467e-05, 0.0076836902]",0,0.003308888968,raw_action_units,2,96,769564,769564,true
412,eval_same_demo_teacher_forced,0.003033052664,0.003033052664,raw_action_units,0.990164578,0.990164578,5.469949087,"[0.9867864251, 1.0012649298, 1.0074045658, 0.9652026296]","[5.4679923058, 5.4933638573, 5.5082030296, 5.4102377892]","[0.001390468, 0.0009599498, 0.0010014704, 0.0023152919]","[0.0002540053, 0.0003797091, 0.0001974564, 7.81919e-05, 5.27141e-05, 6.93248e-05, 0.0088861641]",0,0.003033052598,raw_action_units,2,96,769564,769564,true
413,train_single_demo,0.003244915667,0.003244915667,raw_action_units,0.989908119,0.989908119,5.46930631,"[0.9866499901, 1.000890851, 1.0073045492, 0.9647868276]","[5.4674897194, 5.4926247597, 5.5077624321, 5.4093475342]","[0.0018136855, 0.0011158691, 0.0009515082, 0.0014515513]","[0.0003512352, 0.0003751932, 0.0003078488, 8.81733e-05, 5.64253e-05, 7.00704e-05, 0.0080831293]",0,0.003244915445,raw_action_units,2,96,769564,769564,true
413,eval_same_demo_teacher_forced,0.003108447728,0.003108447728,raw_action_units,0.9897302985,0.9897302985,5.469772339,"[0.9870862365, 1.0011798143, 1.0071212053, 0.9635338187]","[5.4692063332, 5.4942245483, 5.5078129768, 5.4078445435]","[0.0015006588, 0.0009556711, 0.0011237287, 0.0022289113]","[0.0002528716, 0.0005208455, 0.0002157835, 6.94563e-05, 5.65248e-05, 5.92009e-05, 0.0089910151]",0,0.003108447506,raw_action_units,2,96,769564,769564,true
414,train_single_demo,0.003378178148,0.003378178148,raw_action_units,0.9898819923,0.9898819923,5.470189095,"[0.9870757461, 1.0016708374, 1.0072120428, 0.9635694027]","[5.4693717957, 5.4951958656, 5.5081496239, 5.4080386162]","[0.0027753471, 0.0012541489, 0.001170681, 0.003023559]","[0.0002938405, 0.0002944173, 0.0004249753, 9.81842e-05, 5.49861e-05, 9.43314e-05, 0.0131308027]",0,0.003378178037,raw_action_units,2,96,769564,769564,true
414,eval_same_demo_teacher_forced,0.00311955018,0.00311955018,raw_action_units,0.9896445672,0.9896445672,5.471285184,"[0.9853975773, 1.0028156042, 1.0059796572, 0.9643853307]","[5.4674911499, 5.4990010262, 5.5079092979, 5.4107384682]","[0.0014521303, 0.0009317503, 0.0010473029, 0.0023183492]","[0.0002341244, 0.0004048314, 0.0002092155, 7.31521e-05, 7.14119e-05, 6.13248e-05, 0.0090076206]",0,0.003119550024,raw_action_units,2,96,769564,769564,true
415,train_single_demo,0.003485216604,0.003485216604,raw_action_units,0.9895913601,0.9895913601,5.471553802,"[0.9851719737, 1.002871871, 1.0057082176, 0.9646129608]","[5.4673218727, 5.4995732307, 5.507833004, 5.4114861488]","[0.0014212517, 0.000947849, 0.0013410031, 0.0028238089]","[0.0003218091, 0.0003297328, 0.0004561997, 9.05086e-05, 9.54721e-05, 8.25035e-05, 0.0100581218]",0,0.003485216449,raw_action_units,2,96,769564,769564,true
415,eval_same_demo_teacher_forced,0.003248180108,0.003248180108,raw_action_units,0.990481019,0.990481019,5.47354126,"[0.9865153432, 1.0041284561, 1.0068374872, 0.9644427299]","[5.4704985619, 5.5021305084, 5.5096840858, 5.4118518829]","[0.001424882, 0.0009707758, 0.0011234683, 0.0024050665]","[0.0002615536, 0.0004356043, 0.0002564767, 0.0001034732, 5.80853e-05, 8.6226e-05, 0.0091659175]",0,0.003248179952,raw_action_units,2,96,769564,769564,true
416,train_single_demo,0.003637046553,0.003637046553,raw_action_units,0.9906321367,0.9906321367,5.473577499,"[0.9868674278, 1.0042101145, 1.0072151423, 0.964235723]","[5.4709525108, 5.5020041466, 5.5100669861, 5.4112854004]","[0.0005254591, 0.0003156849, 0.0020144519, 0.0024475805]","[0.0002875277, 0.000337813, 0.000439508, 0.0001612299, 0.0001304655, 8.82565e-05, 0.007835757]",0,0.003637046331,raw_action_units,2,96,769564,769564,true
416,eval_same_demo_teacher_forced,0.003434412647,0.003434412647,raw_action_units,0.9899057547,0.9899057547,5.471666972,"[0.9860956073, 1.0024501085, 1.006700635, 0.9643767476]","[5.4689235687, 5.4985146523, 5.509262085, 5.4099669456]","[0.0014611529, 0.0009563949, 0.0013293182, 0.002470593]","[0.0003180012, 0.0004619687, 0.0002245184, 8.26985e-05, 6.65148e-05, 6.76714e-05, 0.0096591795]",0,0.003434412536,raw_action_units,2,96,769564,769564,true
417,train_single_demo,0.003610258146,0.003610258146,raw_action_units,0.9899555047,0.9899555047,5.471957843,"[0.9860131741, 1.0023511648, 1.0066226721, 0.9648348689]","[5.4690151215, 5.4984602928, 5.5093574524, 5.4109992981]","[0.0012619506, 0.0007292817, 0.0012241817, 0.0019375365]","[0.0003256107, 0.0003337846, 0.0003701874, 0.0002135494, 0.0001330187, 7.04485e-05, 0.0075710644]",0,0.003610257946,raw_action_units,2,96,769564,769564,true
417,eval_same_demo_teacher_forced,0.003210469304,0.003210469304,raw_action_units,0.990332365,0.990332365,5.472494761,"[0.9860652089, 1.0025982857, 1.0071800947, 0.9654860497]","[5.469127655, 5.4982070923, 5.5099563599, 5.4126868248]","[0.0014363239, 0.0009738533, 0.0010354548, 0.0023496475]","[0.000343389, 0.000463502, 0.0001999361, 8.14981e-05, 8.93623e-05, 0.0001074352, 0.0088566151]",0,0.003210469016,raw_action_units,2,96,769564,769564,true
418,train_single_demo,0.003376352446,0.003376352446,raw_action_units,0.9904447397,0.9904447397,5.472374598,"[0.9861190319, 1.0029746294, 1.0075618029, 0.9651235938]","[5.4688053131, 5.4985394478, 5.5102753639, 5.4118766785]","[0.0004006693, 0.0003851403, 0.0006113301, 0.0006434688]","[0.0004842919, 0.0004525414, 0.0002540571, 0.000165429, 0.0001379142, 8.1029e-05, 0.0019958022]",0,0.003376352423,raw_action_units,2,96,769564,769564,true
418,eval_same_demo_teacher_forced,0.00321864911,0.00321864911,raw_action_units,0.9902767142,0.9902767142,5.470878919,"[0.9860660434, 1.0028166771, 1.0087586641, 0.9634653926]","[5.4670424461, 5.4975876808, 5.5113530159, 5.4075331688]","[0.0015742318, 0.0009996552, 0.0011043455, 0.0023044359]","[0.0003170516, 0.0003964466, 0.0003316295, 0.0001457748, 0.0001154595, 0.000100604, 0.0090627028]",0,0.003218648955,raw_action_units,2,96,769564,769564,true
419,train_single_demo,0.003339390426,0.003339390426,raw_action_units,0.9902822177,0.9902822177,5.471026103,"[0.9859904647, 1.0027523041, 1.0087909698, 0.9635952115]","[5.467107296, 5.4976525307, 5.5115227699, 5.4078216553]","[0.0020088369, 0.0009594955, 0.0005272523, 0.0014648983]","[0.0003739236, 0.000440185, 0.0004618811, 9.53285e-05, 0.0001363344, 8.85643e-05, 0.0070846286]",0,0.003339390315,raw_action_units,2,96,769564,769564,true
419,eval_same_demo_teacher_forced,0.003381453144,0.003381453144,raw_action_units,0.990091602,0.990091602,5.473523776,"[0.9846609235, 1.0026224852, 1.0085021257, 0.9645807743]","[5.467936039, 5.5004043579, 5.5143890381, 5.4113669395]","[0.0015264164, 0.0009790336, 0.0011088615, 0.0024570862]","[0.0002655192, 0.0004088361, 0.0002707148, 0.0001989352, 9.1298e-05, 8.67034e-05, 0.0093029393]",0,0.0033814531,raw_action_units,2,96,769564,769564,true
420,train_single_demo,0.003527275442,0.003527275442,raw_action_units,0.9902177254,0.9902177254,5.474123319,"[0.9848194122, 1.0027011633, 1.0086485147, 0.9647018313]","[5.4685897827, 5.5008683205, 5.5150122643, 5.4120221138]","[0.0005280081, 0.0004776202, 0.0013960988, 0.0039020844]","[0.0003644228, 0.0003662234, 0.0005308211, 9.58846e-05, 9.77418e-05, 0.0001311394, 0.0094454372]",0,0.003527275331,raw_action_units,2,96,769564,769564,true
420,eval_same_demo_teacher_forced,0.003265544772,0.003265544772,raw_action_units,0.9902518789,0.9902518789,5.473672231,"[0.9862272143, 1.0013279915, 1.0090162754, 0.9644360542]","[5.4704146385, 5.4979834557, 5.5146479607, 5.4116420746]","[0.0014342364, 0.0009285231, 0.0010322686, 0.0024048742]","[0.0003003933, 0.0003985957, 0.0002410663, 0.0001290151, 6.38824e-05, 6.92202e-05, 0.0089476565]",0,0.003265544595,raw_action_units,2,96,769564,769564,true
421,train_single_demo,0.003479447837,0.003479447837,raw_action_units,0.9901405176,0.9901405176,5.472589652,"[0.9863238335, 1.0010666847, 1.0088123083, 0.9643592834]","[5.469669342, 5.4966387749, 5.5131058693, 5.410943985]","[0.0016608631, 0.0008921425, 0.0005225468, 0.0016402402]","[0.000333345, 0.0004387889, 0.0007122551, 0.0001323238, 0.00010701, 0.0001997874, 0.0063291271]",0,0.003479447659,raw_action_units,2,96,769564,769564,true
421,eval_same_demo_teacher_forced,0.003314464353,0.003314464353,raw_action_units,0.9897654454,0.9897654454,5.470049063,"[0.9846761823, 1.0013509989, 1.0085870028, 0.9644474387]","[5.4646058083, 5.494972229, 5.5111689568, 5.4094481468]","[0.0014820764, 0.0009448242, 0.0012868157, 0.0026678748]","[0.0003008737, 0.0003767159, 0.0002572165, 9.17949e-05, 4.84738e-05, 6.45222e-05, 0.0100281872]",0,0.00331446422,raw_action_units,2,96,769564,769564,true
422,train_single_demo,0.003338822785,0.003338822785,raw_action_units,0.9898787737,0.9898787737,5.470691204,"[0.9844432473, 1.0017598867, 1.0088570118, 0.9644549489]","[5.4647102356, 5.4959969521, 5.5122132301, 5.4098434448]","[0.0008138572, 0.0004959737, 0.0003441949, 0.0009260392]","[0.0002823231, 0.0003734158, 0.0007846632, 0.0001557295, 8.04249e-05, 0.0002101351, 0.0026284216]",0,0.003338822474,raw_action_units,2,96,769564,769564,true
422,eval_same_demo_teacher_forced,0.003334219257,0.003334219257,raw_action_units,0.9903055429,0.9903055429,5.473776182,"[0.9852564931, 1.0017858744, 1.0096172094, 0.9645625949]","[5.4687552452, 5.4982848167, 5.5163035393, 5.4117627144]","[0.0013898987, 0.0010710137, 0.0010936187, 0.0027935363]","[0.0002554347, 0.00039986, 0.0003246841, 9.93488e-05, 7.63496e-05, 0.0001201259, 0.0098333145]",0,0.00333421908,raw_action_units,2,96,769564,769564,true
423,train_single_demo,0.003388528246,0.003388528246,raw_action_units,0.9902359446,0.9902359446,5.47347339,"[0.9853330255, 1.0016417503, 1.0092997551, 0.9646692276]","[5.4685592651, 5.4979987144, 5.5155701637, 5.4117646217]","[0.0015601512, 0.0009429755, 0.0013577798, 0.0041879439]","[0.0003423783, 0.0003202593, 0.0004822259, 0.0001233933, 8.75634e-05, 7.2367e-05, 0.0126573024]",0,0.003388528136,raw_action_units,2,96,769564,769564,true
423,eval_same_demo_teacher_forced,0.003244929016,0.003244929016,raw_action_units,0.9893884063,0.9893884063,5.469532649,"[0.9853028655, 1.0004280806, 1.0073194504, 0.9645033479]","[5.4657740593, 5.4938254356, 5.5090904236, 5.4094405174]","[0.0013479119, 0.0009825003, 0.0011309226, 0.0024946195]","[0.0002365191, 0.0003682328, 0.0002983344, 0.0001602146, 6.34476e-05, 0.000177264, 0.0091189081]",0,0.003244928838,raw_action_units,2,96,769564,769564,true
424,train_single_demo,0.003222547549,0.003222547549,raw_action_units,0.9892916679,0.9892916679,5.46936512,"[0.9853050113, 1.0003929138, 1.0071672201, 0.9643016458]","[5.4659028053, 5.4937310219, 5.5086402893, 5.4091858864]","[0.0011926144, 0.0010512511, 0.0011147034, 0.001524054]","[0.0003072103, 0.000295468, 0.000408249, 8.97971e-05, 6.11997e-05, 0.0001018476, 0.0072808173]",0,0.003222547472,raw_action_units,2,96,769564,769564,true
424,eval_same_demo_teacher_forced,0.003405971763,0.003405971763,raw_action_units,0.9897311131,0.9897311131,5.4721783,"[0.9849242568, 1.0025821924, 1.0082103014, 0.9632077217]","[5.4675278664, 5.4995117188, 5.5121455193, 5.4095282555]","[0.0014586528, 0.0009888235, 0.0011513886, 0.00220715]","[0.0002303777, 0.0003864896, 0.0002679738, 0.0001585208, 7.45245e-05, 0.0001104573, 0.0089321826]",0,0.003405971719,raw_action_units,2,96,769564,769564,true
425,train_single_demo,0.00337548616,0.00337548616,raw_action_units,0.9897988637,0.9897988637,5.472857793,"[0.9849175811, 1.0027645826, 1.0084673166, 0.9630458951]","[5.4679455757, 5.5005073547, 5.5132865906, 5.4096894264]","[0.0003650389, 0.0010816155, 0.0017179195, 0.0018046475]","[0.0003118207, 0.0002740735, 0.0005083302, 0.0001416785, 6.31637e-05, 0.0001782093, 0.0072188606]",0,0.003375486072,raw_action_units,2,96,769564,769564,true
425,eval_same_demo_teacher_forced,0.003567510595,0.003567510595,raw_action_units,0.9893749555,0.9893749555,5.4729743,"[0.9846355319, 1.0025218725, 1.0079222918, 0.9624201655]","[5.4676952362, 5.5015530586, 5.5143446922, 5.4083037376]","[0.0014512202, 0.0009819122, 0.0012002417, 0.0024246392]","[0.0003382154, 0.0005018162, 0.0002538331, 9.34922e-05, 0.0001085323, 7.10919e-05, 0.009234543]",0,0.003567510418,raw_action_units,2,96,769564,769564,true
426,train_single_demo,0.003887441009,0.003887441009,raw_action_units,0.9892420173,0.9892420173,5.472850959,"[0.9847593307, 1.002220273, 1.0075429678, 0.9624454975]","[5.468132019, 5.5010509491, 5.5139503479, 5.4082694054]","[0.0024138452, 0.0011425491, 0.0017860277, 0.0026807443]","[0.0003745078, 0.0003343294, 0.0003913302, 0.000152919, 7.36503e-05, 0.0001161301, 0.0125976717]",0,0.003887440832,raw_action_units,2,96,769564,769564,true
426,eval_same_demo_teacher_forced,0.004396324356,0.004396324356,raw_action_units,0.9903102318,0.9903102318,5.473605474,"[0.9865918159, 1.0027331114, 1.0070868731, 0.964828968]","[5.4710006714, 5.4998517036, 5.5104222298, 5.4131469727]","[0.0014125094, 0.0012716305, 0.0013342517, 0.0028740149]","[0.0004900713, 0.0006301429, 0.0002585727, 0.000111865, 6.39813e-05, 0.0001039827, 0.0104030957]",0,0.004396324179,raw_action_units,2,96,769564,769564,true
427,train_single_demo,0.004877482075,0.004877482075,raw_action_units,0.9904974898,0.9904974898,5.473143737,"[0.9864525795, 1.0032216311, 1.0074874163, 0.9648282528]","[5.4698410034, 5.4998011589, 5.5102314949, 5.4127006531]","[0.0024033722, 0.0015918394, 0.001899017, 0.0048726392]","[0.0004956031, 0.0004497161, 0.0005614682, 0.0001361617, 8.82767e-05, 0.0001204154, 0.0169903766]",0,0.004877481787,raw_action_units,2,96,769564,769564,true
427,eval_same_demo_teacher_forced,0.005789476602,0.005789476602,raw_action_units,0.9887893995,0.9887893995,5.468229294,"[0.9835886955, 1.0020302534, 1.0081057549, 0.9614329338]","[5.4618153572, 5.4962730408, 5.5117053986, 5.4031214714]","[0.0015899045, 0.0015238182, 0.0018550254, 0.0034919323]","[0.0006792067, 0.0006100249, 0.0003535011, 0.0002086961, 5.13347e-05, 0.0001054459, 0.0127979815]",0,0.005789476491,raw_action_units,2,96,769564,769564,true
428,train_single_demo,0.005385404918,0.005385404918,raw_action_units,0.9886696339,0.9886696339,5.469079812,"[0.983646214, 1.0015727282, 1.0082221031, 0.9612374306]","[5.4631323814, 5.4966254234, 5.5130844116, 5.4034767151]","[0.0004767933, 0.0008781373, 0.0019273435, 0.0020709934]","[0.0005566147, 0.0008447593, 0.0004046911, 9.43267e-05, 0.000106666, 8.24832e-05, 0.0072786766]",0,0.005385404541,raw_action_units,2,96,769564,769564,true
428,eval_same_demo_teacher_forced,0.005406662667,0.005406662667,raw_action_units,0.9902066787,0.9902066787,5.476231575,"[0.9858732224, 1.0023201704, 1.0089694262, 0.9636637568]","[5.4727692604, 5.5021739006, 5.5176901817, 5.4122929573]","[0.0015671371, 0.0015350176, 0.0019550556, 0.0031150456]","[0.0006412535, 0.0005475383, 0.000790159, 0.0002379671, 9.46863e-05, 9.94395e-05, 0.0118904039]",0,0.005406662467,raw_action_units,2,96,769564,769564,true
429,train_single_demo,0.00523794163,0.00523794163,raw_action_units,0.9904248714,0.9904248714,5.475765864,"[0.9857560992, 1.0028645992, 1.0088897943, 0.9641891122]","[5.4716148376, 5.5022339821, 5.5165233612, 5.4126915932]","[0.0015038844, 0.0013514342, 0.0011805777, 0.0014680047]","[0.0006434217, 0.0015722481, 0.0004259119, 0.0002680828, 8.26805e-05, 7.97258e-05, 0.0065597561]",0,0.00523794132,raw_action_units,2,96,769564,769564,true
429,eval_same_demo_teacher_forced,0.004172331809,0.004172331809,raw_action_units,0.9898606141,0.9898606141,5.469069163,"[0.984335959, 1.0032333136, 1.0091590881, 0.9627140164]","[5.4621925354, 5.4974594116, 5.5119643211, 5.4046607018]","[0.0016104573, 0.0013180369, 0.0016548173, 0.0024625177]","[0.0004193045, 0.0005014225, 0.0005040164, 8.87627e-05, 0.0001187623, 0.0001856375, 0.0105122952]",0,0.00417233152,raw_action_units,2,96,769564,769564,true
430,train_single_demo,0.00451809944,0.00451809944,raw_action_units,0.9896088839,0.9896088839,5.468809128,"[0.9841780663, 1.0029286146, 1.0091776848, 0.9621512294]","[5.4620132446, 5.4971489906, 5.5123825073, 5.4036917686]","[0.0019113187, 0.0012087086, 0.0015581655, 0.0013629603]","[0.00075863, 0.0008361039, 0.0006346007, 0.0002997782, 0.0001261006, 0.0001276872, 0.0077891177]",0,0.004518099218,raw_action_units,2,96,769564,769564,true
430,eval_same_demo_teacher_forced,0.004201478946,0.004201478946,raw_action_units,0.9895353317,0.9895353317,5.471445084,"[0.9852932096, 1.0012785196, 1.0092900991, 0.9622793198]","[5.4675488472, 5.4964847565, 5.5144820213, 5.4072651863]","[0.0016382914, 0.0012687895, 0.0013138306, 0.0024483679]","[0.0002203659, 0.0009365799, 0.0002846777, 0.0001453124, 0.0001227887, 0.0001441918, 0.0098173218]",0,0.004201478901,raw_action_units,2,96,769564,769564,true
431,train_single_demo,0.004380341154,0.004380341154,raw_action_units,0.9896607399,0.9896607399,5.471340656,"[0.9850530624, 1.0013667345, 1.009297967, 0.9629251361]","[5.466943264, 5.496111393, 5.5139803886, 5.40832901]","[0.001933325, 0.0019493527, 0.0021036658, 0.0010159911]","[0.0007946425, 0.00032219, 0.0007641474, 0.0001359693, 0.0001829643, 0.0002238061, 0.009830364]",0,0.004380341087,raw_action_units,2,96,769564,769564,true
431,eval_same_demo_teacher_forced,0.004082010748,0.004082010748,raw_action_units,0.9895007809,0.9895007809,5.468342145,"[0.9826619029, 1.0019708872, 1.0085537434, 0.9648168087]","[5.4593811035, 5.494410038, 5.5110135078, 5.4085617065]","[0.0016020191, 0.0012049178, 0.0013147271, 0.002413711]","[0.0002933639, 0.0009373429, 0.0002752173, 0.0002204797, 0.0001077712, 0.000165888, 0.009436843]",0,0.004082010615,raw_action_units,2,96,769564,769564,true
432,train_single_demo,0.004231792564,0.004231792564,raw_action_units,0.9894024531,0.9894024531,5.467830976,"[0.9830219746, 1.0016685724, 1.0083632469, 0.9645561576]","[5.4596176147, 5.4937839508, 5.5102329254, 5.4076895714]","[0.0019154329, 0.0012039142, 0.0009545752, 0.0012560688]","[0.0005913388, 0.0004056195, 0.0009366586, 0.0001456549, 0.0002151418, 0.0002115479, 0.0068215211]",0,0.004231792387,raw_action_units,2,96,769564,769564,true
432,eval_same_demo_teacher_forced,0.003336278256,0.003336278256,raw_action_units,0.9892198642,0.9892198642,5.469136556,"[0.984649837, 1.001734376, 1.0078030825, 0.9626920819]","[5.4648222923, 5.4958405495, 5.5102562904, 5.4056258202]","[0.0014284471, 0.001076776, 0.0012073087, 0.0022522339]","[0.0004032695, 0.000497825, 0.0003129391, 0.0001573456, 8.38468e-05, 0.0002376091, 0.0087455036]",0,0.003336278101,raw_action_units,2,96,769564,769564,true
433,train_single_demo,0.003582413308,0.003582413308,raw_action_units,0.9892837008,0.9892837008,5.469664574,"[0.9843203425, 1.0022249222, 1.007973671, 0.9626156688]","[5.4647278786, 5.4969658852, 5.5110011101, 5.4059624672]","[0.0009173754, 0.000657887, 0.0007939483, 0.0009045112]","[0.0004375463, 0.000413073, 0.0009628472, 0.0002076096, 0.0001400107, 0.0001033615, 0.0034645647]",0,0.003582413087,raw_action_units,2,96,769564,769564,true
433,eval_same_demo_teacher_forced,0.003317905279,0.003317905279,raw_action_units,0.9890093605,0.9890093605,5.468371232,"[0.9818585515, 1.0019333363, 1.0087895393, 0.9634559751]","[5.4590644836, 5.4949383736, 5.5121188164, 5.4073624611]","[0.0014916494, 0.0011615989, 0.0011746044, 0.002486978]","[0.0004914271, 0.000509798, 0.0004045457, 0.0001310439, 0.0001603797, 0.0003550201, 0.0089987386]",0,0.003317905146,raw_action_units,2,96,769564,769564,true
434,train_single_demo,0.003452748526,0.003452748526,raw_action_units,0.9888458053,0.9888458053,5.467879295,"[0.9819006324, 1.0009003878, 1.0088142157, 0.963768065]","[5.4587950706, 5.4930472374, 5.5119166374, 5.4077587128]","[0.0022452658, 0.0014051952, 0.001169632, 0.0007223145]","[0.0003230989, 0.0003024757, 0.0008498619, 0.00015904, 9.11633e-05, 9.61712e-05, 0.007877402]",0,0.003452748415,raw_action_units,2,96,769564,769564,true
434,eval_same_demo_teacher_forced,0.003592409349,0.003592409349,raw_action_units,0.9890653292,0.9890653292,5.469219208,"[0.9834949374, 0.9994668961, 1.0082762241, 0.9650235176]","[5.4625792503, 5.4921774864, 5.5109000206, 5.4112224579]","[0.0017457218, 0.00141891, 0.0010494721, 0.0023252047]","[0.0003058747, 0.0003862389, 0.0006636509, 0.0001836343, 9.77656e-05, 0.000108914, 0.0096977102]",0,0.003592409194,raw_action_units,2,96,769564,769564,true
435,train_single_demo,0.00345303126,0.00345303126,raw_action_units,0.9892984033,0.9892984033,5.470023155,"[0.9838812947, 1.0002897978, 1.0082188845, 0.9648034573]","[5.4639897346, 5.4939837456, 5.5111136436, 5.4110050201]","[0.0014031628, 0.0013681588, 0.0005286661, 0.0005297525]","[0.0002527979, 0.0002653619, 0.0003311353, 9.59164e-05, 8.51289e-05, 0.0001120608, 0.0055596442]",0,0.003453031182,raw_action_units,2,96,769564,769564,true
435,eval_same_demo_teacher_forced,0.003813805835,0.003813805835,raw_action_units,0.9899939299,0.9899939299,5.471922239,"[0.983487606, 1.0043113232, 1.0087045431, 0.9634723067]","[5.4645195007, 5.5015044212, 5.5131397247, 5.4085259438]","[0.0015280001, 0.0014274606, 0.0010878927, 0.0026077954]","[0.0003615563, 0.0005058298, 0.0011207917, 0.0002664899, 9.60904e-05, 9.02181e-05, 0.0091985343]",0,0.003813805679,raw_action_units,2,96,769564,769564,true
436,train_single_demo,0.003655671452,0.003655671452,raw_action_units,0.9896740516,0.9896740516,5.47097079,"[0.9831454754, 1.003444314, 1.0087269545, 0.9633795619]","[5.4632239342, 5.4996094704, 5.5128936768, 5.4081554413]","[0.0017920281, 0.0011317342, 0.0004845573, 0.0010108916]","[0.0002691453, 0.000372066, 0.000398272, 9.65134e-05, 7.8967e-05, 6.67297e-05, 0.0064519253]",0,0.003655671364,raw_action_units,2,96,769564,769564,true
436,eval_same_demo_teacher_forced,0.003554274949,0.003554274949,raw_action_units,0.9885671933,0.9885671933,5.468567212,"[0.9836514592, 0.9986627102, 1.0085282326, 0.9634264112]","[5.4629974365, 5.4907631874, 5.5121822357, 5.4083237648]","[0.0015470128, 0.0010510323, 0.0010305109, 0.0025278002]","[0.0003187639, 0.0007318928, 0.0005717488, 0.0001773527, 9.77312e-05, 6.89676e-05, 0.0088071665]",0,0.003554274816,raw_action_units,2,96,769564,769564,true
437,train_single_demo,0.003415428645,0.003415428645,raw_action_units,0.9886832635,0.9886832635,5.468626976,"[0.9840291142, 0.9986255765, 1.0083245039, 0.9637538791]","[5.4637107849, 5.4904403687, 5.5115337372, 5.4088225365]","[0.0009042707, 0.0008455512, 0.0005247037, 0.0006513899]","[0.0002718912, 0.0003734108, 0.0004970877, 0.0001789074, 0.0001133433, 7.25723e-05, 0.0036131397]",0,0.003415428368,raw_action_units,2,96,769564,769564,true
437,eval_same_demo_teacher_forced,0.00356257086,0.00356257086,raw_action_units,0.9896761576,0.9896761576,5.469052633,"[0.9846531749, 1.0011000633, 1.008035779, 0.9649155736]","[5.4642281532, 5.4929275513, 5.509262085, 5.4097914696]","[0.0015147076, 0.001117734, 0.0010713013, 0.0032554083]","[0.0003816659, 0.0007123323, 0.0005138445, 8.9751e-05, 9.64579e-05, 7.35551e-05, 0.0103109078]",0,0.003562570683,raw_action_units,2,96,769564,769564,true
438,train_single_demo,0.003449817343,0.003449817343,raw_action_units,0.9896880388,0.9896880388,5.469017665,"[0.9844188094, 1.0014723539, 1.0079157352, 0.9649454951]","[5.4637031555, 5.4936451912, 5.5090241432, 5.4096980095]","[0.0009358942, 0.0007545715, 0.0007643572, 0.0027925859]","[0.0003197794, 0.0003973439, 0.0007199401, 0.0001534753, 0.000129404, 8.62507e-05, 0.0073767714]",0,0.003449817232,raw_action_units,2,96,769564,769564,true
438,eval_same_demo_teacher_forced,0.003603854217,0.003603854217,raw_action_units,0.9885079463,0.9885079463,5.467155298,"[0.9828862548, 0.9995748401, 1.0078810453, 0.9636895061]","[5.4601330757, 5.4914717674, 5.5093550682, 5.4076600075]","[0.0014931991, 0.0010270799, 0.0012685768, 0.0027151899]","[0.0004651768, 0.000732935, 0.0004048038, 0.0001231632, 0.0001257399, 8.96129e-05, 0.0094406484]",0,0.003603853995,raw_action_units,2,96,769564,769564,true
439,train_single_demo,0.003525125328,0.003525125328,raw_action_units,0.988388737,0.988388737,5.467063745,"[0.9829130769, 0.9990790486, 1.0080987215, 0.9634640217]","[5.4602255821, 5.4906287193, 5.5098876953, 5.407515049]","[0.0009134067, 0.0002976327, 0.0014850055, 0.0036334302]","[0.0003089927, 0.0005707794, 0.0004867023, 8.78365e-05, 8.67949e-05, 8.35779e-05, 0.0094518969]",0,0.003525125306,raw_action_units,2,96,769564,769564,true
439,eval_same_demo_teacher_forced,0.003300870458,0.003300870458,raw_action_units,0.9887358546,0.9887358546,5.469033718,"[0.9835621715, 0.9988734722, 1.0087841749, 0.9637236595]","[5.4631729126, 5.4906249046, 5.512280941, 5.4100570679]","[0.0013427377, 0.0009935944, 0.0012100342, 0.0022565231]","[0.0003387744, 0.0003716465, 0.0002360642, 0.0001429193, 7.54945e-05, 0.0001265066, 0.0088636512]",0,0.003300870281,raw_action_units,2,96,769564,769564,true
440,train_single_demo,0.003325562924,0.003325562924,raw_action_units,0.98878781,0.98878781,5.469463507,"[0.9836997986, 0.9992341995, 1.0084279776, 0.9637892842]","[5.4639091492, 5.4915719032, 5.5120816231, 5.4102892876]","[0.0014654797, 0.0007667692, 0.0016625025, 0.0036652836]","[0.0004089605, 0.0007115666, 0.0004515291, 0.0001178867, 0.0001224822, 7.90085e-05, 0.0113386279]",0,0.003325562658,raw_action_units,2,96,769564,769564,true
440,eval_same_demo_teacher_forced,0.002961212614,0.002961212614,raw_action_units,0.9884879986,0.9884879986,5.469350815,"[0.9838083386, 1.0000423193, 1.0070118904, 0.9630894661]","[5.464838028, 5.4940338135, 5.5105948448, 5.4079360962]","[0.0012689318, 0.0009336961, 0.00102603, 0.0022750257]","[0.000216168, 0.0003635874, 0.000249404, 0.0001334285, 4.77607e-05, 0.0001255948, 0.0084955022]",0,0.002961212503,raw_action_units,2,96,769564,769564,true
441,train_single_demo,0.003211907732,0.003211907732,raw_action_units,0.9883239468,0.9883239468,5.469173114,"[0.9837810397, 0.9998750091, 1.0069203377, 0.9627193809]","[5.4648399353, 5.4940395355, 5.510597229, 5.4072155952]","[0.0010127989, 0.0004537311, 0.0009231109, 0.0025647767]","[0.0003940046, 0.0005265111, 0.00031837, 0.0001728903, 7.80532e-05, 0.0002521681, 0.0069282339]",0,0.003211907599,raw_action_units,2,96,769564,769564,true
441,eval_same_demo_teacher_forced,0.003218576623,0.003218576623,raw_action_units,0.9888429244,0.9888429244,5.469716549,"[0.984578371, 1.0011879206, 1.0079203844, 0.9616848826]","[5.4657611847, 5.4959044456, 5.5114502907, 5.4057502747]","[0.0012818152, 0.0009376763, 0.0010459087, 0.0025868902]","[0.000279186, 0.0004085242, 0.0002092023, 9.79156e-05, 6.84964e-05, 7.53204e-05, 0.0091028614]",0,0.003218576401,raw_action_units,2,96,769564,769564,true
442,train_single_demo,0.003324161439,0.003324161439,raw_action_units,0.9889098207,0.9889098207,5.469474316,"[0.9842858911, 1.0014499426, 1.0080327988, 0.9618706703]","[5.4647941589, 5.4958076477, 5.5112738609, 5.4060211182]","[0.0012728685, 0.0010185583, 0.0016877068, 0.0021953753]","[0.0002684341, 0.0003889768, 0.0003913638, 0.000106533, 8.3561e-05, 0.0001628471, 0.0094036739]",0,0.003324161328,raw_action_units,2,96,769564,769564,true
442,eval_same_demo_teacher_forced,0.003139979206,0.003139979206,raw_action_units,0.9886829456,0.9886829456,5.467694759,"[0.9829969406, 1.0011078119, 1.0074436665, 0.963183403]","[5.4606480598, 5.4935913086, 5.5091004372, 5.4074378014]","[0.0012439969, 0.0009838471, 0.0010306033, 0.0023475618]","[0.0002279582, 0.0004052196, 0.0002223206, 0.0001575723, 8.57209e-05, 0.0001454776, 0.0085662464]",0,0.003139979073,raw_action_units,2,96,769564,769564,true
443,train_single_demo,0.003145448631,0.003145448631,raw_action_units,0.9886275331,0.9886275331,5.46811231,"[0.9830816388, 1.0007553101, 1.0074106455, 0.963262558]","[5.4613547325, 5.4936423302, 5.5096144676, 5.4078388214]","[0.001816738, 0.0008060891, 0.0007196763, 0.0006921159]","[0.0003299021, 0.0002616632, 0.0003435796, 0.0001120537, 8.23121e-05, 6.55546e-05, 0.005865518]",0,0.003145448509,raw_action_units,2,96,769564,769564,true
443,eval_same_demo_teacher_forced,0.003223161058,0.003223161058,raw_action_units,0.9884938002,0.9884938002,5.470707575,"[0.9848219752, 0.9989644885, 1.0076140165, 0.9625746608]","[5.4681663513, 5.4938011169, 5.5130081177, 5.407854557]","[0.0012391376, 0.0010742286, 0.0009871348, 0.0023544405]","[0.0002806831, 0.000584683, 0.00026905, 7.2486e-05, 0.0001160697, 0.0001691874, 0.0084039876]",0,0.003223160814,raw_action_units,2,96,769564,769564,true
444,train_single_demo,0.003308289684,0.003308289684,raw_action_units,0.9886709452,0.9886709452,5.471030394,"[0.9849045873, 0.9993920326, 1.0077662468, 0.962620914]","[5.4684348106, 5.4945015907, 5.5132007599, 5.4079833031]","[0.0014499492, 0.0009441501, 0.0010739005, 0.0027971559]","[0.0003102983, 0.0002835763, 0.0004772464, 0.0001337335, 9.98427e-05, 8.13641e-05, 0.0095779607]",0,0.00330828964,raw_action_units,2,96,769564,769564,true
444,eval_same_demo_teacher_forced,0.002940660498,0.002940660498,raw_action_units,0.9885341922,0.9885341922,5.468932788,"[0.9832550883, 1.0001600981, 1.007895112, 0.9628264308]","[5.4631614685, 5.4936690331, 5.5113487244, 5.4075522423]","[0.0012899846, 0.0009504653, 0.0009428685, 0.0022394068]","[0.0002594169, 0.0004306264, 0.0002610477, 8.78042e-05, 7.37867e-05, 8.35552e-05, 0.0082935309]",0,0.002940660431,raw_action_units,2,96,769564,769564,true
445,train_single_demo,0.002990463904,0.002990463904,raw_action_units,0.9884060224,0.9884060224,5.468342622,"[0.9829986095, 0.9999634624, 1.007781744, 0.9628803134]","[5.4621434212, 5.4929642677, 5.5107536316, 5.4075088501]","[0.0010476378, 0.0007091868, 0.0012213479, 0.0032568369]","[0.0003090853, 0.0003172878, 0.0004580808, 0.0001206201, 0.0001549962, 0.0001134887, 0.0094377063]",0,0.00299046366,raw_action_units,2,96,769564,769564,true
445,eval_same_demo_teacher_forced,0.003151653179,0.003151653179,raw_action_units,0.9881212711,0.9881212711,5.468135675,"[0.9820738435, 0.9997177124, 1.0073068142, 0.9633867145]","[5.4600906372, 5.4931464195, 5.5099701881, 5.4093356133]","[0.0014602133, 0.0010381636, 0.001088289, 0.0024987184]","[0.0002508536, 0.0004589336, 0.0004462836, 8.90122e-05, 8.93218e-05, 7.38955e-05, 0.0092411209]",0,0.003151653068,raw_action_units,2,96,769564,769564,true
446,train_single_demo,0.003081133434,0.003081133434,raw_action_units,0.9882830779,0.9882830779,5.468956312,"[0.9820814133, 1.0000978708, 1.0072786808, 0.9636743069]","[5.4606890678, 5.49436903, 5.5104680061, 5.4102978706]","[0.0006794816, 0.0006275616, 0.0010103281, 0.0019490676]","[0.0002349389, 0.0003775907, 0.0003889453, 0.0001078107, 9.65989e-05, 8.71889e-05, 0.0061731949]",0,0.003081133323,raw_action_units,2,96,769564,769564,true
446,eval_same_demo_teacher_forced,0.003458157492,0.003458157492,raw_action_units,0.9892916679,0.9892916679,5.472910245,"[0.9833108783, 1.002035737, 1.0069469213, 0.9648731351]","[5.4657559395, 5.4998450279, 5.5119743347, 5.4140658379]","[0.0013380469, 0.0011670393, 0.0011078118, 0.002629122]","[0.0002914319, 0.0004196923, 0.0003399681, 0.0001719614, 0.0001135901, 0.0001263436, 0.009460547]",0,0.003458157359,raw_action_units,2,96,769564,769564,true
447,train_single_demo,0.003272351886,0.003272351886,raw_action_units,0.9892525276,0.9892525276,5.472683112,"[0.9834445119, 1.0017794371, 1.0066939592, 0.9650922418]","[5.4658679962, 5.4992175102, 5.5114440918, 5.4142036438]","[0.0016415935, 0.0004718679, 0.0005317179, 0.002211855]","[0.0002013335, 0.0002956125, 0.0003448354, 9.60191e-05, 7.62931e-05, 9.57252e-05, 0.0073899911]",0,0.003272351764,raw_action_units,2,96,769564,769564,true
447,eval_same_demo_teacher_forced,0.00360827179,0.00360827179,raw_action_units,0.987992088,0.987992088,5.46936512,"[0.9835563302, 0.9984484315, 1.004914999, 0.965048492]","[5.4651017189, 5.4922394753, 5.5075125694, 5.4126067162]","[0.0013302072, 0.0011215461, 0.0010594708, 0.0027962176]","[0.0003146286, 0.0003437147, 0.0002696509, 0.0001977076, 8.82883e-05, 0.0001203865, 0.0097036446]",0,0.003608271657,raw_action_units,2,96,769564,769564,true
448,train_single_demo,0.003437758191,0.003437758191,raw_action_units,0.9879693786,0.9879693786,5.469174385,"[0.9836315513, 0.9983933568, 1.0052531958, 0.9645993114]","[5.4651284218, 5.49187994, 5.5080451965, 5.4116425514]","[0.0005523634, 0.0003896425, 0.0003643179, 0.0008346092]","[0.0002951618, 0.0002846371, 0.0004226579, 9.00675e-05, 0.0001210901, 9.33862e-05, 0.0024396318]",0,0.003437758113,raw_action_units,2,96,769564,769564,true
448,eval_same_demo_teacher_forced,0.003333476838,0.003333476838,raw_action_units,0.9884149035,0.9884149035,5.470249494,"[0.984321177, 0.9990728498, 1.0073355436, 0.9629301429]","[5.4670948982, 5.4928646088, 5.5120072365, 5.4090294838]","[0.0015387312, 0.0010618282, 0.0011769477, 0.0024254257]","[0.0002575525, 0.000367097, 0.0004440839, 0.0001503802, 9.81188e-05, 0.0001886014, 0.0093492987]",0,0.003333476683,raw_action_units,2,96,769564,769564,true
449,train_single_demo,0.00331268087,0.00331268087,raw_action_units,0.9885535836,0.9885535836,5.470386187,"[0.9842860103, 0.9992811084, 1.0073769093, 0.9632701278]","[5.4668517113, 5.4932117462, 5.5118408203, 5.4096398354]","[0.0020007275, 0.0009832614, 0.0013898, 0.0036536548]","[0.0002889532, 0.0003391959, 0.0005083555, 0.0001434695, 0.0001071691, 0.0001321793, 0.0125287035]",0,0.003312680693,raw_action_units,2,96,769564,769564,true
449,eval_same_demo_teacher_forced,0.003209065801,0.003209065801,raw_action_units,0.9885944128,0.9885944128,5.469215711,"[0.9822480083, 0.999933064, 1.0068261623, 0.965370357]","[5.4608416557, 5.4939284325, 5.5095124245, 5.4125790596]","[0.0014958881, 0.0010442291, 0.0011590504, 0.0024355429]","[0.0002821448, 0.0003838775, 0.0004790118, 9.04235e-05, 7.95545e-05, 7.05013e-05, 0.00935023]",0,0.003209065646,raw_action_units,2,96,769564,769564,true
450,train_single_demo,0.003408397858,0.003408397858,raw_action_units,0.9885407289,0.9885407289,5.468847911,"[0.9818678498, 1.0000649691, 1.0068231821, 0.9654065967]","[5.4596838951, 5.4939284325, 5.5093193054, 5.412460804]","[0.0017529074, 0.0009076077, 0.001282297, 0.0023736292]","[0.0002266466, 0.0003311124, 0.0006334351, 9.65457e-05, 0.0001291709, 9.49203e-05, 0.009541939]",0,0.003408397592,raw_action_units,2,96,769564,769564,true
450,eval_same_demo_teacher_forced,0.003064162253,0.003064162253,raw_action_units,0.9886872172,0.9886872172,5.46948115,"[0.9827300906, 1.0002754927, 1.0078514814, 0.9638919234]","[5.4620437622, 5.4942378998, 5.5116691589, 5.4099736214]","[0.0012889748, 0.0010085007, 0.0010061759, 0.0022896088]","[0.0002542706, 0.0003568794, 0.0002527385, 0.0001254903, 5.77097e-05, 0.0001119697, 0.008629146]",0,0.003064162054,raw_action_units,2,96,769564,769564,true
451,train_single_demo,0.003214773644,0.003214773644,raw_action_units,0.9885819356,0.9885819356,5.469804764,"[0.9830357432, 0.9998064637, 1.0079830885, 0.9635025859]","[5.4633903503, 5.4938464165, 5.5124053955, 5.4095768929]","[0.0012206024, 0.0003345477, 0.000706773, 0.0008458071]","[0.0003135351, 0.0003991609, 0.0006716173, 8.69103e-05, 0.0001170169, 0.0001051867, 0.0037451007]",0,0.003214773412,raw_action_units,2,96,769564,769564,true
451,eval_same_demo_teacher_forced,0.002919277331,0.002919277331,raw_action_units,0.988158683,0.988158683,5.470177333,"[0.9833006859, 0.9987654686, 1.0075910091, 0.9629774094]","[5.4653792381, 5.4934821129, 5.5126433372, 5.4092049599]","[0.0012091373, 0.0009808822, 0.000956814, 0.0022493079]","[0.0002265536, 0.0003660456, 0.0002106408, 0.0001458619, 7.50778e-05, 6.4718e-05, 0.0083543491]",0,0.002919277265,raw_action_units,2,96,769564,769564,true
452,train_single_demo,0.003156134005,0.003156134005,raw_action_units,0.9881102244,0.9881102244,5.469855467,"[0.9829754233, 0.9990415573, 1.0073355436, 0.9630883336]","[5.4644312859, 5.4938850403, 5.511993885, 5.4091124535]","[0.0009894384, 0.000984057, 0.0009775738, 0.0013725843]","[0.000349362, 0.0003509562, 0.0005384664, 0.0002408526, 9.63354e-05, 0.000145201, 0.0058452194]",0,0.003156133794,raw_action_units,2,96,769564,769564,true
452,eval_same_demo_teacher_forced,0.003040856682,0.003040856682,raw_action_units,0.9888400833,0.9888400833,5.470060666,"[0.9827210307, 1.0011209249, 1.0078836679, 0.963634789]","[5.4624042511, 5.4967002869, 5.5120353699, 5.4091033936]","[0.0011795784, 0.0010642016, 0.0009860394, 0.0025222043]","[0.0003117234, 0.0003595079, 0.0002825313, 0.0001190686, 9.94324e-05, 0.0001080828, 0.0087856939]",0,0.003040856549,raw_action_units,2,96,769564,769564,true
453,train_single_demo,0.003149192858,0.003149192858,raw_action_units,0.988950491,0.988950491,5.470439275,"[0.9831411242, 1.0009340048, 1.0079861879, 0.9637406468]","[5.4634451866, 5.4964790344, 5.5122628212, 5.4095702171]","[0.0018095098, 0.0012529026, 0.0005635965, 0.0008490584]","[0.0002715686, 0.0002547697, 0.0004500277, 0.00017695, 0.0001113192, 6.1739e-05, 0.0065049925]",0,0.003149192692,raw_action_units,2,96,769564,769564,true
453,eval_same_demo_teacher_forced,0.002955570351,0.002955570351,raw_action_units,0.9891728957,0.9891728957,5.471381505,"[0.9837350845, 0.9999837875, 1.008436799, 0.964535892]","[5.4649329185, 5.495036602, 5.5134124756, 5.4121451378]","[0.0011680645, 0.0009708584, 0.0009785834, 0.0025337925]","[0.0002338791, 0.0003780901, 0.0002333414, 0.0001082448, 0.0001402039, 8.75572e-05, 0.0087084556]",0,0.002955570107,raw_action_units,2,96,769564,769564,true
454,train_single_demo,0.002963429006,0.002963429006,raw_action_units,0.9891149998,0.9891149998,5.471054236,"[0.9833700061, 0.9998785853, 1.0084844828, 0.9647271037]","[5.4639205933, 5.4946274757, 5.5133743286, 5.4122943878]","[0.0003779914, 0.0005337743, 0.0005531217, 0.0007444986]","[0.0003067531, 0.0002498683, 0.0004168299, 0.0001175706, 0.0001215783, 5.31886e-05, 0.0026006363]",0,0.002963428829,raw_action_units,2,96,769564,769564,true
454,eval_same_demo_teacher_forced,0.003129794107,0.003129794107,raw_action_units,0.9888166984,0.9888166984,5.47005113,"[0.9818279147, 0.9996261597, 1.0090909004, 0.9647219777]","[5.4601402283, 5.4934296608, 5.5147385597, 5.4118943214]","[0.0012849764, 0.0009967821, 0.0009979992, 0.002452611]","[0.0002588514, 0.0003608062, 0.0003296161, 0.0001115171, 6.94614e-05, 7.68987e-05, 0.0088244947]",0,0.003129793952,raw_action_units,2,96,769564,769564,true
455,train_single_demo,0.003074646307,0.003074646307,raw_action_units,0.9888878266,0.9888878266,5.470532576,"[0.982144773, 0.9997431636, 1.0092402697, 0.9644230008]","[5.4611754417, 5.4939932823, 5.5153312683, 5.4116306305]","[0.0012277084, 0.0004100607, 0.000340146, 0.0004471511]","[0.0002142193, 0.0003407092, 0.0003782583, 9.17055e-05, 0.0001404185, 4.93533e-05, 0.0030292012]",0,0.003074646173,raw_action_units,2,96,769564,769564,true
455,eval_same_demo_teacher_forced,0.00325063616,0.00325063616,raw_action_units,0.9890581369,0.9890581369,5.472029845,"[0.9833415151, 1.0002881289, 1.0091274977, 0.9634754062]","[5.4650263786, 5.4963946342, 5.515712738, 5.4109859467]","[0.0012514631, 0.0010750518, 0.000986938, 0.0022495231]","[0.0002406178, 0.0003653452, 0.0002624557, 9.28368e-05, 8.43136e-05, 6.63051e-05, 0.0086233336]",0,0.003250635894,raw_action_units,2,96,769564,769564,true
456,train_single_demo,0.003278635132,0.003278635132,raw_action_units,0.9888612429,0.9888612429,5.47146829,"[0.9830474257, 1.0002239943, 1.0088170767, 0.9633565545]","[5.4642395973, 5.4961667061, 5.5149598122, 5.4105072021]","[0.0019426426, 0.001211824, 0.0005237554, 0.0011440857]","[0.0002258569, 0.0002766608, 0.000291588, 7.87359e-05, 9.06013e-05, 7.29597e-05, 0.0074026356]",0,0.00327863491,raw_action_units,2,96,769564,769564,true
456,eval_same_demo_teacher_forced,0.003072738958,0.003072738958,raw_action_units,0.9888176322,0.9888176322,5.471359412,"[0.98220855, 1.0013759136, 1.0088528395, 0.9628334045]","[5.4624819756, 5.4982075691, 5.5160002708, 5.4087471962]","[0.0012342561, 0.0010510872, 0.0009961182, 0.0022765975]","[0.0002590289, 0.000372864, 0.0002850461, 8.97657e-05, 0.0001345935, 8.77889e-05, 0.0084975166]",0,0.003072738825,raw_action_units,2,96,769564,769564,true
457,train_single_demo,0.00295723998,0.00295723998,raw_action_units,0.9889166752,0.9889166752,5.472064018,"[0.982450664, 1.0014525652, 1.0089733601, 0.9627900124]","[5.4634914398, 5.4988555908, 5.5167388916, 5.4091706276]","[0.0003079069, 0.000303259, 0.0002613503, 0.0007828648]","[0.0002283312, 0.0003321885, 0.0003489845, 7.6228e-05, 0.0001342012, 6.54104e-05, 0.0017115731]",0,0.002957239836,raw_action_units,2,96,769564,769564,true
457,eval_same_demo_teacher_forced,0.00322137773,0.00322137773,raw_action_units,0.9893012444,0.9893012444,5.474045118,"[0.9834060073, 1.0011299849, 1.0090579987, 0.9636108279]","[5.4665179253, 5.4995417595, 5.5179648399, 5.4121546745]","[0.0012245756, 0.0010409338, 0.001038737, 0.002976428]","[0.0002351836, 0.0003906293, 0.0003780733, 8.97073e-05, 9.29861e-05, 6.04916e-05, 0.0097441087]",0,0.00322137773,raw_action_units,2,96,769564,769564,true
458,train_single_demo,0.003190922085,0.003190922085,raw_action_units,0.9891785979,0.9891785979,5.473265966,"[0.9831194878, 1.000895977, 1.0088933706, 0.9638054967]","[5.4653759003, 5.4985556602, 5.5170669556, 5.4120659828]","[0.0008355883, 0.0009118624, 0.0012110755, 0.0019952953]","[0.000307739, 0.0002874952, 0.0004240121, 6.64094e-05, 0.0001070113, 7.08324e-05, 0.0074056871]",0,0.003190921974,raw_action_units,2,96,769564,769564,true
458,eval_same_demo_teacher_forced,0.002925168412,0.002925168412,raw_action_units,0.9891192516,0.9891192516,5.469921112,"[0.982319057, 1.0012727976, 1.0086737871, 0.9642115235]","[5.4603981972, 5.4959273338, 5.5130047798, 5.4103512764]","[0.0011593407, 0.0009937637, 0.0008821993, 0.0023913237]","[0.0002222151, 0.0003968514, 0.0002193882, 7.99864e-05, 6.51703e-05, 8.50472e-05, 0.0084279394]",0,0.002925168279,raw_action_units,2,96,769564,769564,true
459,train_single_demo,0.0028921864,0.0028921864,raw_action_units,0.989073197,0.989073197,5.469977061,"[0.9825991988, 1.0011769533, 1.0086275339, 0.9638890624]","[5.4611182213, 5.4959568977, 5.5129065514, 5.409924984]","[0.0004051934, 0.0005398615, 0.0009575768, 0.0013492135]","[0.0002957069, 0.0002270811, 0.0004442193, 5.81201e-05, 9.29963e-05, 6.31772e-05, 0.0045094281]",0,0.002892186244,raw_action_units,2,96,769564,769564,true
459,eval_same_demo_teacher_forced,0.00295067889,0.00295067889,raw_action_units,0.9887147347,0.9887147347,5.471858978,"[0.9832473397, 1.0005799532, 1.0090757608, 0.9619559646]","[5.4650893211, 5.4976463318, 5.5160756111, 5.4086241722]","[0.0013419082, 0.0010705712, 0.0010631356, 0.0021351939]","[0.0003119392, 0.0005349247, 0.0003163026, 8.80246e-05, 4.55534e-05, 5.70962e-05, 0.0084650749]",0,0.002950678801,raw_action_units,2,96,769564,769564,true
460,train_single_demo,0.003031603837,0.003031603837,raw_action_units,0.9885344307,0.9885344307,5.471934001,"[0.9828923345, 1.0003883839, 1.0090245008, 0.9618322253]","[5.464826107, 5.4976668358, 5.5166459084, 5.4085960388]","[0.0020358649, 0.0011407587, 0.0009203675, 0.0014810647]","[0.0002236622, 0.0003364444, 0.0006108475, 7.05145e-05, 8.54155e-05, 9.5885e-05, 0.0083388286]",0,0.003031603637,raw_action_units,2,96,769564,769564,true
460,eval_same_demo_teacher_forced,0.002803201166,0.002803201166,raw_action_units,0.9881828427,0.9881828427,5.472268105,"[0.9818708301, 0.9997768402, 1.008643508, 0.9624401927]","[5.4640307426, 5.4973549843, 5.51734972, 5.4103360176]","[0.0012806323, 0.0010188051, 0.0010124095, 0.0020755508]","[0.0002350469, 0.0003413297, 0.000247013, 8.68305e-05, 6.74326e-05, 5.89814e-05, 0.0083913105]",0,0.002803200945,raw_action_units,2,96,769564,769564,true
461,train_single_demo,0.002812217106,0.002812217106,raw_action_units,0.9882035653,0.9882035653,5.472151438,"[0.9818637371, 0.9997180104, 1.0085644722, 0.9626681209]","[5.4639053345, 5.4970645905, 5.5170731544, 5.4105620384]","[0.0006619864, 0.000569248, 0.0005318918, 0.0002917495]","[0.0002220702, 0.0003774449, 0.0003851908, 7.41394e-05, 6.10749e-05, 6.82166e-05, 0.0024078954]",0,0.002812216945,raw_action_units,2,96,769564,769564,true
461,eval_same_demo_teacher_forced,0.002799551546,0.002799551546,raw_action_units,0.9880995353,0.9880995353,5.471619447,"[0.9830191731, 0.9992362857, 1.0085208416, 0.9616217613]","[5.4659614563, 5.4958815575, 5.5167708397, 5.4078631401]","[0.0011489639, 0.0009142504, 0.000861488, 0.0023693456]","[0.0002272469, 0.0003400973, 0.0002453044, 8.77307e-05, 4.72235e-05, 0.0001049162, 0.0082120653]",0,0.002799551402,raw_action_units,2,96,769564,769564,true
462,train_single_demo,0.002832603951,0.002832603951,raw_action_units,0.988030076,0.988030076,5.471377055,"[0.9830562472, 0.9992179871, 1.0083943605, 0.9614518285]","[5.4659762383, 5.4957308769, 5.516418457, 5.4073834419]","[0.0010841028, 0.0008556985, 0.000314061, 0.0003598919]","[0.0002861409, 0.0003055392, 0.0004361142, 0.0001251498, 9.82987e-05, 5.62766e-05, 0.0032665504]",0,0.002832603774,raw_action_units,2,96,769564,769564,true
462,eval_same_demo_teacher_forced,0.002799406648,0.002799406648,raw_action_units,0.9880786737,0.9880786737,5.471575419,"[0.9823048711, 0.9999728799, 1.0080441236, 0.9619927406]","[5.4647994041, 5.4969038963, 5.5159010887, 5.4086976051]","[0.0011585144, 0.000960528, 0.0008807638, 0.0024326155]","[0.0002286138, 0.0003726819, 0.0004003961, 8.91095e-05, 5.26695e-05, 9.55858e-05, 0.0082676811]",0,0.00279940647,raw_action_units,2,96,769564,769564,true
463,train_single_demo,0.002885871101,0.002885871101,raw_action_units,0.9881986777,0.9881986777,5.471753915,"[0.9819903374, 1.0002257824, 1.0081790686, 0.9623995423]","[5.464056015, 5.4972510338, 5.5160827637, 5.4096245766]","[0.0016975779, 0.0006982181, 0.0009478416, 0.0023635349]","[0.0002369226, 0.0002759452, 0.0003950383, 8.3601e-05, 5.57233e-05, 0.0001497668, 0.0087905545]",0,0.00288587099,raw_action_units,2,96,769564,769564,true
463,eval_same_demo_teacher_forced,0.002818853594,0.002818853594,raw_action_units,0.9876698454,0.9876698454,5.470445156,"[0.9814622402, 0.9987770915, 1.0074875355, 0.9629528522]","[5.4623475075, 5.4945049286, 5.5140681267, 5.4108600616]","[0.0011520043, 0.0009245607, 0.0009330958, 0.0022988506]","[0.0002151751, 0.0003227443, 0.0003803569, 7.90327e-05, 4.41903e-05, 6.25018e-05, 0.0081858933]",0,0.002818853373,raw_action_units,2,96,769564,769564,true
464,train_single_demo,0.002889584129,0.002889584129,raw_action_units,0.987555325,0.987555325,5.470425924,"[0.9816480279, 0.9985960126, 1.0073480606, 0.9626291394]","[5.4629211426, 5.4944872856, 5.5138401985, 5.4104552269]","[0.000381131, 0.000309723, 0.0010173941, 0.0024110985]","[0.0003037259, 0.0002875601, 0.000533008, 8.11192e-05, 5.84275e-05, 0.0001215426, 0.0058234739]",0,0.00288958404,raw_action_units,2,96,769564,769564,true
464,eval_same_demo_teacher_forced,0.002944453775,0.002944453775,raw_action_units,0.9876961907,0.9876961907,5.472575665,"[0.9822350144, 0.9996158481, 1.0070995092, 0.9618342519]","[5.4661827087, 5.4986109734, 5.5150933266, 5.4104142189]","[0.0013213619, 0.0009425063, 0.0011009912, 0.0021511212]","[0.0002212911, 0.0003303054, 0.0002897134, 9.32024e-05, 8.29294e-05, 0.0001227464, 0.0085127773]",0,0.002944453664,raw_action_units,2,96,769564,769564,true
465,train_single_demo,0.002934868215,0.002934868215,raw_action_units,0.9878310362,0.9878310362,5.472934405,"[0.9819495678, 1.0001269579, 1.0071475506, 0.9621000886]","[5.4657034874, 5.4996609688, 5.5153870583, 5.4109864235]","[0.0018151728, 0.0012402709, 0.0005770379, 0.0004999319]","[0.0002032112, 0.0002159685, 0.0004535981, 7.70408e-05, 8.78017e-05, 6.15692e-05, 0.0061325338]",0,0.002934868137,raw_action_units,2,96,769564,769564,true
465,eval_same_demo_teacher_forced,0.002787993445,0.002787993445,raw_action_units,0.9878365199,0.9878365199,5.473322233,"[0.9807904363, 1.0003123283, 1.0070310831, 0.9632120728]","[5.4635472298, 5.500535965, 5.5160660744, 5.4131379128]","[0.0011634697, 0.0009041706, 0.0009024914, 0.0022802355]","[0.0002290191, 0.0003471501, 0.0002272635, 8.8128e-05, 6.67801e-05, 6.56566e-05, 0.0081641451]",0,0.002787993334,raw_action_units,2,96,769564,769564,true
466,train_single_demo,0.002897937316,0.002897937316,raw_action_units,0.9878992836,0.9878992836,5.473349889,"[0.9809718728, 1.0001641512, 1.0071941614, 0.9632670283]","[5.4637908936, 5.500181675, 5.5162963867, 5.4131317139]","[0.000934, 0.0005675471, 0.0013112476, 0.0023157583]","[0.0002346314, 0.0002850649, 0.0003751179, 9.74472e-05, 0.0001260856, 5.46312e-05, 0.0078019896]",0,0.002897937206,raw_action_units,2,96,769564,769564,true
466,eval_same_demo_teacher_forced,0.002723151818,0.002723151818,raw_action_units,0.9878509641,0.9878509641,5.472023646,"[0.9809510112, 0.9999764562, 1.0067529678, 0.9637234211]","[5.4623417854, 5.4984779358, 5.5138549805, 5.4134192467]","[0.0010703765, 0.0009033534, 0.0008766283, 0.0023084965]","[0.0002158827, 0.0003381256, 0.000223976, 8.15893e-05, 4.91179e-05, 5.73178e-05, 0.0080619855]",0,0.002723151641,raw_action_units,2,96,769564,769564,true
467,train_single_demo,0.002783650532,0.002783650532,raw_action_units,0.9879898032,0.9879898032,5.472327709,"[0.9810553193, 1.0003266335, 1.006763339, 0.9638140202]","[5.4626426697, 5.4991593361, 5.5137672424, 5.4137401581]","[0.0024166314, 0.0013970606, 0.0011225669, 0.0023786754]","[0.0002540808, 0.0003054897, 0.0002621931, 9.8226e-05, 0.0001163807, 6.96411e-05, 0.0116951214]",0,0.002783650355,raw_action_units,2,96,769564,769564,true
467,eval_same_demo_teacher_forced,0.002746335153,0.002746335153,raw_action_units,0.9878829718,0.9878829718,5.472530524,"[0.9808473587, 1.0001044273, 1.0072671175, 0.9633128047]","[5.4626312256, 5.4990906715, 5.5152130127, 5.4131846428]","[0.0011377995, 0.0009341055, 0.0008687275, 0.0022918498]","[0.0002000836, 0.0003247359, 0.0002200588, 8.76853e-05, 5.87493e-05, 6.00316e-05, 0.0082054995]",0,0.002746335009,raw_action_units,2,96,769564,769564,true
468,train_single_demo,0.002821742247,0.002821742247,raw_action_units,0.9877723058,0.9877723058,5.472452958,"[0.9808456898, 0.9996215701, 1.0074871778, 0.963134706]","[5.4627175331, 5.498357296, 5.5158295631, 5.4129085541]","[0.0016810498, 0.000847592, 0.0005573437, 0.0021367273]","[0.0002460962, 0.0002325162, 0.0003238304, 6.46407e-05, 9.38666e-05, 5.1135e-05, 0.0081276614]",0,0.002821742069,raw_action_units,2,96,769564,769564,true
468,eval_same_demo_teacher_forced,0.002835822292,0.002835822292,raw_action_units,0.9879071315,0.9879071315,5.473211447,"[0.9813392758, 0.9992464185, 1.0087786913, 0.9622641206]","[5.464176178, 5.4980945587, 5.518892765, 5.4116816521]","[0.0012488118, 0.0010123546, 0.0011139323, 0.002212438]","[0.0002318899, 0.000336405, 0.0003489706, 0.0001452166, 0.0001039238, 5.79578e-05, 0.0085538253]",0,0.002835822159,raw_action_units,2,96,769564,769564,true
469,train_single_demo,0.002951896284,0.002951896284,raw_action_units,0.9880612294,0.9880612294,5.47348849,"[0.981577158, 0.9997269511, 1.0087985992, 0.9621421695]","[5.4646720886, 5.4989361763, 5.5189495087, 5.4113945961]","[0.0003379194, 0.0007617478, 0.0011926504, 0.0019053468]","[0.0003074237, 0.0001975073, 0.0004008637, 0.0001205351, 6.64578e-05, 3.85471e-05, 0.0062145772]",0,0.002951896084,raw_action_units,2,96,769564,769564,true
469,eval_same_demo_teacher_forced,0.002731991777,0.002731991777,raw_action_units,0.9878706137,0.9878706137,5.473516941,"[0.9817302823, 1.0006133318, 1.0077797174, 0.9613588452]","[5.4655537605, 5.5010666847, 5.5177779198, 5.4096684456]","[0.0011230049, 0.0009182799, 0.0009749057, 0.0021553526]","[0.0002180348, 0.0003128998, 0.0001973495, 6.6791e-05, 6.72316e-05, 7.0277e-05, 0.0081176171]",0,0.002731991666,raw_action_units,2,96,769564,769564,true
470,train_single_demo,0.002762789838,0.002762789838,raw_action_units,0.9877971013,0.9877971013,5.473624547,"[0.9817083478, 1.0003763437, 1.0077166557, 0.9613869786]","[5.4657530785, 5.5008759499, 5.5179486275, 5.4099211693]","[0.0011783523, 0.000671709, 0.0009738486, 0.0018777363]","[0.0002468032, 0.0001911319, 0.0003796456, 8.63348e-05, 0.0001263943, 7.48049e-05, 0.0071227648]",0,0.002762789705,raw_action_units,2,96,769564,769564,true
470,eval_same_demo_teacher_forced,0.002733796292,0.002733796292,raw_action_units,0.9878636797,0.9878636797,5.474475225,"[0.9823979735, 0.9987671375, 1.0082002878, 0.9620892406]","[5.468152523, 5.4984107018, 5.5196251869, 5.411711216]","[0.0010928615, 0.0009762418, 0.0008923076, 0.0022898829]","[0.0002279746, 0.0003290901, 0.0003525428, 9.14407e-05, 5.36096e-05, 6.51981e-05, 0.0080699073]",0,0.002733796214,raw_action_units,2,96,769564,769564,true
471,train_single_demo,0.002796034018,0.002796034018,raw_action_units,0.9879916112,0.9879916112,5.474489848,"[0.9822834134, 0.9987828135, 1.0083749294, 0.9625253677]","[5.4677333832, 5.4981307983, 5.5196528435, 5.4124426842]","[0.0011899882, 0.0008383417, 0.0014773469, 0.0018390295]","[0.0002620371, 0.0002292477, 0.0005241127, 6.32087e-05, 8.78218e-05, 9.01279e-05, 0.0080966791]",0,0.002796033841,raw_action_units,2,96,769564,769564,true
471,eval_same_demo_teacher_forced,0.00271417123,0.00271417123,raw_action_units,0.9880483747,0.9880483747,5.473143419,"[0.9814708829, 0.9984800816, 1.0084013939, 0.9638412595]","[5.4646430016, 5.4960589409, 5.5180563927, 5.4138159752]","[0.0010396646, 0.0009452081, 0.0008365682, 0.0022435547]","[0.0002082144, 0.0003126418, 0.0001886243, 8.92203e-05, 8.06276e-05, 8.43027e-05, 0.0079001114]",0,0.00271417103,raw_action_units,2,96,769564,769564,true
472,train_single_demo,0.002841080539,0.002841080539,raw_action_units,0.987896959,0.987896959,5.472655614,"[0.9813044071, 0.9983543754, 1.0081828833, 0.9637462497]","[5.4640026093, 5.4956569672, 5.5174117088, 5.4135499001]","[0.0014948813, 0.0007995068, 0.0005958255, 0.0010579759]","[0.0002365672, 0.0002966309, 0.000475892, 7.16707e-05, 7.86345e-05, 7.20717e-05, 0.0056778644]",0,0.002841080317,raw_action_units,2,96,769564,769564,true
472,eval_same_demo_teacher_forced,0.002707835054,0.002707835054,raw_action_units,0.9877855778,0.9877855778,5.472222328,"[0.9820332527, 0.9988849163, 1.0080223083, 0.9622018933]","[5.4651961327, 5.4962387085, 5.516887188, 5.4105677605]","[0.0011602883, 0.0009196712, 0.0008769091, 0.0021747446]","[0.000225755, 0.0003000814, 0.0002663556, 6.08673e-05, 9.37016e-05, 8.83546e-05, 0.0079452079]",0,0.002707835021,raw_action_units,2,96,769564,769564,true
473,train_single_demo,0.002781732551,0.002781732551,raw_action_units,0.9878259103,0.9878259103,5.472606341,"[0.9821614623, 0.9988587499, 1.0082039833, 0.9620793462]","[5.4657859802, 5.4964680672, 5.5175647736, 5.4106063843]","[0.0008725981, 0.0008997305, 0.0005580354, 0.000905426]","[0.0002127869, 0.0002337172, 0.0003639697, 9.08786e-05, 0.0001192787, 9.75126e-05, 0.0045444886]",0,0.002781732451,raw_action_units,2,96,769564,769564,true
473,eval_same_demo_teacher_forced,0.002678857107,0.002678857107,raw_action_units,0.9879521926,0.9879521926,5.47473081,"[0.9812304378, 0.998912394, 1.0087275505, 0.9629383683]","[5.4657177925, 5.4986534119, 5.5209960938, 5.4135546684]","[0.0010720064, 0.0009189366, 0.0008110394, 0.0022463368]","[0.0002093046, 0.0003323948, 0.0001867362, 6.74582e-05, 5.86382e-05, 8.17282e-05, 0.0078982972]",0,0.002678857052,raw_action_units,2,96,769564,769564,true
474,train_single_demo,0.002949325057,0.002949325057,raw_action_units,0.9878462354,0.9878462354,5.4749856,"[0.980694294, 0.9988524318, 1.0087112188, 0.9631271958]","[5.4649968147, 5.4991569519, 5.5216116905, 5.4141769409]","[0.0011279903, 0.0002869911, 0.0007612305, 0.0024106216]","[0.0002851068, 0.000286027, 0.0005105615, 7.04138e-05, 0.0001130733, 7.26863e-05, 0.0066890903]",0,0.002949325013,raw_action_units,2,96,769564,769564,true
474,eval_same_demo_teacher_forced,0.002734057683,0.002734057683,raw_action_units,0.9883330663,0.9883330663,5.475739638,"[0.980316937, 0.9998908043, 1.0096262693, 0.9634981155]","[5.4641232491, 5.5012946129, 5.5225958824, 5.4149441719]","[0.0010600024, 0.0009260033, 0.0008103156, 0.0023577248]","[0.0002195544, 0.0003101985, 0.0002115967, 0.0001125572, 6.97024e-05, 7.68124e-05, 0.0080191577]",0,0.002734057605,raw_action_units,2,96,769564,769564,true
475,train_single_demo,0.002801237783,0.002801237783,raw_action_units,0.9882801771,0.9882801771,5.475440025,"[0.9805459976, 0.9997311234, 1.0095545053, 0.9632889628]","[5.4644527435, 5.500793457, 5.5220723152, 5.4144425392]","[0.0020147155, 0.0007935517, 0.0003313937, 0.0006448726]","[0.0001989747, 0.0002269276, 0.0003041065, 9.98399e-05, 9.64785e-05, 9.17662e-05, 0.0056048408]",0,0.002801237628,raw_action_units,2,96,769564,769564,true
475,eval_same_demo_teacher_forced,0.002809538972,0.002809538972,raw_action_units,0.9878356854,0.9878356854,5.473416646,"[0.9808383584, 0.9984576702, 1.0091614723, 0.9628853202]","[5.4639587402, 5.4971809387, 5.5196647644, 5.4128627777]","[0.0010247369, 0.0009515992, 0.0008104425, 0.0022929295]","[0.0002241062, 0.0003843434, 0.0002445272, 7.9556e-05, 4.69137e-05, 5.51449e-05, 0.0078548975]",0,0.002809538905,raw_action_units,2,96,769564,769564,true
476,train_single_demo,0.002823341172,0.002823341172,raw_action_units,0.9877403776,0.9877403776,5.473219236,"[0.9805205464, 0.9982224107, 1.0090638399, 0.9631547332]","[5.4632792473, 5.4967074394, 5.5195260048, 5.4133648872]","[0.0017186878, 0.0004102034, 0.001142537, 0.0037343816]","[0.0002278756, 0.0003168715, 0.0002644702, 8.71318e-05, 6.6276e-05, 9.39003e-05, 0.0112036401]",0,0.002823341106,raw_action_units,2,96,769564,769564,true
476,eval_same_demo_teacher_forced,0.002697823181,0.002697823181,raw_action_units,0.9878073931,0.9878073931,5.474653562,"[0.98002702, 0.9986684918, 1.0087093115, 0.9638248086]","[5.4634990692, 5.4988899231, 5.5206170082, 5.4156093597]","[0.0010563146, 0.0009246229, 0.0007968333, 0.0022880139]","[0.0002420561, 0.000320706, 0.0002087724, 8.6545e-05, 6.10424e-05, 0.0001215333, 0.0078244675]",0,0.002697823037,raw_action_units,2,96,769564,769564,true
477,train_single_demo,0.002719331028,0.002719331028,raw_action_units,0.9879233837,0.9879233837,5.47513326,"[0.9801299572, 0.99914819, 1.0087256432, 0.9636898041]","[5.4639382362, 5.5000863075, 5.5209693909, 5.4155373573]","[0.0005254433, 0.0005613529, 0.0005068017, 0.0004229186]","[0.0002285291, 0.0003301377, 0.0002160381, 7.39062e-05, 6.5986e-05, 5.22964e-05, 0.00256201]",0,0.002719330912,raw_action_units,2,96,769564,769564,true
477,eval_same_demo_teacher_forced,0.00274585203,0.00274585203,raw_action_units,0.9879617095,0.9879617095,5.475274086,"[0.981197536, 0.999984026, 1.0084241629, 0.9622411728]","[5.4660334587, 5.5019822121, 5.5207800865, 5.4123001099]","[0.0011197994, 0.0009015098, 0.0008146646, 0.0022541427]","[0.0002254084, 0.0003137354, 0.0001996942, 9.14262e-05, 6.58637e-05, 9.42405e-05, 0.0079173362]",0,0.002745851874,raw_action_units,2,96,769564,769564,true
478,train_single_demo,0.002804409402,0.002804409402,raw_action_units,0.9879236221,0.9879236221,5.474970023,"[0.9811037183, 1.0001262426, 1.0083569288, 0.96210742]","[5.4656329155, 5.5019717216, 5.5203232765, 5.4119515419]","[0.0010864838, 0.0007516616, 0.0004929974, 0.0010553362]","[0.0002372298, 0.0003175905, 0.0003858379, 9.05e-05, 8.25318e-05, 8.41213e-05, 0.0047285268]",0,0.002804409269,raw_action_units,2,96,769564,769564,true
478,eval_same_demo_teacher_forced,0.002876741734,0.002876741734,raw_action_units,0.9875100056,0.9875100056,5.473409812,"[0.9798637033, 0.9999153018, 1.007797122, 0.9624639153]","[5.46225214, 5.5005450249, 5.518550396, 5.41229105]","[0.0010743712, 0.000947196, 0.000976719, 0.002282134]","[0.0002740755, 0.0003282394, 0.0002407723, 0.0001110439, 5.90524e-05, 6.44115e-05, 0.0081631402]",0,0.002876741546,raw_action_units,2,96,769564,769564,true
479,train_single_demo,0.002910592904,0.002910592904,raw_action_units,0.9876322746,0.9876322746,5.47366794,"[0.9796749949, 1.0001834631, 1.0080676079, 0.9626030922]","[5.4618554115, 5.5009894371, 5.5190658569, 5.4127597809]","[0.0013232487, 0.0008436749, 0.0008630031, 0.0022457181]","[0.0002074462, 0.0003014453, 0.0003824559, 6.54924e-05, 5.6853e-05, 0.0001074307, 0.0081112562]",0,0.002910592726,raw_action_units,2,96,769564,769564,true
479,eval_same_demo_teacher_forced,0.002728759311,0.002728759311,raw_action_units,0.9872349103,0.9872349103,5.473808606,"[0.9801309705, 0.9989028573, 1.0079270601, 0.9619786143]","[5.4638829231, 5.4994125366, 5.5192818642, 5.4126563072]","[0.0010841958, 0.0008834324, 0.0008460308, 0.0023382693]","[0.0002127366, 0.0003240259, 0.0002215402, 7.24785e-05, 5.1116e-05, 5.30287e-05, 0.0080809491]",0,0.002728759267,raw_action_units,2,96,769564,769564,true
480,train_single_demo,0.00276853408,0.00276853408,raw_action_units,0.9870487054,0.9870487054,5.473556678,"[0.9802969098, 0.998439014, 1.0076699257, 0.9617887139]","[5.4643530846, 5.4987587929, 5.5188698769, 5.4122428894]","[0.0012534115, 0.0005497632, 0.0009709515, 0.001807163]","[0.0002595649, 0.0003044671, 0.0003717286, 7.49212e-05, 9.3904e-05, 7.61038e-05, 0.0068365666]",0,0.002768534014,raw_action_units,2,96,769564,769564,true
480,eval_same_demo_teacher_forced,0.002763680803,0.002763680803,raw_action_units,0.9867662589,0.9867662589,5.473009268,"[0.9799409509, 0.9980458617, 1.0066577196, 0.9624202847]","[5.463868618, 5.4981918335, 5.5166239738, 5.4133529663]","[0.0011118931, 0.0010339062, 0.0008725131, 0.0023125643]","[0.0002080534, 0.000313427, 0.000223562, 8.03491e-05, 5.29889e-05, 9.38668e-05, 0.0083567873]",0,0.002763680759,raw_action_units,2,96,769564,769564,true
481,train_single_demo,0.002790810734,0.002790810734,raw_action_units,0.9869275093,0.9869275093,5.473413626,"[0.9796678424, 0.998508513, 1.0069484711, 0.9625852704]","[5.4633812904, 5.4990539551, 5.5173721313, 5.4138484001]","[0.0002940136, 0.0005987419, 0.0004222695, 0.0008736749]","[0.0002147687, 0.0003389462, 0.0003742855, 9.0175e-05, 5.88192e-05, 6.47396e-05, 0.0026884906]",0,0.002790810673,raw_action_units,2,96,769564,769564,true
481,eval_same_demo_teacher_forced,0.00278299201,0.00278299201,raw_action_units,0.9877051512,0.9877051512,5.475653013,"[0.9803657532, 0.9997315407, 1.0084527731, 0.9622705579]","[5.4655041695, 5.5017933846, 5.5214447975, 5.413869381]","[0.0010812167, 0.0009211485, 0.0008187569, 0.002242062]","[0.0001946021, 0.0003257205, 0.0002164912, 8.66207e-05, 4.35343e-05, 5.18097e-05, 0.0079417937]",0,0.002782991866,raw_action_units,2,96,769564,769564,true
482,train_single_demo,0.00274631024,0.00274631024,raw_action_units,0.9875778556,0.9875778556,5.475681305,"[0.9804387093, 0.9994569421, 1.0084530115, 0.9619628787]","[5.4658827782, 5.5015950203, 5.5219078064, 5.4133400917]","[0.0003475801, 0.0002886975, 0.0002527312, 0.0009813507]","[0.0002749285, 0.000344942, 0.0003096036, 7.97447e-05, 6.51512e-05, 6.83096e-05, 0.0021304493]",0,0.002746310085,raw_action_units,2,96,769564,769564,true
482,eval_same_demo_teacher_forced,0.002821206969,0.002821206969,raw_action_units,0.9870657523,0.9870657523,5.474582831,"[0.9802915454, 0.9980563521, 1.0079544783, 0.9619605541]","[5.4652633667, 5.4989256859, 5.5214562416, 5.4126853943]","[0.0010346627, 0.0009647931, 0.0008481137, 0.0023794936]","[0.0002068111, 0.0003212544, 0.0002672315, 8.31564e-05, 5.44964e-05, 6.42537e-05, 0.0081501557]",0,0.002821206869,raw_action_units,2,96,769564,769564,true
483,train_single_demo,0.002863565072,0.002863565072,raw_action_units,0.9872075717,0.9872075717,5.474542936,"[0.9801494479, 0.9983193278, 1.0080170631, 0.9623443484]","[5.4646697044, 5.4990258217, 5.5212273598, 5.4132475853]","[0.0003068725, 0.0003799438, 0.000956386, 0.0024218152]","[0.0002049227, 0.000352779, 0.0003163153, 8.21999e-05, 5.47183e-05, 6.00749e-05, 0.0060427706]",0,0.002863564928,raw_action_units,2,96,769564,769564,true
483,eval_same_demo_teacher_forced,0.002696854916,0.002696854916,raw_action_units,0.9877428611,0.9877428611,5.474174341,"[0.9802060723, 0.9988268018, 1.0086103678, 0.9633283019]","[5.4633002281, 5.4982552528, 5.5202717781, 5.4148688316]","[0.0010437012, 0.0009204151, 0.0007860665, 0.0023099224]","[0.0002214799, 0.0003913966, 0.0002644988, 7.82827e-05, 7.10599e-05, 7.80644e-05, 0.0077504013]",0,0.002696854816,raw_action_units,2,96,769564,769564,true
484,train_single_demo,0.002707081925,0.002707081925,raw_action_units,0.98776414,0.98776414,5.474182129,"[0.9805136323, 0.9987001419, 1.0087451935, 0.9630975127]","[5.4638466835, 5.4980711937, 5.5204024315, 5.4144062996]","[0.000904913, 0.0005523771, 0.000559634, 0.0003819036]","[0.0002382757, 0.0002355127, 0.0003858735, 5.69168e-05, 8.55217e-05, 5.41785e-05, 0.0031416689]",0,0.002707081803,raw_action_units,2,96,769564,769564,true
484,eval_same_demo_teacher_forced,0.002911995786,0.002911995786,raw_action_units,0.9872573217,0.9872573217,5.474315643,"[0.9804673195, 0.9977214932, 1.0088205338, 0.9620199203]","[5.4646992683, 5.4979820251, 5.5216012001, 5.412979126]","[0.0013080022, 0.0010039672, 0.0012213601, 0.0023587856]","[0.0003123679, 0.000736945, 0.000309025, 9.08487e-05, 4.50811e-05, 0.0001065202, 0.0087104132]",0,0.002911995653,raw_action_units,2,96,769564,769564,true
485,train_single_demo,0.00290422712,0.00290422712,raw_action_units,0.9872694016,0.9872694016,5.474732717,"[0.9803655148, 0.9979045987, 1.0087083578, 0.9620988965]","[5.464963913, 5.4987530708, 5.5217700005, 5.4134440422]","[0.0003613656, 0.000522787, 0.0005169943, 0.0008525749]","[0.0002373537, 0.0003304056, 0.0004788809, 6.58344e-05, 0.0001112338, 9.657e-05, 0.002623735]",0,0.002904226915,raw_action_units,2,96,769564,769564,true
485,eval_same_demo_teacher_forced,0.002718123685,0.002718123685,raw_action_units,0.987442414,0.987442414,5.476305326,"[0.979596138, 0.9990299344, 1.0082398653, 0.9629037976]","[5.4649834633, 5.5018286705, 5.5223221779, 5.4160861969]","[0.0010897004, 0.0008985954, 0.0009060255, 0.0021439092]","[0.0002478263, 0.000406122, 0.0002124919, 6.7736e-05, 7.74019e-05, 7.08606e-05, 0.0077344649]",0,0.002718123563,raw_action_units,2,96,769564,769564,true
486,train_single_demo,0.002871237385,0.002871237385,raw_action_units,0.9875020981,0.9875020981,5.476658026,"[0.9799077511, 0.9989218116, 1.008190155, 0.9629886746]","[5.4657859802, 5.5018577576, 5.5225710869, 5.4164166451]","[0.0003768695, 0.0004592951, 0.0012867538, 0.003397668]","[0.000232693, 0.0003244756, 0.0006738168, 5.79341e-05, 6.42749e-05, 5.65303e-05, 0.008251301]",0,0.00287123734,raw_action_units,2,96,769564,769564,true
486,eval_same_demo_teacher_forced,0.002655961473,0.002655961473,raw_action_units,0.9876312415,0.9876312415,5.476000786,"[0.9814924598, 0.9988298416, 1.0078343153, 0.9623683095]","[5.4679756165, 5.5008392334, 5.5208439827, 5.4143452644]","[0.0010560319, 0.0009207339, 0.0008174431, 0.0022113954]","[0.0002122716, 0.0003239498, 0.0002010716, 7.41414e-05, 7.51586e-05, 0.0001616457, 0.0077115675]",0,0.002655961329,raw_action_units,2,96,769564,769564,true
487,train_single_demo,0.002704483729,0.002704483729,raw_action_units,0.987725536,0.987725536,5.475798607,"[0.9814588428, 0.9991868138, 1.0078815222, 0.962374866]","[5.4675393105, 5.5010681152, 5.5206184387, 5.4139676094]","[0.0004774979, 0.0007518044, 0.000648944, 0.0005403808]","[0.0002282167, 0.000353264, 0.0003731827, 5.85979e-05, 8.44973e-05, 9.34998e-05, 0.0030413389]",0,0.00270448359,raw_action_units,2,96,769564,769564,true
487,eval_same_demo_teacher_forced,0.002741922081,0.002741922081,raw_action_units,0.9882085919,0.9882085919,5.475418727,"[0.9814953208, 1.0004286766, 1.0080649853, 0.9628453255]","[5.4665036201, 5.5017151833, 5.5196557045, 5.4138016701]","[0.0010787323, 0.0009377057, 0.0009086864, 0.0021546963]","[0.0001986347, 0.0003115076, 0.0003103888, 8.28032e-05, 7.06463e-05, 8.94244e-05, 0.0078262808]",0,0.002741922048,raw_action_units,2,96,769564,769564,true
488,train_single_demo,0.002734157102,0.002734157102,raw_action_units,0.9882334868,0.9882334868,5.475629012,"[0.9815217853, 1.0001484156, 1.008143425, 0.9631204009]","[5.4667038918, 5.5013184547, 5.5199465752, 5.4145469666]","[0.0017623077, 0.0005173019, 0.0012536707, 0.003383616]","[0.0001898132, 0.0003178315, 0.0003020659, 5.35409e-05, 9.08895e-05, 0.0001504257, 0.0109999999]",0,0.002734156946,raw_action_units,2,96,769564,769564,true
488,eval_same_demo_teacher_forced,0.002935008534,0.002935008534,raw_action_units,0.9876617988,0.9876617988,5.476206621,"[0.9815686345, 0.9979362488, 1.0080848932, 0.96305722]","[5.4685287476, 5.4991269112, 5.5213236809, 5.4158473015]","[0.0010464609, 0.0009725292, 0.0008466011, 0.0022493626]","[0.0002117392, 0.0003146968, 0.000328834, 7.62061e-05, 4.27536e-05, 6.42872e-05, 0.0079126516]",0,0.002935008368,raw_action_units,2,96,769564,769564,true
489,train_single_demo,0.0030726116,0.0030726116,raw_action_units,0.9875024358,0.9875024358,5.475719452,"[0.9811728001, 0.997818768, 1.0080076456, 0.9630103111]","[5.4675393105, 5.4988059998, 5.5211105347, 5.4154219627]","[0.0005216148, 0.0003399433, 0.0006253342, 0.0028670526]","[0.0002322692, 0.0004293857, 0.0002198626, 9.20859e-05, 8.01424e-05, 6.79833e-05, 0.0064976737]",0,0.003072611455,raw_action_units,2,96,769564,769564,true
489,eval_same_demo_teacher_forced,0.002748946426,0.002748946426,raw_action_units,0.9882050951,0.9882050951,5.475463231,"[0.9814872742, 0.999273777, 1.0093675852, 0.9626916051]","[5.4667639732, 5.4998512268, 5.5220589638, 5.4131770134]","[0.0010719283, 0.0009701141, 0.0008209955, 0.0022313509]","[0.0002651406, 0.0003500441, 0.0003257461, 7.78231e-05, 8.07863e-05, 0.0001312035, 0.0076844362]",0,0.002748946349,raw_action_units,2,96,769564,769564,true
490,train_single_demo,0.002727053283,0.002727053283,raw_action_units,0.9882730643,0.9882730643,5.475556533,"[0.9815055728, 0.9994974136, 1.0095239878, 0.9625650048]","[5.4667201042, 5.5001831055, 5.5223312378, 5.4129905701]","[0.000316366, 0.0002042709, 0.0008671023, 0.0012197417]","[0.0001819793, 0.0002452123, 0.0004239142, 8.1762e-05, 7.88952e-05, 8.87464e-05, 0.0034625821]",0,0.002727053173,raw_action_units,2,96,769564,769564,true
490,eval_same_demo_teacher_forced,0.003029803978,0.003029803978,raw_action_units,0.9881741603,0.9881741603,5.474821091,"[0.9811142087, 0.999473393, 1.0093708038, 0.9627382755]","[5.4651908875, 5.4993920326, 5.5214943886, 5.4132056236]","[0.0010265112, 0.0009731129, 0.0008551101, 0.0023768598]","[0.0003041513, 0.0003975904, 0.0003165423, 0.0001050033, 9.04457e-05, 8.15482e-05, 0.0078600077]",0,0.003029803878,raw_action_units,2,96,769564,769564,true
491,train_single_demo,0.003018741574,0.003018741574,raw_action_units,0.988012294,0.988012294,5.474444866,"[0.980812788, 0.9993539453, 1.0091768503, 0.9627055526]","[5.4645514488, 5.4990673065, 5.5211830139, 5.4129753113]","[0.0017930601, 0.0011645538, 0.0009923329, 0.0032753253]","[0.0002707263, 0.0003073526, 0.0004668339, 9.51885e-05, 0.0001114047, 9.37924e-05, 0.0112989275]",0,0.003018741452,raw_action_units,2,96,769564,769564,true
491,eval_same_demo_teacher_forced,0.002918450007,0.002918450007,raw_action_units,0.9871154229,0.9871154229,5.474478086,"[0.9798710942, 0.9975787997, 1.0091854334, 0.9618263841]","[5.4646625519, 5.4978046417, 5.5232620239, 5.4121823311]","[0.0010010846, 0.0009574182, 0.0008290283, 0.0024218287]","[0.0003577929, 0.0003164863, 0.0003128313, 9.81878e-05, 7.68462e-05, 0.0001254394, 0.0078287944]",0,0.002918449896,raw_action_units,2,96,769564,769564,true
492,train_single_demo,0.002946753676,0.002946753676,raw_action_units,0.9871795575,0.9871795575,5.475146929,"[0.9800754189, 0.9975194931, 1.0093737841, 0.9617493153]","[5.4656333923, 5.4983887672, 5.5240797997, 5.4124846458]","[0.000923775, 0.0004904643, 0.001467266, 0.0035965368]","[0.0002755249, 0.0003017118, 0.0004427214, 0.0001327928, 9.17928e-05, 7.62655e-05, 0.0100157643]",0,0.002946753498,raw_action_units,2,96,769564,769564,true
492,eval_same_demo_teacher_forced,0.003386350038,0.003386350038,raw_action_units,0.987853388,0.987853388,5.476517042,"[0.9804826379, 0.9978912473, 1.0102542639, 0.9627854824]","[5.4666194916, 5.4994492531, 5.5245051384, 5.4154934883]","[0.0012833558, 0.0011744626, 0.001081005, 0.0021653215]","[0.0002289241, 0.0003528013, 0.0002664597, 0.0001028884, 6.05367e-05, 0.0001089789, 0.0088616638]",0,0.003386349905,raw_action_units,2,96,769564,769564,true
493,train_single_demo,0.003398772484,0.003398772484,raw_action_units,0.9878146052,0.9878146052,5.475136439,"[0.9798372388, 0.9983713031, 1.0099525452, 0.9630973935]","[5.4640173912, 5.4988212585, 5.5226073265, 5.4151000977]","[0.0016063312, 0.0004584657, 0.0010894595, 0.0018592706]","[0.0003030428, 0.0003791097, 0.000382657, 0.000132914, 8.0564e-05, 9.68802e-05, 0.0073985043]",0,0.003398772329,raw_action_units,2,96,769564,769564,true
493,eval_same_demo_teacher_forced,0.003788618371,0.003788618371,raw_action_units,0.9873115222,0.9873115222,5.471846581,"[0.9784138799, 0.9992622733, 1.0091481209, 0.9624217153]","[5.4585456848, 5.497698307, 5.5199904442, 5.411151886]","[0.0014983747, 0.0014534729, 0.0013517733, 0.0024238131]","[0.0002549514, 0.0003082732, 0.0003005197, 0.0001555348, 5.64886e-05, 0.0001052473, 0.010591994]",0,0.003788618105,raw_action_units,2,96,769564,769564,true
494,train_single_demo,0.003404923171,0.003404923171,raw_action_units,0.987204353,0.987204353,5.472836971,"[0.9790505767, 0.9987419248, 1.0090771914, 0.9619477391]","[5.4609584808, 5.4980530739, 5.5211200714, 5.4112148285]","[0.0004026856, 0.0005959754, 0.0008446263, 0.0019785275]","[0.0002433394, 0.0005562531, 0.0003225644, 0.0001211931, 8.52932e-05, 0.000127268, 0.0052322648]",0,0.003404922961,raw_action_units,2,96,769564,769564,true
494,eval_same_demo_teacher_forced,0.003765082452,0.003765082452,raw_action_units,0.9880013069,0.9880013069,5.478341738,"[0.9816251397, 0.9991986156, 1.0090221167, 0.9621594548]","[5.4703145027, 5.5032939911, 5.5247969627, 5.414961338]","[0.0011257759, 0.0012952839, 0.0010723509, 0.0028598008]","[0.0003423328, 0.0003621948, 0.0003060916, 0.0001361674, 5.31821e-05, 7.59765e-05, 0.0098421741]",0,0.003765082253,raw_action_units,2,96,769564,769564,true
495,train_single_demo,0.003523455079,0.003523455079,raw_action_units,0.9881212314,0.9881212314,5.477941831,"[0.9811294675, 0.9998252392, 1.0091313124, 0.9623988271]","[5.4686584473, 5.5038218498, 5.5245246887, 5.4147601128]","[0.0010366555, 0.0003806372, 0.0010003954, 0.0017878982]","[0.0003059593, 0.0003840098, 0.0003037523, 0.0001517759, 6.41216e-05, 7.45145e-05, 0.0060756425]",0,0.003523454957,raw_action_units,2,96,769564,769564,true
495,eval_same_demo_teacher_forced,0.003519518456,0.003519518456,raw_action_units,0.9883499742,0.9883499742,5.474258423,"[0.9790204167, 1.0022002459, 1.008736968, 0.9634423256]","[5.4601092339, 5.5041003227, 5.5199542046, 5.4128689766]","[0.0010185965, 0.0010453076, 0.0011979494, 0.0026465508]","[0.0003165085, 0.000568382, 0.0001992691, 7.73532e-05, 5.93052e-05, 0.0001497746, 0.0089691142]",0,0.003519518301,raw_action_units,2,96,769564,769564,true
496,train_single_demo,0.003292165386,0.003292165386,raw_action_units,0.988324066,0.988324066,5.474535306,"[0.979499042, 1.0018005371, 1.0088157654, 0.96318084]","[5.4614071846, 5.5037322044, 5.5201735497, 5.4128289223]","[0.000997657, 0.0003379577, 0.0005879677, 0.0021050933]","[0.0003568715, 0.0002744758, 0.0002712031, 0.0001019657, 7.18471e-05, 7.04629e-05, 0.0059033572]",0,0.003292165253,raw_action_units,2,96,769564,769564,true
496,eval_same_demo_teacher_forced,0.003402357455,0.003402357455,raw_action_units,0.987487336,0.987487336,5.474665642,"[0.981100738, 0.9980289936, 1.0092974901, 0.9615222812]","[5.4662437439, 5.4983315468, 5.5216565132, 5.4124283791]","[0.0012859451, 0.0011773908, 0.0010638676, 0.0022451717]","[0.0003119496, 0.0009487951, 0.0002553599, 0.0001129262, 7.32898e-05, 0.0001041352, 0.0082951998]",0,0.0034023573,raw_action_units,2,96,769564,769564,true
497,train_single_demo,0.003360691636,0.003360691636,raw_action_units,0.9873660405,0.9873660405,5.474107901,"[0.9805908799, 0.9980945587, 1.0090669394, 0.9617119431]","[5.464969635, 5.4980330467, 5.5209374428, 5.4124922752]","[0.0015942781, 0.0006075766, 0.0004682771, 0.0004029735]","[0.0004558676, 0.0002147688, 0.0004977919, 7.31541e-05, 0.0001302198, 0.0001828556, 0.0038232764]",0,0.003360691347,raw_action_units,2,96,769564,769564,true
497,eval_same_demo_teacher_forced,0.003093528872,0.003093528872,raw_action_units,0.9872444868,0.9872444868,5.471681595,"[0.978230536, 1.0000241995, 1.0079283714, 0.9627949595]","[5.4579720497, 5.499227047, 5.5168128014, 5.4127144814]","[0.0012479527, 0.0011157073, 0.0010943671, 0.0023610669]","[0.0002688691, 0.0005144271, 0.0003841658, 0.0001406543, 0.0001005034, 0.0001231756, 0.0086516179]",0,0.003093528694,raw_action_units,2,96,769564,769564,true
498,train_single_demo,0.003100343669,0.003100343669,raw_action_units,0.9873909156,0.9873909156,5.472349167,"[0.9785673618, 1.0004125834, 1.0079160929, 0.9626677036]","[5.4589953423, 5.5005130768, 5.5171332359, 5.4127554893]","[0.0020198012, 0.0005470154, 0.0003315955, 0.001025403]","[0.0002578194, 0.0003202677, 0.0005254938, 0.0001686951, 0.000106123, 0.00014209, 0.0053461865]",0,0.003100343581,raw_action_units,2,96,769564,769564,true
498,eval_same_demo_teacher_forced,0.002880216188,0.002880216188,raw_action_units,0.98751688,0.98751688,5.475058873,"[0.9810207486, 1.0005596876, 1.0074011087, 0.9610860944]","[5.4664673805, 5.5037174225, 5.5193119049, 5.4107379913]","[0.0010943644, 0.0009717876, 0.0009397937, 0.0022160353]","[0.0002827902, 0.0004363829, 0.0001857191, 8.55822e-05, 8.92178e-05, 0.0002805234, 0.0077782501]",0,0.002880216088,raw_action_units,2,96,769564,769564,true
499,train_single_demo,0.002991589097,0.002991589097,raw_action_units,0.9874869386,0.9874869386,5.475146612,"[0.9810302258, 1.0003962517, 1.0073791742, 0.9611421227]","[5.4667358398, 5.5033974648, 5.5197024345, 5.4107518196]","[0.0014200514, 0.0010679757, 0.0013393135, 0.0018516827]","[0.0002517234, 0.0002271233, 0.0006769072, 0.0001276525, 0.0001372739, 0.0001748552, 0.0083427541]",0,0.002991588964,raw_action_units,2,96,769564,769564,true
499,eval_same_demo_teacher_forced,0.002877414071,0.002877414071,raw_action_units,0.9880288045,0.9880288045,5.475077629,"[0.9805030227, 1.0006215572, 1.0078154802, 0.9631749988]","[5.4646830559, 5.5021080971, 5.5193843842, 5.4141349792]","[0.0010977968, 0.0009404058, 0.0009362465, 0.0023728348]","[0.0002623183, 0.000444205, 0.0003889208, 0.0001771902, 9.66712e-05, 0.000144803, 0.0078436378]",0,0.00287741396,raw_action_units,2,96,769564,769564,true
500,train_single_demo,0.002927438356,0.002927438356,raw_action_units,0.9880496661,0.9880496661,5.475223541,"[0.9804114699, 1.0004813671, 1.0078917742, 0.9634140134]","[5.4643673897, 5.5020661354, 5.5195622444, 5.4148979187]","[0.0005026198, 0.0003491806, 0.000381793, 0.0004262689]","[0.0001918876, 0.0002832238, 0.0007190512, 0.0001057479, 8.52846e-05, 0.0001839836, 0.0013355803]",0,0.002927438223,raw_action_units,2,96,769564,769564,true
500,eval_same_demo_teacher_forced,0.002697205249,0.002697205249,raw_action_units,0.9880709648,0.9880709648,5.47420152,"[0.9804512858, 1.0004013777, 1.0082595348, 0.9631715417]","[5.4630737305, 5.5012130737, 5.5184922218, 5.414024353]","[0.0010855128, 0.0009504072, 0.0008412895, 0.0021481335]","[0.0002467164, 0.0003106652, 0.00032083, 9.84441e-05, 0.0001137056, 7.82681e-05, 0.00762572]",0,0.002697205171,raw_action_units,2,96,769564,769564,true
501,train_single_demo,0.002920593756,0.002920593756,raw_action_units,0.9881341457,0.9881341457,5.474356651,"[0.9807316661, 1.0005060434, 1.0083907843, 0.9629082084]","[5.4638342857, 5.5014472008, 5.518737793, 5.4134063721]","[0.0011495373, 0.0006613328, 0.0008527801, 0.0026894528]","[0.0002447478, 0.0003040484, 0.0004968084, 0.0001672661, 0.0001240359, 8.67595e-05, 0.0079442644]",0,0.002920593623,raw_action_units,2,96,769564,769564,true
501,eval_same_demo_teacher_forced,0.002894689717,0.002894689717,raw_action_units,0.9870611032,0.9870611032,5.473926544,"[0.9798161387, 0.9975788593, 1.0080890656, 0.9627606273]","[5.4640555382, 5.4976501465, 5.5198669434, 5.4141311646]","[0.0010345506, 0.0009942636, 0.000863808, 0.0022157517]","[0.0002704427, 0.0003214782, 0.0002426588, 9.33647e-05, 6.66303e-05, 9.62674e-05, 0.0078488113]",0,0.002894689639,raw_action_units,2,96,769564,769564,true
502,train_single_demo,0.002983779569,0.002983779569,raw_action_units,0.9870234132,0.9870234132,5.473959287,"[0.9796204567, 0.9973301888, 1.0081602335, 0.9629828334]","[5.4637145996, 5.4971451759, 5.5200724602, 5.4149050713]","[0.0006471098, 0.0006492233, 0.0009658139, 0.0020765029]","[0.0003081407, 0.0002921535, 0.0003972584, 0.0001811119, 0.0001563499, 6.29057e-05, 0.0061947163]",0,0.002983779513,raw_action_units,2,96,769564,769564,true
502,eval_same_demo_teacher_forced,0.002629424213,0.002629424213,raw_action_units,0.9874735276,0.9874735276,5.474134604,"[0.980258286, 0.9984318614, 1.0091028214, 0.9621010423]","[5.4640755653, 5.4982018471, 5.521291256, 5.4129691124]","[0.0010504388, 0.0009611991, 0.0008668243, 0.0020571954]","[0.0002200063, 0.0003293636, 0.0002541949, 7.36512e-05, 6.19661e-05, 6.56953e-05, 0.0076325233]",0,0.002629424135,raw_action_units,2,96,769564,769564,true
503,train_single_demo,0.002777441172,0.002777441172,raw_action_units,0.9876393874,0.9876393874,5.474463781,"[0.9805839062, 0.9991948009, 1.0091556311, 0.9616231918]","[5.4646720886, 5.4996852875, 5.521604538, 5.4118924141]","[0.0013690112, 0.0005721581, 0.0003072371, 0.0006868583]","[0.0003619436, 0.0002363035, 0.0003297358, 0.0001015868, 0.0001819859, 7.27408e-05, 0.0038524168]",0,0.002777440961,raw_action_units,2,96,769564,769564,true
503,eval_same_demo_teacher_forced,0.002706942071,0.002706942071,raw_action_units,0.9875069658,0.9875069658,5.474603335,"[0.9809568524, 1.0007534027, 1.00788486, 0.9604330063]","[5.4658260345, 5.5032820702, 5.5204071999, 5.4088969231]","[0.0010341014, 0.0009072659, 0.0010229414, 0.00217019]","[0.0002285024, 0.0003400962, 0.0002775586, 9.51271e-05, 6.195e-05, 7.67515e-05, 0.0079053864]",0,0.002706942015,raw_action_units,2,96,769564,769564,true
504,train_single_demo,0.002705879898,0.002705879898,raw_action_units,0.9874206185,0.9874206185,5.474697113,"[0.9806339145, 1.0004259348, 1.0078357458, 0.9607870579]","[5.4654579163, 5.5028953552, 5.5205168724, 5.4099183083]","[0.0005346245, 0.0007186273, 0.0008881495, 0.0007705264]","[0.0002049843, 0.0002888555, 0.0004434641, 6.85095e-05, 0.0001569292, 4.21925e-05, 0.0038909379]",0,0.002705879776,raw_action_units,2,96,769564,769564,true
504,eval_same_demo_teacher_forced,0.002674087649,0.002674087649,raw_action_units,0.9874068896,0.9874068896,5.475743771,"[0.9799192548, 0.998609364, 1.0086605549, 0.9624384046]","[5.465036869, 5.5003066063, 5.522758007, 5.4148736]","[0.0009442126, 0.0009987218, 0.0007951303, 0.0022900475]","[0.0002896186, 0.0003333179, 0.0002424397, 0.0001491706, 0.0001184945, 8.01719e-05, 0.0075859842]",0,0.002674087527,raw_action_units,2,96,769564,769564,true
505,train_single_demo,0.002783319913,0.002783319913,raw_action_units,0.9875388344,0.9875388344,5.475982348,"[0.9799835682, 0.9986925721, 1.0090670586, 0.9624120593]","[5.4650511742, 5.5004272461, 5.5234680176, 5.414981842]","[0.000311705, 0.0004013853, 0.000905287, 0.0026866018]","[0.0002447744, 0.0003454746, 0.0003061961, 8.86322e-05, 9.48711e-05, 8.49637e-05, 0.0063688024]",0,0.00278331978,raw_action_units,2,96,769564,769564,true
505,eval_same_demo_teacher_forced,0.002666690775,0.002666690775,raw_action_units,0.9872146845,0.9872146845,5.474772771,"[0.9796101451, 0.9981177449, 1.0096973181, 0.9614334702]","[5.4631562233, 5.4991278648, 5.5242819786, 5.4125232697]","[0.0010093615, 0.0010082087, 0.0008122121, 0.002150323]","[0.0002401163, 0.0003985448, 0.0002296414, 9.06737e-05, 0.0001496613, 5.32544e-05, 0.0075532924]",0,0.002666690609,raw_action_units,2,96,769564,769564,true
506,train_single_demo,0.002740413571,0.002740413571,raw_action_units,0.9871339997,0.9871339997,5.474882444,"[0.9796369672, 0.998049736, 1.009426713, 0.9614223838]","[5.4635410309, 5.4993453026, 5.52404356, 5.4126000404]","[0.0013931197, 0.0007465808, 0.0012001131, 0.0029414967]","[0.0002553561, 0.000371821, 0.0004606934, 8.5654e-05, 8.33596e-05, 5.89385e-05, 0.0096764695]",0,0.002740413483,raw_action_units,2,96,769564,769564,true
506,eval_same_demo_teacher_forced,0.002784484609,0.002784484609,raw_action_units,0.9875018597,0.9875018597,5.47648255,"[0.9791935086, 0.9999842644, 1.0092922449, 0.96153754]","[5.4639077187, 5.503888607, 5.5242085457, 5.4139266014]","[0.0011303764, 0.0009877473, 0.0009353699, 0.002048481]","[0.0001920159, 0.0003327192, 0.0002545989, 0.0001446042, 0.0001415825, 5.87599e-05, 0.0078041754]",0,0.002784484554,raw_action_units,2,96,769564,769564,true
507,train_single_demo,0.002966138767,0.002966138767,raw_action_units,0.9876296719,0.9876296719,5.476737658,"[0.979229629, 1.0002440214, 1.0095090866, 0.9615359902]","[5.4639892578, 5.5042815208, 5.5246405602, 5.4140377045]","[0.0015306041, 0.0005279928, 0.0012312123, 0.0018383289]","[0.0002664206, 0.0002873565, 0.0003251997, 0.0001075741, 0.0001230574, 5.95773e-05, 0.0078050555]",0,0.002966138579,raw_action_units,2,96,769564,769564,true
507,eval_same_demo_teacher_forced,0.002810337814,0.002810337814,raw_action_units,0.9869372845,0.9869372845,5.475642204,"[0.97972399, 0.998660326, 1.0094444752, 0.9599202275]","[5.4650444984, 5.5016880035, 5.5257015228, 5.4101338387]","[0.0011259179, 0.0010160267, 0.0008505037, 0.0021105276]","[0.000233263, 0.0002958992, 0.0002143328, 6.66382e-05, 7.8709e-05, 7.08038e-05, 0.0079705613]",0,0.002810337625,raw_action_units,2,96,769564,769564,true
508,train_single_demo,0.002867152604,0.002867152604,raw_action_units,0.9868886471,0.9868886471,5.475770315,"[0.979820013, 0.9984771609, 1.0091568232, 0.9601006508]","[5.4655442238, 5.5016646385, 5.5254101753, 5.4104619026]","[0.0008656392, 0.0007934882, 0.0008993348, 0.0006253754]","[0.0003590311, 0.0003336043, 0.0003110713, 0.0001307693, 0.0001569143, 0.0001004163, 0.0041799084]",0,0.002867152471,raw_action_units,2,96,769564,769564,true
508,eval_same_demo_teacher_forced,0.002765009801,0.002765009801,raw_action_units,0.9872875214,0.9872875214,5.476252397,"[0.9799764752, 0.998868227, 1.0079087019, 0.9623966813]","[5.4662723541, 5.501914978, 5.5222611427, 5.4145598412]","[0.0009941802, 0.0011045103, 0.0007429404, 0.0022963437]","[0.000295516, 0.0004652333, 0.0003709616, 6.95583e-05, 5.57835e-05, 6.37285e-05, 0.0076706731]",0,0.002765009712,raw_action_units,2,96,769564,769564,true
509,train_single_demo,0.002833054246,0.002833054246,raw_action_units,0.9874425729,0.9874425729,5.475842476,"[0.9799178243, 0.9990940094, 1.0080217123, 0.9627366662]","[5.4654297829, 5.5015330315, 5.5215725899, 5.414835453]","[0.001557571, 0.0013026578, 0.0006118615, 0.0006756475]","[0.0003686726, 0.0003836587, 0.000330419, 0.000174185, 0.0001502881, 9.68872e-05, 0.0057544303]",0,0.002833054179,raw_action_units,2,96,769564,769564,true
509,eval_same_demo_teacher_forced,0.002658162033,0.002658162033,raw_action_units,0.9875100851,0.9875100851,5.473973274,"[0.979149878, 0.9996507168, 1.0093369484, 0.961902678]","[5.4610500336, 5.5007095337, 5.5219306946, 5.4122028351]","[0.0009181879, 0.0009424384, 0.0007673257, 0.0021918155]","[0.0002074926, 0.000297229, 0.0002369283, 9.54066e-05, 5.20957e-05, 7.56974e-05, 0.0074697435]",0,0.002658162,raw_action_units,2,96,769564,769564,true
510,train_single_demo,0.002731483663,0.002731483663,raw_action_units,0.9873093367,0.9873093367,5.473927498,"[0.9790198803, 0.9994189143, 1.0093296766, 0.9614686966]","[5.4609336853, 5.500743866, 5.5222907066, 5.4117431641]","[0.000380391, 0.0004922239, 0.0005171462, 0.0006066966]","[0.0002081572, 0.0005555411, 0.0005302441, 9.28344e-05, 8.55275e-05, 6.24061e-05, 0.0019590904]",0,0.002731483607,raw_action_units,2,96,769564,769564,true
510,eval_same_demo_teacher_forced,0.002606501182,0.002606501182,raw_action_units,0.9871247609,0.9871247609,5.475572268,"[0.978892386, 0.9994513392, 1.0084620714, 0.9616933465]","[5.4625535011, 5.5029983521, 5.5225920677, 5.414144516]","[0.0010261142, 0.0009318645, 0.0008073654, 0.0021711981]","[0.0002336346, 0.0003281803, 0.0002731699, 0.0001496252, 0.0001092189, 7.38578e-05, 0.0074712611]",0,0.002606501005,raw_action_units,2,96,769564,769564,true
511,train_single_demo,0.002766736317,0.002766736317,raw_action_units,0.9873616099,0.9873616099,5.476318518,"[0.9789564013, 0.999910593, 1.0083030462, 0.9622764587]","[5.4632358551, 5.5040855408, 5.5224380493, 5.4155135155]","[0.0002723376, 0.0002680311, 0.0006771242, 0.0021920342]","[0.0002835352, 0.0007081589, 0.000394014, 7.0062e-05, 8.52883e-05, 5.175e-05, 0.0043738633]",0,0.002766736207,raw_action_units,2,96,769564,769564,true
511,eval_same_demo_teacher_forced,0.00257481169,0.00257481169,raw_action_units,0.9869691531,0.9869691531,5.476373514,"[0.9788537025, 0.9987585545, 1.0079954863, 0.9622690082]","[5.4644999504, 5.5030441284, 5.5225043297, 5.4154467583]","[0.0009823629, 0.0009030771, 0.0008156816, 0.0021023622]","[0.0002463636, 0.0003428528, 0.0002756426, 9.72959e-05, 7.13674e-05, 7.22097e-05, 0.0073003643]",0,0.002574811557,raw_action_units,2,96,769564,769564,true
512,train_single_demo,0.002670169187,0.002670169187,raw_action_units,0.9867736896,0.9867736896,5.475802263,"[0.9789349437, 0.9982146621, 1.008161664, 0.9617833495]","[5.4643530846, 5.5019879341, 5.5225491524, 5.4143204689]","[0.0011743644, 0.0006140342, 0.000519299, 0.0005887236]","[0.0002795834, 0.0004515729, 0.0003156314, 7.20549e-05, 8.18524e-05, 0.0001513987, 0.003716643]",0,0.002670169098,raw_action_units,2,96,769564,769564,true
512,eval_same_demo_teacher_forced,0.002601074753,0.002601074753,raw_action_units,0.986499687,0.986499687,5.474517345,"[0.9786108136, 0.9980569482, 1.0090699196, 0.9602608681]","[5.4626274109, 5.5008978844, 5.5237545967, 5.4107899666]","[0.0009952906, 0.0008950584, 0.0009324567, 0.0020896783]","[0.0002481921, 0.0004432051, 0.0002031902, 4.94712e-05, 6.53258e-05, 6.12714e-05, 0.007526191]",0,0.002601074676,raw_action_units,2,96,769564,769564,true
513,train_single_demo,0.002712371293,0.002712371293,raw_action_units,0.9868182739,0.9868182739,5.474805673,"[0.9785599709, 0.9988695979, 1.0091150999, 0.9607282281]","[5.4622273445, 5.5018429756, 5.5236129761, 5.4115395546]","[0.0014179401, 0.0006497097, 0.0006128167, 0.002303222]","[0.0002116915, 0.0003109867, 0.0003224153, 6.67884e-05, 8.59529e-05, 0.000145089, 0.0075785299]",0,0.002712371271,raw_action_units,2,96,769564,769564,true
513,eval_same_demo_teacher_forced,0.002571629904,0.002571629904,raw_action_units,0.9874001543,0.9874001543,5.475449085,"[0.9774856567, 1.0008239746, 1.0083839893, 0.9629070163]","[5.4595069885, 5.5042991638, 5.522081852, 5.4159064293]","[0.0010160507, 0.0008756581, 0.000846389, 0.0021262153]","[0.0002761392, 0.000510001, 0.0002008616, 5.82412e-05, 4.93304e-05, 0.000161797, 0.0072561768]",0,0.002571629804,raw_action_units,2,96,769564,769564,true
514,train_single_demo,0.0026362309,0.0026362309,raw_action_units,0.9872570833,0.9872570833,5.475182851,"[0.9777166843, 1.0002330542, 1.0083445311, 0.9627340436]","[5.4599304199, 5.5032477379, 5.5220184326, 5.4155349731]","[0.000735035, 0.0006581235, 0.0003520915, 0.0004633331]","[0.0002491313, 0.0002455031, 0.0004264307, 6.02672e-05, 9.45309e-05, 0.000108013, 0.0026811445]",0,0.002636230728,raw_action_units,2,96,769564,769564,true
514,eval_same_demo_teacher_forced,0.0024918272,0.0024918272,raw_action_units,0.9871605237,0.9871605237,5.475261688,"[0.9789474607, 0.9995524287, 1.0089935064, 0.9611486793]","[5.4624118805, 5.5024037361, 5.523537159, 5.4126954079]","[0.0009454383, 0.0008846584, 0.0007850531, 0.0020959617]","[0.0002054128, 0.0003274478, 0.0002198502, 9.0605e-05, 4.72077e-05, 8.28603e-05, 0.0072710607]",0,0.00249182699,raw_action_units,2,96,769564,769564,true
515,train_single_demo,0.002533844206,0.002533844206,raw_action_units,0.9872662624,0.9872662624,5.475753466,"[0.9790362716, 0.9998531342, 1.0091110468, 0.9610643983]","[5.4629502296, 5.5032691956, 5.524105072, 5.4126911163]","[0.0009494681, 0.0004108234, 0.0004104042, 0.0002929763]","[0.0002286952, 0.0002135155, 0.0002631925, 5.45319e-05, 5.77537e-05, 0.0001171772, 0.0026765596]",0,0.002533844051,raw_action_units,2,96,769564,769564,true
515,eval_same_demo_teacher_forced,0.002630841297,0.002630841297,raw_action_units,0.9872763554,0.9872763554,5.477130254,"[0.9787063599, 1.0001555681, 1.0088864565, 0.9613569379]","[5.4641227722, 5.5052833557, 5.5247578621, 5.4143567085]","[0.0009897567, 0.0009414469, 0.0008221048, 0.0020810408]","[0.0001865306, 0.0002969001, 0.0002672302, 8.40698e-05, 4.36574e-05, 9.99396e-05, 0.0074817832]",0,0.002630841253,raw_action_units,2,96,769564,769564,true
516,train_single_demo,0.002610382469,0.002610382469,raw_action_units,0.9872219761,0.9872219761,5.477031231,"[0.9785635471, 0.9998354316, 1.0089318752, 0.9615571499]","[5.4638209343, 5.5047507286, 5.5249009132, 5.4146513939]","[0.0004629316, 0.0006130563, 0.0014190575, 0.0025562863]","[0.0002027234, 0.0002334298, 0.0002738604, 7.54561e-05, 4.22162e-05, 6.32756e-05, 0.007948868]",0,0.002610382402,raw_action_units,2,96,769564,769564,true
516,eval_same_demo_teacher_forced,0.002567852537,0.002567852537,raw_action_units,0.9870043397,0.9870043397,5.475712776,"[0.9784838557, 0.9979861379, 1.0096770525, 0.9618703723]","[5.4625053406, 5.5005626678, 5.5253596306, 5.4144234657]","[0.0009110387, 0.0008917572, 0.0008288138, 0.002165074]","[0.0001786052, 0.0003335311, 0.0001967021, 7.76529e-05, 5.43131e-05, 8.44931e-05, 0.0074688978]",0,0.002567852448,raw_action_units,2,96,769564,769564,true
517,train_single_demo,0.002539380609,0.002539380609,raw_action_units,0.9870268703,0.9870268703,5.47576046,"[0.9785503745, 0.9980351329, 1.0096360445, 0.9618859887]","[5.4626135826, 5.5006489754, 5.5251612663, 5.4146175385]","[0.0004430925, 0.0004480811, 0.0008588812, 0.0016255561]","[0.0002520249, 0.0002472939, 0.0003043365, 7.34441e-05, 5.54279e-05, 6.96263e-05, 0.0049051652]",0,0.002539380587,raw_action_units,2,96,769564,769564,true
517,eval_same_demo_teacher_forced,0.002640934506,0.002640934506,raw_action_units,0.9876914024,0.9876914024,5.476483027,"[0.9787867069, 1.0001264811, 1.0094207525, 0.9624319077]","[5.462688446, 5.503557682, 5.5238418579, 5.4158439636]","[0.0008851693, 0.0008650229, 0.0007726164, 0.00230352]","[0.0001981188, 0.000303638, 0.0001941676, 7.79315e-05, 4.90574e-05, 7.34337e-05, 0.0075497273]",0,0.002640934395,raw_action_units,2,96,769564,769564,true
518,train_single_demo,0.002708996646,0.002708996646,raw_action_units,0.9877075553,0.9877075553,5.476065,"[0.9785011411, 1.0004012585, 1.0093098879, 0.9626181126]","[5.4616699219, 5.5035290718, 5.5232620239, 5.4157981873]","[0.0016010442, 0.0004591571, 0.0002681058, 0.0010409261]","[0.0002472297, 0.0002713391, 0.0005037293, 7.86516e-05, 7.50176e-05, 8.97618e-05, 0.0046304287]",0,0.002708996513,raw_action_units,2,96,769564,769564,true
518,eval_same_demo_teacher_forced,0.002928871739,0.002928871739,raw_action_units,0.9865961472,0.9865961472,5.472653071,"[0.9777057171, 0.9980091453, 1.0084394217, 0.962230444]","[5.4585747719, 5.4977493286, 5.521253109, 5.4130363464]","[0.0008540943, 0.0008578314, 0.0009445655, 0.0024234741]","[0.000238597, 0.0003027262, 0.0002514769, 5.65184e-05, 4.36696e-05, 5.87217e-05, 0.0079382285]",0,0.002928871661,raw_action_units,2,96,769564,769564,true
519,train_single_demo,0.00293570982,0.00293570982,raw_action_units,0.9866051475,0.9866051475,5.473074277,"[0.9782251716, 0.9975113273, 1.0085644722, 0.9621196389]","[5.4600243568, 5.4972710609, 5.5218367577, 5.4131641388]","[0.0010420774, 0.000220738, 0.0006622944, 0.0022638335]","[0.0002304171, 0.0003328818, 0.0004536131, 8.72466e-05, 6.4276e-05, 6.98584e-05, 0.0060923579]",0,0.002935709787,raw_action_units,2,96,769564,769564,true
519,eval_same_demo_teacher_forced,0.002744427572,0.002744427572,raw_action_units,0.9873360395,0.9873360395,5.476530711,"[0.9793550968, 0.9986109734, 1.009215951, 0.9621620774]","[5.4646601677, 5.5012955666, 5.5243821144, 5.4157853127]","[0.0008483943, 0.0009448317, 0.0008525433, 0.0023464705]","[0.000240144, 0.0003333524, 0.0002020855, 8.37478e-05, 6.00504e-05, 8.67559e-05, 0.0077302828]",0,0.002744427483,raw_action_units,2,96,769564,769564,true
520,train_single_demo,0.002757684095,0.002757684095,raw_action_units,0.9874596596,0.9874596596,5.476702849,"[0.9789018631, 0.999612987, 1.0091586113, 0.9621649384]","[5.4636483192, 5.5031218529, 5.5242438316, 5.4157981873]","[0.0009018409, 0.000550106, 0.0006150363, 0.0005412229]","[0.0002838777, 0.0003954602, 0.0003375815, 7.71968e-05, 7.60227e-05, 7.49985e-05, 0.0033192234]",0,0.002757684062,raw_action_units,2,96,769564,769564,true
520,eval_same_demo_teacher_forced,0.002758438389,0.002758438389,raw_action_units,0.986899972,0.986899972,5.474948565,"[0.9773852825, 1.0010205507, 1.0078539848, 0.9613401294]","[5.4595360756, 5.5057296753, 5.5212345123, 5.413292408]","[0.0010325817, 0.0009023566, 0.0009671731, 0.0022822926]","[0.0002117527, 0.0003131072, 0.0002392083, 8.51734e-05, 7.05296e-05, 6.94497e-05, 0.0080834851]",0,0.002758438211,raw_action_units,2,96,769564,769564,true
521,train_single_demo,0.002890713823,0.002890713823,raw_action_units,0.9866778056,0.9866778056,5.47488149,"[0.9777207971, 1.0002399683, 1.0076360703, 0.9611142278]","[5.4605879784, 5.5046782494, 5.5211501122, 5.4131088257]","[0.0007971635, 0.0002998, 0.0007657434, 0.0015126496]","[0.0003836527, 0.0004755852, 0.0003413244, 5.23638e-05, 5.36437e-05, 0.0001232803, 0.0044770227]",0,0.002890713779,raw_action_units,2,96,769564,769564,true
521,eval_same_demo_teacher_forced,0.00281519241,0.00281519241,raw_action_units,0.9868810972,0.9868810972,5.476161639,"[0.9799082875, 0.9988560677, 1.0073791742, 0.9613807201]","[5.4664936066, 5.50259161, 5.5205779076, 5.4149842262]","[0.000901204, 0.000927069, 0.0008936228, 0.0021532087]","[0.0002257975, 0.0003296717, 0.0002277426, 8.21954e-05, 5.64207e-05, 6.5327e-05, 0.0075442786]",0,0.002815192299,raw_action_units,2,96,769564,769564,true
522,train_single_demo,0.002889663291,0.002889663291,raw_action_units,0.9869903326,0.9869903326,5.476043224,"[0.9796657562, 0.9993047118, 1.0074125528, 0.9615783095]","[5.4657654762, 5.5029964447, 5.5203456879, 5.4150633812]","[0.0013997053, 0.0006430185, 0.0005253717, 0.0007973881]","[0.0004186424, 0.0003207685, 0.000354097, 5.08973e-05, 6.87605e-05, 6.66873e-05, 0.0046097427]",0,0.002889663158,raw_action_units,2,96,769564,769564,true
522,eval_same_demo_teacher_forced,0.002684292927,0.002684292927,raw_action_units,0.9867037137,0.9867037137,5.473725955,"[0.9780163765, 1.0004844666, 1.0075236559, 0.9607903361]","[5.4605193138, 5.503423214, 5.5199885368, 5.4109740257]","[0.0009608586, 0.000926635, 0.0008903134, 0.0022350072]","[0.0001846338, 0.0002902956, 0.0002819472, 6.0618e-05, 5.55055e-05, 9.26884e-05, 0.0078067351]",0,0.002684292783,raw_action_units,2,96,769564,769564,true
523,train_single_demo,0.002974009917,0.002974009917,raw_action_units,0.9866191943,0.9866191943,5.474024455,"[0.9778594375, 1.0004041195, 1.0076731443, 0.9605402946]","[5.460477829, 5.5038752556, 5.5209107399, 5.4108328819]","[0.0009185094, 0.0006909931, 0.0013537807, 0.0023315074]","[0.000519615, 0.0003659801, 0.0002457988, 9.87613e-05, 7.29122e-05, 6.28842e-05, 0.0078999316]",0,0.002974009762,raw_action_units,2,96,769564,769564,true
523,eval_same_demo_teacher_forced,0.003042025336,0.003042025336,raw_action_units,0.9875151912,0.9875151912,5.476050695,"[0.9796628952, 1.0002307892, 1.0090249777, 0.9611421227]","[5.4641513824, 5.5036225319, 5.5228495598, 5.413579464]","[0.0009384313, 0.0008947267, 0.0008732299, 0.0023380048]","[0.0002394356, 0.0003265164, 0.000324403, 5.56268e-05, 7.02103e-05, 4.31931e-05, 0.0077683013]",0,0.003042025226,raw_action_units,2,96,769564,769564,true
524,train_single_demo,0.003444852928,0.003444852928,raw_action_units,0.9876718521,0.9876718521,5.475772063,"[0.9795258641, 1.0003601313, 1.009122014, 0.9616792798]","[5.4633450508, 5.5031285286, 5.5222892761, 5.4143242836]","[0.0014930487, 0.000817701, 0.0010514638, 0.0025132282]","[0.0004720147, 0.0005830571, 0.000258209, 9.37505e-05, 8.39552e-05, 5.38465e-05, 0.0087371906]",0,0.003444852751,raw_action_units,2,96,769564,769564,true
524,eval_same_demo_teacher_forced,0.00355513161,0.00355513161,raw_action_units,0.98676157,0.98676157,5.473475456,"[0.977291882, 0.9990685582, 1.0084172487, 0.9622686505]","[5.4582829475, 5.500433445, 5.5217385292, 5.4134464264]","[0.0010080234, 0.001037708, 0.0010411445, 0.0025383497]","[0.0002146204, 0.0003497789, 0.0002849223, 5.4382e-05, 6.82485e-05, 0.0001013457, 0.0087708468]",0,0.003555131455,raw_action_units,2,96,769564,769564,true
525,train_single_demo,0.003588578276,0.003588578276,raw_action_units,0.9866600831,0.9866600831,5.474048932,"[0.9775161147, 0.9987199306, 1.0082485676, 0.9621557593]","[5.4594845772, 5.5007300377, 5.5222206116, 5.4137611389]","[0.0005733327, 0.000381714, 0.0006824983, 0.0010684342]","[0.0002628459, 0.0004188589, 0.0002597099, 9.02621e-05, 8.5704e-05, 0.0001040354, 0.003514047]",0,0.003588577999,raw_action_units,2,96,769564,769564,true
525,eval_same_demo_teacher_forced,0.0032900696,0.0032900696,raw_action_units,0.9873594443,0.9873594443,5.477778117,"[0.9791018367, 0.9993336797, 1.0090789795, 0.9619235396]","[5.4652037621, 5.5044441223, 5.5256094933, 5.4158554077]","[0.000899712, 0.0010702566, 0.0009058132, 0.0024996281]","[0.0002745812, 0.0003331528, 0.0002717356, 6.17153e-05, 5.45235e-05, 6.93224e-05, 0.0083419355]",0,0.003290069511,raw_action_units,2,96,769564,769564,true
526,train_single_demo,0.003477795903,0.003477795903,raw_action_units,0.9876214862,0.9876214862,5.477291743,"[0.9789659977, 1.0001455545, 1.0092685223, 0.9621059299]","[5.4639906883, 5.5047988892, 5.5248513222, 5.4155268669]","[0.0007615195, 0.0005721313, 0.0006585412, 0.0016220594]","[0.0002840525, 0.0005078792, 0.0002874007, 7.59292e-05, 0.0001117105, 0.0001346237, 0.0049233437]",0,0.003477795848,raw_action_units,2,96,769564,769564,true
526,eval_same_demo_teacher_forced,0.002939507288,0.002939507288,raw_action_units,0.9868957003,0.9868957003,5.472488562,"[0.9771533012, 1.0002173185, 1.0083142519, 0.9618980885]","[5.4569096565, 5.5012497902, 5.5198502541, 5.4119439125]","[0.0009793668, 0.0010761449, 0.0008661505, 0.0022236246]","[0.0002912139, 0.0004368449, 0.000239068, 7.45205e-05, 4.18055e-05, 9.26254e-05, 0.0078281742]",0,0.002939507188,raw_action_units,2,96,769564,769564,true
527,train_single_demo,0.003151986438,0.003151986438,raw_action_units,0.9865867893,0.9865867893,5.472325643,"[0.97711128, 0.9997532964, 1.0078885555, 0.9615941048]","[5.4571819305, 5.5009922981, 5.5194892883, 5.4116387367]","[0.0012644366, 0.0005120576, 0.0007118267, 0.0015999936]","[0.0003475603, 0.00024217, 0.0004268351, 5.84607e-05, 0.0001011319, 0.0001203148, 0.0058580772]",0,0.003151986216,raw_action_units,2,96,769564,769564,true
527,eval_same_demo_teacher_forced,0.002939204142,0.002939204142,raw_action_units,0.9862408638,0.9862408638,5.476047834,"[0.9790167212, 0.9976876378, 1.0078785419, 0.9603805542]","[5.4652838707, 5.5020890236, 5.5236358643, 5.4131813049]","[0.0009756279, 0.0010303832, 0.0009584942, 0.0022535617]","[0.0003037518, 0.0008543516, 0.0002659109, 7.6807e-05, 6.79812e-05, 0.0001068223, 0.0074559916]",0,0.00293920402,raw_action_units,2,96,769564,769564,true
528,train_single_demo,0.003401280691,0.003401280691,raw_action_units,0.9865507285,0.9865507285,5.476902008,"[0.978921175, 0.9983909726, 1.0081869364, 0.9607035518]","[5.4655127525, 5.5035481453, 5.5244965553, 5.4140496254]","[0.0020858762, 0.0009004211, 0.0014526258, 0.003184193]","[0.0004261931, 0.0002137038, 0.0003050578, 7.67771e-05, 7.42307e-05, 0.0001110869, 0.0121334046]",0,0.003401280514,raw_action_units,2,96,769564,769564,true
528,eval_same_demo_teacher_forced,0.00309156285,0.00309156285,raw_action_units,0.9867535631,0.9867535631,5.476075172,"[0.9754866958, 1.0005489588, 1.007968545, 0.9630100131]","[5.4575328827, 5.506008625, 5.5230407715, 5.4177193642]","[0.0012381935, 0.0009905482, 0.0010244806, 0.0023303658]","[0.0004967806, 0.0007852077, 0.0002998529, 0.0001047069, 7.87887e-05, 0.0002425802, 0.0077633611]",0,0.003091562628,raw_action_units,2,96,769564,769564,true
529,train_single_demo,0.003283462177,0.003283462177,raw_action_units,0.9865536292,0.9865536292,5.475152969,"[0.9755080342, 1.0000181198, 1.0080054998, 0.9626829028]","[5.456840992, 5.5045208931, 5.5225582123, 5.4166922569]","[0.0009622721, 0.0005622722, 0.0011196295, 0.0023459916]","[0.0003343391, 0.0003657233, 0.0003357724, 8.65786e-05, 0.0001001395, 0.0001120211, 0.0073982161]",0,0.003283461999,raw_action_units,2,96,769564,769564,true
529,eval_same_demo_teacher_forced,0.003006447727,0.003006447727,raw_action_units,0.9865452051,0.9865452051,5.47406896,"[0.9785884023, 0.9990384579, 1.0090750456, 0.9594790339]","[5.4616141319, 5.5016593933, 5.5229187012, 5.4100832939]","[0.0010856993, 0.0009171829, 0.0011178252, 0.0022366426]","[0.0003223816, 0.000790166, 0.0003066034, 0.0001202579, 9.9715e-05, 0.0001694087, 0.0075668297]",0,0.003006447639,raw_action_units,2,96,769564,769564,true
530,train_single_demo,0.003483704291,0.003483704291,raw_action_units,0.9867920081,0.9867920081,5.474780401,"[0.9790436625, 0.9996169209, 1.0092625618, 0.9592447877]","[5.4629421234, 5.5028700829, 5.5235557556, 5.4097537994]","[0.0006067833, 0.0004575802, 0.0007228108, 0.0022827482]","[0.0004328859, 0.0004700455, 0.0003621908, 0.0001436835, 0.0001286106, 0.0001964029, 0.0053885444]",0,0.003483704158,raw_action_units,2,96,769564,769564,true
530,eval_same_demo_teacher_forced,0.002534093568,0.002534093568,raw_action_units,0.9870743354,0.9870743354,5.47499752,"[0.9777777791, 1.0012254715, 1.0078258514, 0.9614681602]","[5.4608511925, 5.5052371025, 5.5210967064, 5.4128036499]","[0.0009539505, 0.0008939332, 0.0007989481, 0.0021933489]","[0.0002169955, 0.0004253026, 0.0003142584, 0.0001225986, 7.92378e-05, 0.0001087378, 0.0072031841]",0,0.002534093424,raw_action_units,2,96,769564,769564,true
531,train_single_demo,0.003348269345,0.003348269345,raw_action_units,0.9868181149,0.9868181149,5.474557877,"[0.977132082, 1.0007741451, 1.0071984529, 0.9621675611]","[5.4595828056, 5.5045394897, 5.5200285912, 5.414080143]","[0.0007408117, 0.0005154572, 0.0012403295, 0.0043718852]","[0.0003300223, 0.0007018822, 0.000519369, 0.0002327103, 0.0001342949, 0.0001803493, 0.0099212173]",0,0.003348269278,raw_action_units,2,96,769564,769564,true
531,eval_same_demo_teacher_forced,0.002701910057,0.002701910057,raw_action_units,0.9869494836,0.9869494836,5.474024137,"[0.9784007072, 0.9989013672, 1.0083476305, 0.9621480107]","[5.4606194496, 5.5006451607, 5.5206718445, 5.4141592979]","[0.0008764977, 0.0010202734, 0.0007296712, 0.0023849411]","[0.0002261605, 0.0003128179, 0.0003501859, 0.0001519209, 8.65717e-05, 0.0001340164, 0.0075082476]",0,0.002701909947,raw_action_units,2,96,769564,769564,true
532,train_single_demo,0.003052602134,0.003052602134,raw_action_units,0.9871943792,0.9871943792,5.474443595,"[0.9790124893, 0.9991222024, 1.0090665817, 0.9615761638]","[5.4616508484, 5.5009989738, 5.5218844414, 5.4132390022]","[0.0006224841, 0.0005546929, 0.0008095512, 0.0012912238]","[0.0002373723, 0.0003710916, 0.0004074589, 0.000252441, 0.0001344533, 8.55208e-05, 0.004248078]",0,0.003052601946,raw_action_units,2,96,769564,769564,true
532,eval_same_demo_teacher_forced,0.003066124162,0.003066124162,raw_action_units,0.9872784019,0.9872784019,5.474134763,"[0.9789864421, 1.0000276566, 1.0095319748, 0.9605674744]","[5.4611434937, 5.5021209717, 5.5219712257, 5.4113044739]","[0.0009029782, 0.0009144591, 0.0008438761, 0.002337225]","[0.0002520338, 0.0003959012, 0.0003181779, 0.0001138437, 0.0001063762, 9.78282e-05, 0.0074632806]",0,0.003066123951,raw_action_units,2,96,769564,769564,true
533,train_single_demo,0.003345882598,0.003345882598,raw_action_units,0.987008214,0.987008214,5.47389396,"[0.9783305526, 0.9999265671, 1.0090451241, 0.9607309699]","[5.460082531, 5.5023727417, 5.5214691162, 5.4116501808]","[0.0008017334, 0.0007681723, 0.0012068457, 0.0019695458]","[0.000262873, 0.0003119558, 0.000572912, 0.0001776557, 0.000149151, 0.0001204144, 0.0067110583]",0,0.003345882431,raw_action_units,2,96,769564,769564,true
533,eval_same_demo_teacher_forced,0.002959149734,0.002959149734,raw_action_units,0.9862796267,0.9862796267,5.47550106,"[0.9772471786, 0.9983499646, 1.0086740255, 0.9608473778]","[5.460999012, 5.5029063225, 5.5241951942, 5.4139037132]","[0.0015804428, 0.0012110458, 0.0009886581, 0.0022961018]","[0.0002236907, 0.0002755233, 0.0002215466, 0.0001539209, 0.0001044612, 8.13216e-05, 0.0095729697]",0,0.002959149491,raw_action_units,2,96,769564,769564,true
534,train_single_demo,0.003017183238,0.003017183238,raw_action_units,0.9864109755,0.9864109755,5.475863616,"[0.9775611758, 0.9982377887, 1.0093355179, 0.9605095387]","[5.4616827965, 5.5027084351, 5.5257172585, 5.4133453369]","[0.0009872563, 0.0006794819, 0.0007472248, 0.001005379]","[0.0003302635, 0.0002833923, 0.0004822288, 0.0001042075, 0.0001703746, 7.42161e-05, 0.0045391661]",0,0.003017183216,raw_action_units,2,96,769564,769564,true
534,eval_same_demo_teacher_forced,0.003540062346,0.003540062346,raw_action_units,0.9865706762,0.9865706762,5.474349181,"[0.9786961675, 0.9984095693, 1.0102618933, 0.9589150548]","[5.4622321129, 5.5006766319, 5.5260491371, 5.4084382057]","[0.0011212738, 0.0009602251, 0.0009005528, 0.0024269358]","[0.000345261, 0.00030808, 0.0002391025, 0.0001094696, 9.83578e-05, 8.26639e-05, 0.0082827937]",0,0.003540062213,raw_action_units,2,96,769564,769564,true
535,train_single_demo,0.003312109582,0.003312109582,raw_action_units,0.986406366,0.986406366,5.473326365,"[0.9784191251, 0.99858886, 1.0095412731, 0.9590761065]","[5.461042881, 5.500231266, 5.5239739418, 5.4080557823]","[0.0012491908, 0.0004262819, 0.0003228784, 0.00092021]","[0.0002997161, 0.0002346196, 0.0003040674, 7.97505e-05, 9.86095e-05, 0.0001379418, 0.0039527775]",0,0.003312109526,raw_action_units,2,96,769564,769564,true
535,eval_same_demo_teacher_forced,0.00334057988,0.00334057988,raw_action_units,0.9864108364,0.9864108364,5.471431891,"[0.9775636792, 0.9999348521, 1.0081332922, 0.9600115418]","[5.4574451447, 5.5006451607, 5.5194888115, 5.4081459045]","[0.0010397509, 0.0009590622, 0.0009115185, 0.0027324532]","[0.0003604644, 0.0003259824, 0.0003096783, 0.0001528451, 0.0001213679, 8.17315e-05, 0.0085228039]",0,0.003340579747,raw_action_units,2,96,769564,769564,true
536,train_single_demo,0.003196430858,0.003196430858,raw_action_units,0.9866430362,0.9866430362,5.47187678,"[0.9776805043, 1.0002735853, 1.0086016655, 0.9600165486]","[5.4575304985, 5.5012803078, 5.5204544067, 5.4082427025]","[0.0007723149, 0.0005385563, 0.001238831, 0.0031776456]","[0.000305765, 0.0003059862, 0.0002223489, 0.0001054356, 7.97789e-05, 0.0001002517, 0.008903292]",0,0.003196430703,raw_action_units,2,96,769564,769564,true
536,eval_same_demo_teacher_forced,0.002966074971,0.002966074971,raw_action_units,0.9872289499,0.9872289499,5.474394321,"[0.9780171514, 1.000997901, 1.0097614527, 0.9601392746]","[5.4591355324, 5.5041942596, 5.5240035057, 5.410243988]","[0.0009185883, 0.0009221791, 0.0008297123, 0.0025215149]","[0.0002538867, 0.000302302, 0.0002758588, 0.0001298289, 0.0001082664, 9.82459e-05, 0.0079176016]",0,0.002966074894,raw_action_units,2,96,769564,769564,true
537,train_single_demo,0.002785612616,0.002785612616,raw_action_units,0.9870471557,0.9870471557,5.474410534,"[0.9778575897, 1.0006622076, 1.0094003677, 0.9602687359]","[5.459253788, 5.5040383339, 5.5235886574, 5.4107604027]","[0.0004334426, 0.0002599132, 0.0002813884, 0.0003593628]","[0.0002272358, 0.0002324144, 0.0003106325, 0.0001235902, 0.0001103248, 7.58435e-05, 0.001254646]",0,0.002785612519,raw_action_units,2,96,769564,769564,true
537,eval_same_demo_teacher_forced,0.003052342062,0.003052342062,raw_action_units,0.9861085812,0.9861085812,5.473897139,"[0.9766059518, 0.9993049502, 1.0079900026, 0.9605334401]","[5.4585609436, 5.5032553673, 5.5217914581, 5.4119796753]","[0.001077168, 0.0010719913, 0.000990101, 0.0025805573]","[0.0002341468, 0.0003281, 0.0002941061, 0.0001214869, 8.91843e-05, 8.44498e-05, 0.0088582067]",0,0.003052341885,raw_action_units,2,96,769564,769564,true
538,train_single_demo,0.002976292667,0.002976292667,raw_action_units,0.9862645467,0.9862645467,5.474233945,"[0.9767808914, 0.9995200038, 1.0082851648, 0.9604719281]","[5.4590325356, 5.5036845207, 5.5223870277, 5.4118323326]","[0.0008846132, 0.0008804341, 0.0012620428, 0.0013260607]","[0.0002703184, 0.000244706, 0.0004109296, 0.0001352987, 0.0001773539, 9.95437e-05, 0.0062798634]",0,0.002976292478,raw_action_units,2,96,769564,769564,true
538,eval_same_demo_teacher_forced,0.002648923857,0.002648923857,raw_action_units,0.9872190555,0.9872190555,5.475267728,"[0.9770106673, 1.0011111498, 1.0104237795, 0.9603306651]","[5.4585785866, 5.50542593, 5.5256066322, 5.4114608765]","[0.0009690103, 0.00091028, 0.0009200794, 0.0021409476]","[0.0002085652, 0.0002760932, 0.0002078485, 9.4252e-05, 5.13298e-05, 5.47284e-05, 0.0077527375]",0,0.002648923723,raw_action_units,2,96,769564,769564,true
539,train_single_demo,0.002710526266,0.002710526266,raw_action_units,0.9871324301,0.9871324301,5.474685192,"[0.9768242836, 1.0011488199, 1.0102080107, 0.9603487849]","[5.457649231, 5.5050988197, 5.5247035027, 5.4112892151]","[0.0016362675, 0.0007068568, 0.0003839587, 0.0010852745]","[0.0001840775, 0.0002946607, 0.0004899376, 8.55322e-05, 0.000110325, 5.86469e-05, 0.0054484452]",0,0.002710526188,raw_action_units,2,96,769564,769564,true
539,eval_same_demo_teacher_forced,0.002388355943,0.002388355943,raw_action_units,0.9867873589,0.9867873589,5.471928914,"[0.9761185646, 1.0015506744, 1.0090732574, 0.9604067802]","[5.4539017677, 5.5038642883, 5.5205245018, 5.409424305]","[0.0008170544, 0.0008504373, 0.0007531657, 0.0021498876]","[0.0002010188, 0.0003121468, 0.0002409223, 0.0001007757, 0.0001038973, 6.21483e-05, 0.0069775437]",0,0.00238835581,raw_action_units,2,96,769564,769564,true
540,train_single_demo,0.00255646316,0.00255646316,raw_action_units,0.9867985646,0.9867985646,5.471757412,"[0.9763196111, 1.0015565157, 1.0088649988, 0.9604530334]","[5.4542255402, 5.5037517548, 5.5199055672, 5.4091453552]","[0.000748378, 0.0002607599, 0.0003879807, 0.0022152581]","[0.0002385524, 0.0002679518, 0.0002977946, 7.66614e-05, 6.43337e-05, 5.64876e-05, 0.0053198771]",0,0.002556463083,raw_action_units,2,96,769564,769564,true
540,eval_same_demo_teacher_forced,0.002650453321,0.002650453321,raw_action_units,0.9867102106,0.9867102106,5.472594579,"[0.9765868187, 1.0007199049, 1.008357048, 0.9611771703]","[5.4560599327, 5.503341198, 5.5198059082, 5.4111709595]","[0.0008776259, 0.0009064749, 0.000738228, 0.0024080153]","[0.0002458167, 0.0003666094, 0.0002466209, 7.77592e-05, 7.53714e-05, 6.29133e-05, 0.0075530112]",0,0.002650453221,raw_action_units,2,96,769564,769564,true
541,train_single_demo,0.002629113306,0.002629113306,raw_action_units,0.9867039124,0.9867039124,5.472564379,"[0.9764497876, 1.000440836, 1.00855124, 0.961373806]","[5.4558029175, 5.5027308464, 5.5200133324, 5.4117093086]","[0.0012171139, 0.0006188742, 0.0005304745, 0.0007908134]","[0.0002149093, 0.0002643016, 0.0003351479, 7.22977e-05, 6.62599e-05, 4.71791e-05, 0.0045251381]",0,0.002629113162,raw_action_units,2,96,769564,769564,true
541,eval_same_demo_teacher_forced,0.002463799048,0.002463799048,raw_action_units,0.9871186614,0.9871186614,5.473733266,"[0.9770331383, 0.9996884465, 1.0099967718, 0.9617564082]","[5.4571666718, 5.5016846657, 5.5225563049, 5.4135241508]","[0.0008252272, 0.0008750108, 0.0007315979, 0.0020922448]","[0.0001940008, 0.000287972, 0.0002862581, 7.47326e-05, 7.54146e-05, 5.02861e-05, 0.0069484767]",0,0.002463798881,raw_action_units,2,96,769564,769564,true
542,train_single_demo,0.002439692616,0.002439692616,raw_action_units,0.9871005813,0.9871005813,5.473843416,"[0.9770314097, 0.9996900558, 1.0101065636, 0.9615742564]","[5.4572348595, 5.5019288063, 5.5229926109, 5.4132170677]","[0.0008918394, 0.0006506172, 0.0012459597, 0.0022664962]","[0.0001943762, 0.0002729135, 0.0003423577, 6.70838e-05, 9.0345e-05, 5.18076e-05, 0.007827213]",0,0.002439692528,raw_action_units,2,96,769564,769564,true
542,eval_same_demo_teacher_forced,0.002587074724,0.002587074724,raw_action_units,0.9861944715,0.9861944715,5.472856998,"[0.9770846367, 0.9980986118, 1.0094722509, 0.9601223469]","[5.4580039978, 5.5000329018, 5.5226593018, 5.4107322693]","[0.0009781003, 0.0009446169, 0.0009472345, 0.0021541452]","[0.0001979262, 0.0004533888, 0.0003022527, 7.03345e-05, 5.27362e-05, 8.5377e-05, 0.007630154]",0,0.00258707468,raw_action_units,2,96,769564,769564,true
543,train_single_demo,0.002544921706,0.002544921706,raw_action_units,0.9861258666,0.9861258666,5.47291247,"[0.9769890904, 0.9980254769, 1.0094252825, 0.9600634575]","[5.4581027031, 5.4999775887, 5.5227828026, 5.4107871056]","[0.0003198182, 0.0007634981, 0.000634174, 0.000400303]","[0.0002263681, 0.000375128, 0.0003581236, 5.94819e-05, 8.7574e-05, 4.96711e-05, 0.0025497915]",0,0.002544921601,raw_action_units,2,96,769564,769564,true
543,eval_same_demo_teacher_forced,0.00237622958,0.00237622958,raw_action_units,0.9866491556,0.9866491556,5.474553426,"[0.9768435359, 0.9996984601, 1.0095129013, 0.9605415463]","[5.4587454796, 5.5031685829, 5.5239081383, 5.4123892784]","[0.0007799179, 0.0007782271, 0.0007515835, 0.0021364412]","[0.0002070136, 0.0003040988, 0.0001891481, 5.81475e-05, 6.41776e-05, 5.40397e-05, 0.0069041713]",0,0.002376229458,raw_action_units,2,96,769564,769564,true
544,train_single_demo,0.002387826991,0.002387826991,raw_action_units,0.9867357413,0.9867357413,5.474521478,"[0.9768359661, 0.9999935031, 1.009488225, 0.9606252313]","[5.458501339, 5.5034918785, 5.5237555504, 5.41233778]","[0.0012487897, 0.0003748116, 0.0002757454, 0.0004098917]","[0.0001861491, 0.0003760031, 0.0003489814, 5.38795e-05, 6.38354e-05, 5.69025e-05, 0.002955416]",0,0.002387826863,raw_action_units,2,96,769564,769564,true
544,eval_same_demo_teacher_forced,0.002421250489,0.002421250489,raw_action_units,0.9864068826,0.9864068826,5.472789129,"[0.9768728614, 0.9996742606, 1.0089014769, 0.9601788521]","[5.4571089745, 5.5018277168, 5.5222854614, 5.4099330902]","[0.0007792363, 0.0008199567, 0.0007178112, 0.0022200136]","[0.000206533, 0.0003062588, 0.00025097, 7.04365e-05, 7.74938e-05, 7.92463e-05, 0.0069488422]",0,0.002421250389,raw_action_units,2,96,769564,769564,true
545,train_single_demo,0.00256656118,0.00256656118,raw_action_units,0.9862389167,0.9862389167,5.472387632,"[0.9768362045, 0.9993674159, 1.0086945295, 0.9600575566]","[5.4569344521, 5.5011134148, 5.5218520164, 5.4096512794]","[0.0007415441, 0.0003700404, 0.0007281455, 0.0024198028]","[0.0002092175, 0.0003532466, 0.0003069519, 6.65728e-05, 6.24065e-05, 5.13556e-05, 0.0064044311]",0,0.002566561014,raw_action_units,2,96,769564,769564,true
545,eval_same_demo_teacher_forced,0.002561395755,0.002561395755,raw_action_units,0.9867434502,0.9867434502,5.472906113,"[0.9776208997, 1.0000908375, 1.0086536407, 0.9606084824]","[5.4580702782, 5.5015807152, 5.5207123756, 5.4112606049]","[0.0008034832, 0.0008334976, 0.0006945718, 0.0022864135]","[0.0002005441, 0.0002971826, 0.0002261458, 7.62985e-05, 0.0001031268, 9.61846e-05, 0.0070819561]",0,0.002561395633,raw_action_units,2,96,769564,769564,true
546,train_single_demo,0.0027493136,0.0027493136,raw_action_units,0.9869109988,0.9869109988,5.473232269,"[0.9776730537, 1.0004082918, 1.0087711811, 0.9607916474]","[5.4581770897, 5.5022015572, 5.5208525658, 5.4116969109]","[0.0011455714, 0.0005564467, 0.0007256576, 0.0030497918]","[0.0002318602, 0.000254901, 0.0003387606, 6.51359e-05, 8.75801e-05, 7.84253e-05, 0.008528905]",0,0.002749313467,raw_action_units,2,96,769564,769564,true
546,eval_same_demo_teacher_forced,0.002442227599,0.002442227599,raw_action_units,0.9865073164,0.9865073164,5.473444939,"[0.9767283797, 0.9996125102, 1.0089718103, 0.9607165456]","[5.457010746, 5.5022702217, 5.5227189064, 5.4117789268]","[0.0007792093, 0.0008145094, 0.0008050168, 0.0021137418]","[0.0001994232, 0.0002745264, 0.000196707, 9.81026e-05, 5.18354e-05, 6.25103e-05, 0.0070137302]",0,0.002442227499,raw_action_units,2,96,769564,769564,true
547,train_single_demo,0.002550481043,0.002550481043,raw_action_units,0.9863489866,0.9863489866,5.473665237,"[0.9765862823, 0.9990968704, 1.0090038776, 0.9607090354]","[5.4572777748, 5.5019450188, 5.5232815742, 5.4121575356]","[0.000241868, 0.0003152879, 0.0003219581, 0.0011426747]","[0.0002314299, 0.000349066, 0.0002481631, 9.1669e-05, 8.44442e-05, 8.6206e-05, 0.0024471518]",0,0.002550480976,raw_action_units,2,96,769564,769564,true
547,eval_same_demo_teacher_forced,0.002595401291,0.002595401291,raw_action_units,0.986637791,0.986637791,5.476704597,"[0.9763929248, 0.9995722771, 1.0093134642, 0.9612724185]","[5.4595589638, 5.5053133965, 5.52612257, 5.4158229828]","[0.0007945418, 0.000872157, 0.0008304456, 0.0020466212]","[0.0002116904, 0.0002818856, 0.0002079433, 6.63555e-05, 5.48299e-05, 5.25678e-05, 0.0070763174]",0,0.002595401147,raw_action_units,2,96,769564,769564,true
548,train_single_demo,0.002576053841,0.002576053841,raw_action_units,0.9868116379,0.9868116379,5.476487796,"[0.9763865471, 1.0001473427, 1.0092204809, 0.9614922404]","[5.4590306282, 5.5056743622, 5.5253195763, 5.4159255028]","[0.0002532755, 0.00022718, 0.000400043, 0.0008303404]","[0.0002964407, 0.0003069497, 0.0002983625, 9.15681e-05, 5.47829e-05, 7.98646e-05, 0.0018659998]",0,0.002576053763,raw_action_units,2,96,769564,769564,true
548,eval_same_demo_teacher_forced,0.002516639574,0.002516639574,raw_action_units,0.9873818755,0.9873818755,5.474986076,"[0.9766041636, 1.0022667646, 1.0087537766, 0.9619028568]","[5.4565086365, 5.5067925453, 5.5219807625, 5.414659977]","[0.0008347075, 0.0009289049, 0.0007827726, 0.0021232304]","[0.0001847865, 0.0003015792, 0.0002356599, 7.5566e-05, 6.14115e-05, 6.34461e-05, 0.0072493777]",0,0.002516639463,raw_action_units,2,96,769564,769564,true
549,train_single_demo,0.002551199597,0.002551199597,raw_action_units,0.9872806072,0.9872806072,5.474687735,"[0.97691679, 1.0019196272, 1.0085510015, 0.9617350698]","[5.4570145607, 5.5061545372, 5.521446228, 5.4141354561]","[0.0003190324, 0.0003889135, 0.0006812827, 0.0008260198]","[0.0002586409, 0.0003211732, 0.0002527734, 0.0001013665, 8.16949e-05, 8.28343e-05, 0.0027782011]",0,0.002551199514,raw_action_units,2,96,769564,769564,true
549,eval_same_demo_teacher_forced,0.002557967401,0.002557967401,raw_action_units,0.9867007732,0.9867007732,5.474805991,"[0.977221787, 1.0005346537, 1.0080156326, 0.9610311389]","[5.4591140747, 5.5050430298, 5.5215187073, 5.4135479927]","[0.0008435841, 0.0009031966, 0.0007123064, 0.0022931483]","[0.0001933824, 0.0003652127, 0.0002681596, 7.88245e-05, 5.06072e-05, 8.65894e-05, 0.0072736368]",0,0.002557967302,raw_action_units,2,96,769564,769564,true
550,train_single_demo,0.002522518703,0.002522518703,raw_action_units,0.98678418,0.98678418,5.475190798,"[0.9770295024, 1.0005944967, 1.0083647966, 0.9611480832]","[5.4590740204, 5.50532341, 5.5223164558, 5.4140491486]","[0.0012969709, 0.0010263711, 0.000596851, 0.0009628137]","[0.0002466819, 0.0002923882, 0.0003989406, 0.0001014535, 9.69161e-05, 7.95128e-05, 0.0055793673]",0,0.002522518592,raw_action_units,2,96,769564,769564,true
550,eval_same_demo_teacher_forced,0.00265301733,0.00265301733,raw_action_units,0.9869908293,0.9869908293,5.476123492,"[0.97580266, 1.0009331703, 1.0098206997, 0.9614068866]","[5.4572644234, 5.5064964294, 5.5255446434, 5.4151864052]","[0.0008360597, 0.0009088579, 0.0007051685, 0.0022511494]","[0.0002467819, 0.0003969797, 0.0001989079, 0.0001212286, 6.83379e-05, 0.0001134125, 0.0070815138]",0,0.002653017285,raw_action_units,2,96,769564,769564,true
551,train_single_demo,0.002577573604,0.002577573604,raw_action_units,0.9869079391,0.9869079391,5.475987116,"[0.9760500789, 1.0005484819, 1.0097178221, 0.9613154531]","[5.4576854706, 5.5059571266, 5.5253586769, 5.4149460793]","[0.0011591142, 0.0005855652, 0.0007786432, 0.0031557074]","[0.0001850531, 0.0003148509, 0.0002928303, 6.66888e-05, 7.33725e-05, 0.0001029782, 0.0089025283]",0,0.002577573416,raw_action_units,2,96,769564,769564,true
551,eval_same_demo_teacher_forced,0.002698924936,0.002698924936,raw_action_units,0.9869684974,0.9869684974,5.476195017,"[0.9761655927, 1.0006974936, 1.0090899467, 0.961920917]","[5.4577827454, 5.5066623688, 5.5239620209, 5.4163737297]","[0.001195124, 0.0008990024, 0.0008774773, 0.0021345776]","[0.0002436594, 0.0003419595, 0.0003338119, 0.0001170908, 7.74878e-05, 0.0001192575, 0.0077025504]",0,0.002698924836,raw_action_units,2,96,769564,769564,true
552,train_single_demo,0.002651958804,0.002651958804,raw_action_units,0.9870566328,0.9870566328,5.476187865,"[0.9759724736, 1.0010498762, 1.0093051195, 0.9618991017]","[5.4572920799, 5.5069727898, 5.524274826, 5.4162096977]","[0.0007318451, 0.000819926, 0.0013872554, 0.0022029444]","[0.000198066, 0.0002394759, 0.0004323311, 5.38757e-05, 7.30386e-05, 5.17035e-05, 0.0079499567]",0,0.002651958771,raw_action_units,2,96,769564,769564,true
552,eval_same_demo_teacher_forced,0.002450480669,0.002450480669,raw_action_units,0.9869545698,0.9869545698,5.476444562,"[0.9756782651, 1.0012345314, 1.0100554228, 0.96085006]","[5.4573760033, 5.5071978569, 5.5265669823, 5.4146370888]","[0.0008063751, 0.0009297736, 0.0007645623, 0.0020123671]","[0.0001957807, 0.0002888758, 0.0002611539, 6.54209e-05, 7.12425e-05, 0.000108323, 0.0069070901]",0,0.002450480614,raw_action_units,2,96,769564,769564,true
553,train_single_demo,0.002382800293,0.002382800293,raw_action_units,0.9868053993,0.9868053993,5.476414363,"[0.9757370949, 1.0007712841, 1.0100641251, 0.9606490135]","[5.4576721191, 5.506690979, 5.5268759727, 5.414419651]","[0.0011210752, 0.0005981359, 0.0003748726, 0.0003358075]","[0.0001980709, 0.0002073945, 0.0003389032, 5.5463e-05, 4.43324e-05, 3.61156e-05, 0.0033720303]",0,0.002382800249,raw_action_units,2,96,769564,769564,true
553,eval_same_demo_teacher_forced,0.002551783342,0.002551783342,raw_action_units,0.9861301382,0.9861301382,5.476305962,"[0.9763727188, 0.9987015128, 1.0092977285, 0.9601486325]","[5.4601554871, 5.5045661926, 5.5270924568, 5.4134106636]","[0.0007182002, 0.0008754599, 0.0006657157, 0.0021755076]","[0.0001852727, 0.0002852943, 0.0001991144, 7.4748e-05, 7.059e-05, 5.66097e-05, 0.0068894159]",0,0.002551783231,raw_action_units,2,96,769564,769564,true
554,train_single_demo,0.002579914096,0.002579914096,raw_action_units,0.986298879,0.986298879,5.476415316,"[0.9764859676, 0.9990031123, 1.0092617273, 0.9604446292]","[5.4602813721, 5.504887104, 5.526828289, 5.413664341]","[0.0004327524, 0.0004495127, 0.0012416904, 0.0020111806]","[0.0002265966, 0.0002377204, 0.0003386023, 6.43204e-05, 8.76063e-05, 6.48374e-05, 0.006216805]",0,0.002579914051,raw_action_units,2,96,769564,769564,true
554,eval_same_demo_teacher_forced,0.00227729138,0.00227729138,raw_action_units,0.9868161678,0.9868161678,5.475932439,"[0.976228416, 1.0002659559, 1.0090148449, 0.9617554545]","[5.458542347, 5.5053119659, 5.5244483948, 5.4154267311]","[0.0007573823, 0.000786734, 0.0007176302, 0.0020877658]","[0.0002028633, 0.0004172711, 0.000215159, 6.65859e-05, 6.35259e-05, 4.42197e-05, 0.0066020214]",0,0.002277291247,raw_action_units,2,96,769564,769564,true
555,train_single_demo,0.002404387419,0.002404387419,raw_action_units,0.9866183201,0.9866183201,5.475719134,"[0.9760149121, 1.0000241995, 1.0089950562, 0.9614391327]","[5.45809412, 5.5050711632, 5.5244908333, 5.4152197838]","[0.0008256268, 0.0005518054, 0.0002742611, 0.0011048556]","[0.000216996, 0.0002695581, 0.0002887042, 7.31236e-05, 0.0001129098, 5.87039e-05, 0.003803964]",0,0.002404387286,raw_action_units,2,96,769564,769564,true
555,eval_same_demo_teacher_forced,0.002508312231,0.002508312231,raw_action_units,0.9860513608,0.9860513608,5.475283941,"[0.9758133888, 0.9993092418, 1.0091996193, 0.9598831534]","[5.4577217102, 5.5046000481, 5.5254077911, 5.4134063721]","[0.0008486893, 0.0008711198, 0.0008483275, 0.0020277833]","[0.0001843767, 0.0004214456, 0.000245976, 9.08826e-05, 4.51433e-05, 5.87469e-05, 0.0069962884]",0,0.00250831202,raw_action_units,2,96,769564,769564,true
556,train_single_demo,0.002491382572,0.002491382572,raw_action_units,0.9859694044,0.9859694044,5.475339572,"[0.9757559299, 0.9991828799, 1.0090068579, 0.9599320292]","[5.4578232765, 5.5046386719, 5.5254015923, 5.4134941101]","[0.0006194508, 0.0002236673, 0.0006263832, 0.0019080276]","[0.0001860848, 0.0002630281, 0.0002211099, 7.79066e-05, 9.27271e-05, 5.09082e-05, 0.0050189109]",0,0.002491382527,raw_action_units,2,96,769564,769564,true
556,eval_same_demo_teacher_forced,0.002348656223,0.002348656223,raw_action_units,0.9861669938,0.9861669938,5.476417065,"[0.9750631452, 0.9997942448, 1.0082887411, 0.9615218043]","[5.4574360847, 5.5066552162, 5.524951458, 5.4166235924]","[0.00075937, 0.0007670911, 0.0007137518, 0.0021280781]","[0.000246877, 0.0002980053, 0.0002968995, 8.12598e-05, 7.41493e-05, 5.91059e-05, 0.0065882127]",0,0.002348656101,raw_action_units,2,96,769564,769564,true
557,train_single_demo,0.002344743814,0.002344743814,raw_action_units,0.9862371683,0.9862371683,5.476335843,"[0.9752058983, 0.9996938705, 1.0081930161, 0.9618557096]","[5.4575476646, 5.5062174797, 5.524389267, 5.4171872139]","[0.0003423769, 0.0003698602, 0.0007878632, 0.0015705941]","[0.0001818022, 0.0002517479, 0.0002415205, 0.0001074245, 5.78532e-05, 8.53078e-05, 0.004448059]",0,0.002344743703,raw_action_units,2,96,769564,769564,true
557,eval_same_demo_teacher_forced,0.002233099115,0.002233099115,raw_action_units,0.9865593712,0.9865593712,5.475814184,"[0.976046741, 0.9992524981, 1.0087280273, 0.9622103572]","[5.4580726624, 5.504011631, 5.5238404274, 5.4173312187]","[0.0007423978, 0.0007698673, 0.0006972924, 0.0021558597]","[0.0002305587, 0.000267656, 0.000206965, 6.02232e-05, 6.55878e-05, 5.21447e-05, 0.0067563443]",0,0.002233099015,raw_action_units,2,96,769564,769564,true
558,train_single_demo,0.002393486289,0.002393486289,raw_action_units,0.986526529,0.986526529,5.47547547,"[0.9759216309, 0.9993273616, 1.0089151859, 0.9619419575]","[5.4574999809, 5.5038456917, 5.5239291191, 5.4166259766]","[0.0010664765, 0.0002918737, 0.0002828026, 0.0012849109]","[0.0001969755, 0.0002174259, 0.0002443738, 7.80502e-05, 5.67392e-05, 4.98214e-05, 0.0042772251]",0,0.002393486244,raw_action_units,2,96,769564,769564,true
558,eval_same_demo_teacher_forced,0.002290419924,0.002290419924,raw_action_units,0.9861966968,0.9861966968,5.47585392,"[0.9752804637, 0.9994627833, 1.0090917349, 0.9609518051]","[5.4570231438, 5.5052895546, 5.5260863304, 5.4150166512]","[0.000699496, 0.000785361, 0.0007105381, 0.0020972206]","[0.0001859245, 0.0003127703, 0.0001856037, 7.13887e-05, 4.16376e-05, 8.90912e-05, 0.0066256602]",0,0.002290419791,raw_action_units,2,96,769564,769564,true
559,train_single_demo,0.002362940926,0.002362940926,raw_action_units,0.9862166246,0.9862166246,5.476485411,"[0.9751561284, 0.9995954633, 1.0089384317, 0.961176455]","[5.4573559761, 5.5062141418, 5.5264582634, 5.415913105]","[0.0007187091, 0.0007857398, 0.0006856485, 0.001794669]","[0.0002284339, 0.0002197574, 0.0002517887, 4.12493e-05, 5.45279e-05, 7.6742e-05, 0.0061008413]",0,0.002362940815,raw_action_units,2,96,769564,769564,true
559,eval_same_demo_teacher_forced,0.002448920393,0.002448920393,raw_action_units,0.9871622523,0.9871622523,5.480003516,"[0.9761001468, 1.0010226965, 1.0092490911, 0.9622769952]","[5.4610214233, 5.510887146, 5.5284943581, 5.4196105003]","[0.0007509182, 0.0008528979, 0.0006609558, 0.0022829969]","[0.0001931138, 0.0002756722, 0.0002210509, 9.38617e-05, 4.31063e-05, 7.46995e-05, 0.0070570908]",0,0.002448920249,raw_action_units,2,96,769564,769564,true
560,train_single_demo,0.002402872468,0.002402872468,raw_action_units,0.9872217178,0.9872217178,5.479748249,"[0.9761336446, 1.0012131929, 1.009429574, 0.9621106982]","[5.4607615471, 5.5108370781, 5.5284805298, 5.4189133644]","[0.0007118363, 0.0001988191, 0.0008119312, 0.0032371588]","[0.0001859899, 0.0002250092, 0.0002950568, 4.22919e-05, 5.03159e-05, 5.75596e-05, 0.0078233322]",0,0.002402872379,raw_action_units,2,96,769564,769564,true
560,eval_same_demo_teacher_forced,0.002348117996,0.002348117996,raw_action_units,0.9866638184,0.9866638184,5.477046013,"[0.9751259685, 1.0006484985, 1.0095939636, 0.9612868428]","[5.4570689201, 5.5078372955, 5.5273413658, 5.4159355164]","[0.0007430627, 0.0008621239, 0.0008199995, 0.0020194005]","[0.0002356075, 0.000283483, 0.0002571877, 7.37288e-05, 5.30155e-05, 7.03078e-05, 0.0068046958]",0,0.002348117885,raw_action_units,2,96,769564,769564,true
561,train_single_demo,0.00234409313,0.00234409313,raw_action_units,0.9865925312,0.9865925312,5.477259318,"[0.9750897288, 1.000430584, 1.0096640587, 0.9611859322]","[5.4573731422, 5.5077376366, 5.527823925, 5.4161019325]","[0.0004854053, 0.000265859, 0.0010117999, 0.0026683605]","[0.0002116446, 0.0002338933, 0.0002751168, 6.52049e-05, 5.77302e-05, 7.55643e-05, 0.0068358383]",0,0.002344093064,raw_action_units,2,96,769564,769564,true
561,eval_same_demo_teacher_forced,0.002222003881,0.002222003881,raw_action_units,0.9865052501,0.9865052501,5.479415894,"[0.9756162167, 0.9996560216, 1.0099290609, 0.9608199]","[5.4609603882, 5.5086612701, 5.530564785, 5.4174766541]","[0.0007484096, 0.00079144, 0.0007305215, 0.0019729065]","[0.0001820025, 0.0002828827, 0.0001977164, 5.64314e-05, 4.25249e-05, 6.19708e-05, 0.0066022072]",0,0.00222200377,raw_action_units,2,96,769564,769564,true
562,train_single_demo,0.002309711805,0.002309711805,raw_action_units,0.9865448078,0.9865448078,5.479770978,"[0.9757007957, 0.9998426437, 1.009873271, 0.9607627988]","[5.4614634514, 5.509311676, 5.530860424, 5.4174485207]","[0.0003784585, 0.0006008713, 0.0008462634, 0.0020454372]","[0.0002236741, 0.0002721737, 0.0003566571, 7.53392e-05, 7.78811e-05, 8.56917e-05, 0.0056828861]",0,0.002309711739,raw_action_units,2,96,769564,769564,true
562,eval_same_demo_teacher_forced,0.002404469609,0.002404469609,raw_action_units,0.9875894785,0.9875894785,5.481092453,"[0.9770720601, 1.0020709038, 1.0098289251, 0.9613859057]","[5.463701725, 5.5127902031, 5.5302796364, 5.4175972939]","[0.0007673961, 0.000757888, 0.0006686305, 0.0022335842]","[0.0002059478, 0.0003281276, 0.0002053511, 0.0001070866, 5.74516e-05, 0.000103385, 0.0067407726]",0,0.002404469465,raw_action_units,2,96,769564,769564,true
563,train_single_demo,0.002375075729,0.002375075729,raw_action_units,0.9874970118,0.9874970118,5.480660121,"[0.9771521688, 1.0019251108, 1.0095287561, 0.961382091]","[5.4635491371, 5.5122151375, 5.5294537544, 5.4174208641]","[0.0001909971, 0.000251566, 0.0003362902, 0.0003189544]","[0.0002023758, 0.0002285746, 0.0004622526, 0.0001051604, 8.48037e-05, 0.0001255823, 0.0007124141]",0,0.002375075594,raw_action_units,2,96,769564,769564,true
563,eval_same_demo_teacher_forced,0.002389573803,0.002389573803,raw_action_units,0.9866927266,0.9866927266,5.477708658,"[0.9767419696, 1.0004395247, 1.008995533, 0.9605939984]","[5.4612898827, 5.5075855255, 5.5271039009, 5.4148554802]","[0.0007152713, 0.0008543662, 0.0006799067, 0.0022253199]","[0.0003046702, 0.0002682869, 0.000273322, 7.88893e-05, 5.87774e-05, 6.55795e-05, 0.0067814863]",0,0.002389573714,raw_action_units,2,96,769564,769564,true
564,train_single_demo,0.002362183256,0.002362183256,raw_action_units,0.9866218567,0.9866218567,5.477512995,"[0.9765546322, 1.0002503395, 1.0092256069, 0.9604568481]","[5.460791111, 5.5071063042, 5.5274977684, 5.4146575928]","[0.0003167314, 0.0003464423, 0.0004932319, 0.0004101114]","[0.0002180854, 0.0002190277, 0.0002782842, 0.0001051575, 8.76883e-05, 0.0001189646, 0.0017141966]",0,0.002362183184,raw_action_units,2,96,769564,769564,true
564,eval_same_demo_teacher_forced,0.002311581979,0.002311581979,raw_action_units,0.9865791798,0.9865791798,5.47801733,"[0.9757067561, 0.9996336102, 1.0101627111, 0.9608135223]","[5.4594402313, 5.5065498352, 5.5296916962, 5.416387558]","[0.0006844967, 0.0007878279, 0.0006791092, 0.0021633317]","[0.0002009628, 0.0002588204, 0.0002158668, 0.000121794, 5.71791e-05, 0.0001553699, 0.0065408465]",0,0.002311581923,raw_action_units,2,96,769564,769564,true
565,train_single_demo,0.002340755309,0.002340755309,raw_action_units,0.9865147273,0.9865147273,5.478098869,"[0.975589931, 0.9995570779, 1.0098749399, 0.9610368609]","[5.4593958855, 5.5067505836, 5.5292549133, 5.4169940948]","[0.000254211, 0.0002503384, 0.0005462404, 0.0014501169]","[0.0002276436, 0.0002017828, 0.0003014889, 5.68331e-05, 6.18737e-05, 7.19774e-05, 0.0034549863]",0,0.002340755115,raw_action_units,2,96,769564,769564,true
565,eval_same_demo_teacher_forced,0.002322633906,0.002322633906,raw_action_units,0.9866806666,0.9866806666,5.479070346,"[0.9758618474, 1.0007300377, 1.0085836649, 0.9615470767]","[5.4607615471, 5.5102458, 5.526822567, 5.418451786]","[0.0008264162, 0.0008051226, 0.0007254933, 0.0020672178]","[0.0002012331, 0.0002608579, 0.0002500041, 0.0001465673, 0.0001184475, 0.0001084898, 0.0066568372]",0,0.002322633795,raw_action_units,2,96,769564,769564,true
566,train_single_demo,0.002401025423,0.002401025423,raw_action_units,0.9867101908,0.9867101908,5.478869756,"[0.9758848548, 1.0009571314, 1.0086257458, 0.9613728523]","[5.46062994, 5.5103626251, 5.5266213417, 5.4178652763]","[0.0011158132, 0.0005128395, 0.0004016257, 0.0009887022]","[0.0002384287, 0.0002393511, 0.0003785786, 0.0001143346, 5.76358e-05, 0.0001285295, 0.0041263574]",0,0.002401025345,raw_action_units,2,96,769564,769564,true
566,eval_same_demo_teacher_forced,0.002443008746,0.002443008746,raw_action_units,0.9860889316,0.9860889316,5.477272034,"[0.976252377, 0.99981004, 1.0083180666, 0.9599753022]","[5.4610610008, 5.5075697899, 5.526134491, 5.4143238068]","[0.0009301633, 0.0007967343, 0.0007255494, 0.0020687368]","[0.0002093856, 0.0002414519, 0.00028417, 6.98789e-05, 8.0877e-05, 0.0001026126, 0.0069236956]",0,0.002443008657,raw_action_units,2,96,769564,769564,true
567,train_single_demo,0.002378668209,0.002378668209,raw_action_units,0.9860475858,0.9860475858,5.477617264,"[0.9762730598, 0.9994419217, 1.0083876848, 0.9600877762]","[5.4614186287, 5.5072288513, 5.5267939568, 5.4150280952]","[0.0003943016, 0.000289631, 0.0001783928, 0.000936929]","[0.0001617463, 0.0002807833, 0.0003099996, 6.99249e-05, 7.33888e-05, 5.29438e-05, 0.0021999085]",0,0.002378668148,raw_action_units,2,96,769564,769564,true
567,eval_same_demo_teacher_forced,0.00230427878,0.00230427878,raw_action_units,0.9867170652,0.9867170652,5.479043325,"[0.9758629799, 1.0002737045, 1.0088591576, 0.9618723392]","[5.4604301453, 5.5086417198, 5.5280051231, 5.4190979004]","[0.0006806652, 0.0007884377, 0.0006642002, 0.0022619001]","[0.000193794, 0.0002966865, 0.0002382668, 6.91526e-05, 5.66581e-05, 0.000101915, 0.0067351316]",0,0.002304278669,raw_action_units,2,96,769564,769564,true
568,train_single_demo,0.002398150585,0.002398150585,raw_action_units,0.986850818,0.986850818,5.479172866,"[0.9755735993, 1.000898242, 1.0089344978, 0.9619968534]","[5.4597067833, 5.5097184181, 5.5281252861, 5.4191398621]","[0.0003797932, 0.0003975015, 0.0008243231, 0.0025203798]","[0.00021873, 0.000368271, 0.0004532632, 6.21487e-05, 0.0001115098, 0.0001334677, 0.0058661052]",0,0.002398150396,raw_action_units,2,96,769564,769564,true
568,eval_same_demo_teacher_forced,0.002210153189,0.002210153189,raw_action_units,0.9866079092,0.9866079092,5.478161971,"[0.9749853015, 1.000530839, 1.0095627308, 0.9613527656]","[5.4576377869, 5.5087819099, 5.528629303, 5.4175972939]","[0.0006775406, 0.0007364484, 0.0006624604, 0.0020478677]","[0.0001936179, 0.0002906804, 0.0002050122, 8.77814e-05, 5.41608e-05, 5.20242e-05, 0.0063342769]",0,0.002210153089,raw_action_units,2,96,769564,769564,true
569,train_single_demo,0.002289618676,0.002289618676,raw_action_units,0.9863790671,0.9863790671,5.478114446,"[0.9749820828, 0.9999555945, 1.0095512867, 0.9610273242]","[5.4580559731, 5.5081329346, 5.5288772583, 5.4173922539]","[0.0015244158, 0.0009072945, 0.0004237317, 0.0005532457]","[0.0001945181, 0.0003997763, 0.0004202574, 6.63256e-05, 0.0001020125, 8.55977e-05, 0.0046967152]",0,0.002289618499,raw_action_units,2,96,769564,769564,true
569,eval_same_demo_teacher_forced,0.00225612785,0.00225612785,raw_action_units,0.9863619804,0.9863619804,5.479206403,"[0.975224793, 1.0000222921, 1.0096355677, 0.9605653286]","[5.460164547, 5.5090889931, 5.5297875404, 5.4177832603]","[0.0008008568, 0.0007912409, 0.0008075029, 0.0019344417]","[0.000166106, 0.0002887287, 0.0002723903, 9.06026e-05, 7.84175e-05, 6.16074e-05, 0.0066267219]",0,0.002256127784,raw_action_units,2,96,769564,769564,true
570,train_single_demo,0.002279006798,0.002279006798,raw_action_units,0.9864970644,0.9864970644,5.479558945,"[0.9752123952, 1.0004957914, 1.009634614, 0.9606454968]","[5.4602923393, 5.5100388527, 5.5300068855, 5.4178967476]","[0.0012536187, 0.000683139, 0.0003126572, 0.0004784632]","[0.0001643255, 0.0004118457, 0.0003112831, 0.0001219538, 7.7635e-05, 6.61394e-05, 0.0036206041]",0,0.002279006699,raw_action_units,2,96,769564,769564,true
570,eval_same_demo_teacher_forced,0.00231254776,0.00231254776,raw_action_units,0.9865294099,0.9865294099,5.48040088,"[0.9758325219, 1.0003107786, 1.0097560883, 0.9602181315]","[5.4622039795, 5.5108299255, 5.5317006111, 5.4168667793]","[0.0007674223, 0.0007454837, 0.000677747, 0.0019785066]","[0.0001814991, 0.000260252, 0.0002548308, 5.6088e-05, 7.58993e-05, 4.19769e-05, 0.0064254827]",0,0.00231254766,raw_action_units,2,96,769564,769564,true
571,train_single_demo,0.002338111168,0.002338111168,raw_action_units,0.9865034024,0.9865034024,5.480311076,"[0.975959003, 1.0000571012, 1.0096026659, 0.9603950381]","[5.4623923302, 5.5103707314, 5.5313057899, 5.4171767235]","[0.0011563866, 0.0003836664, 0.0004591433, 0.00182797]","[0.0002371508, 0.0002989507, 0.0002499681, 4.80948e-05, 7.60251e-05, 6.26587e-05, 0.0057246946]",0,0.002338111046,raw_action_units,2,96,769564,769564,true
571,eval_same_demo_teacher_forced,0.002249516547,0.002249516547,raw_action_units,0.9862125317,0.9862125317,5.478833834,"[0.9753745198, 0.9991237521, 1.0088318586, 0.961519897]","[5.4603714943, 5.5074753761, 5.5282721519, 5.4192142487]","[0.0007375556, 0.0007712275, 0.000633365, 0.0020979235]","[0.0002087566, 0.000274625, 0.0002539957, 6.68936e-05, 6.13825e-05, 6.00118e-05, 0.0064944602]",0,0.002249516458,raw_action_units,2,96,769564,769564,true
572,train_single_demo,0.002289944406,0.002289944406,raw_action_units,0.98638316,0.98638316,5.47880427,"[0.9749904275, 0.9997549057, 1.0089315176, 0.9618558288]","[5.4592385292, 5.5081443787, 5.5281720161, 5.4196610451]","[0.0005501387, 0.0003881085, 0.0008336651, 0.0026128318]","[0.0001742624, 0.000376742, 0.0002925943, 5.78946e-05, 5.91978e-05, 0.0001066184, 0.0066059921]",0,0.002289944284,raw_action_units,2,96,769564,769564,true
572,eval_same_demo_teacher_forced,0.002348792739,0.002348792739,raw_action_units,0.9867239396,0.9867239396,5.478282293,"[0.9745207429, 1.0004762411, 1.0096435547, 0.9622551799]","[5.4570846558, 5.508169651, 5.528263092, 5.4196109772]","[0.0007439184, 0.000895927, 0.0007098047, 0.0019596904]","[0.0001865232, 0.0002615803, 0.0002277452, 7.42115e-05, 4.98767e-05, 6.28825e-05, 0.0066785254]",0,0.002348792606,raw_action_units,2,96,769564,769564,true
573,train_single_demo,0.002384524094,0.002384524094,raw_action_units,0.9866193136,0.9866193136,5.478585879,"[0.9748678207, 0.9999471307, 1.009565711, 0.9620966315]","[5.4582495689, 5.507920742, 5.5285263062, 5.4196472168]","[0.0004402874, 0.0005861293, 0.0008808475, 0.001979782]","[0.0002414703, 0.0003668633, 0.0003495751, 7.67835e-05, 8.47731e-05, 7.99172e-05, 0.0056029484]",0,0.002384523905,raw_action_units,2,96,769564,769564,true
573,eval_same_demo_teacher_forced,0.002255115115,0.002255115115,raw_action_units,0.9859646161,0.9859646161,5.480394681,"[0.9755203724, 0.9985887408, 1.0089931488, 0.9607563019]","[5.4630966187, 5.5090909004, 5.5305466652, 5.4188437462]","[0.0006976798, 0.0008062564, 0.0007111951, 0.0019790954]","[0.0001714815, 0.000338054, 0.0001955797, 5.71157e-05, 5.95159e-05, 5.37711e-05, 0.0064643789]",0,0.002255115037,raw_action_units,2,96,769564,769564,true
574,train_single_demo,0.002363582607,0.002363582607,raw_action_units,0.9859175483,0.9859175483,5.480058988,"[0.9750635028, 0.9989698529, 1.0089029074, 0.9607338905]","[5.4620614052, 5.5094451904, 5.530195713, 5.4185318947]","[0.0009967178, 0.0003652748, 0.0005561614, 0.0012547033]","[0.0002576975, 0.0003654107, 0.0003813944, 0.0001318142, 8.6841e-05, 6.60515e-05, 0.0042632907]",0,0.002363582541,raw_action_units,2,96,769564,769564,true
574,eval_same_demo_teacher_forced,0.002171681495,0.002171681495,raw_action_units,0.9862219095,0.9862219095,5.480021795,"[0.9743353724, 1.0005899668, 1.0092738867, 0.960688591]","[5.4598326683, 5.5117163658, 5.5303902626, 5.4181480408]","[0.0006707669, 0.0007564487, 0.0007474076, 0.0021759497]","[0.0002979546, 0.0004243636, 0.0002549331, 8.37811e-05, 6.25591e-05, 9.6524e-05, 0.0063933865]",0,0.002171681396,raw_action_units,2,96,769564,769564,true
575,train_single_demo,0.002271134173,0.002271134173,raw_action_units,0.9862916867,0.9862916867,5.480076154,"[0.9745156169, 1.0005241632, 1.0093872547, 0.9607397914]","[5.4598922729, 5.5115685463, 5.5305614471, 5.4182839394]","[0.0010571735, 0.0006737104, 0.0007047193, 0.0004805343]","[0.0002244529, 0.0002155636, 0.0004729662, 7.43588e-05, 0.0001247292, 8.11031e-05, 0.003910067]",0,0.00227113414,raw_action_units,2,96,769564,769564,true
575,eval_same_demo_teacher_forced,0.002252339929,0.002252339929,raw_action_units,0.9865108331,0.9865108331,5.478581746,"[0.9752430916, 0.999438107, 1.0098549128, 0.9615072608]","[5.4592814445, 5.5073571205, 5.5294213295, 5.4182667732]","[0.0006388806, 0.0006990079, 0.0007036327, 0.0020858899]","[0.0002169762, 0.000372686, 0.0001929096, 8.83062e-05, 7.30226e-05, 5.8551e-05, 0.0062205177]",0,0.002252339785,raw_action_units,2,96,769564,769564,true
576,train_single_demo,0.002332684817,0.002332684817,raw_action_units,0.9865388672,0.9865388672,5.478691419,"[0.9750432968, 0.9994597435, 1.0098313093, 0.9618211389]","[5.4589982033, 5.5073390007, 5.5295548439, 5.4188733101]","[0.0008213421, 0.0005607998, 0.0007093915, 0.0027652259]","[0.0001971747, 0.0002296023, 0.0004678064, 6.85088e-05, 0.0001018601, 7.81649e-05, 0.0073562115]",0,0.002332684717,raw_action_units,2,96,769564,769564,true
576,eval_same_demo_teacher_forced,0.002180637559,0.002180637559,raw_action_units,0.986334602,0.986334602,5.477825642,"[0.9748796821, 0.9986351132, 1.0093587637, 0.9624649882]","[5.4584498405, 5.5050868988, 5.5277171135, 5.4200472832]","[0.0006537516, 0.0007490383, 0.0006982944, 0.0020165888]","[0.0001804316, 0.0002995496, 0.0002371667, 7.45295e-05, 9.14301e-05, 9.95173e-05, 0.0062233028]",0,0.002180637526,raw_action_units,2,96,769564,769564,true
577,train_single_demo,0.002312471547,0.002312471547,raw_action_units,0.9862927993,0.9862927993,5.477721373,"[0.9750275016, 0.9987273216, 1.0092220306, 0.9621944427]","[5.4586677551, 5.5053992271, 5.5272407532, 5.4195771217]","[0.001311304, 0.0009674102, 0.0004959843, 0.0009559144]","[0.0001640114, 0.000219404, 0.0005677265, 5.37126e-05, 0.0001368438, 5.06027e-05, 0.0053362716]",0,0.002312471469,raw_action_units,2,96,769564,769564,true
577,eval_same_demo_teacher_forced,0.002264726907,0.002264726907,raw_action_units,0.9859390457,0.9859390457,5.478607496,"[0.9745926857, 0.9997124672, 1.0092049837, 0.9602459073]","[5.4588265419, 5.5095596313, 5.5293602943, 5.4166827202]","[0.0007498788, 0.0007893587, 0.0007945923, 0.0020467821]","[0.0001775886, 0.0003281435, 0.0002287123, 9.22931e-05, 0.0001228058, 5.0272e-05, 0.0066662543]",0,0.002264726818,raw_action_units,2,96,769564,769564,true
578,train_single_demo,0.002351533389,0.002351533389,raw_action_units,0.986024936,0.986024936,5.479316711,"[0.9743764997, 1.0001231432, 1.0091941357, 0.9604060054]","[5.4589104652, 5.5108866692, 5.5300369263, 5.4174332619]","[0.0003824609, 0.0003767621, 0.0003922202, 0.0013553881]","[0.0002032774, 0.0002096541, 0.0003984187, 4.59375e-05, 6.16725e-05, 4.20421e-05, 0.0034259523]",0,0.002351533355,raw_action_units,2,96,769564,769564,true
578,eval_same_demo_teacher_forced,0.002224371846,0.002224371846,raw_action_units,0.9867509405,0.9867509405,5.48250548,"[0.9750677943, 1.0005254745, 1.009381175, 0.9620293975]","[5.4620985985, 5.5132231712, 5.5321583748, 5.4225406647]","[0.0006827256, 0.0007048565, 0.0007017704, 0.001987234]","[0.0001572911, 0.0002838749, 0.0002047078, 6.05725e-05, 0.000117142, 6.50902e-05, 0.0062453472]",0,0.002224371724,raw_action_units,2,96,769564,769564,true
579,train_single_demo,0.002201448311,0.002201448311,raw_action_units,0.9867447416,0.9867447416,5.482261499,"[0.974994123, 1.000423789, 1.00928545, 0.9622755647]","[5.4616913795, 5.5127182007, 5.53175354, 5.4228835106]","[0.0007498739, 0.0004686969, 0.0003698701, 0.0007177633]","[0.0002060764, 0.0002363312, 0.0003780799, 6.86022e-05, 9.44149e-05, 6.24126e-05, 0.0029899401]",0,0.002201448239,raw_action_units,2,96,769564,769564,true
579,eval_same_demo_teacher_forced,0.002216778308,0.002216778308,raw_action_units,0.9866602023,0.9866602023,5.479742368,"[0.97504282, 1.0005161762, 1.0086379051, 0.9624438286]","[5.4595932961, 5.5102901459, 5.5278954506, 5.4211883545]","[0.0006332214, 0.0006899679, 0.0007062306, 0.00200828]","[0.0001874424, 0.0002606185, 0.0002197136, 5.69009e-05, 5.38759e-05, 4.35162e-05, 0.0062439069]",0,0.002216778163,raw_action_units,2,96,769564,769564,true
580,train_single_demo,0.002232465272,0.002232465272,raw_action_units,0.9865862528,0.9865862528,5.479773204,"[0.974950254, 1.0006443262, 1.0086861849, 0.9620642066]","[5.4595909119, 5.51086092, 5.5281410217, 5.4204993248]","[0.0004645827, 0.0003633081, 0.0009415732, 0.0013770462]","[0.0001922998, 0.0002065031, 0.0004217133, 5.42671e-05, 0.0001014274, 5.1621e-05, 0.0044785612]",0,0.002232465183,raw_action_units,2,96,769564,769564,true
580,eval_same_demo_teacher_forced,0.002145205392,0.002145205392,raw_action_units,0.9864372611,0.9864372611,5.481274287,"[0.9750652313, 1.0007915497, 1.0092579126, 0.9606342316]","[5.4616446495, 5.5135712624, 5.5309967995, 5.4188847542]","[0.0005945349, 0.00080081, 0.0006342456, 0.0021270656]","[0.0002044242, 0.000282284, 0.0002200591, 6.85229e-05, 6.94819e-05, 7.08413e-05, 0.0063585341]",0,0.002145205314,raw_action_units,2,96,769564,769564,true
581,train_single_demo,0.002157894235,0.002157894235,raw_action_units,0.9864953558,0.9864953558,5.481387138,"[0.9749923348, 1.0007804632, 1.009436965, 0.9607715607]","[5.4614624977, 5.5135536194, 5.5313096046, 5.4192223549]","[0.0009328409, 0.0007620472, 0.0002535829, 0.0002536551]","[0.0001928094, 0.0001968403, 0.0003087559, 6.47494e-05, 8.0554e-05, 5.45601e-05, 0.0029554516]",0,0.002157894185,raw_action_units,2,96,769564,769564,true
581,eval_same_demo_teacher_forced,0.002128638172,0.002128638172,raw_action_units,0.9866684874,0.9866684874,5.48161157,"[0.9737105966, 1.0012478828, 1.0103911161, 0.9613243937]","[5.4584832191, 5.5140814781, 5.533405304, 5.4204764366]","[0.0006437136, 0.0007396879, 0.0006612893, 0.0019643889]","[0.000172451, 0.000303762, 0.0002307788, 8.71847e-05, 5.86494e-05, 4.77886e-05, 0.006115274]",0,0.002128638061,raw_action_units,2,96,769564,769564,true
582,train_single_demo,0.00219828814,0.00219828814,raw_action_units,0.9866699775,0.9866699775,5.481512388,"[0.9737517238, 1.0011817217, 1.0104494095, 0.9612970948]","[5.4584145546, 5.513818264, 5.5333991051, 5.4204163551]","[0.0010385852, 0.0005910131, 0.0005714312, 0.0020562825]","[0.0002077139, 0.0001910334, 0.0002525141, 4.72116e-05, 9.34124e-05, 7.64212e-05, 0.0065819887]",0,0.00219828804,raw_action_units,2,96,769564,769564,true
582,eval_same_demo_teacher_forced,0.002209571578,0.002209571578,raw_action_units,0.985976855,0.985976855,5.480202198,"[0.9732904434, 0.9997269511, 1.009835124, 0.9610551]","[5.4572920799, 5.5111346245, 5.5322785378, 5.4201049805]","[0.0006946758, 0.0007379565, 0.0007465792, 0.0020373603]","[0.0002311487, 0.0002639885, 0.0002448946, 8.92642e-05, 5.66641e-05, 9.62967e-05, 0.0063967444]",0,0.002209571501,raw_action_units,2,96,769564,769564,true
583,train_single_demo,0.002198608592,0.002198608592,raw_action_units,0.985919555,0.985919555,5.480177561,"[0.9731966853, 0.9996914864, 1.009683609, 0.96110636]","[5.4572563171, 5.5111708641, 5.5320091248, 5.4202742577]","[0.0002751788, 0.0002696287, 0.0004641318, 0.0008140575]","[0.0001891177, 0.0001804081, 0.0002506487, 4.87864e-05, 4.31763e-05, 5.36379e-05, 0.0024244692]",0,0.002198608415,raw_action_units,2,96,769564,769564,true
583,eval_same_demo_teacher_forced,0.002209086437,0.002209086437,raw_action_units,0.9864931107,0.9864931107,5.481766383,"[0.9727532268, 1.0016858578, 1.0097607374, 0.9617724419]","[5.4570717812, 5.5154213905, 5.5325717926, 5.4219994545]","[0.0006631936, 0.0007789657, 0.000656543, 0.0020081124]","[0.0001876564, 0.0003069198, 0.0001932486, 9.21951e-05, 8.69326e-05, 7.93705e-05, 0.0062406021]",0,0.002209086326,raw_action_units,2,96,769564,769564,true
584,train_single_demo,0.002203203388,0.002203203388,raw_action_units,0.986508131,0.986508131,5.481770992,"[0.9728758335, 1.0018310547, 1.009649992, 0.9616755843]","[5.45728302, 5.5157413483, 5.532263279, 5.4217963219]","[0.0003198575, 0.0002075888, 0.0002058325, 0.0008740926]","[0.0001657221, 0.0002353193, 0.0002816064, 6.96387e-05, 6.36059e-05, 6.35098e-05, 0.0019334975]",0,0.00220320325,raw_action_units,2,96,769564,769564,true
584,eval_same_demo_teacher_forced,0.002120952743,0.002120952743,raw_action_units,0.9859869083,0.9859869083,5.481579145,"[0.9735457301, 1.0009349585, 1.0087275505, 0.9607394338]","[5.4592804909, 5.5150818825, 5.5318131447, 5.4201407433]","[0.0006180416, 0.000770346, 0.0006449446, 0.0021024267]","[0.0001879327, 0.00031696, 0.0002838582, 9.21746e-05, 9.04292e-05, 5.31811e-05, 0.0062130415]",0,0.002120952698,raw_action_units,2,96,769564,769564,true
585,train_single_demo,0.00216160443,0.00216160443,raw_action_units,0.9859519005,0.9859519005,5.481526057,"[0.9736661911, 1.0007448196, 1.0087490082, 0.9606475234]","[5.4595565796, 5.5146994591, 5.531894207, 5.4199542999]","[0.0004536104, 0.0007406433, 0.0006977947, 0.0021701911]","[0.0002237631, 0.0003045138, 0.0003810211, 5.90948e-05, 9.27619e-05, 6.48044e-05, 0.0059829596]",0,0.002161604308,raw_action_units,2,96,769564,769564,true
585,eval_same_demo_teacher_forced,0.002064678197,0.002064678197,raw_action_units,0.9862791896,0.9862791896,5.482107957,"[0.9735090733, 1.0006059408, 1.0098701715, 0.9611317515]","[5.4590687752, 5.5139603615, 5.5337729454, 5.4216294289]","[0.000593562, 0.0007058769, 0.0006264549, 0.0019739794]","[0.0001542371, 0.000241425, 0.0002069861, 6.17376e-05, 7.15606e-05, 4.56144e-05, 0.0060432162]",0,0.002064678108,raw_action_units,2,96,769564,769564,true
586,train_single_demo,0.002149365726,0.002149365726,raw_action_units,0.9862767458,0.9862767458,5.482244651,"[0.9733715057, 1.0005925894, 1.0100051165, 0.9611379504]","[5.458878994, 5.5140776634, 5.5341181755, 5.4219036102]","[0.000254032, 0.0001942545, 0.000737383, 0.0014542142]","[0.0001418426, 0.0002379176, 0.0003065229, 6.95888e-05, 0.0001046542, 6.14414e-05, 0.0036978291]",0,0.002149365621,raw_action_units,2,96,769564,769564,true
586,eval_same_demo_teacher_forced,0.002096595398,0.002096595398,raw_action_units,0.9864881039,0.9864881039,5.483306408,"[0.9733059406, 1.0012216568, 1.010653019, 0.9607719779]","[5.4593701363, 5.5162377357, 5.5360312462, 5.4215855598]","[0.0006709437, 0.0007905839, 0.0007399043, 0.0018943251]","[0.0001790941, 0.000247252, 0.0002406461, 6.25156e-05, 4.99359e-05, 5.87085e-05, 0.0063294228]",0,0.002096595331,raw_action_units,2,96,769564,769564,true
587,train_single_demo,0.002126723217,0.002126723217,raw_action_units,0.98632737,0.98632737,5.482832114,"[0.9733371735, 1.0009621382, 1.0104259253, 0.9605843425]","[5.4593310356, 5.515619278, 5.5355153084, 5.4208621979]","[0.0010965739, 0.0004403001, 0.0005460379, 0.0008384243]","[0.0001731433, 0.0001868775, 0.0003815081, 9.13175e-05, 0.0001209102, 6.58495e-05, 0.0040927315]",0,0.002126723084,raw_action_units,2,96,769564,769564,true
587,eval_same_demo_teacher_forced,0.002035935875,0.002035935875,raw_action_units,0.9861044486,0.9861044486,5.481861273,"[0.9737830758, 1.000243783, 1.0100506544, 0.9603403211]","[5.4599094391, 5.5135421753, 5.5344924927, 5.4195022583]","[0.0006257945, 0.0006840581, 0.0006215838, 0.002016505]","[0.000188663, 0.000239482, 0.0001842598, 6.93793e-05, 4.46706e-05, 5.37546e-05, 0.0061286874]",0,0.002035935809,raw_action_units,2,96,769564,769564,true
588,train_single_demo,0.002082732894,0.002082732894,raw_action_units,0.9861536026,0.9861536026,5.482004484,"[0.9738004804, 1.0002108812, 1.0100154877, 0.9605873227]","[5.4600219727, 5.5134415627, 5.5344119072, 5.4201431274]","[0.0008582108, 0.000635941, 0.0010454579, 0.001157922]","[0.0002045424, 0.000261084, 0.000235699, 6.7737e-05, 9.11783e-05, 7.68182e-05, 0.0055336221]",0,0.002082732817,raw_action_units,2,96,769564,769564,true
588,eval_same_demo_teacher_forced,0.002083697977,0.002083697977,raw_action_units,0.9864732822,0.9864732822,5.482887745,"[0.9744974971, 1.0002681017, 1.0097521544, 0.9613754749]","[5.4616909027, 5.5137805939, 5.5339813232, 5.422097683]","[0.0005681707, 0.0006568661, 0.0006020307, 0.0022578489]","[0.0001856607, 0.0002504741, 0.0001916146, 7.16173e-05, 4.97741e-05, 4.38342e-05, 0.0063556279]",0,0.002083697844,raw_action_units,2,96,769564,769564,true
589,train_single_demo,0.002144794096,0.002144794096,raw_action_units,0.9864781499,0.9864781499,5.482884407,"[0.9744100571, 1.0003956556, 1.0097044706, 0.9614024758]","[5.4615006447, 5.5141010284, 5.53388834, 5.4220461845]","[0.0011168632, 0.0005124316, 0.0004690235, 0.0003216666]","[0.0001865249, 0.0002106164, 0.0003229582, 5.2448e-05, 7.48262e-05, 4.02855e-05, 0.003347314]",0,0.002144794024,raw_action_units,2,96,769564,769564,true
589,eval_same_demo_teacher_forced,0.002176209508,0.002176209508,raw_action_units,0.9861516356,0.9861516356,5.482690175,"[0.9746276736, 0.9995558858, 1.0097444057, 0.9606783986]","[5.4624581337, 5.5133576393, 5.534509182, 5.4204349518]","[0.0006151366, 0.0007389763, 0.0007163897, 0.0020522217]","[0.0002157137, 0.000335204, 0.0002220224, 7.10165e-05, 7.40031e-05, 6.63641e-05, 0.0062304433]",0,0.002176209397,raw_action_units,2,96,769564,769564,true
590,train_single_demo,0.002164788234,0.002164788234,raw_action_units,0.9861865044,0.9861865044,5.483127753,"[0.9746884704, 0.9995212555, 1.0098108053, 0.9607256055]","[5.4630179405, 5.5136227608, 5.5349030495, 5.4209666252]","[0.0010120354, 0.0007206177, 0.0006498592, 0.002409423]","[0.0002008361, 0.0002473727, 0.0002262686, 5.47836e-05, 5.84162e-05, 5.75894e-05, 0.007540619]",0,0.002164788101,raw_action_units,2,96,769564,769564,true
590,eval_same_demo_teacher_forced,0.00213953193,0.00213953193,raw_action_units,0.9862512747,0.9862512747,5.484277884,"[0.9738407135, 1.000150919, 1.0095721483, 0.9614412785]","[5.4623980522, 5.5155587196, 5.5353217125, 5.4238333702]","[0.0006403592, 0.0007772121, 0.0006903747, 0.0019342289]","[0.0001745215, 0.0002955435, 0.0002356083, 7.6878e-05, 7.40541e-05, 5.19679e-05, 0.0061652325]",0,0.002139531874,raw_action_units,2,96,769564,769564,true
591,train_single_demo,0.002095884488,0.002095884488,raw_action_units,0.9862962961,0.9862962961,5.484260718,"[0.9736497998, 1.0005640984, 1.0096189976, 0.9613521695]","[5.4618344307, 5.51623106, 5.5354857445, 5.4234919548]","[0.0007191487, 0.0003029314, 0.0007769223, 0.0017585781]","[0.0002091975, 0.0002293382, 0.000215351, 6.19641e-05, 9.35751e-05, 5.0759e-05, 0.0053655817]",0,0.002095884422,raw_action_units,2,96,769564,769564,true
591,eval_same_demo_teacher_forced,0.002200311593,0.002200311593,raw_action_units,0.9859520992,0.9859520992,5.48287487,"[0.9725281596, 1.0011640787, 1.0092846155, 0.9608317018]","[5.4583992958, 5.5166935921, 5.5343704224, 5.4220356941]","[0.0006485657, 0.0008804814, 0.0007498727, 0.0020821779]","[0.0001825564, 0.0002758908, 0.0002031642, 0.0001172004, 8.33119e-05, 6.24371e-05, 0.0067073605]",0,0.002200311493,raw_action_units,2,96,769564,769564,true
592,train_single_demo,0.002194652877,0.002194652877,raw_action_units,0.985918959,0.985918959,5.482968648,"[0.9727271199, 1.0009374619, 1.0092352629, 0.9607759118]","[5.4589781761, 5.5164985657, 5.5342726707, 5.4221243858]","[0.0005493172, 0.0003742784, 0.0006337542, 0.0013725156]","[0.0001576068, 0.000300032, 0.000243415, 8.144e-05, 7.34403e-05, 6.2002e-05, 0.004209328]",0,0.002194652777,raw_action_units,2,96,769564,769564,true
592,eval_same_demo_teacher_forced,0.002076226131,0.002076226131,raw_action_units,0.9864421686,0.9864421686,5.484937986,"[0.9732640386, 1.0014289618, 1.0092761517, 0.9617993236]","[5.4614090919, 5.5185828209, 5.5349183083, 5.4248423576]","[0.0005777628, 0.0006767772, 0.0006639303, 0.0019661787]","[0.0001868002, 0.000246841, 0.0001679488, 6.97602e-05, 6.66083e-05, 5.25324e-05, 0.0060076448]",0,0.002076226065,raw_action_units,2,96,769564,769564,true
593,train_single_demo,0.002096945109,0.002096945109,raw_action_units,0.986472408,0.986472408,5.484991709,"[0.9731299877, 1.0016379356, 1.0092550516, 0.9618665576]","[5.4611926079, 5.51902771, 5.5349755287, 5.4247708321]","[0.0003520985, 0.00037528, 0.0007854276, 0.0015003929]","[0.0002217131, 0.000377608, 0.0003141533, 0.0001163917, 7.34768e-05, 7.05837e-05, 0.0040991711]",0,0.002096944976,raw_action_units,2,96,769564,769564,true
593,eval_same_demo_teacher_forced,0.002046145033,0.002046145033,raw_action_units,0.9862798055,0.9862798055,5.484270891,"[0.9732216001, 1.0010215044, 1.0096555948, 0.9612205029]","[5.4610619545, 5.5174231529, 5.5357728004, 5.422826767]","[0.0005661019, 0.0006999295, 0.0006579892, 0.0020599144]","[0.0002454417, 0.0002587872, 0.0002971767, 4.7002e-05, 5.37052e-05, 6.5287e-05, 0.0060044867]",0,0.002046144967,raw_action_units,2,96,769564,769564,true
594,train_single_demo,0.002165393904,0.002165393904,raw_action_units,0.9862423738,0.9862423738,5.48420016,"[0.9734921455, 1.0006643534, 1.0098581314, 0.9609549046]","[5.4615044594, 5.5167059898, 5.5361075401, 5.4224829674]","[0.0002852502, 0.0002055396, 0.0003724549, 0.0024370865]","[0.0001971315, 0.0003184454, 0.0002451283, 0.0001001304, 8.91872e-05, 5.1403e-05, 0.0047741537]",0,0.002165393726,raw_action_units,2,96,769564,769564,true
594,eval_same_demo_teacher_forced,0.002152839365,0.002152839365,raw_action_units,0.9856376648,0.9856376648,5.483186086,"[0.9728643298, 0.9988248944, 1.0098208189, 0.9610407948]","[5.4600539207, 5.5131058693, 5.5359482765, 5.4236354828]","[0.0006261811, 0.000677828, 0.0006008365, 0.0020449734]","[0.0001885581, 0.0002534953, 0.0002291456, 7.53706e-05, 7.01091e-05, 4.12575e-05, 0.0060542468]",0,0.002152839321,raw_action_units,2,96,769564,769564,true
595,train_single_demo,0.002194827733,0.002194827733,raw_action_units,0.9857352177,0.9857352177,5.483119329,"[0.9725887775, 0.9991050363, 1.0098643303, 0.9613826871]","[5.4593086243, 5.5133423805, 5.5357575417, 5.4240679741]","[0.0009401476, 0.0008205206, 0.0005227121, 0.0005251905]","[0.0001643263, 0.000280871, 0.0003025174, 7.21386e-05, 6.47265e-05, 7.65145e-05, 0.0039539044]",0,0.0021948276,raw_action_units,2,96,769564,769564,true
595,eval_same_demo_teacher_forced,0.002121524032,0.002121524032,raw_action_units,0.9862985412,0.9862985412,5.484377861,"[0.9722620845, 1.0005283356, 1.0101932287, 0.9622107148]","[5.4588031769, 5.5162682533, 5.5366821289, 5.425755024]","[0.0006001757, 0.0006911723, 0.0006602954, 0.0019961335]","[0.000175572, 0.0002684547, 0.0002683255, 6.52335e-05, 5.22708e-05, 4.3646e-05, 0.0060351063]",0,0.002121523998,raw_action_units,2,96,769564,769564,true
596,train_single_demo,0.00220506941,0.00220506941,raw_action_units,0.9862962763,0.9862962763,5.484372616,"[0.9726111889, 1.0003314018, 1.0102983713, 0.9619442821]","[5.4594039917, 5.5159440041, 5.5369281769, 5.4252147675]","[0.0005057112, 0.0005927446, 0.0008488906, 0.0018044111]","[0.0002158498, 0.0002665744, 0.0002990941, 9.04951e-05, 9.5112e-05, 8.04298e-05, 0.0055180206]",0,0.00220506931,raw_action_units,2,96,769564,769564,true
596,eval_same_demo_teacher_forced,0.002010666067,0.002010666067,raw_action_units,0.9852871497,0.9852871497,5.481216749,"[0.9730879664, 0.9980128407, 1.0095686913, 0.9604792595]","[5.4591197968, 5.5100765228, 5.5344600677, 5.4212107658]","[0.0005643165, 0.0006727366, 0.0006966158, 0.0020117331]","[0.000161078, 0.0002992117, 0.0002277761, 7.17122e-05, 5.95329e-05, 8.74326e-05, 0.0059977095]",0,0.002010666011,raw_action_units,2,96,769564,769564,true
597,train_single_demo,0.002047900305,0.002047900305,raw_action_units,0.9851969481,0.9851969481,5.48105526,"[0.9730426669, 0.9979158044, 1.0093774796, 0.9604517817]","[5.4591317177, 5.5098032951, 5.53409338, 5.4211902618]","[0.0003071251, 0.0002964242, 0.0004281642, 0.0004586315]","[0.0001698766, 0.0002023635, 0.0002954295, 4.21738e-05, 8.2176e-05, 3.93926e-05, 0.0017766916]",0,0.002047900288,raw_action_units,2,96,769564,769564,true
597,eval_same_demo_teacher_forced,0.002075565436,0.002075565436,raw_action_units,0.9857866565,0.9857866565,5.484048684,"[0.9733987451, 0.9993276596, 1.0097128153, 0.9607073665]","[5.4619636536, 5.5139980316, 5.5366988182, 5.4235343933]","[0.0005618928, 0.0006723957, 0.0007139433, 0.0019948566]","[0.0001715145, 0.0003485784, 0.0002005468, 9.06391e-05, 6.37876e-05, 8.23604e-05, 0.005942978]",0,0.002075565358,raw_action_units,2,96,769564,769564,true
598,train_single_demo,0.002215494324,0.002215494324,raw_action_units,0.9860137304,0.9860137304,5.484903177,"[0.9735726714, 0.9998036027, 1.0099056959, 0.9607728124]","[5.4626746178, 5.5154700279, 5.5376000404, 5.4238686562]","[0.0005062222, 0.0003330118, 0.0004926095, 0.0026665286]","[0.0001868999, 0.0002081356, 0.0002390659, 4.57824e-05, 9.7188e-05, 7.70247e-05, 0.006143054]",0,0.00221549418,raw_action_units,2,96,769564,769564,true
598,eval_same_demo_teacher_forced,0.002252458595,0.002252458595,raw_action_units,0.9856554071,0.9856554071,5.484585762,"[0.9726979136, 0.9999895096, 1.0090714693, 0.9608629346]","[5.4607105255, 5.5169258118, 5.5369267464, 5.4237799644]","[0.0005504217, 0.0006656211, 0.0006906755, 0.0021019496]","[0.0001927738, 0.0003379233, 0.0001784213, 5.85694e-05, 5.08911e-05, 5.40213e-05, 0.0061425692]",0,0.00225245855,raw_action_units,2,96,769564,769564,true
599,train_single_demo,0.002291734835,0.002291734835,raw_action_units,0.9856322209,0.9856322209,5.484243711,"[0.9725399017, 0.9999828339, 1.0089774132, 0.9610285759]","[5.4600872993, 5.516462326, 5.536315918, 5.4241104126]","[0.0009641771, 0.0006587424, 0.0003722743, 0.0005475802]","[0.0001857981, 0.0002743812, 0.0002872386, 6.99076e-05, 9.57539e-05, 4.79017e-05, 0.0034888731]",0,0.002291734685,raw_action_units,2,96,769564,769564,true
599,eval_same_demo_teacher_forced,0.002092645581,0.002092645581,raw_action_units,0.985741059,0.985741059,5.482876778,"[0.9736514091, 0.9993114471, 1.0089948177, 0.9610064626]","[5.461101532, 5.5128364563, 5.5339074135, 5.4236602783]","[0.0005731107, 0.0006941195, 0.0007556323, 0.0020387887]","[0.0002382051, 0.0003041603, 0.0002716504, 5.05698e-05, 9.59905e-05, 6.21941e-05, 0.0060851197]",0,0.002092645548,raw_action_units,2,96,769564,769564,true
600,train_single_demo,0.002202972459,0.002202972459,raw_action_units,0.9859165748,0.9859165748,5.483186404,"[0.9740373492, 0.9996030331, 1.0091648102, 0.9608613849]","[5.4618668556, 5.5133547783, 5.5342254639, 5.4232983589]","[0.0009806887, 0.0006887266, 0.0011335447, 0.0025781842]","[0.0001976838, 0.0002082083, 0.0002886531, 7.13002e-05, 5.25624e-05, 6.94654e-05, 0.0085291285]",0,0.002202972415,raw_action_units,2,96,769564,769564,true
600,eval_same_demo_teacher_forced,0.002111197915,0.002111197915,raw_action_units,0.9859668016,0.9859668016,5.483594259,"[0.9735975266, 1.0006337166, 1.009681344, 0.9599545002]","[5.4611167908, 5.5162596703, 5.5363430977, 5.4206581116]","[0.0005715647, 0.0006897553, 0.0007338605, 0.0019730094]","[0.0001760966, 0.0002617593, 0.0001925091, 7.38009e-05, 7.63747e-05, 5.48814e-05, 0.0061089098]",0,0.002111197848,raw_action_units,2,96,769564,769564,true
601,train_single_demo,0.002157599898,0.002157599898,raw_action_units,0.9859946569,0.9859946569,5.483952204,"[0.9734339118, 1.000903964, 1.0097974539, 0.9598433971]","[5.4610919952, 5.5172080994, 5.5369486809, 5.42056036]","[0.0007970969, 0.0005695502, 0.0006597423, 0.0016587181]","[0.0002224526, 0.0002416441, 0.0002974161, 6.65127e-05, 9.08994e-05, 4.78456e-05, 0.0054821675]",0,0.002157599798,raw_action_units,2,96,769564,769564,true
601,eval_same_demo_teacher_forced,0.00197766046,0.00197766046,raw_action_units,0.985940973,0.985940973,5.485339801,"[0.9723531604, 1.001127243, 1.010207057, 0.9600763321]","[5.4603037834, 5.5193443298, 5.5388183594, 5.4228930473]","[0.0005930752, 0.0006607156, 0.0006432681, 0.0018978586]","[0.0001783783, 0.0002322482, 0.0001908534, 6.40206e-05, 5.30801e-05, 7.08465e-05, 0.0058516781]",0,0.001977660383,raw_action_units,2,96,769564,769564,true
602,train_single_demo,0.002098078684,0.002098078684,raw_action_units,0.9860408306,0.9860408306,5.485488256,"[0.9724218845, 1.0010043383, 1.0102965832, 0.9604403377]","[5.4604325294, 5.5189452171, 5.5387587547, 5.4238171577]","[0.0009143194, 0.0004669283, 0.0005604359, 0.0007350454]","[0.0001840022, 0.0002697065, 0.0003855538, 0.0001115549, 0.0001264239, 7.99175e-05, 0.003527117]",0,0.002098078573,raw_action_units,2,96,769564,769564,true
602,eval_same_demo_teacher_forced,0.002113143913,0.002113143913,raw_action_units,0.9858948588,0.9858948588,5.483708064,"[0.9725376964, 0.9994133115, 1.0102368593, 0.9613916278]","[5.4593520164, 5.5142035484, 5.5371565819, 5.4241204262]","[0.0006048753, 0.0007118899, 0.0006593396, 0.0019114166]","[0.0001869882, 0.0002205154, 0.0001940346, 9.8336e-05, 8.32794e-05, 5.41538e-05, 0.0059658554]",0,0.00211314378,raw_action_units,2,96,769564,769564,true
603,train_single_demo,0.002136489299,0.002136489299,raw_action_units,0.9858615001,0.9858615001,5.483655771,"[0.9726050496, 0.9994300008, 1.0099644661, 0.9614462852]","[5.4595527649, 5.5143208504, 5.5366287231, 5.4241185188]","[0.0002536743, 0.0001873766, 0.0002359509, 0.0010536463]","[0.0002178399, 0.000210856, 0.0003591027, 6.50422e-05, 0.0001076282, 8.99288e-05, 0.0019782363]",0,0.002136489155,raw_action_units,2,96,769564,769564,true
603,eval_same_demo_teacher_forced,0.002110107724,0.002110107724,raw_action_units,0.9862650832,0.9862650832,5.485713005,"[0.9728016853, 1.0011351109, 1.0092986822, 0.961824894]","[5.4613204002, 5.5190558434, 5.5365672112, 5.4259095192]","[0.000521856, 0.0007488392, 0.0006368862, 0.001996415]","[0.0001819446, 0.0002362019, 0.0002168049, 0.0001537341, 5.80606e-05, 6.52777e-05, 0.0059199701]",0,0.002110107669,raw_action_units,2,96,769564,769564,true
604,train_single_demo,0.00212613175,0.00212613175,raw_action_units,0.9862735669,0.9862735669,5.485737324,"[0.9726927876, 1.0014588833, 1.0093688965, 0.9615736604]","[5.4611053467, 5.5195755959, 5.5367302895, 5.4255371094]","[0.0006874162, 0.00061456, 0.0007886846, 0.0007581344]","[0.0002676044, 0.0002681371, 0.0001743657, 0.0001177559, 9.79569e-05, 6.8777e-05, 0.003990795]",0,0.002126131739,raw_action_units,2,96,769564,769564,true
604,eval_same_demo_teacher_forced,0.002000536459,0.002000536459,raw_action_units,0.9858549436,0.9858549436,5.484493574,"[0.9732270241, 1.0002561808, 1.0094128847, 0.9605236053]","[5.4615082741, 5.5167851448, 5.5363898277, 5.4232902527]","[0.0004993554, 0.0006538431, 0.0006028031, 0.0020231844]","[0.0001829069, 0.0002278235, 0.0002017897, 7.92325e-05, 5.82029e-05, 6.73857e-05, 0.0057962337]",0,0.002000536415,raw_action_units,2,96,769564,769564,true
605,train_single_demo,0.002042261496,0.002042261496,raw_action_units,0.9859068394,0.9859068394,5.484695117,"[0.9734668732, 0.9999704361, 1.009518981, 0.9606711268]","[5.4620928764, 5.5164237022, 5.5366530418, 5.4236106873]","[0.001003855, 0.000397126, 0.0004273471, 0.0020795446]","[0.0001999794, 0.0001906096, 0.0002511643, 0.0001785122, 9.11737e-05, 7.02793e-05, 0.0058570593]",0,0.00204226144,raw_action_units,2,96,769564,769564,true
605,eval_same_demo_teacher_forced,0.002123580857,0.002123580857,raw_action_units,0.9858511289,0.9858511289,5.484943708,"[0.9732736945, 0.9990186691, 1.0096712112, 0.96144104]","[5.4621310234, 5.5152878761, 5.5370535851, 5.4253029823]","[0.0006528869, 0.0008168127, 0.0006711008, 0.0020489828]","[0.0002286674, 0.0003329098, 0.0001821347, 8.88604e-05, 8.16925e-05, 6.84844e-05, 0.0063493713]",0,0.002123580802,raw_action_units,2,96,769564,769564,true
606,train_single_demo,0.002094899809,0.002094899809,raw_action_units,0.9859861533,0.9859861533,5.485034307,"[0.9729318023, 0.9996177554, 1.0098329782, 0.9615620971]","[5.4613318443, 5.5162239075, 5.5371551514, 5.4254264832]","[0.000288444, 0.0002906765, 0.000232243, 0.0003267229]","[0.000158445, 0.0002940439, 0.0003060184, 8.09311e-05, 9.75067e-05, 8.17219e-05, 0.0009729841]",0,0.002094899703,raw_action_units,2,96,769564,769564,true
606,eval_same_demo_teacher_forced,0.002120236168,0.002120236168,raw_action_units,0.986020565,0.986020565,5.484716733,"[0.9723712802, 1.0007443428, 1.0103141069, 0.9606523514]","[5.4599528313, 5.5178189278, 5.5378136635, 5.4232811928]","[0.0006043228, 0.0008053693, 0.0006868846, 0.0018628793]","[0.0001638471, 0.0002289831, 0.0002158632, 8.53903e-05, 5.5617e-05, 6.07366e-05, 0.0061186105]",0,0.002120236024,raw_action_units,2,96,769564,769564,true
607,train_single_demo,0.002109152925,0.002109152925,raw_action_units,0.9858056704,0.9858056704,5.484408696,"[0.9724807143, 1.0003300905, 1.0100442171, 0.96036762]","[5.4602065086, 5.5171318054, 5.5374741554, 5.4228229523]","[0.000633042, 0.0005799373, 0.0003780415, 0.0008953293]","[0.0001425505, 0.0002677929, 0.000330813, 7.24345e-05, 9.15425e-05, 6.94547e-05, 0.0033765242]",0,0.002109152886,raw_action_units,2,96,769564,769564,true
607,eval_same_demo_teacher_forced,0.002004853683,0.002004853683,raw_action_units,0.9855598807,0.9855598807,5.484398524,"[0.9732850194, 0.999804318, 1.0090032816, 0.960146904]","[5.4621944427, 5.5165085793, 5.5365319252, 5.422358036]","[0.0004975287, 0.0006746961, 0.0006247542, 0.0019155419]","[0.0001854623, 0.0002235017, 0.0001843803, 7.29548e-05, 7.52611e-05, 6.63855e-05, 0.0056889658]",0,0.002004853583,raw_action_units,2,96,769564,769564,true
608,train_single_demo,0.001995265717,0.001995265717,raw_action_units,0.985800902,0.985800902,5.484895706,"[0.9732281566, 1.0002139807, 1.0091975927, 0.9605638981]","[5.4621319771, 5.5172343254, 5.5370364189, 5.423181057]","[0.0010584431, 0.000524983, 0.0006677466, 0.0008656623]","[0.000162211, 0.0002429231, 0.0002353847, 5.57857e-05, 5.15898e-05, 6.45423e-05, 0.0046420246]",0,0.001995265661,raw_action_units,2,96,769564,769564,true
608,eval_same_demo_teacher_forced,0.002017041125,0.002017041125,raw_action_units,0.9867054423,0.9867054423,5.486967405,"[0.9731192589, 1.0018291473, 1.0101402998, 0.9617331028]","[5.4620404243, 5.5205817223, 5.5392971039, 5.4259490967]","[0.0005004108, 0.0006472441, 0.0006101586, 0.0023796458]","[0.0001758107, 0.0003009185, 0.0002014879, 8.84371e-05, 7.61218e-05, 7.26624e-05, 0.0063251145]",0,0.002017041047,raw_action_units,2,96,769564,769564,true
609,train_single_demo,0.002122073357,0.002122073357,raw_action_units,0.9866739909,0.9866739909,5.48684454,"[0.9732139111, 1.0016611814, 1.010234952, 0.9615860581]","[5.4620857239, 5.520280838, 5.5393257141, 5.4256844521]","[0.0008369841, 0.000337435, 0.0010639188, 0.0033365476]","[0.0002003779, 0.0002172224, 0.0003224542, 6.14466e-05, 8.88254e-05, 4.60935e-05, 0.0088196285]",0,0.002122073301,raw_action_units,2,96,769564,769564,true
609,eval_same_demo_teacher_forced,0.002145644976,0.002145644976,raw_action_units,0.9855121374,0.9855121374,5.484137694,"[0.9728538394, 0.9989982247, 1.0101760626, 0.9600203037]","[5.4606099129, 5.5152263641, 5.5386505127, 5.422062397]","[0.0004904682, 0.0006201348, 0.0007131455, 0.0020914283]","[0.0002007761, 0.0004084351, 0.0001940631, 7.90003e-05, 5.81455e-05, 5.51123e-05, 0.0058560274]",0,0.002145644898,raw_action_units,2,96,769564,769564,true
610,train_single_demo,0.002069807922,0.002069807922,raw_action_units,0.9855810006,0.9855810006,5.484349569,"[0.9726944566, 0.9991877079, 1.0102421045, 0.9601995945]","[5.4604377747, 5.5156154633, 5.5387177467, 5.4226264954]","[0.0006804289, 0.0003231425, 0.0006119904, 0.0013285665]","[0.0001888455, 0.0002336846, 0.0002754895, 4.6397e-05, 5.42266e-05, 4.24057e-05, 0.0043111751]",0,0.002069807744,raw_action_units,2,96,769564,769564,true
610,eval_same_demo_teacher_forced,0.002122372855,0.002122372855,raw_action_units,0.985929052,0.985929052,5.487356186,"[0.9725179076, 1.0004444122, 1.010057807, 0.9606961608]","[5.4628434181, 5.5202345848, 5.5403084755, 5.4260382652]","[0.0005582574, 0.0006973446, 0.0008694971, 0.001852807]","[0.0002171153, 0.000256063, 0.0002304977, 8.10413e-05, 4.94565e-05, 4.67529e-05, 0.006080409]",0,0.002122372744,raw_action_units,2,96,769564,769564,true
611,train_single_demo,0.002251260836,0.002251260836,raw_action_units,0.9858510494,0.9858510494,5.487472216,"[0.9723830223, 1.0004605055, 1.0099529028, 0.9606081843]","[5.4628300667, 5.5205931664, 5.5404191017, 5.4260458946]","[0.0005877853, 0.00074456, 0.0003630165, 0.0014951822]","[0.0002090992, 0.0002097865, 0.0002703542, 7.31741e-05, 7.12166e-05, 6.6732e-05, 0.004683089]",0,0.002251260781,raw_action_units,2,96,769564,769564,true
611,eval_same_demo_teacher_forced,0.002021404294,0.002021404294,raw_action_units,0.9863201777,0.9863201777,5.488654455,"[0.9725996852, 1.0015341043, 1.0106428862, 0.9605038166]","[5.4634213448, 5.5228390694, 5.5429725647, 5.425383091]","[0.0005199798, 0.0006467027, 0.000614244, 0.001919332]","[0.0001609991, 0.0002256033, 0.0001810099, 6.29209e-05, 7.86684e-05, 5.44325e-05, 0.0057118181]",0,0.002021404249,raw_action_units,2,96,769564,769564,true
612,train_single_demo,0.002222131084,0.002222131084,raw_action_units,0.9864077965,0.9864077965,5.488584836,"[0.9726724029, 1.0015417337, 1.0105646849, 0.960852325]","[5.4633464813, 5.5225424767, 5.5426793098, 5.4257717133]","[0.0006419574, 0.0009166324, 0.0005888088, 0.0030607602]","[0.0002475167, 0.000190251, 0.0003471786, 7.27005e-05, 0.0001076398, 5.56411e-05, 0.0080933496]",0,0.002222130962,raw_action_units,2,96,769564,769564,true
612,eval_same_demo_teacher_forced,0.002108029788,0.002108029788,raw_action_units,0.9862141609,0.9862141609,5.486548583,"[0.9725151658, 1.0000883341, 1.0099412203, 0.9623117447]","[5.4615731239, 5.518225193, 5.5389704704, 5.427423954]","[0.0004732213, 0.0006750133, 0.0006721744, 0.0022779715]","[0.0002034765, 0.0002746289, 0.0002496377, 9.4458e-05, 5.36393e-05, 5.0255e-05, 0.0062460708]",0,0.002108029755,raw_action_units,2,96,769564,769564,true
613,train_single_demo,0.002143774414,0.002143774414,raw_action_units,0.9861935774,0.9861935774,5.486552874,"[0.9723751545, 0.999881804, 1.0100160837, 0.9625012875]","[5.4613528252, 5.517935276, 5.5390248299, 5.4278979301]","[0.000246968, 0.0002109187, 0.0005741807, 0.0009718638]","[0.0001693052, 0.0002951871, 0.0002972698, 0.0001264174, 9.02985e-05, 5.94085e-05, 0.0024689932]",0,0.002143774359,raw_action_units,2,96,769564,769564,true
613,eval_same_demo_teacher_forced,0.002071259699,0.002071259699,raw_action_units,0.986956656,0.986956656,5.489063104,"[0.9722676873, 1.0013669729, 1.0103496313, 0.963842392]","[5.4624938965, 5.5217928886, 5.5401358604, 5.4318299294]","[0.0005160926, 0.0006240905, 0.0005982464, 0.0019029817]","[0.0001664518, 0.0002422657, 0.0001776536, 6.31121e-05, 6.70854e-05, 7.24574e-05, 0.0055834432]",0,0.002071259632,raw_action_units,2,96,769564,769564,true
614,train_single_demo,0.002070494113,0.002070494113,raw_action_units,0.9869995515,0.9869995515,5.489450296,"[0.9723187089, 1.0014646053, 1.0104734898, 0.9637413025]","[5.4628424644, 5.5223007202, 5.540813446, 5.4318432808]","[0.0008493198, 0.0005424529, 0.0002542795, 0.0004382027]","[0.0001730896, 0.0002166861, 0.0002370342, 0.0001185307, 8.10265e-05, 7.78249e-05, 0.0027432542]",0,0.002070494085,raw_action_units,2,96,769564,769564,true
614,eval_same_demo_teacher_forced,0.002031840927,0.002031840927,raw_action_units,0.9865744909,0.9865744909,5.489494483,"[0.9724358916, 1.0004050732, 1.0111829042, 0.9622740746]","[5.4635100365, 5.5212903023, 5.5437560081, 5.4294223785]","[0.0005019516, 0.000659205, 0.0006860088, 0.0018705698]","[0.0001733566, 0.0002747149, 0.0002055811, 7.78187e-05, 5.91855e-05, 7.6332e-05, 0.0056390478]",0,0.002031840827,raw_action_units,2,96,769564,769564,true
615,train_single_demo,0.002029544751,0.002029544751,raw_action_units,0.98650678,0.98650678,5.489152908,"[0.9723345637, 1.0002781153, 1.0112994909, 0.9621150494]","[5.4630179405, 5.5207467079, 5.5438313484, 5.4290156364]","[0.0005238219, 0.0003812886, 0.0005966069, 0.0016377616]","[0.0001515544, 0.0002044194, 0.0003093639, 5.00962e-05, 4.8881e-05, 7.17434e-05, 0.0046580299]",0,0.002029544718,raw_action_units,2,96,769564,769564,true
615,eval_same_demo_teacher_forced,0.001976060603,0.001976060603,raw_action_units,0.9863530795,0.9863530795,5.487953345,"[0.9720826149, 1.000026226, 1.0112692118, 0.9620344043]","[5.4615721703, 5.5187854767, 5.5429439545, 5.4285125732]","[0.0004987884, 0.0006881226, 0.0006348774, 0.0018629463]","[0.0001525192, 0.0002346359, 0.0002077654, 7.09585e-05, 5.7121e-05, 8.08452e-05, 0.0056444407]",0,0.001976060459,raw_action_units,2,96,769564,769564,true
616,train_single_demo,0.002076734245,0.002076734245,raw_action_units,0.98654749,0.98654749,5.48833402,"[0.9721155167, 1.0004616976, 1.0111819506, 0.962430656]","[5.4616827965, 5.5196013451, 5.5427889824, 5.4292635918]","[0.00048293, 0.0003097497, 0.0004588755, 0.0017625691]","[0.0001697518, 0.0002936051, 0.0002926401, 6.58095e-05, 5.9944e-05, 9.06478e-05, 0.0043023187]",0,0.002076734212,raw_action_units,2,96,769564,769564,true
616,eval_same_demo_teacher_forced,0.00197823206,0.00197823206,raw_action_units,0.9863304297,0.9863304297,5.488204956,"[0.9718237519, 1.0001362562, 1.0100415945, 0.9633202553]","[5.4613251686, 5.5197100639, 5.5408592224, 5.4309253693]","[0.0005023914, 0.0005934202, 0.0006515798, 0.0019730115]","[0.0002649281, 0.0002515336, 0.0002230255, 7.14417e-05, 6.42605e-05, 7.5819e-05, 0.0055596973]",0,0.001978231949,raw_action_units,2,96,769564,769564,true
617,train_single_demo,0.002084353318,0.002084353318,raw_action_units,0.9862263004,0.9862263004,5.488302231,"[0.9718003869, 0.9998602867, 1.0098253489, 0.9634191394]","[5.461566925, 5.5195960999, 5.540664196, 5.4313807487]","[0.0004458278, 0.0005439239, 0.000465762, 0.0016180277]","[0.0002078123, 0.0002451801, 0.0002316039, 4.88724e-05, 4.6888e-05, 6.44377e-05, 0.0045339023]",0,0.002084353318,raw_action_units,2,96,769564,769564,true
617,eval_same_demo_teacher_forced,0.00209003912,0.00209003912,raw_action_units,0.9867466887,0.9867466887,5.490035852,"[0.9718761444, 1.0011739731, 1.0106474161, 0.9632892013]","[5.4625072479, 5.5228638649, 5.5423927307, 5.4323792458]","[0.0005045449, 0.00063089, 0.000682846, 0.0019493432]","[0.0002300714, 0.0002512651, 0.0002144015, 6.87101e-05, 5.72527e-05, 0.0001088466, 0.0056627938]",0,0.002090038998,raw_action_units,2,96,769564,769564,true
618,train_single_demo,0.002312943107,0.002312943107,raw_action_units,0.9867557685,0.9867557685,5.49004523,"[0.9718510509, 1.0013264418, 1.0106898546, 0.9631557465]","[5.4624385834, 5.5231018066, 5.5424208641, 5.4322180748]","[0.0010372626, 0.0008806901, 0.0004869381, 0.0020061994]","[0.0002154242, 0.0002248863, 0.0001931589, 6.15272e-05, 5.91746e-05, 0.0001170975, 0.0068481383]",0,0.002312942985,raw_action_units,2,96,769564,769564,true
618,eval_same_demo_teacher_forced,0.002177037842,0.002177037842,raw_action_units,0.9858181874,0.9858181874,5.488680522,"[0.9721916318, 0.9994475842, 1.0101879835, 0.9614455104]","[5.4633870125, 5.5201420784, 5.542822361, 5.4283709526]","[0.000426011, 0.0006376258, 0.0006546436, 0.0019909106]","[0.0001969758, 0.0002495784, 0.0001735438, 6.95235e-05, 6.6572e-05, 6.85655e-05, 0.0056663249]",0,0.002177037742,raw_action_units,2,96,769564,769564,true
619,train_single_demo,0.002221651686,0.002221651686,raw_action_units,0.9857765039,0.9857765039,5.48874712,"[0.9720146656, 0.9995104671, 1.0100163221, 0.9615645409]","[5.4632053375, 5.5204238892, 5.542760849, 5.4285969734]","[0.0004786794, 0.0003565402, 0.0010491492, 0.0010685833]","[0.0002773461, 0.0003033697, 0.0002192237, 7.62441e-05, 7.78066e-05, 0.0001124286, 0.0041012471]",0,0.002221651508,raw_action_units,2,96,769564,769564,true
619,eval_same_demo_teacher_forced,0.002365635398,0.002365635398,raw_action_units,0.9870061874,0.9870061874,5.491126537,"[0.9719932675, 1.0022768974, 1.0107244253, 0.9630301595]","[5.4630031586, 5.5253448486, 5.5440602303, 5.4320969582]","[0.00045581, 0.0006523852, 0.0007376146, 0.0025737544]","[0.000201666, 0.0004822243, 0.0002327234, 7.24213e-05, 9.51265e-05, 8.02774e-05, 0.0065697976]",0,0.002365635264,raw_action_units,2,96,769564,769564,true
620,train_single_demo,0.002533872612,0.002533872612,raw_action_units,0.9871483644,0.9871483644,5.490751902,"[0.9720921516, 1.0026130676, 1.0108782053, 0.9630100131]","[5.4624838829, 5.5252861977, 5.5436000824, 5.4316372871]","[0.0009845005, 0.0006982193, 0.0008458951, 0.0030667835]","[0.0003514226, 0.0004299404, 0.0002985829, 7.29974e-05, 7.3519e-05, 0.0001225972, 0.0084428871]",0,0.002533872479,raw_action_units,2,96,769564,769564,true
620,eval_same_demo_teacher_forced,0.002334486072,0.002334486072,raw_action_units,0.9861278931,0.9861278931,5.486572266,"[0.970559895, 1.0011940002, 1.0105214119, 0.962236166]","[5.4564990997, 5.5206413269, 5.5406489372, 5.428498745]","[0.0005143424, 0.0006641596, 0.0007792373, 0.0021234157]","[0.0002813909, 0.0003560362, 0.0003080471, 5.33949e-05, 6.79397e-05, 7.86218e-05, 0.00599659]",0,0.002334485895,raw_action_units,2,96,769564,769564,true
621,train_single_demo,0.002343937211,0.002343937211,raw_action_units,0.9859242042,0.9859242042,5.486654123,"[0.9705136418, 1.0006597042, 1.0102908611, 0.9622325897]","[5.4569716454, 5.5201182365, 5.5405516624, 5.4289755821]","[0.0007378822, 0.0004410314, 0.000825991, 0.0019463692]","[0.0002424596, 0.0003700262, 0.0002533905, 4.73855e-05, 7.80518e-05, 8.67715e-05, 0.0058366437]",0,0.002343937134,raw_action_units,2,96,769564,769564,true
621,eval_same_demo_teacher_forced,0.002137845615,0.002137845615,raw_action_units,0.985932827,0.985932827,5.489591757,"[0.9713259339, 0.9996377826, 1.0103201866, 0.9624474049]","[5.4622149467, 5.5208277702, 5.54296875, 5.4323558807]","[0.0004867844, 0.0006354433, 0.0007623904, 0.0018261386]","[0.0001736503, 0.0002600747, 0.0002407743, 6.1722e-05, 4.34784e-05, 0.0001296239, 0.0055844993]",0,0.002137845471,raw_action_units,2,96,769564,769564,true
622,train_single_demo,0.002283641448,0.002283641448,raw_action_units,0.9860323668,0.9860323668,5.490095615,"[0.9715177417, 0.9997785687, 1.0102937222, 0.962539494]","[5.4630150795, 5.5214543343, 5.5432434082, 5.4326691628]","[0.0006643767, 0.0002899116, 0.0005725436, 0.0009425147]","[0.0002811502, 0.0004575108, 0.0003523208, 8.81864e-05, 9.71099e-05, 7.5004e-05, 0.0029700743]",0,0.002283641359,raw_action_units,2,96,769564,769564,true
622,eval_same_demo_teacher_forced,0.001969626406,0.001969626406,raw_action_units,0.9856586456,0.9856586456,5.488721212,"[0.9714732766, 0.9997339249, 1.0092037916, 0.9622235298]","[5.4620223045, 5.5211157799, 5.5410246849, 5.4307217598]","[0.0004562621, 0.0006014576, 0.0006466671, 0.0019106591]","[0.0001583945, 0.0002307338, 0.0002076681, 7.02144e-05, 7.21231e-05, 9.98208e-05, 0.0054873764]",0,0.001969626351,raw_action_units,2,96,769564,769564,true
623,train_single_demo,0.002121124417,0.002121124417,raw_action_units,0.9855957429,0.9855957429,5.488393148,"[0.9713843465, 0.9999370575, 1.0090366602, 0.9620248675]","[5.4615044594, 5.5212993622, 5.5406403542, 5.4301280975]","[0.001013209, 0.0006180662, 0.0008020129, 0.0005124563]","[0.0002554337, 0.0002692538, 0.0002694357, 6.27445e-05, 5.8678e-05, 0.0001159254, 0.004123582]",0,0.002121124239,raw_action_units,2,96,769564,769564,true
623,eval_same_demo_teacher_forced,0.002102859706,0.002102859706,raw_action_units,0.9858823617,0.9858823617,5.488528887,"[0.9713467956, 1.000739336, 1.0099850893, 0.961458385]","[5.4611458778, 5.5215363503, 5.5423731804, 5.4290595055]","[0.0005230169, 0.0006857629, 0.0006229905, 0.0020142698]","[0.0001583558, 0.0002591418, 0.0003285473, 8.30218e-05, 0.0001303363, 8.40807e-05, 0.0056870859]",0,0.002102859584,raw_action_units,2,96,769564,769564,true
624,train_single_demo,0.002174142981,0.002174142981,raw_action_units,0.9859378735,0.9859378735,5.488792102,"[0.9711949825, 1.0006028414, 1.0101668835, 0.9617866874]","[5.460955143, 5.5213389397, 5.5428085327, 5.430065155]","[0.0005185524, 0.0003675541, 0.0008936858, 0.0014815377]","[0.0001370493, 0.0002668966, 0.0002785959, 0.0001159165, 0.0001136602, 0.0001262046, 0.0046690046]",0,0.002174142926,raw_action_units,2,96,769564,769564,true
624,eval_same_demo_teacher_forced,0.001921513816,0.001921513816,raw_action_units,0.9856784145,0.9856784145,5.488340855,"[0.9706150889, 0.9993562698, 1.0099164248, 0.9628257751]","[5.459728241, 5.5194888115, 5.5419011116, 5.4322447777]","[0.0004627597, 0.0006147848, 0.0005983855, 0.0018893928]","[0.0001650619, 0.000246128, 0.0002400589, 7.60007e-05, 5.74376e-05, 8.00626e-05, 0.0053745657]",0,0.001921513783,raw_action_units,2,96,769564,769564,true
625,train_single_demo,0.002055827063,0.002055827063,raw_action_units,0.9856062929,0.9856062929,5.487979253,"[0.9704806805, 0.9995205998, 1.0098282099, 0.9625955224]","[5.4592680931, 5.5198025703, 5.5414185524, 5.431427002]","[0.0003305649, 0.0002678095, 0.0005352179, 0.0004359289]","[0.0002074573, 0.0002906892, 0.0002753663, 7.01831e-05, 0.0001663736, 9.25811e-05, 0.0016440115]",0,0.002055826952,raw_action_units,2,96,769564,769564,true
625,eval_same_demo_teacher_forced,0.00187502879,0.00187502879,raw_action_units,0.9855125348,0.9855125348,5.487386227,"[0.9706149697, 1.0002416372, 1.0106164217, 0.9605768323]","[5.4593834877, 5.5211815834, 5.5419654846, 5.4270133972]","[0.0004665802, 0.0006021977, 0.0006206523, 0.0018137599]","[0.0001708017, 0.0002412325, 0.0001963525, 7.10902e-05, 6.4857e-05, 6.10164e-05, 0.0053252317]",0,0.001875028724,raw_action_units,2,96,769564,769564,true
626,train_single_demo,0.002130742728,0.002130742728,raw_action_units,0.9855187337,0.9855187337,5.487518152,"[0.9705316424, 1.000161767, 1.0109130144, 0.9604685903]","[5.4593529701, 5.5210356712, 5.5425581932, 5.4271264076]","[0.0007739167, 0.0006467968, 0.0012173265, 0.0017897449]","[0.0002461209, 0.0001803234, 0.0002858093, 8.37619e-05, 0.0001280014, 5.48959e-05, 0.0067697107]",0,0.002130742584,raw_action_units,2,96,769564,769564,true
626,eval_same_demo_teacher_forced,0.001820468111,0.001820468111,raw_action_units,0.9854954878,0.9854954878,5.488694986,"[0.9708585739, 0.999294579, 1.0109754801, 0.9608533382]","[5.4610362053, 5.5207295418, 5.5445747375, 5.4284396172]","[0.0004406733, 0.0005806987, 0.0005962478, 0.0018620618]","[0.0001709205, 0.000306631, 0.0001740248, 6.66509e-05, 9.33451e-05, 5.76176e-05, 0.0052202526]",0,0.001820468033,raw_action_units,2,96,769564,769564,true
627,train_single_demo,0.001898449768,0.001898449768,raw_action_units,0.9855625629,0.9855625629,5.488519351,"[0.9707913399, 0.9995932579, 1.0105457306, 0.9613199234]","[5.4605650902, 5.5209712982, 5.5436668396, 5.4288744926]","[0.000318988, 0.0002146215, 0.0003203392, 0.0006205554]","[0.0001797329, 0.0002086743, 0.0002010943, 9.0671e-05, 9.1694e-05, 5.27673e-05, 0.0017557483]",0,0.001898449757,raw_action_units,2,96,769564,769564,true
627,eval_same_demo_teacher_forced,0.002287611986,0.002287611986,raw_action_units,0.9860334794,0.9860334794,5.488827387,"[0.9701880813, 1.001583457, 1.0097775459, 0.962584734]","[5.4585571289, 5.5241303444, 5.5422997475, 5.4303226471]","[0.0004262888, 0.0005378635, 0.0006860588, 0.0022307672]","[0.0001831717, 0.0003007242, 0.0002441928, 7.65794e-05, 7.05213e-05, 6.10487e-05, 0.0058554732]",0,0.002287611809,raw_action_units,2,96,769564,769564,true
628,train_single_demo,0.002292614081,0.002292614081,raw_action_units,0.9860024452,0.9860024452,5.488721848,"[0.9701726437, 1.0016452074, 1.0098341703, 0.9623578191]","[5.4584746361, 5.5241408348, 5.5421891212, 5.4300818443]","[0.0004144648, 0.000475247, 0.0003096219, 0.000605539]","[0.0001770047, 0.0003341656, 0.0002298855, 8.68077e-05, 7.71739e-05, 5.07238e-05, 0.0022027662]",0,0.002292614031,raw_action_units,2,96,769564,769564,true
628,eval_same_demo_teacher_forced,0.002168782366,0.002168782366,raw_action_units,0.985728542,0.985728542,5.485634963,"[0.9700527191, 1.001167655, 1.0104118586, 0.9612819552]","[5.4557342529, 5.5206160545, 5.5393276215, 5.4268622398]","[0.0004259991, 0.0005264624, 0.0006934128, 0.002115295]","[0.0001594701, 0.0002536756, 0.0002379134, 9.59726e-05, 6.90041e-05, 5.19836e-05, 0.0057140272]",0,0.002168782233,raw_action_units,2,96,769564,769564,true
629,train_single_demo,0.002179070609,0.002179070609,raw_action_units,0.985551695,0.985551695,5.485207558,"[0.9697710872, 1.0008159876, 1.0103700161, 0.9612498283]","[5.4550995827, 5.5199584961, 5.5392508507, 5.4265208244]","[0.0001655317, 0.0001689145, 0.0002898774, 0.0006032664]","[0.0001563234, 0.0003515446, 0.0003242425, 6.68437e-05, 7.51968e-05, 3.99996e-05, 0.0011341319]",0,0.002179070465,raw_action_units,2,96,769564,769564,true
629,eval_same_demo_teacher_forced,0.001988400007,0.001988400007,raw_action_units,0.98541828,0.98541828,5.48674949,"[0.9686341286, 1.0010730028, 1.0100778341, 0.9618883133]","[5.454726696, 5.5227661133, 5.5406098366, 5.4288959503]","[0.0005128082, 0.0006219552, 0.0007802648, 0.0019405863]","[0.0001560577, 0.0003024024, 0.0002623714, 8.41889e-05, 4.67396e-05, 7.51539e-05, 0.0058204108]",0,0.001988399951,raw_action_units,2,96,769564,769564,true
630,train_single_demo,0.002078166193,0.002078166193,raw_action_units,0.9856270154,0.9856270154,5.488026301,"[0.9689373374, 1.001396656, 1.0101748705, 0.9619992375]","[5.4562964439, 5.5242810249, 5.5416865349, 5.4298419952]","[0.000277982, 0.0002536086, 0.0002878256, 0.0009761706]","[0.0002056679, 0.0002791206, 0.0002872709, 7.68617e-05, 5.11447e-05, 6.1688e-05, 0.002180523]",0,0.002078166098,raw_action_units,2,96,769564,769564,true
630,eval_same_demo_teacher_forced,0.002194393116,0.002194393116,raw_action_units,0.986034294,0.986034294,5.490270774,"[0.9704060555, 1.0018416643, 1.0102354288, 0.9616539478]","[5.4608006477, 5.5265831947, 5.5436515808, 5.4300475121]","[0.0004595141, 0.0005675593, 0.00074711, 0.0019747573]","[0.0002344202, 0.0003121386, 0.0003119098, 7.01038e-05, 4.25214e-05, 5.96435e-05, 0.0055299085]",0,0.002194392983,raw_action_units,2,96,769564,769564,true
631,train_single_demo,0.002132666103,0.002132666103,raw_action_units,0.9858895143,0.9858895143,5.489221732,"[0.9702213407, 1.0016356707, 1.0100888014, 0.9616120458]","[5.4595947266, 5.5253143311, 5.5427041054, 5.4292740822]","[0.000425197, 0.0005603871, 0.0003895387, 0.0005233928]","[0.0001845183, 0.0002436947, 0.000285403, 6.87727e-05, 6.76607e-05, 7.10981e-05, 0.0024012546]",0,0.002132666076,raw_action_units,2,96,769564,769564,true
631,eval_same_demo_teacher_forced,0.001967061311,0.001967061311,raw_action_units,0.9858220021,0.9858220021,5.486828804,"[0.9700581431, 1.0011142492, 1.0101813078, 0.9619340897]","[5.4566059113, 5.5214943886, 5.5409164429, 5.4282989502]","[0.0004445801, 0.0004882361, 0.0006392074, 0.0020341643]","[0.0002271699, 0.0002783679, 0.0002402414, 6.06483e-05, 4.47658e-05, 4.76165e-05, 0.0054120179]",0,0.001967061222,raw_action_units,2,96,769564,769564,true
632,train_single_demo,0.001947765083,0.001947765083,raw_action_units,0.9859315554,0.9859315554,5.486993631,"[0.9700580239, 1.0013364553, 1.0103027821, 0.9620291591]","[5.4565796852, 5.5217194557, 5.5411167145, 5.4285578728]","[0.0005161301, 0.0001752795, 0.0002412725, 0.0005394398]","[0.0002206315, 0.0003892794, 0.0002371744, 8.7095e-05, 5.7469e-05, 7.5177e-05, 0.001509387]",0,0.001947764972,raw_action_units,2,96,769564,769564,true
632,eval_same_demo_teacher_forced,0.002106743554,0.002106743554,raw_action_units,0.9866968791,0.9866968791,5.489137332,"[0.9701139331, 1.0030347109, 1.0105432272, 0.9630958438]","[5.4575190544, 5.5255222321, 5.5420203209, 5.4314875603]","[0.0004544637, 0.0005155999, 0.0006374125, 0.0024680137]","[0.000173782, 0.0003290433, 0.0002089666, 5.59365e-05, 8.37948e-05, 0.0001448611, 0.0061357226]",0,0.002106743466,raw_action_units,2,96,769564,769564,true
633,train_single_demo,0.002027100651,0.002027100651,raw_action_units,0.9866240621,0.9866240621,5.489321391,"[0.9702343941, 1.0027630329, 1.0105352402, 0.9629635215]","[5.4580702782, 5.5255484581, 5.5422568321, 5.4314103127]","[0.00053038, 0.0002182427, 0.000349363, 0.0026008172]","[0.0001919309, 0.0002269673, 0.000230948, 6.07687e-05, 7.84025e-05, 6.42783e-05, 0.0056196093]",0,0.002027100573,raw_action_units,2,96,769564,769564,true
633,eval_same_demo_teacher_forced,0.002877549812,0.002877549812,raw_action_units,0.9849280914,0.9849280914,5.487593969,"[0.969637394, 0.998963356, 1.0099292994, 0.9611824155]","[5.4582419395, 5.5208687782, 5.542573452, 5.4286904335]","[0.0004596301, 0.0006491286, 0.0006811829, 0.002449153]","[0.000202239, 0.0003269323, 0.0002159337, 8.67392e-05, 7.37767e-05, 8.88429e-05, 0.0064239516]",0,0.002877549667,raw_action_units,2,96,769564,769564,true
634,train_single_demo,0.002601496487,0.002601496487,raw_action_units,0.9850398302,0.9850398302,5.487932841,"[0.9696725011, 0.9992156625, 1.0101029873, 0.9611680508]","[5.4584898949, 5.5213980675, 5.5429368019, 5.4289059639]","[0.0003243243, 0.0002765812, 0.0004701732, 0.0004510121]","[0.0001550553, 0.000238689, 0.0002437957, 6.0857e-05, 8.86249e-05, 8.56524e-05, 0.0017909842]",0,0.002601496343,raw_action_units,2,96,769564,769564,true
634,eval_same_demo_teacher_forced,0.002571483531,0.002571483531,raw_action_units,0.9863185287,0.9863185287,5.490953445,"[0.9693030715, 1.0026856661, 1.0112005472, 0.9620845914]","[5.4583849907, 5.5278549194, 5.5451378822, 5.4324345589]","[0.0005600496, 0.0007668394, 0.0009315229, 0.0019923949]","[0.0001548441, 0.0002461228, 0.0002583422, 0.000115574, 5.34883e-05, 8.65976e-05, 0.0065239426]",0,0.002571483453,raw_action_units,2,96,769564,769564,true
635,train_single_demo,0.002485243914,0.002485243914,raw_action_units,0.9861435493,0.9861435493,5.489943345,"[0.96941787, 1.0024706125, 1.0107964277, 0.961889267]","[5.4579768181, 5.5267028809, 5.5437579155, 5.4313354492]","[0.0005185126, 0.0003368568, 0.0006462604, 0.0014312795]","[0.0001723055, 0.0002192981, 0.0002615571, 4.92591e-05, 8.2408e-05, 7.46014e-05, 0.0042731618]",0,0.002485243781,raw_action_units,2,96,769564,769564,true
635,eval_same_demo_teacher_forced,0.001973031244,0.001973031244,raw_action_units,0.9854389628,0.9854389628,5.486596107,"[0.971169889, 1.0004472733, 1.0094107389, 0.9607279897]","[5.4595355988, 5.5208206177, 5.539788723, 5.4262375832]","[0.0004764524, 0.000596404, 0.0008054395, 0.0019048547]","[0.0002246393, 0.0002736845, 0.0001891773, 9.38776e-05, 5.83209e-05, 6.61021e-05, 0.0057147122]",0,0.001973031177,raw_action_units,2,96,769564,769564,true
636,train_single_demo,0.002069034614,0.002069034614,raw_action_units,0.9855897625,0.9855897625,5.487187545,"[0.9713420868, 1.0006002188, 1.0094534159, 0.9609631896]","[5.4602966309, 5.5214104652, 5.5402011871, 5.426841259]","[0.000513015, 0.0003185259, 0.0004908201, 0.0018215445]","[0.000201555, 0.000263049, 0.0004230425, 4.75378e-05, 6.49806e-05, 0.0001027921, 0.0043988773]",0,0.002069034481,raw_action_units,2,96,769564,769564,true
636,eval_same_demo_teacher_forced,0.001894113375,0.001894113375,raw_action_units,0.9863629341,0.9863629341,5.490355333,"[0.9708678722, 1.0018213987, 1.010053277, 0.9627087712]","[5.4612708092, 5.525285244, 5.5431785583, 5.4316864014]","[0.0004111903, 0.0005992593, 0.0006505274, 0.0021259405]","[0.0001769729, 0.0003621004, 0.0003266768, 7.27116e-05, 5.06505e-05, 5.45369e-05, 0.0055834572]",0,0.001894113297,raw_action_units,2,96,769564,769564,true
637,train_single_demo,0.001936937217,0.001936937217,raw_action_units,0.9864549637,0.9864549637,5.490550677,"[0.9706522822, 1.0019288063, 1.0102866888, 0.9629521966]","[5.460832119, 5.525534153, 5.5435328484, 5.4323029518]","[0.0002866766, 0.0002204342, 0.0003793802, 0.0023685412]","[0.0001816678, 0.0003090373, 0.000358935, 8.42087e-05, 7.84353e-05, 0.0001082979, 0.0045757242]",0,0.001936937106,raw_action_units,2,96,769564,769564,true
637,eval_same_demo_teacher_forced,0.001875791543,0.001875791543,raw_action_units,0.9856187304,0.9856187304,5.487974326,"[0.9697245955, 0.9995117784, 1.0104538202, 0.9627845883]","[5.4576416016, 5.5202279091, 5.5423874855, 5.4316391945]","[0.0004137433, 0.0005302935, 0.0005892302, 0.0020518892]","[0.0001599362, 0.000231516, 0.0001583094, 5.91226e-05, 4.66829e-05, 6.19354e-05, 0.0055565215]",0,0.001875791433,raw_action_units,2,96,769564,769564,true
638,train_single_demo,0.001936741367,0.001936741367,raw_action_units,0.9855316877,0.9855316877,5.48780632,"[0.9700803757, 0.999142468, 1.0103830099, 0.9625210166]","[5.4583439827, 5.5195708275, 5.542201519, 5.4311084747]","[0.0007379881, 0.0005856084, 0.0003723272, 0.000762075]","[0.0001906317, 0.0003266253, 0.0002173685, 8.38661e-05, 7.99312e-05, 7.37879e-05, 0.0033292864]",0,0.001936741306,raw_action_units,2,96,769564,769564,true
638,eval_same_demo_teacher_forced,0.001884339377,0.001884339377,raw_action_units,0.9861616294,0.9861616294,5.489794413,"[0.9703285098, 1.0014894009, 1.0103547573, 0.9624740481]","[5.4594340324, 5.5246844292, 5.5429816246, 5.4320778847]","[0.0005194339, 0.0006376067, 0.0007059076, 0.0018469841]","[0.0001595688, 0.0002703066, 0.0002994329, 8.82704e-05, 6.72144e-05, 6.05965e-05, 0.0055469922]",0,0.001884339289,raw_action_units,2,96,769564,769564,true
639,train_single_demo,0.001960653967,0.001960653967,raw_action_units,0.9862844149,0.9862844149,5.490113894,"[0.9703055024, 1.0019241571, 1.0103325844, 0.9625756145]","[5.4594192505, 5.525537014, 5.5431447029, 5.4323539734]","[0.0006000493, 0.0003090031, 0.000210297, 0.0007530836]","[0.0001859493, 0.0002877908, 0.0002650222, 0.0001213429, 7.58534e-05, 4.81178e-05, 0.002292681]",0,0.001960653812,raw_action_units,2,96,769564,769564,true
639,eval_same_demo_teacher_forced,0.001877451704,0.001877451704,raw_action_units,0.9856956005,0.9856956005,5.487894058,"[0.9707562923, 1.0007897615, 1.009436965, 0.9617991447]","[5.4590153694, 5.5220589638, 5.540869236, 5.4296326637]","[0.000432058, 0.0005243981, 0.0005999407, 0.0018619769]","[0.0001799198, 0.0002330415, 0.0002126301, 8.65438e-05, 7.49177e-05, 6.89299e-05, 0.0051261708]",0,0.001877451582,raw_action_units,2,96,769564,769564,true
640,train_single_demo,0.001985976162,0.001985976162,raw_action_units,0.9855164886,0.9855164886,5.487366676,"[0.9708397388, 1.0002279282, 1.009375453, 0.9616228938]","[5.4590835571, 5.5207543373, 5.5405406952, 5.4290881157]","[0.0005494002, 0.0003268301, 0.0002597016, 0.0012145961]","[0.000225849, 0.0003063947, 0.0002963895, 0.0001124636, 7.51865e-05, 7.02218e-05, 0.0030269187]",0,0.001985976029,raw_action_units,2,96,769564,769564,true
640,eval_same_demo_teacher_forced,0.001983275249,0.001983275249,raw_action_units,0.9862360557,0.9862360557,5.488211791,"[0.9713186622, 1.0013800859, 1.0103923082, 0.9618532062]","[5.4599876404, 5.5222969055, 5.5414595604, 5.4291024208]","[0.0004608538, 0.000542508, 0.0006332053, 0.00218472]","[0.0002214835, 0.0002575494, 0.0003782142, 5.17592e-05, 7.30736e-05, 9.19247e-05, 0.0056132474]",0,0.001983275194,raw_action_units,2,96,769564,769564,true
641,train_single_demo,0.002174618266,0.002174618266,raw_action_units,0.9864221811,0.9864221811,5.488620758,"[0.971282661, 1.0018123388, 1.0106016397, 0.9619920254]","[5.4599423409, 5.5233111382, 5.5418319702, 5.4293961525]","[0.0002951193, 0.0003557765, 0.0006424508, 0.0028580686]","[0.0002562718, 0.0002241243, 0.0004037896, 6.55073e-05, 7.04539e-05, 7.37244e-05, 0.0061711054]",0,0.002174618166,raw_action_units,2,96,769564,769564,true
641,eval_same_demo_teacher_forced,0.002117869056,0.002117869056,raw_action_units,0.9853156408,0.9853156408,5.486717701,"[0.9704096913, 0.9994263649, 1.0093560219, 0.9620704651]","[5.4582667351, 5.5195522308, 5.5393829346, 5.4296689034]","[0.0004060935, 0.0006466757, 0.000684476, 0.0019577714]","[0.0001716759, 0.0004495791, 0.0002886106, 4.733e-05, 9.4499e-05, 6.85797e-05, 0.0053460039]",0,0.002117868956,raw_action_units,2,96,769564,769564,true
642,train_single_demo,0.002154396925,0.002154396925,raw_action_units,0.9851874908,0.9851874908,5.486706098,"[0.9702584743, 0.9991121292, 1.0093226433, 0.9620566368]","[5.4581451416, 5.5191016197, 5.5395483971, 5.4300303459]","[0.0007871336, 0.0005276356, 0.0005728454, 0.0017415696]","[0.0002360792, 0.0002897166, 0.0003590476, 6.12031e-05, 6.43982e-05, 8.54878e-05, 0.0052551399]",0,0.002154396847,raw_action_units,2,96,769564,769564,true
642,eval_same_demo_teacher_forced,0.002070193024,0.002070193024,raw_action_units,0.9854580363,0.9854580363,5.487895966,"[0.9705476761, 0.9999504089, 1.0097833872, 0.9615507126]","[5.4598059654, 5.5207543373, 5.5412693024, 5.4297542572]","[0.0004754234, 0.0006754457, 0.0007654557, 0.0018128337]","[0.0002964139, 0.0003324371, 0.0003502258, 5.44476e-05, 0.0001589265, 6.95082e-05, 0.0052640676]",0,0.002070192957,raw_action_units,2,96,769564,769564,true
643,train_single_demo,0.002244203119,0.002244203119,raw_action_units,0.9857169191,0.9857169191,5.488467058,"[0.9707724452, 1.0005691051, 1.0100035667, 0.9615225792]","[5.4602189064, 5.5219974518, 5.5418839455, 5.4297661781]","[0.0002045357, 0.0002450495, 0.0006206228, 0.0020852995]","[0.0002694197, 0.000251556, 0.0004980915, 5.9291e-05, 0.0001198536, 5.19042e-05, 0.0042720209]",0,0.002244202952,raw_action_units,2,96,769564,769564,true
643,eval_same_demo_teacher_forced,0.002279396402,0.002279396402,raw_action_units,0.9851315022,0.9851315022,5.486455123,"[0.9701314569, 1.0001209974, 1.0092817545, 0.960991919]","[5.4574561119, 5.5207061768, 5.5398945808, 5.4277629852]","[0.0005303076, 0.0006617641, 0.0009776596, 0.0019498779]","[0.0003770591, 0.0002615666, 0.0006930732, 6.62894e-05, 9.43501e-05, 7.16694e-05, 0.0056453086]",0,0.002279396302,raw_action_units,2,96,769564,769564,true
644,train_single_demo,0.002291044376,0.002291044376,raw_action_units,0.9849518935,0.9849518935,5.48597463,"[0.9698691964, 0.9999423027, 1.0090392828, 0.9609566331]","[5.4568619728, 5.5201897621, 5.5393295288, 5.4275174141]","[0.000586976, 0.0007584968, 0.000831824, 0.0018126209]","[0.0002142965, 0.0002335114, 0.0003497373, 7.54779e-05, 0.0001363431, 7.56271e-05, 0.0058973623]",0,0.00229104422,raw_action_units,2,96,769564,769564,true
644,eval_same_demo_teacher_forced,0.001958054878,0.001958054878,raw_action_units,0.9853680531,0.9853680531,5.487586657,"[0.9698110223, 1.0008465052, 1.00885427, 0.9619603753]","[5.4582257271, 5.5223488808, 5.5395188332, 5.4302520752]","[0.0005448541, 0.0005734754, 0.0006179906, 0.0019224198]","[0.0002800052, 0.0003007656, 0.0005070592, 6.75355e-05, 4.34969e-05, 7.0631e-05, 0.0051333006]",0,0.001958054801,raw_action_units,2,96,769564,769564,true
645,train_single_demo,0.002027308297,0.002027308297,raw_action_units,0.9855298797,0.9855298797,5.48810482,"[0.9700582027, 1.00076437, 1.0090857744, 0.9622113109]","[5.4589514732, 5.5224127769, 5.5401091576, 5.4309463501]","[0.0007409162, 0.0005344289, 0.0004930067, 0.0006823503]","[0.0002943563, 0.0002815591, 0.0004631043, 7.57177e-05, 7.7462e-05, 6.45287e-05, 0.0030320007]",0,0.002027308258,raw_action_units,2,96,769564,769564,true
645,eval_same_demo_teacher_forced,0.001944280773,0.001944280773,raw_action_units,0.9856364131,0.9856364131,5.487451394,"[0.9701785445, 1.0000647306, 1.0098022223, 0.9625000954]","[5.4579968452, 5.5206284523, 5.5407676697, 5.4304127693]","[0.00040279, 0.0005559118, 0.000559956, 0.001932578]","[0.0002356855, 0.0002381511, 0.0002266701, 8.79816e-05, 7.06882e-05, 8.87269e-05, 0.0050917584]",0,0.001944280717,raw_action_units,2,96,769564,769564,true
646,train_single_demo,0.002003088205,0.002003088205,raw_action_units,0.9855099122,0.9855099122,5.48699522,"[0.9700393081, 0.9999577403, 1.0096086264, 0.962434113]","[5.4575257301, 5.5202445984, 5.5400977135, 5.4301109314]","[0.0010437402, 0.0006927172, 0.0007020163, 0.0009707474]","[0.0002736991, 0.0002540888, 0.0002990585, 8.50827e-05, 6.11227e-05, 9.66341e-05, 0.0048964513]",0,0.00200308815,raw_action_units,2,96,769564,769564,true
646,eval_same_demo_teacher_forced,0.001815669549,0.001815669549,raw_action_units,0.9854696393,0.9854696393,5.486402512,"[0.9700519443, 1.0000939369, 1.0091511011, 0.9625815749]","[5.4572405815, 5.5195388794, 5.5383944511, 5.4304366112]","[0.0004276802, 0.0005563156, 0.0005735756, 0.0018110283]","[0.000194947, 0.0002000521, 0.000174835, 9.16256e-05, 4.49933e-05, 5.43659e-05, 0.0051342309]",0,0.001815669505,raw_action_units,2,96,769564,769564,true
647,train_single_demo,0.001889830766,0.001889830766,raw_action_units,0.985585928,0.985585928,5.486755689,"[0.9701163173, 1.0001519918, 1.0094214678, 0.9626540542]","[5.4574131966, 5.5196304321, 5.5390968323, 5.4308815002]","[0.0002755975, 0.000468513, 0.0008145313, 0.0011731192]","[0.0002316794, 0.0002798742, 0.0003148841, 7.86894e-05, 7.97276e-05, 0.0001034301, 0.0036922966]",0,0.001889830721,raw_action_units,2,96,769564,769564,true
647,eval_same_demo_teacher_forced,0.001779727948,0.001779727948,raw_action_units,0.9860428969,0.9860428969,5.487709204,"[0.9711139798, 1.0002583265, 1.0099864006, 0.9628128409]","[5.4589982033, 5.5199661255, 5.5407943726, 5.4310774803]","[0.0003679519, 0.0005553035, 0.0006047951, 0.0017910782]","[0.0001953194, 0.0002144315, 0.0002175184, 7.00322e-05, 4.48402e-05, 8.65884e-05, 0.004979745]",0,0.001779727904,raw_action_units,2,96,769564,769564,true
648,train_single_demo,0.001834017613,0.001834017613,raw_action_units,0.9860023657,0.9860023657,5.487683614,"[0.9709784389, 1.0003647804, 1.0098278522, 0.9628384709]","[5.4587540627, 5.5203824043, 5.5405516624, 5.4310441017]","[0.0002411925, 0.0002426411, 0.0003425067, 0.0009390404]","[0.0003181127, 0.0002407628, 0.0002827586, 6.55972e-05, 7.9579e-05, 6.15151e-05, 0.0020410905]",0,0.001834017579,raw_action_units,2,96,769564,769564,true
648,eval_same_demo_teacher_forced,0.001718824186,0.001718824186,raw_action_units,0.985737284,0.985737284,5.488075256,"[0.9702547193, 1.000962615, 1.0094037056, 0.962328136]","[5.4584350586, 5.5227761269, 5.5408821106, 5.4302077293]","[0.0003444061, 0.0004812448, 0.0005816347, 0.0018351927]","[0.0001380136, 0.0002043707, 0.0001759498, 6.13375e-05, 7.86602e-05, 6.52086e-05, 0.0049507967]",0,0.001718824108,raw_action_units,2,96,769564,769564,true
649,train_single_demo,0.001765881937,0.001765881937,raw_action_units,0.985735933,0.985735933,5.488318602,"[0.9700995088, 1.0010927916, 1.0095089674, 0.9622424245]","[5.458404541, 5.5232009888, 5.5413413048, 5.4303278923]","[0.0002607383, 0.0003474148, 0.0007009754, 0.0009405937]","[0.0002599176, 0.0002439741, 0.0003254876, 5.97691e-05, 6.62396e-05, 8.02627e-05, 0.0029013625]",0,0.001765881887,raw_action_units,2,96,769564,769564,true
649,eval_same_demo_teacher_forced,0.001820384059,0.001820384059,raw_action_units,0.9860126575,0.9860126575,5.489139398,"[0.9706444144, 1.0012171268, 1.0099710226, 0.9622181058]","[5.4598522186, 5.5235619545, 5.5420379639, 5.4311051369]","[0.0003385142, 0.0004790958, 0.0005785282, 0.0020500373]","[0.000155052, 0.0002298716, 0.0001700903, 5.98897e-05, 9.68844e-05, 6.2746e-05, 0.0052562729]",0,0.001820383948,raw_action_units,2,96,769564,769564,true
650,train_single_demo,0.00187400418,0.00187400418,raw_action_units,0.9860844612,0.9860844612,5.489261945,"[0.9708707929, 1.0012993813, 1.0098699331, 0.9622977376]","[5.4602370262, 5.5238547325, 5.5417962074, 5.4311585426]","[0.0002681985, 0.0002910653, 0.0004117429, 0.0021941161]","[0.0001519795, 0.0002382816, 0.000347838, 4.25721e-05, 9.77615e-05, 8.92598e-05, 0.004571273]",0,0.001874004092,raw_action_units,2,96,769564,769564,true
650,eval_same_demo_teacher_forced,0.002010893853,0.002010893853,raw_action_units,0.9853888353,0.9853888353,5.487832705,"[0.9700863957, 1.0001926422, 1.0088006258, 0.9624755383]","[5.4585204124, 5.5220656395, 5.5395445824, 5.4311995506]","[0.0003540742, 0.0005385442, 0.0006701155, 0.0019477446]","[0.0001672301, 0.0002391749, 0.0001965697, 5.05547e-05, 4.53334e-05, 6.94341e-05, 0.0053750407]",0,0.002010893786,raw_action_units,2,96,769564,769564,true
651,train_single_demo,0.001979586707,0.001979586707,raw_action_units,0.985477825,0.985477825,5.488229275,"[0.9699775577, 1.000393033, 1.0089808702, 0.9625601172]","[5.4585490227, 5.5225543976, 5.5401082039, 5.4317059517]","[0.0006533492, 0.0005148616, 0.0004365113, 0.0006739778]","[0.0001523651, 0.0002090408, 0.0004334758, 5.47724e-05, 0.0001202528, 8.03128e-05, 0.002937505]",0,0.001979586624,raw_action_units,2,96,769564,769564,true
651,eval_same_demo_teacher_forced,0.001955744655,0.001955744655,raw_action_units,0.9857637088,0.9857637088,5.490290483,"[0.9711534977, 1.000190258, 1.0101839304, 0.9615271688]","[5.462310791, 5.5232214928, 5.5443749428, 5.4312548637]","[0.0003994185, 0.000535233, 0.0007630791, 0.001868972]","[0.000175652, 0.0002024836, 0.0001783603, 4.9744e-05, 7.80759e-05, 6.10264e-05, 0.0054963869]",0,0.001955744589,raw_action_units,2,96,769564,769564,true
652,train_single_demo,0.002003660348,0.002003660348,raw_action_units,0.9858497779,0.9858497779,5.490167777,"[0.971221149, 1.0003888607, 1.0102432966, 0.9615457058]","[5.4620232582, 5.5233058929, 5.5443739891, 5.4309668541]","[0.0002708377, 0.0004030284, 0.0005959405, 0.0018410423]","[0.0002172021, 0.0002149565, 0.0004420269, 8.73662e-05, 6.46396e-05, 4.13172e-05, 0.0043764771]",0,0.002003660248,raw_action_units,2,96,769564,769564,true
652,eval_same_demo_teacher_forced,0.002201542724,0.002201542724,raw_action_units,0.9853212635,0.9853212635,5.48754851,"[0.9699544907, 1.0005607605, 1.0086547136, 0.9621148109]","[5.4577021599, 5.5220623016, 5.5403900146, 5.4300398827]","[0.0003485197, 0.0004822703, 0.0007286707, 0.0020142694]","[0.0001658776, 0.0002185903, 0.000166945, 5.45253e-05, 5.83947e-05, 5.46269e-05, 0.005535068]",0,0.002201542702,raw_action_units,2,96,769564,769564,true
653,train_single_demo,0.002161211567,0.002161211567,raw_action_units,0.9853243232,0.9853243232,5.487692833,"[0.9698770642, 1.0005003214, 1.0085722208, 0.9623476863]","[5.4577374458, 5.5220808983, 5.5402336121, 5.4307174683]","[0.0003763938, 0.0004637271, 0.0007270984, 0.0018126616]","[0.0001826588, 0.0001839963, 0.0002554691, 7.36485e-05, 7.27763e-05, 5.41444e-05, 0.0050920988]",0,0.002161211467,raw_action_units,2,96,769564,769564,true
653,eval_same_demo_teacher_forced,0.002197404858,0.002197404858,raw_action_units,0.9862402876,0.9862402876,5.490980148,"[0.9704329371, 1.0013903379, 1.0104230642, 0.9627149105]","[5.4605731964, 5.5250678062, 5.5443129539, 5.4339675903]","[0.0003654559, 0.0004869824, 0.0007478653, 0.0019999978]","[0.000176934, 0.0002322268, 0.0001722156, 0.0001048181, 5.72001e-05, 6.86006e-05, 0.0054885317]",0,0.002197404703,raw_action_units,2,96,769564,769564,true
654,train_single_demo,0.00227559808,0.00227559808,raw_action_units,0.9861812989,0.9861812989,5.490552902,"[0.9703826308, 1.0010644197, 1.0106889009, 0.9625892043]","[5.4601960182, 5.5241646767, 5.5443935394, 5.4334564209]","[0.0002741099, 0.0005111886, 0.0010141322, 0.0015395591]","[0.0002308025, 0.0001890791, 0.0003511329, 5.67208e-05, 7.08203e-05, 3.58695e-05, 0.0049088071]",0,0.002275597925,raw_action_units,2,96,769564,769564,true
654,eval_same_demo_teacher_forced,0.00221236345,0.00221236345,raw_action_units,0.9850419958,0.9850419958,5.487612883,"[0.969337523, 0.9988657832, 1.0093601942, 0.9626045227]","[5.4574904442, 5.5198521614, 5.5416164398, 5.4314918518]","[0.0003900034, 0.000519333, 0.0008693803, 0.0022163526]","[0.0001776161, 0.0002655353, 0.0001638835, 0.0001199974, 0.0001647873, 5.82731e-05, 0.0060412786]",0,0.00221236334,raw_action_units,2,96,769564,769564,true
655,train_single_demo,0.002262900816,0.002262900816,raw_action_units,0.9851526419,0.9851526419,5.487896283,"[0.9695786834, 0.999130249, 1.0092264414, 0.9626750946]","[5.4581699371, 5.520418644, 5.5414862633, 5.4315094948]","[0.0006496246, 0.0006780922, 0.000756999, 0.0018945822]","[0.0001943488, 0.0003046229, 0.0003358295, 0.000116141, 9.61868e-05, 6.65672e-05, 0.0058500748]",0,0.002262900716,raw_action_units,2,96,769564,769564,true
655,eval_same_demo_teacher_forced,0.001810974985,0.001810974985,raw_action_units,0.9859959284,0.9859959284,5.489370346,"[0.9697747231, 1.001152277, 1.0099722147, 0.9630844593]","[5.4584031105, 5.5234284401, 5.5425491333, 5.4330997467]","[0.0003359928, 0.0004501682, 0.0005793251, 0.0019208001]","[0.0001628718, 0.000258363, 0.0001536374, 6.92278e-05, 8.06573e-05, 5.52522e-05, 0.0049709915]",0,0.001810974841,raw_action_units,2,96,769564,769564,true
656,train_single_demo,0.001908998238,0.001908998238,raw_action_units,0.9860284925,0.9860284925,5.488802274,"[0.9695513248, 1.0012377501, 1.0102396011, 0.9630851746]","[5.4571881294, 5.5227732658, 5.5423407555, 5.432905674]","[0.0005000433, 0.0005598143, 0.0004853057, 0.0003963955]","[0.0001564438, 0.0002113249, 0.0002244898, 9.23241e-05, 0.0001211333, 4.1137e-05, 0.0025508751]",0,0.001908998227,raw_action_units,2,96,769564,769564,true
656,eval_same_demo_teacher_forced,0.001939068548,0.001939068548,raw_action_units,0.9851804574,0.9851804574,5.484983444,"[0.9684622884, 0.9996216893, 1.0100799799, 0.9625580311]","[5.4520020485, 5.5172667503, 5.5400099754, 5.4306545258]","[0.0004473601, 0.0007364722, 0.0007367171, 0.0018752213]","[0.0002149689, 0.0002284225, 0.0005277539, 6.30891e-05, 6.39137e-05, 5.39225e-05, 0.005490527]",0,0.001939068415,raw_action_units,2,96,769564,769564,true
657,train_single_demo,0.001998674513,0.001998674513,raw_action_units,0.9850982825,0.9850982825,5.485264619,"[0.9685357213, 0.9995219707, 1.0097812414, 0.9625541568]","[5.4526228905, 5.5176596642, 5.5399718285, 5.4308037758]","[0.0003284624, 0.0004292842, 0.0008167564, 0.0018988312]","[0.0002090636, 0.0002609095, 0.0004090955, 5.28162e-05, 0.0001407041, 6.51726e-05, 0.0049405731]",0,0.001998674391,raw_action_units,2,96,769564,769564,true
657,eval_same_demo_teacher_forced,0.001743629264,0.001743629264,raw_action_units,0.9856716196,0.9856716196,5.489721139,"[0.9702358246, 1.0000923872, 1.0095720291, 0.9627863765]","[5.4600720406, 5.5225124359, 5.5429997444, 5.4332995415]","[0.000370806, 0.0005368328, 0.0005889785, 0.0019440452]","[0.000170751, 0.0002491248, 0.000212817, 6.18817e-05, 8.0189e-05, 5.36715e-05, 0.0051927245]",0,0.00174362922,raw_action_units,2,96,769564,769564,true
658,train_single_demo,0.001845181144,0.001845181144,raw_action_units,0.9857392112,0.9857392112,5.490269661,"[0.9703691602, 1.0001517534, 1.0097507238, 0.962685287]","[5.4608254433, 5.5230984688, 5.5437850952, 5.4333672523]","[0.0005386895, 0.0003544026, 0.0006397244, 0.0015415241]","[0.0002768105, 0.0003288637, 0.0002626868, 4.81043e-05, 0.0001042014, 4.88088e-05, 0.0043106196]",0,0.001845181077,raw_action_units,2,96,769564,769564,true
658,eval_same_demo_teacher_forced,0.0016969818,0.0016969818,raw_action_units,0.9856750568,0.9856750568,5.48998038,"[0.9700270295, 1.0003825426, 1.0101994276, 0.9620910287]","[5.4598221779, 5.5236911774, 5.5444893837, 5.4319176674]","[0.000301914, 0.0005071851, 0.000637484, 0.0019170729]","[0.0001642396, 0.0002054503, 0.0001921205, 4.74348e-05, 6.85903e-05, 7.43097e-05, 0.0051342524]",0,0.001696981667,raw_action_units,2,96,769564,769564,true
659,train_single_demo,0.001903015383,0.001903015383,raw_action_units,0.9855631193,0.9855631193,5.489097595,"[0.9696964622, 1.0004702806, 1.0100265741, 0.9620590806]","[5.4584231377, 5.5231590271, 5.543364048, 5.4314436913]","[0.0010257571, 0.000184454, 0.000236329, 0.0007849119]","[0.0002212136, 0.0002295669, 0.0002517381, 4.91366e-05, 8.12926e-05, 6.39724e-05, 0.0030081205]",0,0.001903015322,raw_action_units,2,96,769564,769564,true
659,eval_same_demo_teacher_forced,0.001719131134,0.001719131134,raw_action_units,0.9852365851,0.9852365851,5.486623287,"[0.9692742229, 1.0002045631, 1.0092155933, 0.9622520804]","[5.4556407928, 5.520380497, 5.5398697853, 5.43060112]","[0.0003317136, 0.0004429205, 0.0006002773, 0.001923224]","[0.0002034036, 0.0002484682, 0.000158126, 5.44876e-05, 6.82348e-05, 4.81981e-05, 0.004990818]",0,0.00171913109,raw_action_units,2,96,769564,769564,true
660,train_single_demo,0.001830992522,0.001830992522,raw_action_units,0.9854647319,0.9854647319,5.487261772,"[0.9696738124, 1.0004882812, 1.0092306137, 0.9624660611]","[5.4567284584, 5.5210266113, 5.5401139259, 5.4311757088]","[0.0008416991, 0.0003561163, 0.0006436156, 0.0019386247]","[0.0001797326, 0.000183958, 0.0002234441, 5.0594e-05, 6.14165e-05, 7.59532e-05, 0.0058399984]",0,0.001830992422,raw_action_units,2,96,769564,769564,true
660,eval_same_demo_teacher_forced,0.001767834028,0.001767834028,raw_action_units,0.9860153,0.9860153,5.489135424,"[0.9697473645, 1.0021463633, 1.0086730719, 0.9634943008]","[5.457742691, 5.5251674652, 5.5393199921, 5.4343109131]","[0.0003409, 0.0004590321, 0.0005926052, 0.0017974911]","[0.0001887847, 0.000268691, 0.0001923511, 5.87215e-05, 9.52078e-05, 4.94878e-05, 0.0047293059]",0,0.001767833939,raw_action_units,2,96,769564,769564,true
661,train_single_demo,0.00184800763,0.00184800763,raw_action_units,0.9857817491,0.9857817491,5.488415082,"[0.9693264365, 1.0021840334, 1.0084344149, 0.9631819129]","[5.4565844536, 5.5251135826, 5.5385069847, 5.4334545135]","[0.00031446, 0.0003025334, 0.0005578877, 0.0019796835]","[0.0001667442, 0.0002021623, 0.0002527412, 5.22492e-05, 8.30869e-05, 4.86971e-05, 0.004714807]",0,0.001848007508,raw_action_units,2,96,769564,769564,true
661,eval_same_demo_teacher_forced,0.00182952336,0.00182952336,raw_action_units,0.9850175381,0.9850175381,5.487438679,"[0.9686706662, 1.0011404753, 1.0085433722, 0.9617156982]","[5.4555039406, 5.524061203, 5.5391602516, 5.4310283661]","[0.0003998312, 0.000614979, 0.0008047074, 0.0019246945]","[0.0001489074, 0.0003533353, 0.0002037325, 8.37301e-05, 6.87631e-05, 5.69374e-05, 0.0056369659]",0,0.001829523238,raw_action_units,2,96,769564,769564,true
662,train_single_demo,0.00186761523,0.00186761523,raw_action_units,0.9851694504,0.9851694504,5.48784097,"[0.9691329002, 1.0010209084, 1.0087662935, 0.9617578983]","[5.456674099, 5.5238337517, 5.5397658348, 5.4310917854]","[0.0004476156, 0.0004809824, 0.0006144322, 0.0014142506]","[0.0002055874, 0.0002223632, 0.000275335, 6.15535e-05, 0.000111764, 7.979e-05, 0.004218848]",0,0.00186761513,raw_action_units,2,96,769564,769564,true
662,eval_same_demo_teacher_forced,0.001671692201,0.001671692201,raw_action_units,0.9859583577,0.9859583577,5.490797202,"[0.9700133801, 1.0009614229, 1.0094609261, 0.9633978009]","[5.4601402283, 5.5247864723, 5.5428352356, 5.4354271889]","[0.0003351103, 0.0004346431, 0.0005927596, 0.0017867029]","[0.000150292, 0.0002234371, 0.0001756197, 9.16601e-05, 6.72774e-05, 5.78165e-05, 0.0047450247]",0,0.00167169209,raw_action_units,2,96,769564,769564,true
663,train_single_demo,0.001674059002,0.001674059002,raw_action_units,0.9860245387,0.9860245387,5.490884781,"[0.9700650573, 1.0010219812, 1.0095131397, 0.9634979367]","[5.4601988792, 5.524892807, 5.5429940224, 5.4354534149]","[0.0002703682, 0.0004120985, 0.0005986106, 0.0021657185]","[0.0002039881, 0.0002199399, 0.0002827714, 9.11909e-05, 9.76072e-05, 6.3664e-05, 0.0050727306]",0,0.00167405898,raw_action_units,2,96,769564,769564,true
663,eval_same_demo_teacher_forced,0.00175852996,0.00175852996,raw_action_units,0.9859752456,0.9859752456,5.491182009,"[0.9700610042, 1.0009168386, 1.0096292496, 0.963293612]","[5.4602656364, 5.5253505707, 5.5443472862, 5.4347634315]","[0.0003252339, 0.0004175614, 0.0005427226, 0.0018373224]","[0.0001622542, 0.0002056732, 0.0002212626, 5.00938e-05, 6.10293e-05, 6.55749e-05, 0.0046990826]",0,0.001758529849,raw_action_units,2,96,769564,769564,true
664,train_single_demo,0.001811820781,0.001811820781,raw_action_units,0.9861044685,0.9861044685,5.491371473,"[0.9702561498, 1.0009657145, 1.0098657608, 0.9633302093]","[5.4605937004, 5.5252857208, 5.5447750092, 5.4348316193]","[0.0006664401, 0.0003631498, 0.0007867409, 0.0016463115]","[0.00015294, 0.0002308337, 0.0002601556, 0.000136707, 0.0001001595, 5.93674e-05, 0.0051194611]",0,0.001811820659,raw_action_units,2,96,769564,769564,true
664,eval_same_demo_teacher_forced,0.00166877755,0.00166877755,raw_action_units,0.9863028526,0.9863028526,5.489892165,"[0.9696695209, 1.0003019571, 1.0106630325, 0.9645769]","[5.4574894905, 5.5213675499, 5.5438141823, 5.436896801]","[0.0003392575, 0.0005279338, 0.000616527, 0.0017558206]","[0.0001644419, 0.000193342, 0.0002595529, 5.86477e-05, 6.0697e-05, 7.42011e-05, 0.0048583099]",0,0.001668777494,raw_action_units,2,96,769564,769564,true
665,train_single_demo,0.001857981008,0.001857981008,raw_action_units,0.9861506025,0.9861506025,5.489238739,"[0.9693334103, 0.9999699593, 1.0105830431, 0.9647159576]","[5.4564437866, 5.5202732086, 5.5432395935, 5.4369969368]","[0.0005765189, 0.000271784, 0.0005919963, 0.0018287487]","[0.000227425, 0.0002633089, 0.0003660832, 9.82291e-05, 0.0001083437, 5.35987e-05, 0.0046038446]",0,0.001857980908,raw_action_units,2,96,769564,769564,true
665,eval_same_demo_teacher_forced,0.001546748293,0.001546748293,raw_action_units,0.9859025876,0.9859025876,5.489818255,"[0.9698286057, 0.9999639392, 1.0103732347, 0.963444531]","[5.4586520195, 5.5215911865, 5.544298172, 5.4347290993]","[0.000326866, 0.0004582312, 0.0005907723, 0.0017246162]","[0.0001392209, 0.0002020344, 0.0001608287, 5.1933e-05, 4.15808e-05, 4.69378e-05, 0.0047833142]",0,0.001546748249,raw_action_units,2,96,769564,769564,true
666,train_single_demo,0.001594853083,0.001594853083,raw_action_units,0.9858620564,0.9858620564,5.490366459,"[0.970000267, 1.0001248121, 1.0103892088, 0.9629339576]","[5.4596214294, 5.5226597786, 5.5452055931, 5.4339776039]","[0.000289847, 0.0003765498, 0.0005844235, 0.000986247]","[0.0001431301, 0.0002557814, 0.0002758756, 6.63897e-05, 9.97608e-05, 6.31229e-05, 0.0030108073]",0,0.001594853011,raw_action_units,2,96,769564,769564,true
666,eval_same_demo_teacher_forced,0.001711593553,0.001711593553,raw_action_units,0.985706528,0.985706528,5.491455078,"[0.9701821804, 1.0010308027, 1.0098813772, 0.9617316127]","[5.4615807533, 5.5264186859, 5.5459403992, 5.4318795204]","[0.0003527864, 0.0004724284, 0.0006263293, 0.0020745674]","[0.0001623286, 0.000229104, 0.0003456524, 8.09707e-05, 8.33573e-05, 5.42218e-05, 0.0052150595]",0,0.001711593497,raw_action_units,2,96,769564,769564,true
667,train_single_demo,0.00174361382,0.00174361382,raw_action_units,0.9856950045,0.9856950045,5.490745862,"[0.9697707295, 1.0010300875, 1.0098638535, 0.9621152878]","[5.460050106, 5.5256724358, 5.5450825691, 5.4321770668]","[0.0003972595, 0.0003816504, 0.0010013855, 0.0025972996]","[0.0001524772, 0.0002462014, 0.0003122551, 6.40858e-05, 5.62944e-05, 5.79719e-05, 0.0067715044]",0,0.001743613787,raw_action_units,2,96,769564,769564,true
667,eval_same_demo_teacher_forced,0.001798165108,0.001798165108,raw_action_units,0.9852044185,0.9852044185,5.487766266,"[0.9683058858, 0.9993767738, 1.0097359419, 0.9633992314]","[5.4548668861, 5.5203747749, 5.5416793823, 5.4341430664]","[0.0003014286, 0.0003886074, 0.000537077, 0.0018315013]","[0.000172913, 0.0002037629, 0.0002002061, 7.29783e-05, 6.84103e-05, 5.50595e-05, 0.0045792446]",0,0.001798165075,raw_action_units,2,96,769564,769564,true
668,train_single_demo,0.001853610156,0.001853610156,raw_action_units,0.9851638873,0.9851638873,5.487968445,"[0.9682002068, 0.9994795918, 1.0096637011, 0.963312149]","[5.4548969269, 5.520866394, 5.5417199135, 5.4343886375]","[0.0010250597, 0.0007646457, 0.0008848686, 0.0007018044]","[0.0002005756, 0.0001729695, 0.0002485623, 7.41117e-05, 6.93066e-05, 4.45718e-05, 0.0050985641]",0,0.001853610078,raw_action_units,2,96,769564,769564,true
668,eval_same_demo_teacher_forced,0.001767090367,0.001767090367,raw_action_units,0.9853138129,0.9853138129,5.489928563,"[0.9685316682, 1.0011510849, 1.0092469454, 0.962325573]","[5.4571671486, 5.5258889198, 5.543202877, 5.4334540367]","[0.0003802666, 0.0005380791, 0.0006154921, 0.0017035934]","[0.0001429827, 0.0001983244, 0.0002298195, 0.0001008776, 9.05309e-05, 4.61562e-05, 0.0048568132]",0,0.0017670903,raw_action_units,2,96,769564,769564,true
669,train_single_demo,0.001928272968,0.001928272968,raw_action_units,0.9853105942,0.9853105942,5.490747611,"[0.9685215354, 1.0012117624, 1.0090378523, 0.9624713063]","[5.4578852654, 5.5268626213, 5.5440421104, 5.4342007637]","[0.000359752, 0.0003976491, 0.0008930725, 0.0015210408]","[0.0001900955, 0.0001709557, 0.000261519, 8.78394e-05, 9.00623e-05, 4.54645e-05, 0.0047042142]",0,0.001928272879,raw_action_units,2,96,769564,769564,true
669,eval_same_demo_teacher_forced,0.002023906369,0.002023906369,raw_action_units,0.9857800802,0.9857800802,5.490787983,"[0.9698545933, 1.0008662939, 1.0086021423, 0.9637975097]","[5.4597878456, 5.5252985954, 5.5418114662, 5.4362540245]","[0.0004519906, 0.0006552047, 0.0005923854, 0.0017910879]","[0.0001430205, 0.000236216, 0.0003729397, 0.0001667083, 0.0001180768, 5.63355e-05, 0.0050153732]",0,0.002023906225,raw_action_units,2,96,769564,769564,true
670,train_single_demo,0.002113549737,0.002113549737,raw_action_units,0.9857473771,0.9857473771,5.490302722,"[0.9698951244, 1.0006865263, 1.0086761713, 0.9637315869]","[5.4595150948, 5.5244479179, 5.5415625572, 5.4356837273]","[0.0004612725, 0.0001974738, 0.0003752058, 0.0015060791]","[0.0001820637, 0.0002531339, 0.0002401746, 5.77587e-05, 7.01437e-05, 5.55398e-05, 0.0035862401]",0,0.002113549704,raw_action_units,2,96,769564,769564,true
670,eval_same_demo_teacher_forced,0.002192187433,0.002192187433,raw_action_units,0.9852016767,0.9852016767,5.488544941,"[0.9689614177, 1.0003917217, 1.0086981058, 0.9627555013]","[5.4571709633, 5.5230898857, 5.5414810181, 5.4324383736]","[0.0004778547, 0.0005765625, 0.0006306625, 0.0019702862]","[0.0001456108, 0.0002042088, 0.0003068149, 0.0001027908, 0.0001124304, 9.21529e-05, 0.0054328814]",0,0.002192187345,raw_action_units,2,96,769564,769564,true
671,train_single_demo,0.00209901249,0.00209901249,raw_action_units,0.985230426,0.985230426,5.489406427,"[0.9688217044, 1.0005904436, 1.0084974766, 0.9630121589]","[5.4576401711, 5.5244045258, 5.5419631004, 5.4336166382]","[0.000544526, 0.0006798774, 0.0005300582, 0.0004616702]","[0.0001896921, 0.000182749, 0.0002671366, 0.000120945, 8.33377e-05, 5.67509e-05, 0.0029776196]",0,0.002099012424,raw_action_units,2,96,769564,769564,true
671,eval_same_demo_teacher_forced,0.002161983866,0.002161983866,raw_action_units,0.9858783086,0.9858783086,5.493075848,"[0.968518734, 1.0014504194, 1.0081974268, 0.9653466344]","[5.4590907097, 5.5287280083, 5.5434441566, 5.4410400391]","[0.0004755202, 0.0005384737, 0.0006128683, 0.0019165408]","[0.0001582198, 0.000234424, 0.0001787408, 5.43698e-05, 6.47455e-05, 0.0001032567, 0.0054071979]",0,0.002161983755,raw_action_units,2,96,769564,769564,true
672,train_single_demo,0.002048021105,0.002048021105,raw_action_units,0.9858755271,0.9858755271,5.492436727,"[0.9683775902, 1.0012480021, 1.0084050894, 0.9654714465]","[5.4581298828, 5.5275435448, 5.5432109833, 5.4408631325]","[0.0004331986, 0.0003931079, 0.0002593418, 0.0003212155]","[0.0002172943, 0.0001710723, 0.0001752338, 0.0001470736, 6.47221e-05, 7.9626e-05, 0.0016069895]",0,0.002048021027,raw_action_units,2,96,769564,769564,true
672,eval_same_demo_teacher_forced,0.001907314407,0.001907314407,raw_action_units,0.9849887292,0.9849887292,5.487467607,"[0.968429625, 0.9993926883, 1.0084576607, 0.9636748433]","[5.4550795555, 5.5202040672, 5.5399608612, 5.4346261024]","[0.0004763295, 0.0004679609, 0.0007020607, 0.0017127041]","[0.0001416975, 0.0001916128, 0.0001947649, 6.72915e-05, 4.6842e-05, 8.84061e-05, 0.0051477309]",0,0.001907314396,raw_action_units,2,96,769564,769564,true
673,train_single_demo,0.001944375224,0.001944375224,raw_action_units,0.9849826892,0.9849826892,5.487913132,"[0.968575716, 0.9996571541, 1.0084009171, 0.9632970691]","[5.4558410645, 5.5212006569, 5.5402712822, 5.4343390465]","[0.0005834199, 0.0003705812, 0.0003086127, 0.0002548188]","[0.0002461097, 0.0001950275, 0.0002664322, 0.000109187, 6.37492e-05, 8.4262e-05, 0.0016907394]",0,0.001944375091,raw_action_units,2,96,769564,769564,true
673,eval_same_demo_teacher_forced,0.001642142345,0.001642142345,raw_action_units,0.985316813,0.985316813,5.491627057,"[0.9679887891, 1.0016869307, 1.0093989372, 0.9621925354]","[5.4575324059, 5.5284314156, 5.5459289551, 5.434615612]","[0.0003780364, 0.0004736407, 0.0006417382, 0.0016590259]","[0.0002041485, 0.0002243562, 0.0001663686, 0.0001401219, 4.03864e-05, 6.17144e-05, 0.0046796761]",0,0.001642142289,raw_action_units,2,96,769564,769564,true
674,train_single_demo,0.001755684692,0.001755684692,raw_action_units,0.9853731394,0.9853731394,5.492025057,"[0.9677124023, 1.001732707, 1.0096611977, 0.9623861909]","[5.4572196007, 5.5288047791, 5.5469226837, 5.4351525307]","[0.000342407, 0.0006395377, 0.0004345703, 0.0011470475]","[0.0001688702, 0.0002686527, 0.0004681137, 8.88003e-05, 0.0001007045, 0.0001036098, 0.0032874832]",0,0.001755684614,raw_action_units,2,96,769564,769564,true
674,eval_same_demo_teacher_forced,0.001703169663,0.001703169663,raw_action_units,0.9853388071,0.9853388071,5.491251628,"[0.968170166, 1.0007249117, 1.0102857351, 0.9621744156]","[5.4577336311, 5.5264105797, 5.5471453667, 5.4337158203]","[0.0002861906, 0.000458957, 0.000642324, 0.0018344036]","[0.0003130463, 0.0002202148, 0.0002282863, 0.0001224301, 5.82165e-05, 8.74086e-05, 0.0046086786]",0,0.001703169552,raw_action_units,2,96,769564,769564,true
675,train_single_demo,0.001754390774,0.001754390774,raw_action_units,0.9852505724,0.9852505724,5.4905955,"[0.9683818817, 1.0003656149, 1.0100049973, 0.9622500539]","[5.4577345848, 5.5252037048, 5.5459084511, 5.433535099]","[0.0003095866, 0.0003187816, 0.0001735894, 0.0002853364]","[0.0001828706, 0.0002267678, 0.0002731052, 0.0001516062, 8.83282e-05, 8.03078e-05, 0.0008997785]",0,0.001754390763,raw_action_units,2,96,769564,769564,true
675,eval_same_demo_teacher_forced,0.001731579347,0.001731579347,raw_action_units,0.9855182568,0.9855182568,5.488658746,"[0.9685077667, 1.0005141497, 1.0092092752, 0.9638416171]","[5.4559969902, 5.5223808289, 5.5413589478, 5.434896946]","[0.0002786445, 0.0004099819, 0.0005916595, 0.0017182677]","[0.0002323321, 0.0002087824, 0.0001948713, 5.58264e-05, 6.22946e-05, 8.59946e-05, 0.0044073672]",0,0.001731579236,raw_action_units,2,96,769564,769564,true
676,train_single_demo,0.001826895789,0.001826895789,raw_action_units,0.9855794112,0.9855794112,5.488995234,"[0.9682876468, 1.0005947351, 1.0092703104, 0.9641649723]","[5.4558167458, 5.5227050781, 5.5418839455, 5.4355759621]","[0.000671585, 0.0003327886, 0.0002416665, 0.0005976713]","[0.0002318327, 0.0002393348, 0.000247473, 0.0001112154, 7.14521e-05, 8.36649e-05, 0.0022415218]",0,0.001826895667,raw_action_units,2,96,769564,769564,true
676,eval_same_demo_teacher_forced,0.001753146217,0.001753146217,raw_action_units,0.9858926535,0.9858926535,5.491860708,"[0.9690793157, 1.0006239414, 1.0094314814, 0.9644359946]","[5.4593787193, 5.525396347, 5.5445957184, 5.4380717278]","[0.00032752, 0.0004371749, 0.0006002724, 0.0018476074]","[0.0002333967, 0.0002457408, 0.0002448515, 9.49868e-05, 5.16319e-05, 9.93313e-05, 0.0046520666]",0,0.001753146095,raw_action_units,2,96,769564,769564,true
677,train_single_demo,0.001798833526,0.001798833526,raw_action_units,0.9856107036,0.9856107036,5.491264025,"[0.9693054557, 1.0000494719, 1.0092787743, 0.963809073]","[5.4596390724, 5.5243210793, 5.5442824364, 5.4368133545]","[0.0005511357, 0.0004031622, 0.0002240984, 0.0006551307]","[0.0001979854, 0.0003219005, 0.0002132154, 4.91301e-05, 8.95222e-05, 8.59154e-05, 0.0022510032]",0,0.00179883341,raw_action_units,2,96,769564,769564,true
677,eval_same_demo_teacher_forced,0.001551808712,0.001551808712,raw_action_units,0.9852668444,0.9852668444,5.489899317,"[0.9689028859, 1.0006338358, 1.0093708038, 0.9621600509]","[5.4576148987, 5.524559021, 5.5442624092, 5.433160305]","[0.0002628859, 0.0004236929, 0.0005308042, 0.0017521012]","[0.0001458505, 0.0001975128, 0.0001717377, 6.45769e-05, 6.84465e-05, 6.35665e-05, 0.0044849068]",0,0.001551808656,raw_action_units,2,96,769564,769564,true
678,train_single_demo,0.001590823367,0.001590823367,raw_action_units,0.9853028854,0.9853028854,5.49001344,"[0.9686996341, 1.0008239746, 1.0093591213, 0.962328732]","[5.4571976662, 5.5248756409, 5.5443425179, 5.4336380959]","[0.0006882777, 0.0006259883, 0.0007481293, 0.0008201909]","[0.0002327708, 0.0001691121, 0.0001975902, 8.17858e-05, 5.45975e-05, 0.0001015619, 0.0042071077]",0,0.001590823267,raw_action_units,2,96,769564,769564,true
678,eval_same_demo_teacher_forced,0.002101738627,0.002101738627,raw_action_units,0.9859756629,0.9859756629,5.491658847,"[0.9687563777, 1.0013633966, 1.0096012354, 0.9641812444]","[5.4578261375, 5.5260958672, 5.5442681313, 5.4384460449]","[0.0004534287, 0.0004826917, 0.000590015, 0.0020618329]","[0.0002220027, 0.0002267328, 0.0001684863, 6.00467e-05, 0.0001544561, 6.9109e-05, 0.0053781108]",0,0.002101738538,raw_action_units,2,96,769564,769564,true
679,train_single_demo,0.002124969615,0.002124969615,raw_action_units,0.9857860406,0.9857860406,5.490827719,"[0.9688237309, 1.0008565187, 1.0095101595, 0.9639539123]","[5.4575829506, 5.5248031616, 5.5433921814, 5.4375319481]","[0.001034092, 0.0005619376, 0.000351777, 0.0012021245]","[0.0002702902, 0.0001833051, 0.0002159417, 6.2824e-05, 5.24224e-05, 9.38365e-05, 0.0046337596]",0,0.002124969448,raw_action_units,2,96,769564,769564,true
679,eval_same_demo_teacher_forced,0.002465518735,0.002465518735,raw_action_units,0.9844930569,0.9844930569,5.488048871,"[0.968121767, 0.999058485, 1.0092576742, 0.9615343213]","[5.4557757378, 5.5214781761, 5.543806076, 5.4311366081]","[0.0004119745, 0.0004541148, 0.0006487424, 0.0020218205]","[0.0001586979, 0.0002627599, 0.0001584406, 5.08457e-05, 0.0001446702, 5.68069e-05, 0.0053569195]",0,0.002465518635,raw_action_units,2,96,769564,769564,true
680,train_single_demo,0.002363673644,0.002363673644,raw_action_units,0.9846191406,0.9846191406,5.489051819,"[0.9681095481, 0.999566257, 1.009215951, 0.9615850449]","[5.4564476013, 5.5231413841, 5.5446419716, 5.4319758415]","[0.0006206012, 0.0001789609, 0.0003879273, 0.0008653376]","[0.0001916239, 0.0001915593, 0.000176176, 7.17258e-05, 0.0001025145, 0.0001029924, 0.0027558552]",0,0.002363673544,raw_action_units,2,96,769564,769564,true
680,eval_same_demo_teacher_forced,0.002957932651,0.002957932651,raw_action_units,0.9862005313,0.9862005313,5.494170984,"[0.9691083431, 1.0028743744, 1.0096172094, 0.9632022977]","[5.4602546692, 5.5311598778, 5.5470695496, 5.4381985664]","[0.0006866741, 0.0005560206, 0.0006618971, 0.0024164522]","[0.000151996, 0.0003084917, 0.0001935841, 7.45787e-05, 8.50286e-05, 7.55463e-05, 0.0066726007]",0,0.002957932562,raw_action_units,2,96,769564,769564,true
681,train_single_demo,0.002684239531,0.002684239531,raw_action_units,0.9861792525,0.9861792525,5.492774804,"[0.969178021, 1.0025442839, 1.0098041296, 0.9631905556]","[5.4591021538, 5.5289797783, 5.5461196899, 5.4368991852]","[0.0006404122, 0.0002959834, 0.0005473143, 0.0025727185]","[0.0001767518, 0.0002456048, 0.000352227, 8.84274e-05, 0.00010427, 6.43586e-05, 0.0060671098]",0,0.002684239476,raw_action_units,2,96,769564,769564,true
681,eval_same_demo_teacher_forced,0.002981508927,0.002981508927,raw_action_units,0.9848875205,0.9848875205,5.486368179,"[0.969142735, 0.9993944168, 1.0095475912, 0.9614651203]","[5.4553427696, 5.5189285278, 5.5417780876, 5.4294228554]","[0.0006447258, 0.0007351048, 0.0010305577, 0.0023430642]","[0.0002427411, 0.0002642269, 0.000189843, 0.000136014, 7.94997e-05, 0.0001814172, 0.0072247987]",0,0.00298150886,raw_action_units,2,96,769564,769564,true
682,train_single_demo,0.002598841364,0.002598841364,raw_action_units,0.9848626852,0.9848626852,5.487402121,"[0.9693835378, 0.9994928837, 1.0094064474, 0.9611678123]","[5.4569840431, 5.5203490257, 5.5424990654, 5.4297766685]","[0.0002424526, 0.0003337266, 0.0005320212, 0.0013038764]","[0.0002300965, 0.0002598302, 0.0002693776, 7.60073e-05, 5.06318e-05, 0.0001031099, 0.0032320814]",0,0.002598841187,raw_action_units,2,96,769564,769564,true
682,eval_same_demo_teacher_forced,0.002256844115,0.002256844115,raw_action_units,0.9855113427,0.9855113427,5.493017356,"[0.9691674113, 1.0024100542, 1.0094419718, 0.9610260129]","[5.4614024162, 5.5307412148, 5.5465221405, 5.4334030151]","[0.0005163446, 0.0004720579, 0.0007282642, 0.0018191192]","[0.00025516, 0.0002126195, 0.000286307, 9.51767e-05, 8.12592e-05, 0.0001441285, 0.005112974]",0,0.002256844015,raw_action_units,2,96,769564,769564,true
683,train_single_demo,0.002272207523,0.002272207523,raw_action_units,0.9855604569,0.9855604569,5.492550214,"[0.9690580368, 1.0023518801, 1.0097905397, 0.9610412717]","[5.4606156349, 5.5299859047, 5.5467677116, 5.4328312874]","[0.0007309865, 0.0006649336, 0.0009160775, 0.0018894804]","[0.0003556546, 0.0003089998, 0.0003820963, 6.66058e-05, 5.71915e-05, 0.0001729963, 0.0060090418]",0,0.002272207467,raw_action_units,2,96,769564,769564,true
683,eval_same_demo_teacher_forced,0.002228276261,0.002228276261,raw_action_units,0.9846218228,0.9846218228,5.487011751,"[0.9686620831, 0.9985470772, 1.0095824003, 0.9616954327]","[5.4558620453, 5.5185685158, 5.5428814888, 5.4307341576]","[0.0005081039, 0.0005598312, 0.0006433749, 0.0020316283]","[0.000177026, 0.0002206808, 0.0001800334, 0.0001186427, 6.58821e-05, 0.0001267039, 0.0056611733]",0,0.002228276183,raw_action_units,2,96,769564,769564,true
684,train_single_demo,0.002159178335,0.002159178335,raw_action_units,0.9845623175,0.9845623175,5.487282594,"[0.9688665867, 0.998342216, 1.0093017817, 0.9617388248]","[5.4565749168, 5.518512249, 5.5426783562, 5.4313645363]","[0.0003695801, 0.0002947183, 0.0002601753, 0.000531878]","[0.0003088347, 0.000226929, 0.0004021676, 8.0721e-05, 8.08241e-05, 0.0001628859, 0.001286253]",0,0.002159178279,raw_action_units,2,96,769564,769564,true
684,eval_same_demo_teacher_forced,0.002286223928,0.002286223928,raw_action_units,0.9854683876,0.9854683876,5.488844554,"[0.96939224, 1.001294136, 1.0085471869, 0.9626399875]","[5.4576950073, 5.5234408379, 5.5401892662, 5.4340538979]","[0.0003463051, 0.0004607967, 0.0006604308, 0.0018078993]","[0.0001561594, 0.0002194503, 0.0002038363, 9.27544e-05, 6.4506e-05, 0.0001085672, 0.004886732]",0,0.002286223872,raw_action_units,2,96,769564,769564,true
685,train_single_demo,0.002246744931,0.002246744931,raw_action_units,0.9855514765,0.9855514765,5.488959312,"[0.9691813588, 1.0016635656, 1.0088022947, 0.9625585675]","[5.4572052956, 5.5242137909, 5.5408439636, 5.4335741997]","[0.0008304767, 0.0005497541, 0.0005693437, 0.0019266078]","[0.0002054089, 0.0003330185, 0.0002922278, 0.0001103714, 8.58808e-05, 0.000134051, 0.0056223609]",0,0.002246744842,raw_action_units,2,96,769564,769564,true
685,eval_same_demo_teacher_forced,0.002227307918,0.002227307918,raw_action_units,0.9842555722,0.9842555722,5.486731211,"[0.967942059, 0.9989996552, 1.0088576078, 0.9612229466]","[5.4547257423, 5.5202789307, 5.5422511101, 5.4296684265]","[0.0005705401, 0.0004444886, 0.0006232932, 0.0018692986]","[0.0001465387, 0.0002571388, 0.0001559946, 7.98039e-05, 6.42946e-05, 8.63846e-05, 0.00534818]",0,0.002227307785,raw_action_units,2,96,769564,769564,true
686,train_single_demo,0.002414916797,0.002414916797,raw_action_units,0.984197855,0.984197855,5.487444878,"[0.9677682519, 0.9986966252, 1.0089153051, 0.9614112973]","[5.4551815987, 5.5206298828, 5.5431060791, 5.4308609962]","[0.0003353081, 0.000502756, 0.0005159387, 0.0031413937]","[0.000205974, 0.0002454585, 0.0003097145, 7.83703e-05, 7.57872e-05, 0.0001007418, 0.0068508978]",0,0.002414916598,raw_action_units,2,96,769564,769564,true
686,eval_same_demo_teacher_forced,0.002515142861,0.002515142861,raw_action_units,0.9860141675,0.9860141675,5.492353121,"[0.9690723419, 1.0015951395, 1.0106164217, 0.9627729058]","[5.4595036507, 5.5273246765, 5.5467944145, 5.4357910156]","[0.0005584329, 0.0004870536, 0.0007080403, 0.0023992693]","[0.0001784504, 0.0003321928, 0.0002750529, 0.0001000923, 9.76665e-05, 5.92746e-05, 0.0062246635]",0,0.002515142695,raw_action_units,2,96,769564,769564,true
687,train_single_demo,0.002697261361,0.002697261361,raw_action_units,0.9861866236,0.9861866236,5.491618792,"[0.9692225456, 1.0020980835, 1.010663867, 0.9627621174]","[5.4588484764, 5.5271372795, 5.5458908081, 5.4345974922]","[0.0005715635, 0.0004498249, 0.0004932772, 0.0036879026]","[0.0001782662, 0.0005081334, 0.0004750136, 8.12204e-05, 8.45058e-05, 0.0001236521, 0.0076537021]",0,0.002697261228,raw_action_units,2,96,769564,769564,true
687,eval_same_demo_teacher_forced,0.002406660545,0.002406660545,raw_action_units,0.9848150611,0.9848150611,5.485852877,"[0.9683344364, 0.9993214011, 1.0099544525, 0.9616498947]","[5.453441143, 5.5187835693, 5.5421652794, 5.4290213585]","[0.0004274648, 0.0004299991, 0.0007774376, 0.0021315352]","[0.0002660776, 0.0003853285, 0.0003103985, 7.0626e-05, 0.0001053327, 0.0001171242, 0.0053363759]",0,0.002406660379,raw_action_units,2,96,769564,769564,true
688,train_single_demo,0.002429390249,0.002429390249,raw_action_units,0.9848091205,0.9848091205,5.486376444,"[0.9683351517, 0.9991393089, 1.0100189447, 0.9617426991]","[5.4538598061, 5.5189628601, 5.5429148674, 5.4297680855]","[0.0008471491, 0.0004611039, 0.000590987, 0.0019092838]","[0.0001838931, 0.0006159651, 0.0004415423, 7.65937e-05, 8.74788e-05, 6.03102e-05, 0.005199133]",0,0.002429390149,raw_action_units,2,96,769564,769564,true
688,eval_same_demo_teacher_forced,0.002134283461,0.002134283461,raw_action_units,0.9859192371,0.9859192371,5.490490913,"[0.9680741429, 1.0015341043, 1.0106264353, 0.9634420872]","[5.4556407928, 5.5248351097, 5.5461235046, 5.4353637695]","[0.000491434, 0.0004774925, 0.0007106116, 0.0018217758]","[0.0002383891, 0.0003532465, 0.0002362846, 0.0001155304, 0.0001329776, 0.0001695944, 0.0048812763]",0,0.002134283384,raw_action_units,2,96,769564,769564,true
689,train_single_demo,0.002324983245,0.002324983245,raw_action_units,0.986099124,0.986099124,5.490629673,"[0.9681232572, 1.0020360947, 1.0108780861, 0.9633591175]","[5.4555792809, 5.5255799294, 5.546339035, 5.4350199699]","[0.0004569703, 0.0006564083, 0.0008763954, 0.0026263697]","[0.0002766894, 0.0006175975, 0.0004093205, 8.33082e-05, 7.00693e-05, 8.19202e-05, 0.0065393448]",0,0.002324983123,raw_action_units,2,96,769564,769564,true
689,eval_same_demo_teacher_forced,0.001923517945,0.001923517945,raw_action_units,0.9851679405,0.9851679405,5.486279806,"[0.9685163498, 1.0001940727, 1.0098539591, 0.9621071815]","[5.4536576271, 5.520072937, 5.5415215492, 5.4298667908]","[0.000464472, 0.000438351, 0.0007331771, 0.0018149497]","[0.0001965902, 0.000274297, 0.0002648394, 0.0001322876, 0.0001216932, 0.0001481758, 0.0049012783]",0,0.001923517901,raw_action_units,2,96,769564,769564,true
690,train_single_demo,0.002045795166,0.002045795166,raw_action_units,0.984969755,0.984969755,5.485530217,"[0.9685031772, 0.9998704791, 1.0095846653, 0.9619205594]","[5.4532966614, 5.5191464424, 5.5404801369, 5.4291958809]","[0.0005947309, 0.0005438551, 0.0004082695, 0.0005758561]","[0.0002597091, 0.0004153822, 0.0003583425, 7.56038e-05, 0.000149937, 0.0001268366, 0.0023289341]",0,0.0020457951,raw_action_units,2,96,769564,769564,true
690,eval_same_demo_teacher_forced,0.001937162597,0.001937162597,raw_action_units,0.9848608176,0.9848608176,5.485328992,"[0.9677799344, 1.0010151863, 1.0094715357, 0.9611765742]","[5.4520778656, 5.5209574699, 5.5400772095, 5.4282035828]","[0.0004128574, 0.000450249, 0.000574017, 0.0017764205]","[0.0002263487, 0.0002223416, 0.0002338205, 8.22712e-05, 0.0001283018, 8.58591e-05, 0.0046447585]",0,0.001937162486,raw_action_units,2,96,769564,769564,true
691,train_single_demo,0.00204040242,0.00204040242,raw_action_units,0.9850353201,0.9850353201,5.485652288,"[0.9678277969, 1.0013911724, 1.0096718073, 0.9612506032]","[5.4522361755, 5.5215339661, 5.540418148, 5.4284186363]","[0.0006830452, 0.0006298693, 0.0007651543, 0.0011158475]","[0.0003269797, 0.0002925876, 0.0003132999, 0.0001210783, 0.0002388273, 0.0001260403, 0.0041705398]",0,0.002040402343,raw_action_units,2,96,769564,769564,true
691,eval_same_demo_teacher_forced,0.002012661115,0.002012661115,raw_action_units,0.9847709338,0.9847709338,5.485375404,"[0.9680597782, 1.00085783, 1.0086417198, 0.9615244865]","[5.4530110359, 5.521176815, 5.5388588905, 5.4284539223]","[0.0005911615, 0.0004769331, 0.0005636717, 0.0017890314]","[0.0001835457, 0.0002290453, 0.0002030966, 7.85598e-05, 0.0001266996, 4.97855e-05, 0.0051156632]",0,0.002012660993,raw_action_units,2,96,769564,769564,true
692,train_single_demo,0.002071443557,0.002071443557,raw_action_units,0.9848233064,0.9848233064,5.485584895,"[0.9682207108, 1.0007629395, 1.0083993673, 0.9619101882]","[5.4534244537, 5.5213356018, 5.5384602547, 5.4291191101]","[0.0009220492, 0.0006549365, 0.0007300514, 0.0018651588]","[0.0002353313, 0.000238803, 0.0003437267, 0.0001253723, 0.0001667428, 0.0001469847, 0.0060443818]",0,0.002071443502,raw_action_units,2,96,769564,769564,true
692,eval_same_demo_teacher_forced,0.002195796929,0.002195796929,raw_action_units,0.985474964,0.985474964,5.48699681,"[0.9670522809, 1.002264142, 1.0081847906, 0.9643985629]","[5.4511852264, 5.5246624947, 5.5375590324, 5.4345793724]","[0.0006854006, 0.0004933641, 0.0005691438, 0.0017084973]","[0.0001499082, 0.0002923952, 0.0002703132, 0.0001023333, 0.0001279769, 6.27417e-05, 0.0050430419]",0,0.002195796796,raw_action_units,2,96,769564,769564,true
693,train_single_demo,0.002175277254,0.002175277254,raw_action_units,0.9855839411,0.9855839411,5.48657767,"[0.9671618342, 1.0023146868, 1.008671999, 0.9641876221]","[5.4507279396, 5.5238242149, 5.5377907753, 5.4339671135]","[0.0006381026, 0.0006388596, 0.0004478617, 0.0005338725]","[0.0002468248, 0.0003144001, 0.0003428049, 7.20116e-05, 0.0001318887, 6.68502e-05, 0.002777938]",0,0.002175277188,raw_action_units,2,96,769564,769564,true
693,eval_same_demo_teacher_forced,0.002199904139,0.002199904139,raw_action_units,0.9850361347,0.9850361347,5.484327952,"[0.968523562, 0.9990282059, 1.0104794502, 0.9621132016]","[5.4517803192, 5.5157132149, 5.5404314995, 5.4293861389]","[0.0005712748, 0.0009261725, 0.0006941354, 0.001743409]","[0.0001943269, 0.0003249943, 0.0003821148, 0.0001328137, 7.52906e-05, 0.000160606, 0.0056160893]",0,0.002199904018,raw_action_units,2,96,769564,769564,true
694,train_single_demo,0.00213132073,0.00213132073,raw_action_units,0.9848336776,0.9848336776,5.484365463,"[0.9687712789, 0.9982462525, 1.0101310015, 0.9621860385]","[5.4527392387, 5.5147814751, 5.5401611328, 5.4297795296]","[0.0004272766, 0.000534203, 0.0004266374, 0.0011136044]","[0.0002775751, 0.0004373246, 0.0004929054, 7.31187e-05, 0.0001386388, 7.79577e-05, 0.002880492]",0,0.00213132058,raw_action_units,2,96,769564,769564,true
694,eval_same_demo_teacher_forced,0.002074011757,0.002074011757,raw_action_units,0.9854991039,0.9854991039,5.48848327,"[0.9698829055, 0.9992144108, 1.0093092918, 0.9635898471]","[5.4585061073, 5.5198864937, 5.5420556068, 5.4334836006]","[0.0004405455, 0.0007417964, 0.0006397991, 0.0018044784]","[0.0002891047, 0.0002684807, 0.0003896875, 0.0001373444, 7.64827e-05, 6.18322e-05, 0.0051236511]",0,0.002074011646,raw_action_units,2,96,769564,769564,true
695,train_single_demo,0.00208221473,0.00208221473,raw_action_units,0.9857656757,0.9857656757,5.488856316,"[0.9699327946, 0.9998213649, 1.0096920729, 0.9636163712]","[5.4585328102, 5.5208935738, 5.5427727699, 5.4332251549]","[0.0004565166, 0.0002753876, 0.000542893, 0.000673452]","[0.0002347922, 0.0003785865, 0.0005155377, 0.0001510974, 8.30355e-05, 9.65008e-05, 0.0019498859]",0,0.002082214646,raw_action_units,2,96,769564,769564,true
695,eval_same_demo_teacher_forced,0.001883416126,0.001883416126,raw_action_units,0.9860450029,0.9860450029,5.487237295,"[0.9694388509, 0.9998262525, 1.011554122, 0.9633606076]","[5.4546713829, 5.518550396, 5.5444903374, 5.4312381744]","[0.000368985, 0.0004417221, 0.0005587934, 0.0019626101]","[0.0002327664, 0.0002250242, 0.0001767468, 6.30189e-05, 7.85076e-05, 8.42089e-05, 0.0049709198]",0,0.001883416037,raw_action_units,2,96,769564,769564,true
696,train_single_demo,0.002006484661,0.002006484661,raw_action_units,0.9857547482,0.9857547482,5.486458143,"[0.9692260623, 0.9990928769, 1.0114270449, 0.9632730484]","[5.4538607597, 5.516887188, 5.5437984467, 5.4312858582]","[0.0004776657, 0.0005236174, 0.0011475494, 0.0027274142]","[0.0002764877, 0.0007463954, 0.000643664, 0.0001713976, 0.0001047501, 5.81767e-05, 0.0065325596]",0,0.00200648455,raw_action_units,2,96,769564,769564,true
696,eval_same_demo_teacher_forced,0.001908811197,0.001908811197,raw_action_units,0.9845235348,0.9845235348,5.483936628,"[0.9669232965, 0.9982040524, 1.0096658468, 0.9633008838]","[5.4489226341, 5.5147404671, 5.5397834778, 5.4323000908]","[0.0005666838, 0.0004463538, 0.0005213246, 0.0021273547]","[0.0001614625, 0.0002760247, 0.0002062571, 0.0001120287, 5.38749e-05, 8.52588e-05, 0.0055130976]",0,0.001908811164,raw_action_units,2,96,769564,769564,true
697,train_single_demo,0.001884362932,0.001884362932,raw_action_units,0.9846822818,0.9846822818,5.484655857,"[0.9669082165, 0.9989273548, 1.0096050501, 0.9632886052]","[5.4494147301, 5.5165901184, 5.5401873589, 5.4324307442]","[0.0003315001, 0.0002804736, 0.0003658946, 0.0005910203]","[0.0002842048, 0.0003784438, 0.0003870805, 9.26346e-05, 8.90434e-05, 0.0001396423, 0.0013745055]",0,0.001884362904,raw_action_units,2,96,769564,769564,true
697,eval_same_demo_teacher_forced,0.001837498431,0.001837498431,raw_action_units,0.9852410754,0.9852410754,5.487294992,"[0.9677906632, 1.001209259, 1.0100252628, 0.9619391561]","[5.4530396461, 5.5230560303, 5.5423884392, 5.4306945801]","[0.000384333, 0.0005504104, 0.0007683632, 0.0017216285]","[0.0002487738, 0.0002826657, 0.000221709, 8.69975e-05, 6.20768e-05, 0.0001015263, 0.0049895369]",0,0.001837498375,raw_action_units,2,96,769564,769564,true
698,train_single_demo,0.001879936821,0.001879936821,raw_action_units,0.9850095113,0.9850095113,5.487141291,"[0.9680829048, 1.0008250475, 1.0099056959, 0.9612243176]","[5.4538598061, 5.5228209496, 5.5423641205, 5.4295201302]","[0.0006865454, 0.0006342277, 0.000397988, 0.0005269608]","[0.0003032667, 0.0003684418, 0.0003670225, 8.87121e-05, 6.59676e-05, 0.0001773987, 0.0025592039]",0,0.001879936705,raw_action_units,2,96,769564,769564,true
698,eval_same_demo_teacher_forced,0.001883418843,0.001883418843,raw_action_units,0.9844693939,0.9844693939,5.486545086,"[0.9683529735, 1.0008076429, 1.0086635351, 0.9600534439]","[5.4550557137, 5.5235342979, 5.5403137207, 5.4272761345]","[0.0003214431, 0.0005896587, 0.0005983613, 0.0016225162]","[0.0001644107, 0.0002569701, 0.0001563816, 8.70439e-05, 6.84855e-05, 0.0001223875, 0.0046252836]",0,0.001883418787,raw_action_units,2,96,769564,769564,true
699,train_single_demo,0.001998365081,0.001998365081,raw_action_units,0.9846297701,0.9846297701,5.48595492,"[0.967969656, 1.001308322, 1.0087723732, 0.9604687691]","[5.4534678459, 5.5232920647, 5.5398344994, 5.4272251129]","[0.0005800503, 0.0005439175, 0.0007737546, 0.0022219189]","[0.0003420973, 0.0004071879, 0.0004748932, 7.26736e-05, 9.13679e-05, 0.0001416168, 0.0056795347]",0,0.001998365014,raw_action_units,2,96,769564,769564,true
699,eval_same_demo_teacher_forced,0.001851435828,0.001851435828,raw_action_units,0.9847590129,0.9847590129,5.483437856,"[0.9672964215, 1.0014901161, 1.0088149309, 0.9614345431]","[5.4496464729, 5.5201897621, 5.5369281769, 5.4269866943]","[0.000378602, 0.0005977983, 0.000681163, 0.0017531622]","[0.0002095993, 0.0004110748, 0.0003360937, 8.17742e-05, 0.0001048487, 0.0001288253, 0.0046965536]",0,0.001851435751,raw_action_units,2,96,769564,769564,true
700,train_single_demo,0.002000007623,0.002000007623,raw_action_units,0.9846558968,0.9846558968,5.483260155,"[0.9676427841, 1.0009874105, 1.0086733103, 0.9613204002]","[5.4503178596, 5.5194892883, 5.5362205505, 5.4270133972]","[0.000447859, 0.0005778414, 0.0007036391, 0.0016593313]","[0.000242137, 0.0003868154, 0.0004465782, 7.28138e-05, 6.87113e-05, 7.37945e-05, 0.0046393233]",0,0.002000007512,raw_action_units,2,96,769564,769564,true
700,eval_same_demo_teacher_forced,0.001915427623,0.001915427623,raw_action_units,0.9846848647,0.9846848647,5.486319542,"[0.9683664441, 1.0013494492, 1.0088917017, 0.9601317048]","[5.4543433189, 5.5239262581, 5.5400490761, 5.4269585609]","[0.0002843671, 0.0005257035, 0.0006534883, 0.0016593902]","[0.0002174879, 0.0003954752, 0.0001498528, 6.21585e-05, 0.0001055644, 0.0001023359, 0.0044322866]",0,0.001915427546,raw_action_units,2,96,769564,769564,true
701,train_single_demo,0.00194056107,0.00194056107,raw_action_units,0.9846932292,0.9846932292,5.486138344,"[0.9677765965, 1.0017414093, 1.0088974237, 0.9603574872]","[5.4529938698, 5.5242915154, 5.5402646065, 5.4270043373]","[0.0004779293, 0.0004147503, 0.0005880487, 0.0010757262]","[0.0002497117, 0.0002782116, 0.000577927, 0.0001387606, 7.80445e-05, 9.99989e-05, 0.0030511403]",0,0.001940561015,raw_action_units,2,96,769564,769564,true
701,eval_same_demo_teacher_forced,0.001821908091,0.001821908091,raw_action_units,0.9849630197,0.9849630197,5.48442173,"[0.9666528702, 1.0015617609, 1.0091171265, 0.9625201225]","[5.4485192299, 5.520608902, 5.5389442444, 5.4296131134]","[0.0003503164, 0.0006378674, 0.0006606213, 0.0017958941]","[0.0003679591, 0.0008938671, 0.0001790129, 0.0001070589, 8.01273e-05, 0.0001258244, 0.0042743734]",0,0.001821908035,raw_action_units,2,96,769564,769564,true
702,train_single_demo,0.001860278775,0.001860278775,raw_action_units,0.9848642747,0.9848642747,5.484300931,"[0.9672300816, 1.000603199, 1.0091269016, 0.9624968171]","[5.4495506287, 5.5189323425, 5.5388317108, 5.4298877716]","[0.0004425452, 0.0005164925, 0.0003366476, 0.0003460994]","[0.0002279112, 0.0002329988, 0.0006792741, 6.29357e-05, 8.04171e-05, 0.0001071995, 0.0014823867]",0,0.001860278703,raw_action_units,2,96,769564,769564,true
702,eval_same_demo_teacher_forced,0.001873839491,0.001873839491,raw_action_units,0.9847943187,0.9847943187,5.483747482,"[0.9687908292, 0.9989399314, 1.0100067854, 0.9614396691]","[5.4518241882, 5.5156311989, 5.5397586823, 5.4277777672]","[0.000300029, 0.0003856005, 0.0007038221, 0.0019631996]","[0.0002636653, 0.0004883451, 0.0002192257, 0.0001306528, 7.2157e-05, 0.0001547402, 0.0045383531]",0,0.00187383938,raw_action_units,2,96,769564,769564,true
703,train_single_demo,0.001853588037,0.001853588037,raw_action_units,0.9849211375,0.9849211375,5.4840312,"[0.9683275223, 0.999747932, 1.0100119114, 0.9615972638]","[5.4510111809, 5.517282486, 5.5399894714, 5.4278416634]","[0.0006868928, 0.0005985783, 0.0008644413, 0.0021271016]","[0.0001878068, 0.000257081, 0.0004157916, 0.0001019371, 8.13757e-05, 6.43028e-05, 0.0063764793]",0,0.001853587993,raw_action_units,2,96,769564,769564,true
703,eval_same_demo_teacher_forced,0.001740354036,0.001740354036,raw_action_units,0.9849910736,0.9849910736,5.485040983,"[0.965955019, 1.0022102594, 1.0089050531, 0.9628939033]","[5.4473748207, 5.5233626366, 5.538898468, 5.4305281639]","[0.0003298061, 0.0004273344, 0.0007215961, 0.0016131471]","[0.0001454202, 0.0002655363, 0.0002467647, 7.47049e-05, 9.62456e-05, 0.0001305604, 0.004451564]",0,0.001740353892,raw_action_units,2,96,769564,769564,true
704,train_single_demo,0.001791531298,0.001791531298,raw_action_units,0.9849875967,0.9849875967,5.485678037,"[0.9662206769, 1.0018373728, 1.0089392662, 0.9629530907]","[5.4485573769, 5.5233550072, 5.5393681526, 5.4314312935]","[0.0007579552, 0.0006093761, 0.0007980638, 0.0013504056]","[0.0001571895, 0.0003297566, 0.000375021, 0.0001165387, 8.18714e-05, 0.0001323497, 0.0049599237]",0,0.00179153122,raw_action_units,2,96,769564,769564,true
704,eval_same_demo_teacher_forced,0.001666407644,0.001666407644,raw_action_units,0.9844603737,0.9844603737,5.485687256,"[0.9679436088, 0.9988844991, 1.0093487501, 0.9616646171]","[5.4529824257, 5.5187263489, 5.5411133766, 5.4299278259]","[0.0003145369, 0.0005420009, 0.0006692673, 0.0016643987]","[0.0001330902, 0.0002126978, 0.0002016262, 6.50991e-05, 0.0001133066, 0.0001144234, 0.0047426135]",0,0.0016664075,raw_action_units,2,96,769564,769564,true
705,train_single_demo,0.001805336835,0.001805336835,raw_action_units,0.9844799439,0.9844799439,5.485634168,"[0.9677427411, 0.9993517399, 1.0094074011, 0.961417973]","[5.4525008202, 5.5194511414, 5.5413298607, 5.4292545319]","[0.0006322014, 0.0007487907, 0.0003834389, 0.0012495752]","[0.000169726, 0.0001765902, 0.0002139829, 8.79173e-05, 0.0001140543, 7.66614e-05, 0.0044355784]",0,0.001805336791,raw_action_units,2,96,769564,769564,true
705,eval_same_demo_teacher_forced,0.001736699603,0.001736699603,raw_action_units,0.9857028325,0.9857028325,5.488913059,"[0.9676979184, 1.0039020777, 1.0091919899, 0.9620194435]","[5.4532032013, 5.5290770531, 5.5424995422, 5.4308714867]","[0.0003154454, 0.0003698005, 0.0005535226, 0.0017787599]","[0.0001509157, 0.0002284229, 0.0004033638, 8.31029e-05, 4.97394e-05, 5.80016e-05, 0.004307128]",0,0.00173669947,raw_action_units,2,96,769564,769564,true
706,train_single_demo,0.001803803956,0.001803803956,raw_action_units,0.9856581489,0.9856581489,5.488667806,"[0.9676825404, 1.0038579702, 1.008918047, 0.9621742368]","[5.4529705048, 5.5289511681, 5.5417156219, 5.4310326576]","[0.0007564677, 0.0003663369, 0.0004723287, 0.000430286]","[0.0002259168, 0.0001472641, 0.0003371412, 3.87991e-05, 0.0001260751, 7.97695e-05, 0.0025895182]",0,0.001803803834,raw_action_units,2,96,769564,769564,true
706,eval_same_demo_teacher_forced,0.001834305469,0.001834305469,raw_action_units,0.9848273993,0.9848273993,5.485707601,"[0.9674643874, 1.0015591383, 1.008666873, 0.9616191983]","[5.4515705109, 5.5234923363, 5.5396671295, 5.4280991554]","[0.0002856111, 0.0004656861, 0.0006798712, 0.0019777666]","[0.0001474968, 0.00023736, 0.0002057946, 0.0001521163, 7.506e-05, 5.49594e-05, 0.0050928486]",0,0.001834305358,raw_action_units,2,96,769564,769564,true
707,train_single_demo,0.00185311576,0.00185311576,raw_action_units,0.9848326445,0.9848326445,5.485737483,"[0.9671876431, 1.00154531, 1.0089203119, 0.9616772532]","[5.4510936737, 5.5235352516, 5.5400004387, 5.4283204079]","[0.0004078777, 0.0003678276, 0.0002466703, 0.0003597522]","[0.0001162374, 0.0002063432, 0.0002747788, 8.88447e-05, 7.35143e-05, 7.06226e-05, 0.0015883823]",0,0.001853115701,raw_action_units,2,96,769564,769564,true
707,eval_same_demo_teacher_forced,0.001763045089,0.001763045089,raw_action_units,0.9854943554,0.9854943554,5.487652938,"[0.9666290283, 1.0031218529, 1.0094850063, 0.9627414346]","[5.4508476257, 5.5273079872, 5.54053545, 5.4319205284]","[0.0003390575, 0.0003634512, 0.000686418, 0.0018534772]","[0.0001712587, 0.000196544, 0.0001616455, 5.76543e-05, 5.86523e-05, 9.15957e-05, 0.0049368562]",0,0.00176304499,raw_action_units,2,96,769564,769564,true
708,train_single_demo,0.001731166694,0.001731166694,raw_action_units,0.9854497512,0.9854497512,5.487401326,"[0.9665641785, 1.0031745434, 1.0092271566, 0.9628331065]","[5.4505119324, 5.5272498131, 5.5398387909, 5.4320063591]","[0.0005368095, 0.0005517295, 0.0004617387, 0.0007744128]","[0.0001863705, 0.0001990803, 0.0002046864, 0.0001076519, 6.3939e-05, 0.0001091255, 0.0031973543]",0,0.001731166572,raw_action_units,2,96,769564,769564,true
708,eval_same_demo_teacher_forced,0.001708987557,0.001708987557,raw_action_units,0.9845953782,0.9845953782,5.484295845,"[0.9659881592, 1.0014749765, 1.0083957911, 0.9625228047]","[5.4473853111, 5.5223097801, 5.5375809669, 5.4299073219]","[0.0002725094, 0.0005217449, 0.000768094, 0.0016284179]","[0.0002017564, 0.0002773079, 0.0003375581, 8.83937e-05, 7.27946e-05, 6.71463e-05, 0.0045388839]",0,0.001708987479,raw_action_units,2,96,769564,769564,true
709,train_single_demo,0.001652821122,0.001652821122,raw_action_units,0.9844670494,0.9844670494,5.48437945,"[0.9661298394, 1.0009860992, 1.0084469318, 0.962305367]","[5.4479637146, 5.5215811729, 5.5381679535, 5.4298043251]","[0.0003007094, 0.0002206466, 0.0002125153, 0.0006115338]","[0.0001951718, 0.0002166599, 0.0002635932, 4.82565e-05, 7.0918e-05, 0.0001111948, 0.0014486647]",0,0.001652821011,raw_action_units,2,96,769564,769564,true
709,eval_same_demo_teacher_forced,0.001609201388,0.001609201388,raw_action_units,0.9846291939,0.9846291939,5.486844381,"[0.9674572945, 1.000444293, 1.0088993311, 0.9617159963]","[5.4527988434, 5.5224080086, 5.5413684845, 5.4308013916]","[0.0002821771, 0.000355593, 0.0006153353, 0.001705491]","[0.0001700454, 0.0002349383, 0.0001691484, 5.66823e-05, 8.06842e-05, 7.23534e-05, 0.0043936917]",0,0.001609201277,raw_action_units,2,96,769564,769564,true
710,train_single_demo,0.001671758791,0.001671758791,raw_action_units,0.9848455191,0.9848455191,5.487223307,"[0.9673693776, 1.0011252165, 1.0090065002, 0.9618811607]","[5.452501297, 5.5236854553, 5.5416331291, 5.4310736656]","[0.0004099795, 0.0003264169, 0.0007173074, 0.002432347]","[0.0001636876, 0.0002395828, 0.000246161, 5.81367e-05, 7.52037e-05, 8.86698e-05, 0.0059291464]",0,0.001671758702,raw_action_units,2,96,769564,769564,true
710,eval_same_demo_teacher_forced,0.001607124073,0.001607124073,raw_action_units,0.9846718709,0.9846718709,5.486198425,"[0.9658317566, 1.0021449327, 1.0088264942, 0.9618843198]","[5.4485373497, 5.5253601074, 5.5408668518, 5.4300270081]","[0.0001872696, 0.0003214105, 0.0007167018, 0.0016256847]","[0.0001476059, 0.000185006, 0.0001297628, 5.40458e-05, 5.06868e-05, 9.60413e-05, 0.0043262183]",0,0.001607123984,raw_action_units,2,96,769564,769564,true
711,train_single_demo,0.001606867144,0.001606867144,raw_action_units,0.9845839739,0.9845839739,5.486269474,"[0.9656786323, 1.0018850565, 1.0089122057, 0.9618598819]","[5.4484710693, 5.5251984596, 5.5411529541, 5.4302558899]","[0.0003238987, 0.0003922909, 0.0006873509, 0.001149015]","[0.000227698, 0.0001905292, 0.0002515139, 4.74531e-05, 6.65236e-05, 6.25407e-05, 0.0036207137]",0,0.001606867116,raw_action_units,2,96,769564,769564,true
711,eval_same_demo_teacher_forced,0.001669113291,0.001669113291,raw_action_units,0.9847151041,0.9847151041,5.488563538,"[0.9656063914, 1.0013494492, 1.0095807314, 0.9623239636]","[5.4506072998, 5.52617836, 5.543718338, 5.4337487221]","[0.0002729658, 0.0004144123, 0.0007293053, 0.0015919955]","[0.0001940554, 0.000184844, 0.0002284672, 5.5102e-05, 5.84344e-05, 5.29207e-05, 0.0044913641]",0,0.001669113258,raw_action_units,2,96,769564,769564,true
712,train_single_demo,0.001686263985,0.001686263985,raw_action_units,0.9847437541,0.9847437541,5.488581181,"[0.9656109214, 1.0012241602, 1.0096082687, 0.9625316262]","[5.450612545, 5.5258164406, 5.5438008308, 5.4340949059]","[0.0002661533, 0.0002232804, 0.000452266, 0.0005348606]","[0.0002904767, 0.0001931587, 0.0002247582, 4.91101e-05, 5.06437e-05, 7.74011e-05, 0.0016984319]",0,0.001686263918,raw_action_units,2,96,769564,769564,true
712,eval_same_demo_teacher_forced,0.001542786602,0.001542786602,raw_action_units,0.9845035474,0.9845035474,5.486055692,"[0.9652826786, 1.0001277924, 1.0089761019, 0.9636275172]","[5.447655201, 5.5214705467, 5.5410141945, 5.4340801239]","[0.0002737603, 0.0003397073, 0.0005408548, 0.0016197818]","[0.0001263504, 0.0002329029, 0.000219829, 6.18729e-05, 6.45605e-05, 5.29676e-05, 0.0040961984]",0,0.001542786491,raw_action_units,2,96,769564,769564,true
713,train_single_demo,0.00156395537,0.00156395537,raw_action_units,0.9845344226,0.9845344226,5.486010551,"[0.9653938413, 1.000259757, 1.0088094473, 0.9636747241]","[5.4477295876, 5.5216851234, 5.5405521393, 5.4340744019]","[0.0002286247, 0.0001179074, 0.0002677195, 0.0003710119]","[0.0002776904, 0.0001688311, 0.000200878, 5.78567e-05, 5.20749e-05, 4.39116e-05, 0.0009229684]",0,0.001563955342,raw_action_units,2,96,769564,769564,true
713,eval_same_demo_teacher_forced,0.001405601778,0.001405601778,raw_action_units,0.9849073688,0.9849073688,5.48710839,"[0.9666913152, 1.0011707544, 1.0086710453, 0.9630963206]","[5.4508032799, 5.52374506, 5.5402684212, 5.4336166382]","[0.0001961377, 0.0003339554, 0.0005154327, 0.0016724222]","[0.0001363838, 0.0002042048, 0.0001418613, 4.8473e-05, 4.83595e-05, 5.60307e-05, 0.0041210954]",0,0.001405601744,raw_action_units,2,96,769564,769564,true
714,train_single_demo,0.001474740217,0.001474740217,raw_action_units,0.9848748048,0.9848748048,5.487017314,"[0.9666936398, 1.0011504889, 1.0086663961, 0.9629888535]","[5.4507956505, 5.5236358643, 5.5401701927, 5.4334673882]","[0.0005246275, 0.0003035839, 0.0005856533, 0.0003907638]","[0.0002028747, 0.0001506289, 0.0002516769, 6.55139e-05, 6.77889e-05, 4.65499e-05, 0.0023730665]",0,0.001474740117,raw_action_units,2,96,769564,769564,true
714,eval_same_demo_teacher_forced,0.001513410127,0.001513410127,raw_action_units,0.9842142264,0.9842142264,5.485817909,"[0.9660487175, 1.0005606413, 1.0080305338, 0.9622170329]","[5.4495034218, 5.5228157043, 5.5393366814, 5.4316134453]","[0.0003111534, 0.0003390004, 0.0005161045, 0.0015362817]","[0.0001382264, 0.0002110411, 0.0001326877, 5.44069e-05, 5.55949e-05, 5.34326e-05, 0.0040840548]",0,0.001513410005,raw_action_units,2,96,769564,769564,true
715,train_single_demo,0.001605384323,0.001605384323,raw_action_units,0.9841366609,0.9841366609,5.485992273,"[0.9657667279, 1.0005279779, 1.0078585148, 0.9623932838]","[5.4492340088, 5.5231480598, 5.5392985344, 5.4322867393]","[0.0004074294, 0.0002980019, 0.0003546586, 0.0011819425]","[0.0001750565, 0.0001751984, 0.0001521697, 3.96342e-05, 6.33523e-05, 4.38648e-05, 0.0032742808]",0,0.001605384274,raw_action_units,2,96,769564,769564,true
715,eval_same_demo_teacher_forced,0.001555975449,0.001555975449,raw_action_units,0.9846823613,0.9846823613,5.488126437,"[0.9662909508, 1.0009651184, 1.0080939531, 0.9633795619]","[5.451341629, 5.5249290466, 5.540667057, 5.4355659485]","[0.000364433, 0.0004385604, 0.0005033932, 0.0016391109]","[0.0001215657, 0.0001838409, 0.0001371499, 6.20962e-05, 8.68955e-05, 4.93166e-05, 0.004513755]",0,0.001555975349,raw_action_units,2,96,769564,769564,true
716,train_single_demo,0.001559789215,0.001559789215,raw_action_units,0.984713455,0.984713455,5.487604777,"[0.9663121104, 1.0008087158, 1.0083614588, 0.9633715749]","[5.4509062767, 5.5238757133, 5.5406432152, 5.4349937439]","[0.0005021647, 0.0002827255, 0.0004023001, 0.000497021]","[0.000150286, 0.0002285887, 0.0002179235, 3.35938e-05, 7.99897e-05, 4.08965e-05, 0.0021960912]",0,0.001559789159,raw_action_units,2,96,769564,769564,true
716,eval_same_demo_teacher_forced,0.001486300568,0.001486300568,raw_action_units,0.9850526055,0.9850526055,5.485730171,"[0.9662417769, 1.0010876656, 1.0093942881, 0.9634866118]","[5.4483437538, 5.5213031769, 5.5405116081, 5.4327616692]","[0.0002452056, 0.0003412501, 0.0004657143, 0.0016156802]","[0.0001224021, 0.0001851221, 0.0001247235, 4.99009e-05, 4.82371e-05, 4.63394e-05, 0.0040920121]",0,0.001486300535,raw_action_units,2,96,769564,769564,true
717,train_single_demo,0.001485951284,0.001485951284,raw_action_units,0.9850316048,0.9850316048,5.485676448,"[0.9661629796, 1.0011000633, 1.009314537, 0.9635488391]","[5.4481444359, 5.5213799477, 5.5402855873, 5.4328961372]","[0.0002416855, 0.0003099582, 0.000577251, 0.001423299]","[0.0002242267, 0.0001645219, 0.0002453093, 4.8375e-05, 8.50991e-05, 5.10255e-05, 0.0036477817]",0,0.001485951245,raw_action_units,2,96,769564,769564,true
717,eval_same_demo_teacher_forced,0.001509635942,0.001509635942,raw_action_units,0.9852890968,0.9852890968,5.487572829,"[0.9665539861, 1.0020728111, 1.0093251467, 0.9632044435]","[5.4502129555, 5.5249724388, 5.5415496826, 5.433555603]","[0.0004207904, 0.000380611, 0.0005082229, 0.0016310108]","[0.0001621012, 0.000204135, 0.0001370498, 5.74161e-05, 6.14968e-05, 5.10023e-05, 0.00447291]",0,0.001509635887,raw_action_units,2,96,769564,769564,true
718,train_single_demo,0.00146478919,0.00146478919,raw_action_units,0.9852349758,0.9852349758,5.487298012,"[0.9665668011, 1.0019856691, 1.0094171762, 0.9629702568]","[5.4501852989, 5.5245499611, 5.5415272713, 5.4329295158]","[0.0003844791, 0.0003198578, 0.0003345046, 0.0004578223]","[0.0002471841, 0.0001799854, 0.0002734482, 5.37861e-05, 6.30682e-05, 5.35987e-05, 0.001748091]",0,0.001464789157,raw_action_units,2,96,769564,769564,true
718,eval_same_demo_teacher_forced,0.001574489987,0.001574489987,raw_action_units,0.9850277503,0.9850277503,5.486720244,"[0.9664259553, 1.0013260841, 1.0096988678, 0.9626604915]","[5.4499053955, 5.5227909088, 5.5420913696, 5.4320912361]","[0.0003288414, 0.0004046598, 0.0005169938, 0.0017027319]","[0.0002170326, 0.0002190747, 0.0001942825, 5.90591e-05, 5.53949e-05, 5.63869e-05, 0.0043669161]",0,0.001574489953,raw_action_units,2,96,769564,769564,true
719,train_single_demo,0.001570957364,0.001570957364,raw_action_units,0.9849824905,0.9849824905,5.486572266,"[0.9664218426, 1.0011444092, 1.0094395876, 0.9629243016]","[5.4497847557, 5.5224328041, 5.5413947105, 5.4326763153]","[0.0005386308, 0.000181175, 0.0001902451, 0.0005482198]","[0.000245042, 0.0001573338, 0.0002169497, 4.70221e-05, 7.98939e-05, 4.18982e-05, 0.0017638333]",0,0.001570957292,raw_action_units,2,96,769564,769564,true
719,eval_same_demo_teacher_forced,0.001509656742,0.001509656742,raw_action_units,0.9845093886,0.9845093886,5.486136436,"[0.9666861892, 0.9999444485, 1.0080610514, 0.9633460045]","[5.4504909515, 5.5209746361, 5.5391860008, 5.4338927269]","[0.0002411691, 0.0004006822, 0.0005985955, 0.0015638135]","[0.0001564979, 0.0001933377, 0.0001756834, 6.1756e-05, 5.17871e-05, 7.28541e-05, 0.0041955388]",0,0.001509656731,raw_action_units,2,96,769564,769564,true
720,train_single_demo,0.001510515305,0.001510515305,raw_action_units,0.9845949014,0.9845949014,5.486291091,"[0.9667221904, 1.0002000332, 1.0081192255, 0.9633381963]","[5.4504981041, 5.5213904381, 5.5393643379, 5.4339103699]","[0.0002990278, 0.0003879213, 0.0007338358, 0.0023244985]","[0.0001317865, 0.000189202, 0.0002197145, 5.25008e-05, 8.935e-05, 3.97394e-05, 0.0058319517]",0,0.001510515277,raw_action_units,2,96,769564,769564,true
720,eval_same_demo_teacher_forced,0.001509585573,0.001509585573,raw_action_units,0.9849383434,0.9849383434,5.486980597,"[0.9667069912, 1.0015474558, 1.0084594488, 0.9630396962]","[5.4503922462, 5.5235495567, 5.5401210785, 5.4338593483]","[0.0002434419, 0.0003423641, 0.0005738751, 0.0016913615]","[0.0001604718, 0.0002549989, 0.0001549177, 4.78049e-05, 6.18837e-05, 5.59935e-05, 0.0042532538]",0,0.001509585462,raw_action_units,2,96,769564,769564,true
721,train_single_demo,0.001488252155,0.001488252155,raw_action_units,0.9848070542,0.9848070542,5.486881892,"[0.9666309953, 1.001296401, 1.0083203316, 0.9629805684]","[5.4504103661, 5.5232634544, 5.5400156975, 5.4338378906]","[0.0005191655, 0.0002805277, 0.0005560829, 0.0015459708]","[0.0001585577, 0.0002056914, 0.0002625903, 6.12767e-05, 8.43844e-05, 5.27116e-05, 0.004252844]",0,0.001488252144,raw_action_units,2,96,769564,769564,true
721,eval_same_demo_teacher_forced,0.001494326474,0.001494326474,raw_action_units,0.9837628206,0.9837628206,5.484955788,"[0.9654019475, 0.9998623729, 1.0075335503, 0.962253511]","[5.4483170509, 5.5209827423, 5.5382494926, 5.4322724342]","[0.0002559416, 0.0003366203, 0.0005910741, 0.0016816325]","[0.0001805755, 0.0001923006, 0.0001548799, 5.1563e-05, 7.29405e-05, 4.48997e-05, 0.0043170596]",0,0.001494326451,raw_action_units,2,96,769564,769564,true
722,train_single_demo,0.001497957797,0.001497957797,raw_action_units,0.9838191668,0.9838191668,5.485295614,"[0.965511322, 0.9999703765, 1.0076373816, 0.9621575475]","[5.4488873482, 5.5214977264, 5.5385985374, 5.432199955]","[0.0002458076, 0.0001625315, 0.0001778339, 0.0007352843]","[0.0001417308, 0.0001823067, 0.0002682011, 5.52373e-05, 5.97722e-05, 5.02958e-05, 0.0015550061]",0,0.001497957767,raw_action_units,2,96,769564,769564,true
722,eval_same_demo_teacher_forced,0.001347863542,0.001347863542,raw_action_units,0.9843641321,0.9843641321,5.487732251,"[0.9665742517, 1.0005978346, 1.0079386234, 0.9623457789]","[5.4527130127, 5.5243239403, 5.5404028893, 5.4334907532]","[0.0002151199, 0.0003497216, 0.0004958531, 0.0015397969]","[0.0001471071, 0.0001824508, 0.0002319921, 4.85274e-05, 9.27236e-05, 5.33895e-05, 0.0037946689]",0,0.001347863515,raw_action_units,2,96,769564,769564,true
723,train_single_demo,0.00149930222,0.00149930222,raw_action_units,0.984435757,0.984435757,5.487958272,"[0.9668238759, 1.000438571, 1.0078817606, 0.9625990391]","[5.4532380104, 5.5240883827, 5.5404753685, 5.4340310097]","[0.0005036403, 0.00028429, 0.0007024899, 0.0016526746]","[0.0002049906, 0.0001639112, 0.0003050441, 6.78215e-05, 8.45968e-05, 4.96932e-05, 0.0046243584]",0,0.001499302153,raw_action_units,2,96,769564,769564,true
723,eval_same_demo_teacher_forced,0.001361568458,0.001361568458,raw_action_units,0.9841174483,0.9841174483,5.485944748,"[0.9660924077, 0.9990112782, 1.0073673725, 0.9639986157]","[5.4499058723, 5.5197224617, 5.538192749, 5.4359564781]","[0.0002120297, 0.0003285507, 0.0005319968, 0.0016380409]","[0.0001246879, 0.0001727889, 0.0001856441, 6.87732e-05, 4.25187e-05, 6.2387e-05, 0.0040867808]",0,0.001361568458,raw_action_units,2,96,769564,769564,true
724,train_single_demo,0.001448847121,0.001448847121,raw_action_units,0.9841279189,0.9841279189,5.48582538,"[0.9658964276, 0.9990763664, 1.0074902773, 0.9640486836]","[5.4492239952, 5.519639492, 5.5383853912, 5.4360518456]","[0.0003670651, 0.0003263803, 0.000633604, 0.0009568837]","[0.0001713879, 0.0001883826, 0.000407277, 4.71431e-05, 8.84027e-05, 9.83122e-05, 0.0029959774]",0,0.001448847043,raw_action_units,2,96,769564,769564,true
724,eval_same_demo_teacher_forced,0.001598559242,0.001598559242,raw_action_units,0.9847749273,0.9847749273,5.487730026,"[0.9657778144, 1.0009914637, 1.0087169409, 0.9636138082]","[5.4493355751, 5.5236878395, 5.5411300659, 5.4367642403]","[0.0002558563, 0.0003792343, 0.0006551046, 0.0015484528]","[0.000129904, 0.0001808412, 0.0002225522, 0.000102275, 3.94355e-05, 6.6165e-05, 0.0042264606]",0,0.001598559143,raw_action_units,2,96,769564,769564,true
725,train_single_demo,0.001566691014,0.001566691014,raw_action_units,0.9847563903,0.9847563903,5.487989108,"[0.9659008384, 1.0009390116, 1.0087337494, 0.9634521604]","[5.449886322, 5.5240168571, 5.5414595604, 5.4365940094]","[0.0005572544, 0.000166723, 0.0003664332, 0.0008059543]","[0.0001271392, 0.000189274, 0.0002584796, 6.92124e-05, 5.54025e-05, 5.04599e-05, 0.0025686708]",0,0.001566690969,raw_action_units,2,96,769564,769564,true
725,eval_same_demo_teacher_forced,0.001537301267,0.001537301267,raw_action_units,0.9843402306,0.9843402306,5.488123894,"[0.9669905305, 0.9995851517, 1.0081272125, 0.9626579881]","[5.4534378052, 5.5232357979, 5.5419182777, 5.4339027405]","[0.0003748964, 0.0003212092, 0.0005376046, 0.0016066968]","[0.0001638319, 0.0001991619, 0.0002379398, 5.92002e-05, 5.42007e-05, 9.7536e-05, 0.004158841]",0,0.001537301223,raw_action_units,2,96,769564,769564,true
726,train_single_demo,0.001617382164,0.001617382164,raw_action_units,0.9843338331,0.9843338331,5.488283475,"[0.9668518901, 0.9993771911, 1.0081467628, 0.9629593492]","[5.4533333778, 5.5230464935, 5.5422439575, 5.4345092773]","[0.0002195704, 0.0002774667, 0.0003344925, 0.0010336811]","[0.0001967938, 0.0002380368, 0.0002974022, 0.0001240392, 7.25725e-05, 6.70128e-05, 0.0022682615]",0,0.001617382059,raw_action_units,2,96,769564,769564,true
726,eval_same_demo_teacher_forced,0.001509770208,0.001509770208,raw_action_units,0.9848959446,0.9848959446,5.488739014,"[0.9663915634, 1.0002610683, 1.0091987848, 0.9637324214]","[5.4517560005, 5.5236458778, 5.5433402061, 5.4362139702]","[0.0002563642, 0.0003287039, 0.0005126043, 0.0019309721]","[0.00013077, 0.0002084776, 0.0001357814, 8.25037e-05, 5.49941e-05, 4.15919e-05, 0.0046460093]",0,0.00150977013,raw_action_units,2,96,769564,769564,true
727,train_single_demo,0.001622749376,0.001622749376,raw_action_units,0.9848270814,0.9848270814,5.4878877,"[0.9661545753, 1.000425458, 1.0093283653, 0.9634000659]","[5.4505085945, 5.5230650902, 5.5427894592, 5.4351882935]","[0.0002319127, 0.0002852759, 0.0005063316, 0.0010970674]","[0.0001554833, 0.0002004171, 0.0002420771, 5.72892e-05, 5.98665e-05, 6.14963e-05, 0.0029343988]",0,0.001622749271,raw_action_units,2,96,769564,769564,true
727,eval_same_demo_teacher_forced,0.001544599965,0.001544599965,raw_action_units,0.9838236968,0.9838236968,5.484220346,"[0.965472281, 0.9997308254, 1.0083665848, 0.9617250562]","[5.4473233223, 5.5199356079, 5.5392479897, 5.430372715]","[0.0002734052, 0.0003662916, 0.0005083059, 0.0015771398]","[0.0001583701, 0.0001878266, 0.0001990229, 0.0001093253, 8.74142e-05, 6.80808e-05, 0.0039589596]",0,0.001544599909,raw_action_units,2,96,769564,769564,true
728,train_single_demo,0.001458119756,0.001458119756,raw_action_units,0.9839020769,0.9839020769,5.484822909,"[0.9657482505, 0.9997513294, 1.0080848932, 0.9620237947]","[5.4483323097, 5.5205712318, 5.5391631126, 5.431224823]","[0.0001497832, 0.0002427348, 0.0005037719, 0.0011902358]","[0.0001346958, 0.0001812751, 0.0001738474, 3.97549e-05, 5.88077e-05, 6.84597e-05, 0.0029945793]",0,0.00145811969,raw_action_units,2,96,769564,769564,true
728,eval_same_demo_teacher_forced,0.001656678272,0.001656678272,raw_action_units,0.9844239553,0.9844239553,5.488579114,"[0.9659788013, 1.0005751848, 1.0077257156, 0.9634160995]","[5.4514904022, 5.52526474, 5.5414948463, 5.4360661507]","[0.000234541, 0.0004091031, 0.000592241, 0.0014953315]","[0.0001352988, 0.0002351173, 0.0001645973, 6.47462e-05, 5.12506e-05, 6.99425e-05, 0.0040586758]",0,0.00165667815,raw_action_units,2,96,769564,769564,true
729,train_single_demo,0.001620832598,0.001620832598,raw_action_units,0.9844918251,0.9844918251,5.488354524,"[0.9659352303, 1.0006934404, 1.0080749989, 0.9632636905]","[5.4510645866, 5.5250301361, 5.541779995, 5.4355435371]","[0.0001681755, 0.000166832, 0.000193485, 0.0006054824]","[0.000186202, 0.0002356148, 0.0002335701, 5.50622e-05, 7.39778e-05, 6.77171e-05, 0.0011323119]",0,0.001620832454,raw_action_units,2,96,769564,769564,true
729,eval_same_demo_teacher_forced,0.001525267338,0.001525267338,raw_action_units,0.9837786555,0.9837786555,5.484976927,"[0.9655273557, 0.9989991188, 1.0089600086, 0.9616280198]","[5.448076725, 5.5194950104, 5.5414757729, 5.4308590889]","[0.0002866413, 0.0005337454, 0.0006742782, 0.0015834555]","[0.000121274, 0.0002195277, 0.0002259251, 5.62863e-05, 5.90426e-05, 7.10511e-05, 0.0046336032]",0,0.001525267249,raw_action_units,2,96,769564,769564,true
730,train_single_demo,0.001526413253,0.001526413253,raw_action_units,0.983744363,0.983744363,5.484786669,"[0.965675652, 0.9989349246, 1.008779645, 0.961587131]","[5.4483084679, 5.5193023682, 5.5409235954, 5.4306130409]","[0.0003349722, 0.000200257, 0.0003611484, 0.000493218]","[0.0001728427, 0.000322825, 0.0002357029, 5.68962e-05, 5.98989e-05, 9.46992e-05, 0.0014889273]",0,0.001526413197,raw_action_units,2,96,769564,769564,true
730,eval_same_demo_teacher_forced,0.001632075679,0.001632075679,raw_action_units,0.9850140214,0.9850140214,5.488374551,"[0.9662048817, 1.0014771223, 1.0086945295, 0.9636794925]","[5.4506516457, 5.52551651, 5.5414600372, 5.4358692169]","[0.000428789, 0.0003039868, 0.0005581966, 0.0015525393]","[0.0001670894, 0.0002066614, 0.0002685056, 5.54408e-05, 4.48419e-05, 5.73957e-05, 0.0041762101]",0,0.001632075579,raw_action_units,2,96,769564,769564,true
731,train_single_demo,0.001549019905,0.001549019905,raw_action_units,0.9851180315,0.9851180315,5.48855861,"[0.9660756588, 1.00154531, 1.008769989, 0.9640811086]","[5.4504008293, 5.5256085396, 5.5417137146, 5.4365115166]","[0.0001735187, 0.0003103832, 0.0004464615, 0.0007539585]","[0.0001554963, 0.0003081532, 0.0002436526, 6.30551e-05, 7.48641e-05, 6.70092e-05, 0.0020353326]",0,0.001549019877,raw_action_units,2,96,769564,769564,true
731,eval_same_demo_teacher_forced,0.001681991698,0.001681991698,raw_action_units,0.9847592513,0.9847592513,5.48695453,"[0.9664311409, 0.9996088147, 1.0085785389, 0.9644184709]","[5.4503097534, 5.521048069, 5.5408673286, 5.4355912209]","[0.0003563342, 0.0002748893, 0.0005606956, 0.0016609152]","[0.0001332167, 0.0002062888, 0.0001732942, 8.4919e-05, 6.48514e-05, 5.10976e-05, 0.0042787916]",0,0.001681991675,raw_action_units,2,96,769564,769564,true
732,train_single_demo,0.001674935726,0.001674935726,raw_action_units,0.9846314192,0.9846314192,5.486639182,"[0.9664046168, 0.9993701577, 1.0084204674, 0.9643303752]","[5.4500946999, 5.520565033, 5.540371418, 5.4355239868]","[0.0002586414, 0.0004800147, 0.0003443625, 0.0011441852]","[0.0001925703, 0.0002352092, 0.0002044763, 7.84528e-05, 5.92538e-05, 4.98324e-05, 0.0030778113]",0,0.001674935665,raw_action_units,2,96,769564,769564,true
732,eval_same_demo_teacher_forced,0.001447185214,0.001447185214,raw_action_units,0.9845880667,0.9845880667,5.48551925,"[0.9655278325, 1.0007148981, 1.0088126659, 0.9632968903]","[5.4470973015, 5.5220780373, 5.5392227173, 5.4336791039]","[0.0002390364, 0.0003072112, 0.0004928222, 0.0015489593]","[0.0001711426, 0.000181659, 0.0001644162, 5.14461e-05, 5.49511e-05, 4.53454e-05, 0.0038600899]",0,0.001447185164,raw_action_units,2,96,769564,769564,true
733,train_single_demo,0.001635801901,0.001635801901,raw_action_units,0.9844748974,0.9844748974,5.485174179,"[0.9649375081, 1.0009664297, 1.0088438988, 0.9631516337]","[5.4457716942, 5.522415638, 5.5390954018, 5.433412075]","[0.0003170176, 0.0008414022, 0.0006061146, 0.0011358039]","[0.0001501059, 0.0002243923, 0.0002687798, 7.95009e-05, 6.88729e-05, 7.9524e-05, 0.0042044162]",0,0.001635801845,raw_action_units,2,96,769564,769564,true
733,eval_same_demo_teacher_forced,0.001330048932,0.001330048932,raw_action_units,0.9842562477,0.9842562477,5.486655235,"[0.9653086662, 1.0008281469, 1.0080802441, 0.9628081918]","[5.4485449791, 5.5244259834, 5.5400252342, 5.4336261749]","[0.0001857327, 0.0003155019, 0.000482137, 0.0015139011]","[0.000185544, 0.0001737823, 0.0001362884, 4.86491e-05, 5.9916e-05, 6.85517e-05, 0.0036974957]",0,0.001330048866,raw_action_units,2,96,769564,769564,true
734,train_single_demo,0.001512523042,0.001512523042,raw_action_units,0.9842718045,0.9842718045,5.487584114,"[0.9658133984, 1.0005917549, 1.0077844858, 0.9628975391]","[5.4505448341, 5.5250000954, 5.5404238701, 5.434366703]","[0.0002238578, 0.000331555, 0.000327617, 0.0018800165]","[0.0001674233, 0.0001439632, 0.0003895409, 4.00586e-05, 7.01562e-05, 6.60594e-05, 0.0039581298]",0,0.001512522987,raw_action_units,2,96,769564,769564,true
734,eval_same_demo_teacher_forced,0.001698994543,0.001698994543,raw_action_units,0.9840502143,0.9840502143,5.488658905,"[0.9653761387, 0.9998617172, 1.0074748993, 0.963488102]","[5.4515318871, 5.525182724, 5.5418276787, 5.4360938072]","[0.000272065, 0.0004430794, 0.0005092451, 0.0017333931]","[0.0001938168, 0.0001803152, 0.0003325114, 8.37559e-05, 8.64464e-05, 6.3093e-05, 0.0042361803]",0,0.001698994477,raw_action_units,2,96,769564,769564,true
735,train_single_demo,0.001608183996,0.001608183996,raw_action_units,0.9841775894,0.9841775894,5.488233884,"[0.9649913907, 1.0002897978, 1.0077781677, 0.9636510015]","[5.4499821663, 5.5251374245, 5.5416617393, 5.4361548424]","[0.000140727, 0.0002248098, 0.0002054404, 0.0002088883]","[0.000187478, 0.0002050683, 0.0002148351, 4.492e-05, 5.6343e-05, 9.49595e-05, 0.0005611609]",0,0.00160818394,raw_action_units,2,96,769564,769564,true
735,eval_same_demo_teacher_forced,0.001715435336,0.001715435336,raw_action_units,0.9843464891,0.9843464891,5.485775312,"[0.9645471573, 1.0007548332, 1.0081629753, 0.9639208913]","[5.4458618164, 5.5225863457, 5.5384140015, 5.4362373352]","[0.0003221462, 0.0004608326, 0.0007669714, 0.0015832119]","[0.0001284652, 0.0002079657, 0.0005863185, 5.05805e-05, 6.85582e-05, 7.72905e-05, 0.0043638549]",0,0.001715435247,raw_action_units,2,96,769564,769564,true
736,train_single_demo,0.001705555944,0.001705555944,raw_action_units,0.9843158325,0.9843158325,5.485786279,"[0.9648604989, 1.0007132292, 1.0078382492, 0.9638513923]","[5.4465517998, 5.5225625038, 5.5379166603, 5.4361138344]","[0.0005986684, 0.0002244304, 0.0009243984, 0.0009950384]","[0.0001402459, 0.0001826661, 0.0003269099, 7.90837e-05, 8.70717e-05, 5.28694e-05, 0.0039305906]",0,0.001705555911,raw_action_units,2,96,769564,769564,true
736,eval_same_demo_teacher_forced,0.001620261775,0.001620261775,raw_action_units,0.983873268,0.983873268,5.486542066,"[0.9655885696, 1.0001733303, 1.0063868761, 0.963344276]","[5.4501328468, 5.5233025551, 5.5380206108, 5.4347133636]","[0.0003201381, 0.0003212443, 0.0005676167, 0.0018827737]","[0.0001388704, 0.000181751, 0.0002507346, 8.59519e-05, 5.27919e-05, 0.0001167579, 0.0045837448]",0,0.001620261708,raw_action_units,2,96,769564,769564,true
737,train_single_demo,0.001680198358,0.001680198358,raw_action_units,0.9841159383,0.9841159383,5.487549146,"[0.9656596184, 1.0006166697, 1.0066355467, 0.9635518193]","[5.4508476257, 5.5247173309, 5.5392289162, 5.4354014397]","[0.0005542003, 0.000374036, 0.000449422, 0.001276401]","[0.0001550589, 0.000191492, 0.0002873882, 5.22067e-05, 7.00818e-05, 4.41799e-05, 0.0038441957]",0,0.001680198259,raw_action_units,2,96,769564,769564,true
737,eval_same_demo_teacher_forced,0.001612520389,0.001612520389,raw_action_units,0.9850551883,0.9850551883,5.490316232,"[0.9646353126, 1.0028131008, 1.0076726675, 0.9650996327]","[5.4493789673, 5.5299868584, 5.5419507027, 5.4399476051]","[0.0002630522, 0.0003331279, 0.0005659888, 0.0016370177]","[0.0001878446, 0.0003353787, 0.0001625275, 8.45049e-05, 5.41726e-05, 8.95088e-05, 0.0039846394]",0,0.001612520289,raw_action_units,2,96,769564,769564,true
738,train_single_demo,0.001558970233,0.001558970233,raw_action_units,0.9849035939,0.9849035939,5.489499092,"[0.9645473957, 1.0024344921, 1.0077028275, 0.9649296403]","[5.4485507011, 5.5287246704, 5.5412955284, 5.4394230843]","[0.0002979372, 0.0002239544, 0.0002494674, 0.0002090204]","[0.000151954, 0.000148778, 0.0002841369, 6.9774e-05, 5.05636e-05, 7.69127e-05, 0.0009335449]",0,0.001558970128,raw_action_units,2,96,769564,769564,true
738,eval_same_demo_teacher_forced,0.001660165843,0.001660165843,raw_action_units,0.9837096135,0.9837096135,5.483629227,"[0.9647428393, 0.9994776845, 1.0069431067, 0.9636747241]","[5.4457321167, 5.5192198753, 5.5353598595, 5.4342060089]","[0.0002471833, 0.0003097792, 0.0006129387, 0.0018585086]","[0.0001620005, 0.000258523, 0.0001678711, 0.000105551, 7.22483e-05, 9.28959e-05, 0.0044406271]",0,0.001660165776,raw_action_units,2,96,769564,769564,true
739,train_single_demo,0.001691210472,0.001691210472,raw_action_units,0.9839135806,0.9839135806,5.484231631,"[0.9650349617, 0.9997131228, 1.0069681406, 0.9639379382]","[5.4465622902, 5.519859314, 5.5356574059, 5.4348473549]","[0.0004711054, 0.0002487942, 0.0006033359, 0.0016619378]","[0.0001971458, 0.000188186, 0.0003231758, 7.23292e-05, 7.06204e-05, 8.26608e-05, 0.0042899349]",0,0.001691210394,raw_action_units,2,96,769564,769564,true
739,eval_same_demo_teacher_forced,0.001339620561,0.001339620561,raw_action_units,0.9846611222,0.9846611222,5.488119125,"[0.9654126167, 1.0014088154, 1.0070290565, 0.9647939801]","[5.4496650696, 5.5258178711, 5.5389742851, 5.4380187988]","[0.0001741205, 0.0003137497, 0.0005558464, 0.0014618677]","[0.0001415608, 0.0001869105, 0.0001580014, 9.24562e-05, 0.0001086588, 8.34879e-05, 0.0036136967]",0,0.001339620511,raw_action_units,2,96,769564,769564,true
740,train_single_demo,0.00142204323,0.00142204323,raw_action_units,0.9845107794,0.9845107794,5.488133589,"[0.965149641, 1.0013331175, 1.0071154833, 0.9644448757]","[5.4493460655, 5.526034832, 5.5395255089, 5.4376292229]","[0.0002184985, 0.00019018, 0.0003571407, 0.0009997278]","[0.0001639871, 0.0001306168, 0.0001415228, 6.14665e-05, 6.64299e-05, 8.38552e-05, 0.0024418284]",0,0.00142204318,raw_action_units,2,96,769564,769564,true
740,eval_same_demo_teacher_forced,0.001390825569,0.001390825569,raw_action_units,0.9841410716,0.9841410716,5.487295787,"[0.9652214646, 1.0007852316, 1.0080672503, 0.9624902606]","[5.4489936829, 5.5249114037, 5.5414595604, 5.433816433]","[0.0001835706, 0.0003234106, 0.0005363236, 0.0015594029]","[0.0002217148, 0.0002363195, 0.0001315467, 9.11072e-05, 8.98561e-05, 5.43188e-05, 0.0037298752]",0,0.001390825514,raw_action_units,2,96,769564,769564,true
741,train_single_demo,0.001453411533,0.001453411533,raw_action_units,0.9841370185,0.9841370185,5.486915906,"[0.9653208852, 1.0005806684, 1.008228302, 0.9624180794]","[5.4488387108, 5.5240826607, 5.5413804054, 5.433362484]","[0.0003142962, 0.0003047051, 0.0004763643, 0.000925178]","[0.000173334, 0.0001809809, 0.0001981947, 7.6522e-05, 0.000106408, 9.40408e-05, 0.0027064707]",0,0.001453411499,raw_action_units,2,96,769564,769564,true
741,eval_same_demo_teacher_forced,0.00142863063,0.00142863063,raw_action_units,0.9843528271,0.9843528271,5.486213366,"[0.9647561908, 1.0009835958, 1.0083087683, 0.9633626938]","[5.4467506409, 5.5236115456, 5.5401062965, 5.4343838692]","[0.0002084329, 0.0003166091, 0.0005155104, 0.0015430548]","[0.0001902764, 0.0001837508, 0.0001175497, 5.28713e-05, 9.61871e-05, 7.26838e-05, 0.0038079934]",0,0.001428630558,raw_action_units,2,96,769564,769564,true
742,train_single_demo,0.001458784565,0.001458784565,raw_action_units,0.9843827685,0.9843827685,5.486394882,"[0.9643507004, 1.001185298, 1.0083504915, 0.9636446834]","[5.4460105896, 5.5241246223, 5.5403752327, 5.4350676537]","[0.000340856, 0.000225854, 0.0002508262, 0.0006912479]","[0.000271975, 0.0001636966, 0.0001416613, 9.44755e-05, 0.0001254378, 4.15081e-05, 0.001801618]",0,0.001458784499,raw_action_units,2,96,769564,769564,true
742,eval_same_demo_teacher_forced,0.001236245036,0.001236245036,raw_action_units,0.9842915138,0.9842915138,5.486256123,"[0.9641625285, 1.0012364388, 1.0087474585, 0.9630196691]","[5.4454803467, 5.5243186951, 5.5410919189, 5.4341330528]","[0.0002215872, 0.0002987389, 0.000481421, 0.0014246036]","[0.0001692165, 0.0001821307, 0.0001470002, 5.28391e-05, 6.01618e-05, 6.08243e-05, 0.0035739413]",0,0.001236244947,raw_action_units,2,96,769564,769564,true
743,train_single_demo,0.001310755149,0.001310755149,raw_action_units,0.9841687481,0.9841687481,5.486029943,"[0.9643006921, 1.0009502172, 1.0086897612, 0.9627344012]","[5.4457564354, 5.5237998962, 5.5409417152, 5.4336223602]","[0.0002198398, 0.0002733385, 0.0005662303, 0.0013749645]","[0.0002455493, 0.0001756538, 0.0002420264, 7.5484e-05, 0.0001392936, 6.62489e-05, 0.003315896]",0,0.0013107551,raw_action_units,2,96,769564,769564,true
743,eval_same_demo_teacher_forced,0.001325198915,0.001325198915,raw_action_units,0.9834725857,0.9834725857,5.484701157,"[0.9637439847, 0.9998679161, 1.0078517199, 0.9624268413]","[5.4446778297, 5.5217418671, 5.5391068459, 5.4332756996]","[0.0001772647, 0.0003914809, 0.0006148681, 0.001479737]","[0.0001905701, 0.0001867076, 0.0001875948, 6.09537e-05, 5.73788e-05, 4.28826e-05, 0.0039347759]",0,0.001325198893,raw_action_units,2,96,769564,769564,true
744,train_single_demo,0.001328503092,0.001328503092,raw_action_units,0.9837069511,0.9837069511,5.485388756,"[0.9637334347, 1.0004293919, 1.0079798698, 0.9626850486]","[5.4448990822, 5.5230064392, 5.5397381783, 5.4339108467]","[0.0001592342, 0.0001532604, 0.0005271325, 0.0011054451]","[0.000176146, 0.0001495867, 0.0002128038, 6.26775e-05, 4.5921e-05, 5.21263e-05, 0.002704615]",0,0.001328503003,raw_action_units,2,96,769564,769564,true
744,eval_same_demo_teacher_forced,0.001313733092,0.001313733092,raw_action_units,0.9847048124,0.9847048124,5.48871549,"[0.9640156627, 1.0027540922, 1.0085726976, 0.9634767175]","[5.4468741417, 5.5287175179, 5.5429496765, 5.436319828]","[0.0001934396, 0.0003640548, 0.0005372496, 0.0015067124]","[0.0001690195, 0.0002065817, 0.0002245585, 0.0001123849, 0.0001091577, 5.22273e-05, 0.0036786189]",0,0.001313733026,raw_action_units,2,96,769564,769564,true
745,train_single_demo,0.001361305593,0.001361305593,raw_action_units,0.9846869707,0.9846869707,5.488868395,"[0.9641936421, 1.0025258064, 1.0085417032, 0.9634868503]","[5.4473228455, 5.5284767151, 5.5430846214, 5.4365897179]","[0.0001384176, 0.0002168089, 0.0002918547, 0.0007654788]","[0.0002824919, 0.0001371941, 0.0002057081, 6.68303e-05, 5.20814e-05, 3.44904e-05, 0.0016931836]",0,0.001361305515,raw_action_units,2,96,769564,769564,true
745,eval_same_demo_teacher_forced,0.001264010866,0.001264010866,raw_action_units,0.9843226671,0.9843226671,5.486867269,"[0.9646030068, 1.0011093616, 1.0078641176, 0.9637141228]","[5.4469342232, 5.5246310234, 5.5397992134, 5.436106205]","[0.0001809271, 0.0002581304, 0.0005248247, 0.00152545]","[0.0001833321, 0.0001701296, 0.0001481181, 0.0001006666, 6.72129e-05, 5.7007e-05, 0.0036298649]",0,0.001264010822,raw_action_units,2,96,769564,769564,true
746,train_single_demo,0.001302895408,0.001302895408,raw_action_units,0.9842292865,0.9842292865,5.486354669,"[0.9644164443, 1.0009503365, 1.0077351332, 0.9638153911]","[5.4462943077, 5.5240159035, 5.5391654968, 5.4359436035]","[0.0003420401, 0.0003365817, 0.0004081877, 0.000340274]","[0.0004214795, 0.0001582383, 0.0002336005, 5.6765e-05, 9.11597e-05, 4.13345e-05, 0.0014948184]",0,0.001302895314,raw_action_units,2,96,769564,769564,true
746,eval_same_demo_teacher_forced,0.001385632941,0.001385632941,raw_action_units,0.9847547611,0.9847547611,5.487614632,"[0.9645703435, 1.0015079975, 1.008485198, 0.9644555449]","[5.4471135139, 5.5255589485, 5.5404763222, 5.4373078346]","[0.0001845457, 0.0002575681, 0.0005430276, 0.0014409446]","[0.0001612644, 0.0001943065, 0.0002289124, 7.03433e-05, 4.61034e-05, 6.48764e-05, 0.003479844]",0,0.001385632902,raw_action_units,2,96,769564,769564,true
747,train_single_demo,0.001389858294,0.001389858294,raw_action_units,0.9848744869,0.9848744869,5.488341967,"[0.9647169113, 1.0016633272, 1.008612752, 0.9645048976]","[5.4479203224, 5.526368618, 5.5412621498, 5.4378166199]","[0.0003816383, 0.0001678801, 0.0002393913, 0.0002535346]","[0.0003142173, 0.0001594465, 0.0001628851, 6.91896e-05, 9.65836e-05, 4.70912e-05, 0.000974864]",0,0.001389858246,raw_action_units,2,96,769564,769564,true
747,eval_same_demo_teacher_forced,0.001262408371,0.001262408371,raw_action_units,0.9848150214,0.9848150214,5.489536762,"[0.9649454951, 1.0016433001, 1.008518219, 0.9641530514]","[5.4496636391, 5.5276870728, 5.5427117348, 5.4380850792]","[0.0001686801, 0.0002610683, 0.0005120098, 0.0014526309]","[0.0001168091, 0.0001899438, 0.0002719703, 5.00265e-05, 7.30151e-05, 4.48609e-05, 0.0034435552]",0,0.001262408282,raw_action_units,2,96,769564,769564,true
748,train_single_demo,0.001287151089,0.001287151089,raw_action_units,0.9847030441,0.9847030441,5.488987605,"[0.9648572803, 1.0014168024, 1.0083779097, 0.9641602635]","[5.449072361, 5.5268483162, 5.5422339439, 5.4377961159]","[0.0001325581, 0.000220557, 0.0004318813, 0.001246231]","[0.0002110792, 0.00017818, 0.0002330092, 6.05818e-05, 4.63271e-05, 3.67031e-05, 0.0027887672]",0,0.001287151039,raw_action_units,2,96,769564,769564,true
748,eval_same_demo_teacher_forced,0.001301932537,0.001301932537,raw_action_units,0.9840538104,0.9840538104,5.486143271,"[0.9639565349, 1.0003122091, 1.0082087517, 0.9637377858]","[5.4452986717, 5.5229735374, 5.5406317711, 5.4356703758]","[0.0002063849, 0.0002847676, 0.0005142332, 0.0014236321]","[0.000115553, 0.0001642703, 0.0002908224, 8.0062e-05, 6.78299e-05, 4.79715e-05, 0.0034842722]",0,0.001301932503,raw_action_units,2,96,769564,769564,true
749,train_single_demo,0.001307996106,0.001307996106,raw_action_units,0.9842080673,0.9842080673,5.486474991,"[0.9639654756, 1.0008211136, 1.0082799196, 0.9637656808]","[5.4453525543, 5.5239272118, 5.5408043861, 5.435816288]","[0.0002119166, 0.0001600273, 0.0004096247, 0.0009724914]","[0.0002033638, 0.000215003, 0.000245586, 3.82282e-05, 7.59916e-05, 4.91055e-05, 0.0022423272]",0,0.001307996079,raw_action_units,2,96,769564,769564,true
749,eval_same_demo_teacher_forced,0.001272931346,0.001272931346,raw_action_units,0.9844658375,0.9844658375,5.486765226,"[0.9635187984, 1.0023742914, 1.0080817938, 0.9638884664]","[5.4445157051, 5.5262627602, 5.539773941, 5.4365077019]","[0.000189942, 0.0003243342, 0.0005634839, 0.0014147648]","[0.0001149817, 0.0001600112, 0.0001706852, 8.46991e-05, 8.54918e-05, 4.78392e-05, 0.0036982105]",0,0.001272931296,raw_action_units,2,96,769564,769564,true
750,train_single_demo,0.001271098619,0.001271098619,raw_action_units,0.9842926264,0.9842926264,5.486487707,"[0.9635558128, 1.0020904541, 1.0077465773, 0.9637777209]","[5.4446969032, 5.5258421898, 5.5391116142, 5.4362983704]","[0.0003305335, 0.0002601139, 0.0004433106, 0.0008024646]","[0.0001657344, 0.0001535776, 0.0002638304, 5.59571e-05, 8.29763e-05, 2.83774e-05, 0.0024632865]",0,0.001271098586,raw_action_units,2,96,769564,769564,true
750,eval_same_demo_teacher_forced,0.00128963547,0.00128963547,raw_action_units,0.9837762713,0.9837762713,5.487178485,"[0.9642410278, 1.0003185272, 1.006706357, 0.9638390541]","[5.447535038, 5.5246920586, 5.5389976501, 5.4374890327]","[0.0001737406, 0.0002779608, 0.000485513, 0.0016369388]","[0.0001527097, 0.0002059159, 0.0001274023, 4.48036e-05, 5.79552e-05, 6.47621e-05, 0.0038512193]",0,0.001289635453,raw_action_units,2,96,769564,769564,true
751,train_single_demo,0.001293670502,0.001293670502,raw_action_units,0.9838942885,0.9838942885,5.487667878,"[0.964305222, 1.0004835129, 1.0068541765, 0.9639341831]","[5.4479050636, 5.5253005028, 5.5395736694, 5.4378905296]","[0.0003658506, 0.0002205984, 0.0002710258, 0.0010398148]","[0.0001362863, 0.0001879161, 0.0003160898, 6.1401e-05, 7.20143e-05, 5.28095e-05, 0.0024937394]",0,0.00129367043,raw_action_units,2,96,769564,769564,true
751,eval_same_demo_teacher_forced,0.001404826296,0.001404826296,raw_action_units,0.9850634933,0.9850634933,5.489657084,"[0.9652526379, 1.0027849674, 1.0076841116, 0.9645323157]","[5.4498672485, 5.5292115211, 5.5411276817, 5.4384212494]","[0.0002117494, 0.0003172306, 0.0005056434, 0.0017474018]","[0.0001255408, 0.0002019968, 0.0003598854, 5.54054e-05, 8.37329e-05, 4.56579e-05, 0.0039963243]",0,0.001404826219,raw_action_units,2,96,769564,769564,true
752,train_single_demo,0.001564689601,0.001564689601,raw_action_units,0.9850567579,0.9850567579,5.488957405,"[0.9654279351, 1.0026148558, 1.0075974464, 0.9645867944]","[5.4495949745, 5.5281090736, 5.5402817726, 5.4378418922]","[0.0002146427, 0.0002801737, 0.0003253101, 0.0020402127]","[0.000164872, 0.0002012194, 0.0002872165, 2.897e-05, 7.24152e-05, 3.58536e-05, 0.0042150468]",0,0.001564689513,raw_action_units,2,96,769564,769564,true
752,eval_same_demo_teacher_forced,0.001503125532,0.001503125532,raw_action_units,0.9838583867,0.9838583867,5.484284401,"[0.963912189, 1.0004277229, 1.0071021318, 0.963991642]","[5.4437427521, 5.5213885307, 5.5363068581, 5.4356999397]","[0.0001990314, 0.0002847805, 0.0004955578, 0.0017048507]","[0.0001464001, 0.0001730235, 0.0003223041, 7.46561e-05, 5.62231e-05, 4.88768e-05, 0.0038759017]",0,0.001503125454,raw_action_units,2,96,769564,769564,true
753,train_single_demo,0.001616818636,0.001616818636,raw_action_units,0.9837609132,0.9837609132,5.484552383,"[0.9634544253, 1.0006213188, 1.0072606802, 0.9637072086]","[5.4431686401, 5.5222606659, 5.5369758606, 5.4358024597]","[0.0002934995, 0.0001913629, 0.0002269629, 0.0014939931]","[0.0001351987, 0.0002119354, 0.0003690282, 6.33218e-05, 8.34134e-05, 8.08631e-05, 0.0029164217]",0,0.001616818564,raw_action_units,2,96,769564,769564,true
753,eval_same_demo_teacher_forced,0.001628922687,0.001628922687,raw_action_units,0.9846670032,0.9846670032,5.489143054,"[0.9634495378, 1.0036264658, 1.0082265139, 0.9633654952]","[5.4458317757, 5.5312523842, 5.5421328545, 5.4373550415]","[0.0002732027, 0.0004269388, 0.0005782801, 0.0015174672]","[0.0001998803, 0.0002273946, 0.0002973914, 8.80668e-05, 7.75404e-05, 6.32739e-05, 0.0039392584]",0,0.001628922565,raw_action_units,2,96,769564,769564,true
754,train_single_demo,0.001584501297,0.001584501297,raw_action_units,0.9846431613,0.9846431613,5.489041487,"[0.9639895558, 1.003148675, 1.0079299212, 0.9635042548]","[5.4469146729, 5.5304532051, 5.5415015221, 5.4372959137]","[0.0003337662, 0.0001828916, 0.0002306182, 0.0005771191]","[0.0001889728, 0.0002249037, 0.0001714952, 8.51269e-05, 7.1906e-05, 9.22655e-05, 0.0014830214]",0,0.00158450125,raw_action_units,2,96,769564,769564,true
754,eval_same_demo_teacher_forced,0.001477237868,0.001477237868,raw_action_units,0.9837604364,0.9837604364,5.48643144,"[0.9650055766, 0.9997217059, 1.0066834688, 0.9636311531]","[5.4484462738, 5.5231575966, 5.538318634, 5.4358019829]","[0.0002192347, 0.0003465801, 0.0005580087, 0.0014697922]","[0.0001325483, 0.0002518503, 0.0001379705, 0.0001044032, 7.59899e-05, 9.03935e-05, 0.0037456714]",0,0.001477237835,raw_action_units,2,96,769564,769564,true
755,train_single_demo,0.001426560571,0.001426560571,raw_action_units,0.9838220676,0.9838220676,5.486326059,"[0.9649266601, 0.9998115897, 1.0068300962, 0.9637199044]","[5.448076725, 5.5229783058, 5.5382790565, 5.4359688759]","[0.0002984515, 0.0002401227, 0.0003044902, 0.0005910986]","[0.0001494416, 0.000189391, 0.0002450846, 7.19281e-05, 7.77957e-05, 5.36946e-05, 0.0017224496]",0,0.001426560538,raw_action_units,2,96,769564,769564,true
755,eval_same_demo_teacher_forced,0.001444705063,0.001444705063,raw_action_units,0.9846932888,0.9846932888,5.487015088,"[0.9641330838, 1.0025351048, 1.0078209639, 0.9642840028]","[5.4453544617, 5.5266013145, 5.5389385223, 5.437166214]","[0.000208862, 0.0003568448, 0.0005351944, 0.0015549987]","[0.0001411318, 0.0002233887, 0.0002177318, 0.0001073615, 7.26498e-05, 0.0001410181, 0.0037445428]",0,0.001444705008,raw_action_units,2,96,769564,769564,true
756,train_single_demo,0.001404328737,0.001404328737,raw_action_units,0.9846738974,0.9846738974,5.487053871,"[0.9641624093, 1.0026566982, 1.0077829361, 0.9640935063]","[5.4454598427, 5.5269203186, 5.538957119, 5.4368782043]","[0.0002805738, 0.0003218741, 0.0004070923, 0.0005151877]","[0.0001236871, 0.0002715041, 0.0001848733, 0.0001147746, 0.00010656, 9.83217e-05, 0.001768553]",0,0.001404328671,raw_action_units,2,96,769564,769564,true
756,eval_same_demo_teacher_forced,0.001320308191,0.001320308191,raw_action_units,0.9843825897,0.9843825897,5.487633069,"[0.9649598002, 1.001224637, 1.0068598986, 0.9644858241]","[5.448038578, 5.5257086754, 5.5385270119, 5.4382576942]","[0.0001840213, 0.0002937485, 0.0004534553, 0.0014397227]","[0.0001507671, 0.0001919023, 0.0001315629, 5.28509e-05, 6.26716e-05, 4.61344e-05, 0.0035132691]",0,0.001320308163,raw_action_units,2,96,769564,769564,true
757,train_single_demo,0.001378874721,0.001378874721,raw_action_units,0.9844791889,0.9844791889,5.488017082,"[0.9650387168, 1.0011039972, 1.0068717003, 0.9649025798]","[5.4484305382, 5.5256881714, 5.5387611389, 5.4391875267]","[0.0003195966, 0.0003398287, 0.0002722663, 0.0009855494]","[0.0001177321, 0.000255784, 0.0001772268, 8.27854e-05, 8.8516e-05, 4.72935e-05, 0.0025858334]",0,0.001378874649,raw_action_units,2,96,769564,769564,true
757,eval_same_demo_teacher_forced,0.0014814743,0.0014814743,raw_action_units,0.9853149255,0.9853149255,5.489467621,"[0.9647133946, 1.0027756691, 1.0079064369, 0.9658638835]","[5.447781086, 5.5284767151, 5.539914608, 5.4416995049]","[0.0002811781, 0.0003183759, 0.0005557849, 0.0015268043]","[0.0001519179, 0.0003360475, 0.000177267, 8.30582e-05, 0.0001410456, 5.06937e-05, 0.0037537205]",0,0.001481474244,raw_action_units,2,96,769564,769564,true
758,train_single_demo,0.001423280492,0.001423280492,raw_action_units,0.9851637681,0.9851637681,5.48894612,"[0.9647612572, 1.0026721954, 1.0080028772, 0.965218544]","[5.4475674629, 5.5280661583, 5.5398507118, 5.4402999878]","[0.0002222824, 0.0001916241, 0.0004361027, 0.0010615214]","[0.0001254857, 0.0001720775, 0.0001853575, 4.12598e-05, 5.74903e-05, 6.30873e-05, 0.0027004201]",0,0.00142328042,raw_action_units,2,96,769564,769564,true
758,eval_same_demo_teacher_forced,0.001622994741,0.001622994741,raw_action_units,0.9837176005,0.9837176005,5.485747019,"[0.9641680717, 1.0004990101, 1.0074342489, 0.9627692103]","[5.4458699226, 5.5236001015, 5.5385775566, 5.4349403381]","[0.0002611588, 0.0003372505, 0.0005806623, 0.001732983]","[0.0001420925, 0.000324188, 0.0002178644, 6.52942e-05, 7.90955e-05, 5.42156e-05, 0.0042133448]",0,0.001622994652,raw_action_units,2,96,769564,769564,true
759,train_single_demo,0.001588534215,0.001588534215,raw_action_units,0.9838937521,0.9838937521,5.486648719,"[0.9642204642, 1.0008301735, 1.0072463751, 0.9632779956]","[5.4466567039, 5.5247979164, 5.5389466286, 5.436193943]","[0.0002169679, 0.0002084981, 0.0003987034, 0.0013952946]","[0.0001522272, 0.000181917, 0.0002391451, 4.42902e-05, 7.06505e-05, 5.6736e-05, 0.0031390961]",0,0.00158853412,raw_action_units,2,96,769564,769564,true
759,eval_same_demo_teacher_forced,0.001455819972,0.001455819972,raw_action_units,0.985087196,0.985087196,5.489836534,"[0.9645662308, 1.0031871796, 1.0072938204, 0.9653015733]","[5.4485840797, 5.5299916267, 5.5399360657, 5.4408321381]","[0.0002975855, 0.0002676368, 0.000534286, 0.0014517453]","[0.0001526447, 0.0002780935, 0.0002180299, 7.54113e-05, 5.22952e-05, 9.45627e-05, 0.0035936562]",0,0.001455819899,raw_action_units,2,96,769564,769564,true
760,train_single_demo,0.001422358289,0.001422358289,raw_action_units,0.9849540989,0.9849540989,5.489138444,"[0.9645574093, 1.0028672218, 1.0074070692, 0.9649848342]","[5.4480977058, 5.5289053917, 5.5397624969, 5.4397864342]","[0.0002462844, 0.0003388158, 0.0004141815, 0.000666085]","[0.0001170377, 0.0001472445, 0.0002185521, 7.13226e-05, 8.36185e-05, 4.29761e-05, 0.0022336401]",0,0.001422358233,raw_action_units,2,96,769564,769564,true
760,eval_same_demo_teacher_forced,0.001329630458,0.001329630458,raw_action_units,0.9841846625,0.9841846625,5.485741933,"[0.965048492, 1.0011140108, 1.0076090097, 0.9629670978]","[5.4470214844, 5.5237221718, 5.538318634, 5.4339032173]","[0.0003279231, 0.0003199576, 0.000545641, 0.0013935493]","[0.0001578203, 0.0002701615, 0.0001641512, 7.91824e-05, 5.32078e-05, 8.58077e-05, 0.0037170434]",0,0.001329630392,raw_action_units,2,96,769564,769564,true
761,train_single_demo,0.001307106072,0.001307106072,raw_action_units,0.9841663043,0.9841663043,5.485987027,"[0.9649985433, 1.0011299849, 1.0076128244, 0.962923944]","[5.4472174644, 5.5240254402, 5.5385956764, 5.4341087341]","[0.0002318383, 0.0003316539, 0.0005098661, 0.0009602875]","[0.0001664634, 0.0002485221, 0.0001285605, 5.64895e-05, 5.98815e-05, 6.63154e-05, 0.0028326481]",0,0.001307106,raw_action_units,2,96,769564,769564,true
761,eval_same_demo_teacher_forced,0.001233674741,0.001233674741,raw_action_units,0.9846045574,0.9846045574,5.488337199,"[0.9639065266, 1.0026290417, 1.0076798201, 0.964202702]","[5.4465165138, 5.5282988548, 5.5407938957, 5.4377403259]","[0.000290337, 0.0002675916, 0.0004867651, 0.0014201539]","[0.0001335845, 0.0002548411, 0.0001781358, 9.46931e-05, 5.68412e-05, 6.33842e-05, 0.0035320034]",0,0.001233674675,raw_action_units,2,96,769564,769564,true
762,train_single_demo,0.001287706817,0.001287706817,raw_action_units,0.984539787,0.984539787,5.488086224,"[0.9637796879, 1.0023795366, 1.0077805519, 0.9642190337]","[5.4460926056, 5.5277523994, 5.5409259796, 5.4375739098]","[0.0003310722, 0.0002240223, 0.0002361594, 0.0006658928]","[0.0001458872, 0.0002665076, 0.0001703555, 7.41509e-05, 5.14876e-05, 6.6792e-05, 0.0017748257]",0,0.001287706795,raw_action_units,2,96,769564,769564,true
762,eval_same_demo_teacher_forced,0.001304523282,0.001304523282,raw_action_units,0.9848340352,0.9848340352,5.488508542,"[0.9640824199, 1.0023554564, 1.0088790655, 0.9640191197]","[5.4460692406, 5.5279326439, 5.542983532, 5.4370484352]","[0.0001663523, 0.000237001, 0.0004775897, 0.001586637]","[0.0001258692, 0.0001721752, 0.0001306335, 5.58249e-05, 5.43936e-05, 4.00694e-05, 0.0037392993]",0,0.001304523177,raw_action_units,2,96,769564,769564,true
763,train_single_demo,0.001284024989,0.001284024989,raw_action_units,0.9847631852,0.9847631852,5.488141378,"[0.9641134739, 1.0022422075, 1.008749485, 0.9639475346]","[5.4459166527, 5.5274987221, 5.5423259735, 5.4368247986]","[0.0002793214, 0.0002139398, 0.0004580675, 0.0007508461]","[0.0001682519, 0.0002081229, 0.0001954718, 6.35818e-05, 5.75998e-05, 5.48732e-05, 0.0022309043]",0,0.0012840249,raw_action_units,2,96,769564,769564,true
763,eval_same_demo_teacher_forced,0.001353240844,0.001353240844,raw_action_units,0.9847740134,0.9847740134,5.485852559,"[0.964522779, 1.0026164055, 1.0077261925, 0.9642308354]","[5.4448599815, 5.5257363319, 5.5371232033, 5.435690403]","[0.0001926266, 0.0002419584, 0.0004956007, 0.0015080025]","[0.0001358755, 0.0001684465, 0.0001461302, 6.1627e-05, 6.59061e-05, 7.84234e-05, 0.0036104207]",0,0.001353240749,raw_action_units,2,96,769564,769564,true
764,train_single_demo,0.001393022481,0.001393022481,raw_action_units,0.9847696026,0.9847696026,5.485905965,"[0.964553535, 1.0025777817, 1.0075427294, 0.9644043446]","[5.4449934959, 5.5257544518, 5.5368499756, 5.4360275269]","[0.0005943568, 0.0002875708, 0.0005693496, 0.0013608597]","[0.0001462422, 0.0001883402, 0.0002087168, 4.8496e-05, 9.11113e-05, 5.12891e-05, 0.0041870433]",0,0.00139302237,raw_action_units,2,96,769564,769564,true
764,eval_same_demo_teacher_forced,0.001280784335,0.001280784335,raw_action_units,0.9841145674,0.9841145674,5.486560345,"[0.9642474055, 1.0011925697, 1.0073407888, 0.9636772275]","[5.4462761879, 5.5251364708, 5.5388259888, 5.4360032082]","[0.0003123617, 0.0002358346, 0.0004864943, 0.0013807849]","[0.0001098896, 0.0001555989, 0.0001543681, 7.02489e-05, 5.43075e-05, 4.98982e-05, 0.0036327706]",0,0.001280784296,raw_action_units,2,96,769564,769564,true
765,train_single_demo,0.001484809676,0.001484809676,raw_action_units,0.9840675394,0.9840675394,5.487367948,"[0.9638947845, 1.001464963, 1.0072654486, 0.9636448026]","[5.4463768005, 5.5265898705, 5.5397458076, 5.4367585182]","[0.0002521205, 0.0003550626, 0.0005417163, 0.0018189969]","[0.0001393311, 0.0001609213, 0.000310833, 5.36427e-05, 8.66655e-05, 7.65219e-05, 0.0043659029]",0,0.001484809621,raw_action_units,2,96,769564,769564,true
765,eval_same_demo_teacher_forced,0.001912596636,0.001912596636,raw_action_units,0.9850100279,0.9850100279,5.490812302,"[0.9640184045, 1.0036729574, 1.0080374479, 0.9643111825]","[5.4479403496, 5.5322551727, 5.5426654816, 5.4403882027]","[0.0003425734, 0.000310658, 0.0006723399, 0.0016401313]","[0.0001092392, 0.000199099, 0.0001393916, 6.15208e-05, 9.14942e-05, 6.09965e-05, 0.004528238]",0,0.001912596547,raw_action_units,2,96,769564,769564,true
766,train_single_demo,0.00171443137,0.00171443137,raw_action_units,0.9849311113,0.9849311113,5.489441554,"[0.9640268683, 1.003493309, 1.0078192949, 0.9643847942]","[5.4467887878, 5.5305347443, 5.5411534309, 5.4392895699]","[0.0002975839, 0.000267659, 0.0004605737, 0.0013367166]","[0.0001681108, 0.0001751546, 0.0002426045, 6.91201e-05, 6.71563e-05, 5.63818e-05, 0.0033559045]",0,0.001714431326,raw_action_units,2,96,769564,769564,true
766,eval_same_demo_teacher_forced,0.002163354463,0.002163354463,raw_action_units,0.9834904671,0.9834904671,5.482741674,"[0.9640606046, 1.0008893013, 1.0062556267, 0.9627563357]","[5.4434370995, 5.5214514732, 5.5343947411, 5.4316825867]","[0.0004280808, 0.000239825, 0.0008214038, 0.001705944]","[0.0001304377, 0.0001705603, 0.0001739141, 5.19581e-05, 7.4342e-05, 9.26281e-05, 0.0048978534]",0,0.002163354396,raw_action_units,2,96,769564,769564,true
767,train_single_demo,0.001973214016,0.001973214016,raw_action_units,0.9836744269,0.9836744269,5.484160105,"[0.9643403888, 1.0012165308, 1.0063825846, 0.9627582431]","[5.4450592995, 5.52328825, 5.5356330872, 5.4326605797]","[0.0002328932, 0.0003186346, 0.0004616048, 0.0017944329]","[0.000132365, 0.0002572474, 0.0001717557, 5.23132e-05, 7.90008e-05, 4.7189e-05, 0.0041733687]",0,0.001973213894,raw_action_units,2,96,769564,769564,true
767,eval_same_demo_teacher_forced,0.001629330063,0.001629330063,raw_action_units,0.9844508568,0.9844508568,5.491033236,"[0.9638497233, 1.0033048391, 1.0076402426, 0.9630085826]","[5.4491958618, 5.5331320763, 5.5435729027, 5.4382309914]","[0.0003973532, 0.000298447, 0.0007052051, 0.0014572107]","[0.0001724149, 0.0001909145, 0.0003114985, 8.21161e-05, 8.34013e-05, 0.0001024938, 0.0040590386]",0,0.001629329952,raw_action_units,2,96,769564,769564,true
768,train_single_demo,0.001574104283,0.001574104283,raw_action_units,0.9844056368,0.9844056368,5.490255356,"[0.9632844329, 1.0033130646, 1.0077996254, 0.9632253051]","[5.4472899437, 5.5323443413, 5.5432929993, 5.4380950928]","[0.0002155475, 0.0003166963, 0.0002593531, 0.000396928]","[0.0001399194, 0.0002843621, 0.0002080899, 3.64599e-05, 6.43969e-05, 0.0001483907, 0.0011982998]",0,0.001574104208,raw_action_units,2,96,769564,769564,true
768,eval_same_demo_teacher_forced,0.001700012091,0.001700012091,raw_action_units,0.9837516546,0.9837516546,5.48631223,"[0.9627737999, 1.0010055304, 1.0076121092, 0.9636152387]","[5.4434890747, 5.5251488686, 5.5402259827, 5.4363846779]","[0.0002857352, 0.0003892404, 0.0007354079, 0.0017946191]","[0.000105829, 0.0001720909, 0.0002757111, 7.97618e-05, 7.42359e-05, 4.21653e-05, 0.0048589599]",0,0.001700012013,raw_action_units,2,96,769564,769564,true
769,train_single_demo,0.001541400988,0.001541400988,raw_action_units,0.9838923812,0.9838923812,5.486462116,"[0.9633641243, 1.0009828806, 1.0075275898, 0.9636948705]","[5.4446768761, 5.5249900818, 5.5397133827, 5.4364676476]","[0.0004140308, 0.000366383, 0.0003783767, 0.000783494]","[0.0001586783, 0.0001675789, 0.000251114, 9.06137e-05, 0.0001015935, 0.0001318423, 0.0024975771]",0,0.001541400949,raw_action_units,2,96,769564,769564,true
769,eval_same_demo_teacher_forced,0.001660936978,0.001660936978,raw_action_units,0.9848508437,0.9848508437,5.487657865,"[0.9656090736, 1.0029816628, 1.0070852041, 0.9637274742]","[5.4489073753, 5.5282530785, 5.5376644135, 5.4358062744]","[0.0001957514, 0.0003325737, 0.0004860316, 0.0017061605]","[0.0001201488, 0.0001732062, 0.0001611649, 5.14104e-05, 7.19663e-05, 9.97325e-05, 0.0040832763]",0,0.001660936911,raw_action_units,2,96,769564,769564,true
770,train_single_demo,0.001549948705,0.001549948705,raw_action_units,0.9847186804,0.9847186804,5.486812909,"[0.9650771022, 1.0030709505, 1.0071763992, 0.9635503888]","[5.4472556114, 5.5277862549, 5.5373215675, 5.4348869324]","[0.0004243111, 0.0003367781, 0.0004089031, 0.0007946845]","[0.0001357054, 0.0001512042, 0.0001536325, 8.84523e-05, 0.0001579761, 4.64938e-05, 0.00270472]",0,0.001549948672,raw_action_units,2,96,769564,769564,true
770,eval_same_demo_teacher_forced,0.001451752963,0.001451752963,raw_action_units,0.983823061,0.983823061,5.484364033,"[0.9625775814, 1.0020238161, 1.007570982, 0.9631198049]","[5.4413094521, 5.5250473022, 5.5375685692, 5.4335312843]","[0.0002105221, 0.0002812038, 0.0004740835, 0.00150805]","[0.0001062165, 0.0001752084, 0.0002013791, 7.47436e-05, 6.15589e-05, 9.18548e-05, 0.0036182923]",0,0.001451752902,raw_action_units,2,96,769564,769564,true
771,train_single_demo,0.001442223205,0.001442223205,raw_action_units,0.9839006662,0.9839006662,5.485227585,"[0.962661922, 1.0020056963, 1.0077054501, 0.9632297158]","[5.442138195, 5.5258469582, 5.5384707451, 5.4344525337]","[0.0002984398, 0.0002636743, 0.0004344302, 0.0014473276]","[0.0001620316, 0.0001747034, 0.0002236735, 7.02e-05, 0.0001031715, 7.49236e-05, 0.0034680718]",0,0.001442223122,raw_action_units,2,96,769564,769564,true
771,eval_same_demo_teacher_forced,0.001399779848,0.001399779848,raw_action_units,0.9844394128,0.9844394128,5.488741239,"[0.9629187584, 1.0026441813, 1.0082761049, 0.9639188647]","[5.4450316429, 5.5300765038, 5.5415568352, 5.4383006096]","[0.0004186693, 0.0003044767, 0.0005112319, 0.0013277185]","[0.000131653, 0.0001870929, 0.0001586331, 6.05501e-05, 0.0001227851, 5.43703e-05, 0.0037685845]",0,0.001399779781,raw_action_units,2,96,769564,769564,true
772,train_single_demo,0.001368036067,0.001368036067,raw_action_units,0.9845010042,0.9845010042,5.488393148,"[0.9630594254, 1.002943635, 1.0080900192, 0.9639109969]","[5.4448151588, 5.5301136971, 5.540802002, 5.4378409386]","[0.000385089, 0.0002947202, 0.0003440957, 0.0004341716]","[0.0001489395, 0.000146862, 0.0002054734, 7.1845e-05, 5.95354e-05, 6.76299e-05, 0.0018513486]",0,0.001368035984,raw_action_units,2,96,769564,769564,true
772,eval_same_demo_teacher_forced,0.001387483673,0.001387483673,raw_action_units,0.9842998584,0.9842998584,5.486589114,"[0.9636292458, 1.002758503, 1.0072389841, 0.963572681]","[5.4444885254, 5.5276646614, 5.5382781029, 5.4359250069]","[0.0002653929, 0.0003881314, 0.0008214063, 0.0015597543]","[0.0001137583, 0.000180534, 0.0002475329, 4.51157e-05, 6.43663e-05, 9.99852e-05, 0.0045594051]",0,0.001387483618,raw_action_units,2,96,769564,769564,true
773,train_single_demo,0.001376737142,0.001376737142,raw_action_units,0.9842695196,0.9842695196,5.486808777,"[0.9638323188, 1.0025905371, 1.007083416, 0.9635715485]","[5.4451432228, 5.5274748802, 5.5382900238, 5.4363265038]","[0.0004145803, 0.000313935, 0.0003655319, 0.0014126044]","[0.0001392469, 0.0001253075, 0.0001983128, 5.00315e-05, 8.54747e-05, 6.39676e-05, 0.0037242991]",0,0.001376737087,raw_action_units,2,96,769564,769564,true
773,eval_same_demo_teacher_forced,0.001268773728,0.001268773728,raw_action_units,0.9844909906,0.9844909906,5.487611771,"[0.9642717838, 1.0027189255, 1.0074851513, 0.9634882808]","[5.4464416504, 5.5277099609, 5.5396575928, 5.4366378784]","[0.0002163686, 0.0003128537, 0.0005121743, 0.0014152847]","[0.0002116999, 0.0001943206, 0.0001321291, 5.93947e-05, 6.17872e-05, 6.98636e-05, 0.0035699967]",0,0.00126877365,raw_action_units,2,96,769564,769564,true
774,train_single_demo,0.001265857058,0.001265857058,raw_action_units,0.9845091899,0.9845091899,5.487063726,"[0.964024961, 1.0028364658, 1.0076117516, 0.9635636806]","[5.4454131126, 5.5273880959, 5.5393371582, 5.4361176491]","[0.0002022391, 0.000348067, 0.0004574075, 0.0009499029]","[0.0001782782, 0.0001728003, 0.0001783749, 5.82933e-05, 4.87744e-05, 5.91448e-05, 0.0027301626]",0,0.00126585697,raw_action_units,2,96,769564,769564,true
774,eval_same_demo_teacher_forced,0.001262319429,0.001262319429,raw_action_units,0.984798193,0.984798193,5.486399651,"[0.9632299542, 1.0039534569, 1.0075454712, 0.9644637108]","[5.4429755211, 5.528711319, 5.5376644135, 5.4362463951]","[0.0001697118, 0.000249114, 0.000508699, 0.0016252864]","[0.000119067, 0.000194333, 0.0001775349, 5.4773e-05, 5.10066e-05, 5.78563e-05, 0.0038128488]",0,0.001262319363,raw_action_units,2,96,769564,769564,true
775,train_single_demo,0.001469853722,0.001469853722,raw_action_units,0.9848150214,0.9848150214,5.486473401,"[0.9635313153, 1.0038920641, 1.0073050261, 0.9645316005]","[5.4437680244, 5.528737545, 5.5368943214, 5.4364933968]","[0.0004954236, 0.0002569451, 0.0002574576, 0.0022319991]","[0.0001464462, 0.0001541848, 0.0001668935, 3.89749e-05, 8.17182e-05, 6.92494e-05, 0.0050157285]",0,0.001469853689,raw_action_units,2,96,769564,769564,true
775,eval_same_demo_teacher_forced,0.001181797551,0.001181797551,raw_action_units,0.9833707412,0.9833707412,5.484319369,"[0.9637658, 1.0004127026, 1.0060033798, 0.9633011222]","[5.4448361397, 5.5228672028, 5.5347418785, 5.4348316193]","[0.0001504433, 0.0003016259, 0.0004639772, 0.0013761058]","[0.0001030831, 0.0001896429, 0.0001182568, 6.58239e-05, 5.95523e-05, 5.22305e-05, 0.0034226768]",0,0.001181797524,raw_action_units,2,96,769564,769564,true
776,train_single_demo,0.001357479215,0.001357479215,raw_action_units,0.9832208753,0.9832208753,5.484199842,"[0.9633550048, 1.0003582239, 1.0060716867, 0.963098526]","[5.4440045357, 5.522916317, 5.5350418091, 5.4348368645]","[0.0003064941, 0.0001878358, 0.0001973049, 0.0011558352]","[0.0001210045, 0.0001845544, 0.0002937161, 4.29622e-05, 7.11462e-05, 5.90383e-05, 0.0024606509]",0,0.00135747911,raw_action_units,2,96,769564,769564,true
776,eval_same_demo_teacher_forced,0.001577275766,0.001577275766,raw_action_units,0.984166344,0.984166344,5.488162359,"[0.963221252, 1.0029824972, 1.0071314573, 0.9633302093]","[5.4453678131, 5.5297551155, 5.5401310921, 5.437394619]","[0.000185811, 0.0003497334, 0.0005655367, 0.0014650425]","[0.0001253638, 0.0001900175, 0.000164931, 6.22138e-05, 5.24014e-05, 7.27552e-05, 0.0038230328]",0,0.001577275672,raw_action_units,2,96,769564,769564,true
777,train_single_demo,0.001503181178,0.001503181178,raw_action_units,0.9841846824,0.9841846824,5.488081614,"[0.9634780884, 1.00302279, 1.006860733, 0.9633772373]","[5.4457688332, 5.52977705, 5.5394730568, 5.4373078346]","[0.0004255676, 0.0002779728, 0.0003497368, 0.0009529346]","[0.0001410797, 0.0002090632, 0.0002137244, 7.57612e-05, 4.98948e-05, 4.05503e-05, 0.002780797]",0,0.001503181067,raw_action_units,2,96,769564,769564,true
777,eval_same_demo_teacher_forced,0.001309320098,0.001309320098,raw_action_units,0.9838272134,0.9838272134,5.484593074,"[0.964618206, 1.0015178919, 1.0060845613, 0.9630878568]","[5.4457945824, 5.5244011879, 5.5347466469, 5.433429718]","[0.0002035452, 0.0002862612, 0.0005514601, 0.0015041701]","[0.0001747296, 0.0002217379, 0.0001429818, 5.76982e-05, 8.25091e-05, 0.0001065475, 0.0036683092]",0,0.001309320065,raw_action_units,2,96,769564,769564,true
778,train_single_demo,0.001367638353,0.001367638353,raw_action_units,0.9838999907,0.9838999907,5.484241168,"[0.9645587802, 1.0015907288, 1.0063322783, 0.9631180763]","[5.4453110695, 5.5240502357, 5.5345439911, 5.4330592155]","[0.0003064061, 0.0002932837, 0.000293652, 0.0008292815]","[0.000145738, 0.0001198968, 0.0001796666, 5.91523e-05, 5.0827e-05, 5.16193e-05, 0.0024076907]",0,0.001367638242,raw_action_units,2,96,769564,769564,true
778,eval_same_demo_teacher_forced,0.001376727363,0.001376727363,raw_action_units,0.9849582911,0.9849582911,5.487303734,"[0.9636850953, 1.0035338402, 1.0080252886, 0.9645888805]","[5.4448814392, 5.5287003517, 5.5386757851, 5.4369568825]","[0.0002260205, 0.000364217, 0.0005665179, 0.0017042909]","[0.0001397074, 0.0002105607, 0.0003590162, 7.14154e-05, 0.0001272369, 9.05666e-05, 0.0040083271]",0,0.001376727285,raw_action_units,2,96,769564,769564,true
779,train_single_demo,0.001430030563,0.001430030563,raw_action_units,0.9849297802,0.9849297802,5.487625758,"[0.9635526538, 1.003442049, 1.0080522299, 0.9646722674]","[5.4448890686, 5.5289130211, 5.5391287804, 5.4375724792]","[0.0003932725, 0.0001715608, 0.0004542969, 0.0008775662]","[0.000130714, 0.0002312208, 0.0002135845, 5.56115e-05, 7.18484e-05, 0.0001344907, 0.002481749]",0,0.001430030469,raw_action_units,2,96,769564,769564,true
779,eval_same_demo_teacher_forced,0.001143086042,0.001143086042,raw_action_units,0.9844739834,0.9844739834,5.487031778,"[0.9633789062, 1.0027403831, 1.0073148012, 0.9644621015]","[5.4442920685, 5.5279593468, 5.5384078026, 5.4374680519]","[0.0001313274, 0.0002168681, 0.0004424819, 0.0013449673]","[0.000110714, 0.0001502364, 0.000124146, 6.09133e-05, 5.39882e-05, 5.08023e-05, 0.0031865777]",0,0.001143085992,raw_action_units,2,96,769564,769564,true
780,train_single_demo,0.001152529478,0.001152529478,raw_action_units,0.984433651,0.984433651,5.486668587,"[0.9634001255, 1.0027903318, 1.0073233843, 0.9642207623]","[5.4440016747, 5.5277123451, 5.538163662, 5.4367961884]","[0.0001523144, 0.0002582795, 0.0002189816, 0.0002535598]","[0.0001514664, 0.0001591811, 0.000258249, 7.0444e-05, 8.52603e-05, 5.91569e-05, 0.000761729]",0,0.001152529448,raw_action_units,2,96,769564,769564,true
780,eval_same_demo_teacher_forced,0.001289507374,0.001289507374,raw_action_units,0.9844913085,0.9844913085,5.486734867,"[0.9641509056, 1.0028738976, 1.0073446035, 0.9635958672]","[5.4452133179, 5.5276064873, 5.5382218361, 5.4358973503]","[0.0003258443, 0.000296987, 0.0005764524, 0.0013325019]","[0.0001548666, 0.0002028433, 0.0002189231, 6.34996e-05, 4.68292e-05, 0.0001042336, 0.0036394289]",0,0.001289507285,raw_action_units,2,96,769564,769564,true
781,train_single_demo,0.00133083753,0.00133083753,raw_action_units,0.9845885833,0.9845885833,5.487687111,"[0.9642367363, 1.0031079054, 1.0074170828, 0.9635927081]","[5.4460787773, 5.528898716, 5.5391998291, 5.4365696907]","[0.0004219823, 0.0002275345, 0.0004749456, 0.0013807779]","[0.0001382278, 0.0001396986, 0.0001483967, 6.03258e-05, 6.29219e-05, 7.05176e-05, 0.0037640824]",0,0.001330837474,raw_action_units,2,96,769564,769564,true
781,eval_same_demo_teacher_forced,0.001199243086,0.001199243086,raw_action_units,0.9837847153,0.9837847153,5.488265673,"[0.9627689719, 1.0022376776, 1.0071929693, 0.9629390836]","[5.445022583, 5.5295367241, 5.5412688255, 5.4372344017]","[0.000181346, 0.0002250306, 0.0004669003, 0.0013669544]","[0.0001133073, 0.0001917169, 0.000124298, 8.7829e-05, 4.66883e-05, 5.23533e-05, 0.0033042121]",0,0.001199243058,raw_action_units,2,96,769564,769564,true
782,train_single_demo,0.001256004053,0.001256004053,raw_action_units,0.9837269783,0.9837269783,5.488357544,"[0.9625325799, 1.0022724867, 1.0071846247, 0.9629181027]","[5.4447498322, 5.5298614502, 5.5414347649, 5.4373836517]","[0.0002824907, 0.0002704056, 0.0004039571, 0.0010494147]","[0.0001766458, 0.0001364839, 0.0002259144, 8.32441e-05, 5.0961e-05, 8.92226e-05, 0.0027484971]",0,0.001256003976,raw_action_units,2,96,769564,769564,true
782,eval_same_demo_teacher_forced,0.001156382806,0.001156382806,raw_action_units,0.9845009247,0.9845009247,5.490085761,"[0.9633730054, 1.0035375357, 1.0073949099, 0.9636982083]","[5.4470248222, 5.5326628685, 5.5415000916, 5.4391560555]","[0.0001998338, 0.0002729585, 0.0004551743, 0.0013019362]","[0.0001599615, 0.0001785852, 0.0001339882, 6.31802e-05, 6.01537e-05, 5.59839e-05, 0.0032504771]",0,0.001156382751,raw_action_units,2,96,769564,769564,true
783,train_single_demo,0.001181083421,0.001181083421,raw_action_units,0.9845143557,0.9845143557,5.489698728,"[0.9636459351, 1.0034834146, 1.007175684, 0.9637523293]","[5.4472575188, 5.5321831703, 5.540541172, 5.4388122559]","[0.0003923235, 0.0001794527, 0.0001922957, 0.0006189732]","[0.000197914, 0.0002127915, 0.000198579, 8.96511e-05, 6.32053e-05, 5.81829e-05, 0.0016000046]",0,0.001181083377,raw_action_units,2,96,769564,769564,true
783,eval_same_demo_teacher_forced,0.001225216353,0.001225216353,raw_action_units,0.9839713573,0.9839713573,5.486883481,"[0.9642723203, 1.0020800829, 1.0062531233, 0.9632799029]","[5.447124958, 5.5276236534, 5.5372471809, 5.4355378151]","[0.000292634, 0.0002587934, 0.0005058121, 0.0013164772]","[0.0001582493, 0.0001515182, 0.0001416452, 7.10082e-05, 4.81443e-05, 9.06781e-05, 0.0034927605]",0,0.001225216314,raw_action_units,2,96,769564,769564,true
784,train_single_demo,0.001236278409,0.001236278409,raw_action_units,0.9838446776,0.9838446776,5.486602306,"[0.9639757276, 1.0020149946, 1.006198287, 0.9631897807]","[5.4464550018, 5.5273795128, 5.537168026, 5.4354057312]","[0.0003267874, 0.0002681113, 0.0004215495, 0.0003785514]","[0.0002669134, 0.0001885703, 0.0002647373, 5.57985e-05, 6.3001e-05, 5.15896e-05, 0.0015506389]",0,0.001236278342,raw_action_units,2,96,769564,769564,true
784,eval_same_demo_teacher_forced,0.001216249424,0.001216249424,raw_action_units,0.9841400782,0.9841400782,5.488288562,"[0.9629294872, 1.002845645, 1.0071179867, 0.9636673927]","[5.4449691772, 5.5297851562, 5.5402960777, 5.4381041527]","[0.0002439775, 0.0002564424, 0.000445893, 0.0014632939]","[0.0001038436, 0.0002668713, 0.0001207611, 5.39248e-05, 0.0001134759, 7.0847e-05, 0.003487088]",0,0.001216249363,raw_action_units,2,96,769564,769564,true
785,train_single_demo,0.001231143018,0.001231143018,raw_action_units,0.9842921297,0.9842921297,5.488362153,"[0.9629514217, 1.0030986071, 1.0073543787, 0.9637640119]","[5.4447541237, 5.5300936699, 5.5404696465, 5.4381308556]","[0.0002570754, 0.0003183472, 0.0004529427, 0.0014590826]","[0.0001839101, 0.0001360236, 0.0001861871, 6.42761e-05, 5.05436e-05, 5.53181e-05, 0.0036767751]",0,0.001231142941,raw_action_units,2,96,769564,769564,true
785,eval_same_demo_teacher_forced,0.001313531073,0.001313531073,raw_action_units,0.9837101102,0.9837101102,5.485715389,"[0.962611258, 1.0021151304, 1.0070512295, 0.9630627036]","[5.4426231384, 5.5272240639, 5.5377745628, 5.4352402687]","[0.0002297609, 0.0003220138, 0.0005921458, 0.001386411]","[0.0001790084, 0.0002183404, 0.0001853182, 5.37417e-05, 8.60901e-05, 4.37999e-05, 0.0036617813]",0,0.001313530973,raw_action_units,2,96,769564,769564,true
786,train_single_demo,0.001437406599,0.001437406599,raw_action_units,0.9835908413,0.9835908413,5.485546748,"[0.9626353383, 1.0019580126, 1.0068169832, 0.9629531503]","[5.4427800179, 5.5270118713, 5.537229538, 5.4351654053]","[0.0003549451, 0.0003148632, 0.0004759332, 0.0015427888]","[0.0001305414, 0.0002382662, 0.0002789502, 4.94458e-05, 0.0001216965, 5.3249e-05, 0.0038327789]",0,0.001437406543,raw_action_units,2,96,769564,769564,true
786,eval_same_demo_teacher_forced,0.001223708464,0.001223708464,raw_action_units,0.9843962987,0.9843962987,5.48920393,"[0.9632198811, 1.0038714409, 1.0067385435, 0.9637553096]","[5.4459614754, 5.532638073, 5.5396046638, 5.4386100769]","[0.0002048325, 0.0002803601, 0.0004946489, 0.0013069183]","[0.0001882939, 0.0001702547, 0.0001926548, 9.74533e-05, 5.12638e-05, 5.03137e-05, 0.0032515954]",0,0.001223708414,raw_action_units,2,96,769564,769564,true
787,train_single_demo,0.001247999336,0.001247999336,raw_action_units,0.9844054381,0.9844054381,5.489226023,"[0.9633278847, 1.0036152601, 1.0068746805, 0.9638038278]","[5.446023941, 5.5320754051, 5.5400910378, 5.4387130737]","[0.0002871573, 0.0001883098, 0.0003516276, 0.0009435875]","[0.0001353916, 0.0001802027, 0.0002011062, 4.47285e-05, 0.0001253026, 3.40307e-05, 0.0023779313]",0,0.001247999258,raw_action_units,2,96,769564,769564,true
787,eval_same_demo_teacher_forced,0.001209735754,0.001209735754,raw_action_units,0.9843694568,0.9843694568,5.487293402,"[0.964464128, 1.0025763512, 1.0073698759, 0.9630672932]","[5.4464440346, 5.5278830528, 5.5394001007, 5.4354453087]","[0.0002357733, 0.000255405, 0.0004575577, 0.0016352126]","[0.0001105086, 0.0002107957, 0.0001643356, 5.69679e-05, 9.413e-05, 3.75264e-05, 0.0038476449]",0,0.001209735693,raw_action_units,2,96,769564,769564,true
788,train_single_demo,0.001361305942,0.001361305942,raw_action_units,0.9844633341,0.9844633341,5.487197558,"[0.9645013809, 1.0028632879, 1.0073927641, 0.9630961418]","[5.4463715553, 5.5281620026, 5.5390753746, 5.4351792336]","[0.0003058396, 0.0002947014, 0.0007089448, 0.0021994624]","[0.0001368582, 0.0002031282, 0.0002628932, 7.53183e-05, 8.03023e-05, 6.1568e-05, 0.00532059]",0,0.001361305914,raw_action_units,2,96,769564,769564,true
788,eval_same_demo_teacher_forced,0.001292622997,0.001292622997,raw_action_units,0.9842851361,0.9842851361,5.486232758,"[0.9631111026, 1.0043746233, 1.0069423914, 0.9627123475]","[5.4432291985, 5.5307831764, 5.537021637, 5.4338974953]","[0.0001494537, 0.0002249971, 0.000480665, 0.0013995701]","[0.0001150308, 0.0001991184, 0.0001577838, 3.89891e-05, 0.000112038, 5.44664e-05, 0.0032682738]",0,0.001292622959,raw_action_units,2,96,769564,769564,true
789,train_single_demo,0.001252407402,0.001252407402,raw_action_units,0.9844005704,0.9844005704,5.487122536,"[0.9630212784, 1.0047129393, 1.0069192648, 0.9629485011]","[5.4435787201, 5.5321450233, 5.5376038551, 5.4351611137]","[0.0004166485, 0.0001890166, 0.0003497356, 0.0006274235]","[0.0001321078, 0.0001493273, 0.0002383851, 4.03385e-05, 7.04486e-05, 4.33229e-05, 0.002096012]",0,0.001252407385,raw_action_units,2,96,769564,769564,true
789,eval_same_demo_teacher_forced,0.001803393243,0.001803393243,raw_action_units,0.9840244452,0.9840244452,5.489304543,"[0.9622508883, 1.0041226149, 1.0064272881, 0.9632969499]","[5.4443392754, 5.5340294838, 5.5399436951, 5.4389052391]","[0.0004214334, 0.0005588165, 0.0010724807, 0.0019028579]","[0.0002017775, 0.0002090209, 0.0004696221, 5.98671e-05, 0.0001012016, 6.08347e-05, 0.0058199558]",0,0.001803393165,raw_action_units,2,96,769564,769564,true
790,train_single_demo,0.00179280461,0.00179280461,raw_action_units,0.9839123885,0.9839123885,5.489107609,"[0.9623641372, 1.0036700964, 1.006354928, 0.9632602334]","[5.4446082115, 5.533103466, 5.5399246216, 5.4387936592]","[0.000505664, 0.0004355956, 0.0003018856, 0.0007507546]","[0.0001874703, 0.000245479, 0.0002636863, 3.67473e-05, 0.0001469904, 6.04168e-05, 0.0025485342]",0,0.00179280456,raw_action_units,2,96,769564,769564,true
790,eval_same_demo_teacher_forced,0.001252925101,0.001252925101,raw_action_units,0.984038353,0.984038353,5.488747756,"[0.9636087418, 1.0033094883, 1.0060577393, 0.9631772041]","[5.4466547966, 5.5316491127, 5.539039135, 5.4376473427]","[0.0001518221, 0.0002552353, 0.0004837686, 0.0012467512]","[0.0001610695, 0.0001739794, 0.0001637869, 4.47249e-05, 4.15877e-05, 8.31078e-05, 0.0030725037]",0,0.001252925023,raw_action_units,2,96,769564,769564,true
791,train_single_demo,0.001268256941,0.001268256941,raw_action_units,0.9841036201,0.9841036201,5.488542875,"[0.9636265635, 1.0035557747, 1.006085515, 0.9631464481]","[5.4464111328, 5.5317349434, 5.5387368202, 5.4372878075]","[0.0002138003, 0.0001447865, 0.0002780928, 0.0005526454]","[0.0001421434, 0.0001768419, 0.000310788, 3.60967e-05, 7.43261e-05, 9.32503e-05, 0.0012478722]",0,0.001268256855,raw_action_units,2,96,769564,769564,true
791,eval_same_demo_teacher_forced,0.001694367578,0.001694367578,raw_action_units,0.9842557112,0.9842557112,5.486381849,"[0.9641189575, 1.0037238598, 1.0062271357, 0.9629530907]","[5.445476532, 5.5297055244, 5.5359287262, 5.4344172478]","[0.0001943644, 0.000259367, 0.0005673054, 0.0016696326]","[0.0002563859, 0.0002534926, 0.0001732959, 4.56634e-05, 8.25814e-05, 5.84035e-05, 0.0038388483]",0,0.001694367489,raw_action_units,2,96,769564,769564,true
792,train_single_demo,0.001573299873,0.001573299873,raw_action_units,0.9841719866,0.9841719866,5.486196359,"[0.9638547897, 1.003477931, 1.0063294172, 0.9630258083]","[5.4449934959, 5.5293059349, 5.5360093117, 5.4344773293]","[0.0002369279, 0.0001947737, 0.0004494777, 0.0008730561]","[0.0002075717, 0.0001738095, 0.0003699935, 3.67925e-05, 5.38686e-05, 7.87608e-05, 0.0021491151]",0,0.001573299812,raw_action_units,2,96,769564,769564,true
792,eval_same_demo_teacher_forced,0.001609824908,0.001609824908,raw_action_units,0.9840825001,0.9840825001,5.488180478,"[0.9621858001, 1.0032655001, 1.0060290098, 0.9648498893]","[5.4437561035, 5.5315785408, 5.5375499725, 5.4398379326]","[0.0002918697, 0.0004170958, 0.0006216401, 0.0017521339]","[0.0002390226, 0.0001915028, 0.0005072869, 5.40059e-05, 8.19826e-05, 0.000123521, 0.0041974727]",0,0.001609824864,raw_action_units,2,96,769564,769564,true
793,train_single_demo,0.001588825098,0.001588825098,raw_action_units,0.9840921561,0.9840921561,5.488021215,"[0.961858511, 1.0033231974, 1.0061792135, 0.965007782]","[5.4428124428, 5.5314097404, 5.5376529694, 5.4402098656]","[0.0002512511, 0.0001545132, 0.000544003, 0.0005996696]","[0.0001915328, 0.0002151104, 0.0002388939, 4.87864e-05, 6.50727e-05, 0.0001271562, 0.0018249623]",0,0.001588824981,raw_action_units,2,96,769564,769564,true
793,eval_same_demo_teacher_forced,0.001215081623,0.001215081623,raw_action_units,0.9839602311,0.9839602311,5.486086369,"[0.9608991146, 1.0033771992, 1.0064579248, 0.9651067257]","[5.438480854, 5.5293354988, 5.5365967751, 5.4399323463]","[0.000241166, 0.0003042671, 0.000576471, 0.0012607322]","[0.0001809213, 0.0001902129, 0.0004837688, 5.65654e-05, 4.37631e-05, 5.07452e-05, 0.003163636]",0,0.001215081573,raw_action_units,2,96,769564,769564,true
794,train_single_demo,0.001301485153,0.001301485153,raw_action_units,0.9839147329,0.9839147329,5.485897382,"[0.9610322118, 1.0034083128, 1.0065766573, 0.9646417499]","[5.43856287, 5.529258728, 5.5367598534, 5.4390072823]","[0.0003688269, 0.0003123178, 0.0008651931, 0.0008533573]","[0.0001947881, 0.0001734008, 0.0004200485, 4.93922e-05, 4.55313e-05, 0.0001180206, 0.0031982854]",0,0.001301485114,raw_action_units,2,96,769564,769564,true
794,eval_same_demo_teacher_forced,0.001404720785,0.001404720785,raw_action_units,0.9835904638,0.9835904638,5.485450109,"[0.9623273015, 1.0033640862, 1.0064331293, 0.9622371793]","[5.4418239594, 5.5293159485, 5.5368332863, 5.433827877]","[0.0001562225, 0.0002165988, 0.0005242873, 0.001314202]","[0.0001056666, 0.0001637863, 0.0001761949, 5.59601e-05, 3.9722e-05, 0.0001313536, 0.0031971096]",0,0.001404720758,raw_action_units,2,96,769564,769564,true
795,train_single_demo,0.00140892916,0.00140892916,raw_action_units,0.9837219914,0.9837219914,5.486371358,"[0.9623351097, 1.003605485, 1.0066407919, 0.9623064399]","[5.4425487518, 5.5305595398, 5.5379652977, 5.4344100952]","[0.0002550501, 0.0002584803, 0.0004819185, 0.001817531]","[0.0001825239, 0.0002019369, 0.0002944921, 5.78914e-05, 5.99961e-05, 5.57597e-05, 0.0040701148]",0,0.001408929094,raw_action_units,2,96,769564,769564,true
795,eval_same_demo_teacher_forced,0.001302048952,0.001302048952,raw_action_units,0.9837168455,0.9837168455,5.488709768,"[0.9614580274, 1.0031424761, 1.0070707798, 0.9631959796]","[5.4431138039, 5.5324225426, 5.5414919853, 5.4378108978]","[0.0001328604, 0.0002270189, 0.0004515575, 0.001376286]","[0.0001312696, 0.0001629869, 0.0001358844, 5.54585e-05, 4.3619e-05, 9.07578e-05, 0.0032085385]",0,0.001302048919,raw_action_units,2,96,769564,769564,true
796,train_single_demo,0.00140252624,0.00140252624,raw_action_units,0.9837587873,0.9837587873,5.488660177,"[0.9613611102, 1.0032323599, 1.0071064234, 0.9633353353]","[5.4428277016, 5.5324454308, 5.5412654877, 5.4381027222]","[0.0002307881, 0.0002112847, 0.0002230814, 0.0009845768]","[0.0002404154, 0.0002085153, 0.0002873431, 4.47161e-05, 4.32697e-05, 9.67879e-05, 0.0019659814]",0,0.001402526163,raw_action_units,2,96,769564,769564,true
796,eval_same_demo_teacher_forced,0.001243750099,0.001243750099,raw_action_units,0.9841196934,0.9841196934,5.488112768,"[0.9614722729, 1.0041202307, 1.0064884424, 0.9643979669]","[5.4422664642, 5.5325336456, 5.5380120277, 5.4396386147]","[0.0002440448, 0.0002788632, 0.0005028312, 0.0013280287]","[0.0002171379, 0.0001728834, 0.0003418614, 6.28577e-05, 6.42841e-05, 4.85137e-05, 0.0032115551]",0,0.001243750033,raw_action_units,2,96,769564,769564,true
797,train_single_demo,0.001249264499,0.001249264499,raw_action_units,0.9841174483,0.9841174483,5.487487475,"[0.9618270397, 1.0039594173, 1.0062814951, 0.964401722]","[5.4424185753, 5.5314993858, 5.5369477272, 5.4390816689]","[0.0003117957, 0.0002218625, 0.0001953311, 0.0005816745]","[0.0002101395, 0.0001487236, 0.0001351498, 5.06775e-05, 5.83514e-05, 7.48814e-05, 0.0016157385]",0,0.001249264416,raw_action_units,2,96,769564,769564,true
797,eval_same_demo_teacher_forced,0.001148621979,0.001148621979,raw_action_units,0.9839866956,0.9839866956,5.486283779,"[0.9629452825, 1.0032397509, 1.0056903362, 0.9640714526]","[5.4434638023, 5.5289707184, 5.5353636742, 5.4373364449]","[0.0002595524, 0.0002025165, 0.0004843987, 0.0012871608]","[0.0001939498, 0.0001612572, 0.0002145566, 4.87777e-05, 4.80514e-05, 6.11767e-05, 0.0031810796]",0,0.001148621906,raw_action_units,2,96,769564,769564,true
798,train_single_demo,0.001147066941,0.001147066941,raw_action_units,0.9840489229,0.9840489229,5.486902078,"[0.9628741145, 1.0034645796, 1.0058714151, 0.9639856219]","[5.4437065125, 5.5299172401, 5.5363259315, 5.4376587868]","[0.0001795884, 0.0001588047, 0.0002597316, 0.0007524324]","[0.0002054563, 0.000162937, 0.0002205011, 7.54528e-05, 5.97442e-05, 7.7618e-05, 0.0015617656]",0,0.001147066908,raw_action_units,2,96,769564,769564,true
798,eval_same_demo_teacher_forced,0.001323825408,0.001323825408,raw_action_units,0.9846550624,0.9846550624,5.490197817,"[0.9621098042, 1.0053999424, 1.0072859526, 0.9638243318]","[5.4439787865, 5.5359053612, 5.5414223671, 5.4394836426]","[0.000175722, 0.0003116683, 0.0005027248, 0.0015899612]","[0.0001492422, 0.0002342602, 0.0001618683, 4.51892e-05, 5.15135e-05, 7.19243e-05, 0.0038011356]",0,0.001323825369,raw_action_units,2,96,769564,769564,true
799,train_single_demo,0.00134737324,0.00134737324,raw_action_units,0.9845844507,0.9845844507,5.489760717,"[0.9622027278, 1.0048800707, 1.0072900057, 0.9639649987]","[5.4438724518, 5.5346565247, 5.541036129, 5.43947649]","[0.0002403796, 0.0002906785, 0.0005257907, 0.0018999139]","[0.000152633, 0.0001713702, 0.0002608474, 6.16882e-05, 7.18486e-05, 5.13569e-05, 0.0044045905]",0,0.001347373195,raw_action_units,2,96,769564,769564,true
799,eval_same_demo_teacher_forced,0.001283363594,0.001283363594,raw_action_units,0.9834507306,0.9834507306,5.485401789,"[0.9627981186, 1.0008054972, 1.0062532425, 0.9639460444]","[5.4432373047, 5.5247454643, 5.5358548164, 5.437769413]","[0.0001810811, 0.0003625061, 0.0005587165, 0.0013196291]","[0.0001264481, 0.0002615853, 0.0002454607, 6.28161e-05, 7.57026e-05, 0.0001138085, 0.003352561]",0,0.001283363528,raw_action_units,2,96,769564,769564,true
800,train_single_demo,0.001491587143,0.001491587143,raw_action_units,0.9835083683,0.9835083683,5.48556296,"[0.9627124667, 1.0010737181, 1.0061451197, 0.9641020894]","[5.4431738853, 5.5252318382, 5.5356354713, 5.4382119179]","[0.0006772662, 0.0004585351, 0.0005411829, 0.0011537751]","[0.0001684595, 0.0002116487, 0.0002095643, 4.82041e-05, 9.18202e-05, 6.49102e-05, 0.0041592219]",0,0.001491587033,raw_action_units,2,96,769564,769564,true
800,eval_same_demo_teacher_forced,0.001332360747,0.001332360747,raw_action_units,0.9846927722,0.9846927722,5.489758809,"[0.9631906152, 1.0048577785, 1.0071145296, 0.9636080861]","[5.4460411072, 5.5341868401, 5.5405097008, 5.4382977486]","[0.0001717822, 0.0003237367, 0.0005618778, 0.0013353276]","[0.0001020676, 0.0002134666, 0.000264891, 0.0001525994, 6.42971e-05, 6.69561e-05, 0.0033229897]",0,0.001332360675,raw_action_units,2,96,769564,769564,true
801,train_single_demo,0.001297380426,0.001297380426,raw_action_units,0.9845661322,0.9845661322,5.490058899,"[0.9633569717, 1.0045388937, 1.0069807768, 0.9633877873]","[5.4468550682, 5.5342040062, 5.5410270691, 5.4381484985]","[0.0002872817, 0.0002394498, 0.0004349175, 0.0005610812]","[0.0001074777, 0.0001727063, 0.0002402216, 5.40117e-05, 8.95632e-05, 5.23978e-05, 0.0019483995]",0,0.001297380398,raw_action_units,2,96,769564,769564,true
801,eval_same_demo_teacher_forced,0.001561733002,0.001561733002,raw_action_units,0.9834752282,0.9834752282,5.486683528,"[0.9634088874, 1.0013508797, 1.0058256388, 0.9633154273]","[5.4456095695, 5.5266976357, 5.5377783775, 5.436647892]","[0.0002169004, 0.0003742274, 0.0004409472, 0.0015516056]","[0.0001327307, 0.0002481895, 0.0001814274, 7.94023e-05, 8.25252e-05, 4.26027e-05, 0.0037545636]",0,0.001561732963,raw_action_units,2,96,769564,769564,true
802,train_single_demo,0.001514972226,0.001514972226,raw_action_units,0.9835611979,0.9835611979,5.486222585,"[0.963028729, 1.0017408133, 1.0058608055, 0.9636144042]","[5.4442543983, 5.5267729759, 5.537094593, 5.4367675781]","[0.0004993228, 0.0001481693, 0.0004462586, 0.0005886286]","[0.0001319266, 0.0001926209, 0.0002188879, 7.82164e-05, 7.3545e-05, 7.76312e-05, 0.002171336]",0,0.001514972143,raw_action_units,2,96,769564,769564,true
802,eval_same_demo_teacher_forced,0.001388194001,0.001388194001,raw_action_units,0.9850453933,0.9850453933,5.488225937,"[0.9622211456, 1.0065690279, 1.0063818693, 0.9650094509]","[5.4417915344, 5.5350518227, 5.5365753174, 5.4394860268]","[0.0002131341, 0.0003175787, 0.0004173585, 0.0015035854]","[0.0001106801, 0.0002055216, 0.0001780115, 6.75918e-05, 6.3773e-05, 5.81996e-05, 0.0036066214]",0,0.001388193951,raw_action_units,2,96,769564,769564,true
803,train_single_demo,0.00135676524,0.00135676524,raw_action_units,0.9848670761,0.9848670761,5.488085429,"[0.9624069333, 1.0061517954, 1.0062292814, 0.9646802545]","[5.4423003197, 5.5345516205, 5.5363864899, 5.439104557]","[0.0003788582, 0.0001760706, 0.0003088925, 0.0006389011]","[0.0001806266, 0.0002340726, 0.0001442736, 5.40032e-05, 8.55781e-05, 7.62314e-05, 0.0018549785]",0,0.001356765162,raw_action_units,2,96,769564,769564,true
803,eval_same_demo_teacher_forced,0.001125396152,0.001125396152,raw_action_units,0.9836094777,0.9836094777,5.486565908,"[0.9632334709, 1.00286901, 1.0055276155, 0.9628077149]","[5.444876194, 5.5298600197, 5.5355343819, 5.4359927177]","[0.000183869, 0.000223126, 0.0004567819, 0.0012378163]","[0.0001159751, 0.0003075834, 0.0001208731, 5.61847e-05, 6.10323e-05, 8.66461e-05, 0.0029294931]",0,0.001125396096,raw_action_units,2,96,769564,769564,true
804,train_single_demo,0.001181812258,0.001181812258,raw_action_units,0.9835526943,0.9835526943,5.486660639,"[0.9628425241, 1.0026453733, 1.0057029724, 0.9630197883]","[5.444299221, 5.529624939, 5.5361504555, 5.4365673065]","[0.0001693919, 0.0001683684, 0.0003188181, 0.0005149734]","[0.000145524, 0.0002096356, 0.0001465815, 7.44833e-05, 8.53959e-05, 6.88555e-05, 0.0013197394]",0,0.001181812203,raw_action_units,2,96,769564,769564,true
804,eval_same_demo_teacher_forced,0.001178446575,0.001178446575,raw_action_units,0.9840144515,0.9840144515,5.488087177,"[0.9619706273, 1.0032668114, 1.0069152117, 0.9639053345]","[5.4428825378, 5.5309481621, 5.5393128395, 5.4392051697]","[0.0001727579, 0.0001897689, 0.0004528436, 0.0013898239]","[0.0001538937, 0.0002302742, 0.0001313936, 6.18099e-05, 7.07727e-05, 0.000104902, 0.0031060437]",0,0.001178446536,raw_action_units,2,96,769564,769564,true
805,train_single_demo,0.001192545518,0.001192545518,raw_action_units,0.9840545654,0.9840545654,5.487793763,"[0.9621646404, 1.0033985376, 1.0069350004, 0.9637200236]","[5.4428715706, 5.5307593346, 5.5390739441, 5.4384689331]","[0.0001729425, 0.0001506097, 0.0002602887, 0.0013710078]","[0.0001212312, 0.0001705813, 0.0002075935, 4.41429e-05, 4.33042e-05, 5.36622e-05, 0.0027804703]",0,0.001192545474,raw_action_units,2,96,769564,769564,true
805,eval_same_demo_teacher_forced,0.00123804342,0.00123804342,raw_action_units,0.983572046,0.983572046,5.484914144,"[0.9622301459, 1.0023964643, 1.0066401958, 0.9630215168]","[5.4408898354, 5.5267295837, 5.5367088318, 5.4353275299]","[0.0002319616, 0.0002079264, 0.000545034, 0.0013226195]","[0.0002409841, 0.0002502312, 0.0002107696, 6.77449e-05, 7.81107e-05, 7.69734e-05, 0.0031133834]",0,0.001238043331,raw_action_units,2,96,769564,769564,true
806,train_single_demo,0.001218829692,0.001218829692,raw_action_units,0.9836150805,0.9836150805,5.485185623,"[0.9621241689, 1.0024710894, 1.0067044497, 0.9631604552]","[5.4409031868, 5.5270400047, 5.5369586945, 5.4358401299]","[0.0002501327, 0.0002692909, 0.0002131717, 0.0004738354]","[0.00013577, 0.0001623702, 0.0001924394, 4.36599e-05, 5.12815e-05, 5.11457e-05, 0.0014745869]",0,0.001218829637,raw_action_units,2,96,769564,769564,true
806,eval_same_demo_teacher_forced,0.001192736323,0.001192736323,raw_action_units,0.9843325615,0.9843325615,5.48875316,"[0.9622659683, 1.0041025877, 1.0072524548, 0.9637095332]","[5.4436554909, 5.5322699547, 5.540169239, 5.4389166832]","[0.0002076731, 0.0002034169, 0.0004996916, 0.0012766618]","[0.0001918618, 0.0002692203, 0.0001788042, 6.35603e-05, 5.14572e-05, 5.50677e-05, 0.0030180539]",0,0.001192736218,raw_action_units,2,96,769564,769564,true
807,train_single_demo,0.001163140987,0.001163140987,raw_action_units,0.9842182398,0.9842182398,5.488718669,"[0.96240592, 1.0037852526, 1.0072864294, 0.9633952975]","[5.4441542625, 5.5319457054, 5.5404334068, 5.4383416176]","[0.0002204899, 0.0001425591, 0.0001524458, 0.0005635256]","[0.0002115036, 0.0001949599, 0.0001834964, 2.89178e-05, 3.95771e-05, 7.67654e-05, 0.0011530651]",0,0.001163140915,raw_action_units,2,96,769564,769564,true
807,eval_same_demo_teacher_forced,0.001304960654,0.001304960654,raw_action_units,0.9832633336,0.9832633336,5.486904144,"[0.9625512958, 1.0012660027, 1.0072170496, 0.9620192051]","[5.4443488121, 5.5276241302, 5.5408015251, 5.4348425865]","[0.0002166828, 0.000193954, 0.0004513431, 0.0013152297]","[0.0001259476, 0.0002410425, 0.0001441315, 4.96886e-05, 4.17519e-05, 5.18363e-05, 0.0031557183]",0,0.001304960588,raw_action_units,2,96,769564,769564,true
808,train_single_demo,0.001224815729,0.001224815729,raw_action_units,0.9833439986,0.9833439986,5.486909072,"[0.9624536633, 1.0015026331, 1.0070952177, 0.9623244405]","[5.4440422058, 5.5278244019, 5.5403532982, 5.4354157448]","[0.0002368141, 0.0002289901, 0.000380546, 0.0005274518]","[0.0002331504, 0.0001788468, 0.0001311333, 4.97725e-05, 4.29378e-05, 3.65463e-05, 0.0017317664]",0,0.001224815646,raw_action_units,2,96,769564,769564,true
808,eval_same_demo_teacher_forced,0.001350639854,0.001350639854,raw_action_units,0.9842679699,0.9842679699,5.487398307,"[0.96232301, 1.0044193268, 1.006688118, 0.9636414647]","[5.4427642822, 5.5316562653, 5.5374927521, 5.4376797676]","[0.0002118634, 0.0002152365, 0.0004343128, 0.0014660087]","[9.51014e-05, 0.0002634517, 0.0002259194, 4.16163e-05, 4.79391e-05, 5.63447e-05, 0.0033426147]",0,0.001350639743,raw_action_units,2,96,769564,769564,true
809,train_single_demo,0.001299336048,0.001299336048,raw_action_units,0.9841621518,0.9841621518,5.486786842,"[0.9623680711, 1.0042608976, 1.006501317, 0.9635183811]","[5.4424991608, 5.5309472084, 5.5367736816, 5.4369263649]","[0.0002294402, 0.000276988, 0.0003081792, 0.0012797308]","[0.0001210234, 0.0001929462, 0.0001415598, 4.55303e-05, 5.23546e-05, 4.73567e-05, 0.0030643207]",0,0.001299335976,raw_action_units,2,96,769564,769564,true
809,eval_same_demo_teacher_forced,0.001305090923,0.001305090923,raw_action_units,0.9827576876,0.9827576876,5.484035174,"[0.9616344571, 1.0013209581, 1.0052424669, 0.9628326297]","[5.4404411316, 5.5257792473, 5.5343461037, 5.4355721474]","[0.0002474332, 0.0003117778, 0.0005065516, 0.0014173193]","[0.0002004533, 0.0003641908, 0.0002445733, 6.68845e-05, 6.04687e-05, 6.45894e-05, 0.0033442329]",0,0.00130509084,raw_action_units,2,96,769564,769564,true
810,train_single_demo,0.001269004346,0.001269004346,raw_action_units,0.9828800758,0.9828800758,5.484509945,"[0.961368978, 1.0016299486, 1.0053561926, 0.9631650448]","[5.4401230812, 5.526570797, 5.534758091, 5.43658638]","[0.0002632677, 0.0001986399, 0.0002247935, 0.0004353892]","[0.0001594635, 0.0001429362, 0.0001783042, 3.29566e-05, 8.36644e-05, 6.28537e-05, 0.0013034795]",0,0.001269004263,raw_action_units,2,96,769564,769564,true
810,eval_same_demo_teacher_forced,0.001361067989,0.001361067989,raw_action_units,0.9838533799,0.9838533799,5.48717912,"[0.9605545998, 1.004203558, 1.006254077, 0.9644014239]","[5.4392542839, 5.5320382118, 5.5373387337, 5.4400863647]","[0.0002284526, 0.0003768493, 0.0006302534, 0.0013898812]","[0.0001553938, 0.0002500207, 0.0002326909, 6.07308e-05, 6.06343e-05, 6.09888e-05, 0.003774055]",0,0.001361067939,raw_action_units,2,96,769564,769564,true
811,train_single_demo,0.001274886037,0.001274886037,raw_action_units,0.9838782946,0.9838782946,5.487070084,"[0.9610361457, 1.0039433241, 1.0061863661, 0.9643473625]","[5.4401221275, 5.5313601494, 5.5370717049, 5.4397258759]","[0.0002431516, 0.0002676534, 0.0002156886, 0.0005915577]","[0.0001024393, 0.0001697367, 0.0002257934, 5.17614e-05, 0.000100253, 2.93138e-05, 0.001627292]",0,0.001274886009,raw_action_units,2,96,769564,769564,true
811,eval_same_demo_teacher_forced,0.001190748143,0.001190748143,raw_action_units,0.9835232298,0.9835232298,5.484621048,"[0.9638437629, 1.0014797449, 1.004899621, 0.9638698697]","[5.4444313049, 5.525042057, 5.5326008797, 5.4364089966]","[0.0002103627, 0.0002949802, 0.0004727478, 0.0012193515]","[0.000151904, 0.0001661086, 0.0001638175, 6.04143e-05, 5.55234e-05, 9.48559e-05, 0.0031529001]",0,0.00119074811,raw_action_units,2,96,769564,769564,true
812,train_single_demo,0.001150701428,0.001150701428,raw_action_units,0.9836516778,0.9836516778,5.484994411,"[0.9636608958, 1.0016517639, 1.005138278, 0.9641559124]","[5.4442505836, 5.5254387856, 5.5332489014, 5.4370398521]","[0.0002483966, 0.0002342668, 0.0002987837, 0.0005853987]","[0.0001687143, 0.0002127127, 0.0002042388, 2.6963e-05, 7.51115e-05, 5.60249e-05, 0.0016482145]",0,0.001150701372,raw_action_units,2,96,769564,769564,true
812,eval_same_demo_teacher_forced,0.001340620918,0.001340620918,raw_action_units,0.9848817587,0.9848817587,5.488506635,"[0.9622123837, 1.0045547485, 1.0072065592, 0.9655532241]","[5.4426417351, 5.5319399834, 5.5388426781, 5.4406027794]","[0.0002655434, 0.000308058, 0.0004935084, 0.0016020513]","[0.0001495952, 0.0002346684, 0.0003633773, 7.9266e-05, 8.92369e-05, 0.000106439, 0.0036484485]",0,0.001340620796,raw_action_units,2,96,769564,769564,true
813,train_single_demo,0.001320559027,0.001320559027,raw_action_units,0.9847126007,0.9847126007,5.488061905,"[0.9620680213, 1.0041899681, 1.0072875023, 0.9653050303]","[5.4421715736, 5.531141758, 5.5388846397, 5.4400496483]","[0.0002420326, 0.0002357038, 0.0005034855, 0.0005799141]","[0.0001424438, 0.0001864836, 0.0001706201, 3.66396e-05, 5.88369e-05, 8.65931e-05, 0.0020503707]",0,0.001320558955,raw_action_units,2,96,769564,769564,true
813,eval_same_demo_teacher_forced,0.001169271379,0.001169271379,raw_action_units,0.9833464225,0.9833464225,5.484551748,"[0.9626176953, 1.0011199713, 1.0064922571, 0.9631557465]","[5.4422059059, 5.524641037, 5.5361027718, 5.4352550507]","[0.0001613612, 0.0002572534, 0.0004338984, 0.0012815822]","[0.0001194407, 0.0001588911, 0.0002578881, 8.37952e-05, 6.89134e-05, 4.09378e-05, 0.0030047998]",0,0.001169271324,raw_action_units,2,96,769564,769564,true
814,train_single_demo,0.001135782397,0.001135782397,raw_action_units,0.9833410184,0.9833410184,5.484449387,"[0.9626796246, 1.0012971163, 1.006354332, 0.9630329609]","[5.4422240257, 5.5249228477, 5.5356655121, 5.4349856377]","[0.0001412334, 0.0002830026, 0.000164164, 0.0001775935]","[0.0001266968, 0.0001679942, 0.0002216133, 4.13246e-05, 7.29048e-05, 6.39692e-05, 0.0006459857]",0,0.001135782372,raw_action_units,2,96,769564,769564,true
814,eval_same_demo_teacher_forced,0.001498129452,0.001498129452,raw_action_units,0.9838344057,0.9838344057,5.485771497,"[0.961474359, 1.0042300224, 1.0064483881, 0.9631845951]","[5.4403281212, 5.5307497978, 5.536213398, 5.4357933998]","[0.0002303926, 0.0004036508, 0.0005963853, 0.0012874882]","[0.0001331912, 0.0001701556, 0.0004122288, 0.0001217967, 5.72853e-05, 6.48374e-05, 0.0034468593]",0,0.001498129396,raw_action_units,2,96,769564,769564,true
815,train_single_demo,0.001409531028,0.001409531028,raw_action_units,0.9838215907,0.9838215907,5.485974312,"[0.9616325498, 1.0039716959, 1.0064885616, 0.9631934166]","[5.4408211708, 5.5304703712, 5.5366559029, 5.4359469414]","[0.0003269019, 0.000317125, 0.0006718048, 0.001012944]","[0.0001676214, 0.0001982327, 0.0002934098, 7.62124e-05, 8.03336e-05, 3.34546e-05, 0.0032260923]",0,0.001409530994,raw_action_units,2,96,769564,769564,true
815,eval_same_demo_teacher_forced,0.001477743965,0.001477743965,raw_action_units,0.982558469,0.982558469,5.484085401,"[0.962595284, 0.9997882247, 1.0054126978, 0.9624378085]","[5.4428825378, 5.5231041908, 5.5354056358, 5.4349484444]","[0.0002503906, 0.0003537936, 0.0005159162, 0.0014498961]","[0.0001372069, 0.0003898781, 0.0004107679, 0.0001139113, 4.20236e-05, 6.72147e-05, 0.0033364911]",0,0.001477743854,raw_action_units,2,96,769564,769564,true
816,train_single_demo,0.001458975603,0.001458975603,raw_action_units,0.9827783902,0.9827783902,5.484478315,"[0.9625071883, 1.0004934072, 1.0054639578, 0.962649107]","[5.4426264763, 5.5243840218, 5.5354514122, 5.4354515076]","[0.0001974188, 0.000232191, 0.0004012747, 0.0011944015]","[0.000134724, 0.000208082, 0.0004016097, 9.11996e-05, 6.47349e-05, 3.13576e-05, 0.0026125424]",0,0.001458975575,raw_action_units,2,96,769564,769564,true
816,eval_same_demo_teacher_forced,0.001344259984,0.001344259984,raw_action_units,0.9840887388,0.9840887388,5.487046878,"[0.9610303044, 1.0056190491, 1.0059502125, 0.9637554288]","[5.4399452209, 5.5340247154, 5.5367984772, 5.4374184608]","[0.000215437, 0.0003358226, 0.0005086802, 0.0013233726]","[0.0001778363, 0.0003332523, 0.0005313592, 5.26513e-05, 6.60203e-05, 7.32211e-05, 0.0029364557]",0,0.001344259917,raw_action_units,2,96,769564,769564,true
817,train_single_demo,0.00137102018,0.00137102018,raw_action_units,0.984088699,0.984088699,5.487030665,"[0.9610449672, 1.0054335594, 1.0060058832, 0.9638702869]","[5.439912796, 5.5336575508, 5.5367393494, 5.4378128052]","[0.0003653438, 0.0003799463, 0.0003419162, 0.0013078294]","[0.000144989, 0.0002734606, 0.0005274545, 7.54278e-05, 9.07179e-05, 5.41687e-05, 0.003025094]",0,0.001371020141,raw_action_units,2,96,769564,769564,true
817,eval_same_demo_teacher_forced,0.001602256205,0.001602256205,raw_action_units,0.9840651751,0.9840651751,5.488644918,"[0.9636178017, 1.0031905174, 1.0053938627, 0.9640583396]","[5.4463691711, 5.5316472054, 5.5364742279, 5.4400897026]","[0.0002906702, 0.0005317764, 0.0005747208, 0.0013470937]","[0.0003451443, 0.0003225069, 0.0005195051, 4.05915e-05, 6.41375e-05, 0.0001000206, 0.0034105505]",0,0.001602256094,raw_action_units,2,96,769564,769564,true
818,train_single_demo,0.001469002862,0.001469002862,raw_action_units,0.9839288394,0.9839288394,5.488145828,"[0.9634251595, 1.003021121, 1.0052345991, 0.9640343785]","[5.4458732605, 5.531103611, 5.535929203, 5.4396762848]","[0.0002602348, 0.0003489613, 0.0002281349, 0.0002789361]","[0.0001500952, 0.0002505324, 0.000457964, 3.81075e-05, 8.97961e-05, 6.82525e-05, 0.0008987198]",0,0.001469002793,raw_action_units,2,96,769564,769564,true
818,eval_same_demo_teacher_forced,0.001674615778,0.001674615778,raw_action_units,0.9839039842,0.9839039842,5.486370722,"[0.96139884, 1.004134655, 1.0055881739, 0.9644942284]","[5.4406604767, 5.5311923027, 5.5354065895, 5.4382243156]","[0.0003607643, 0.0004838047, 0.0005748806, 0.0013763491]","[0.0004146702, 0.0004295581, 0.0005741342, 3.45176e-05, 9.6083e-05, 9.45751e-05, 0.0032491095]",0,0.001674615645,raw_action_units,2,96,769564,769564,true
819,train_single_demo,0.001552532776,0.001552532776,raw_action_units,0.9839752515,0.9839752515,5.486284733,"[0.9612626433, 1.0043202639, 1.0057736635, 0.9645441175]","[5.4400620461, 5.531393528, 5.5353984833, 5.4382853508]","[0.0002951411, 0.0003553223, 0.0003373465, 0.000573218]","[0.0002168952, 0.0002712509, 0.0004697171, 2.60015e-05, 0.0001070027, 6.10221e-05, 0.0015799092]",0,0.001552532693,raw_action_units,2,96,769564,769564,true
819,eval_same_demo_teacher_forced,0.001682303768,0.001682303768,raw_action_units,0.9841026068,0.9841026068,5.486263593,"[0.962741375, 1.0035070181, 1.0056962967, 0.9644656181]","[5.4422507286, 5.5301566124, 5.5341391563, 5.4385066032]","[0.0003738051, 0.0004176479, 0.0005679811, 0.0012754757]","[0.0004740896, 0.0003205841, 0.0006349005, 5.32461e-05, 5.50627e-05, 8.65766e-05, 0.0029866323]",0,0.001682303668,raw_action_units,2,96,769564,769564,true
820,train_single_demo,0.00157150079,0.00157150079,raw_action_units,0.9840296507,0.9840296507,5.485769749,"[0.9626803398, 1.0035580397, 1.0056544542, 0.9642257094]","[5.4418334961, 5.5299115181, 5.5338096619, 5.437523365]","[0.0004371974, 0.0003945278, 0.0003735848, 0.0009444595]","[0.0004681919, 0.0003034114, 0.0004829524, 3.79847e-05, 9.74839e-05, 9.28517e-05, 0.0022792206]",0,0.001571500718,raw_action_units,2,96,769564,769564,true
820,eval_same_demo_teacher_forced,0.001761020316,0.001761020316,raw_action_units,0.9841795564,0.9841795564,5.486048698,"[0.9613409042, 1.0056023598, 1.0055551529, 0.9642195702]","[5.4397759438, 5.533475399, 5.5344586372, 5.43648386]","[0.0004624426, 0.0003337084, 0.0005816754, 0.0014516534]","[0.000307073, 0.0002974075, 0.0008762183, 6.10774e-05, 5.45222e-05, 5.54744e-05, 0.0032998165]",0,0.001761020294,raw_action_units,2,96,769564,769564,true
821,train_single_demo,0.001882115922,0.001882115922,raw_action_units,0.9842565656,0.9842565656,5.486382484,"[0.9614586234, 1.0053915977, 1.0057411194, 0.9644351006]","[5.4401154518, 5.5331749916, 5.5349693298, 5.437268734]","[0.0004616251, 0.0003829602, 0.0003548659, 0.0024329857]","[0.0004600806, 0.0002651335, 0.0003393993, 4.52642e-05, 6.07519e-05, 7.19441e-05, 0.0051141917]",0,0.001882115822,raw_action_units,2,96,769564,769564,true
821,eval_same_demo_teacher_forced,0.001382826595,0.001382826595,raw_action_units,0.9832660755,0.9832660755,5.483953635,"[0.9617692828, 1.0016708374, 1.006071806, 0.9635524154]","[5.4393982887, 5.5252194405, 5.534722805, 5.4364724159]","[0.0003227245, 0.0003181786, 0.0004783601, 0.0012764253]","[0.0001673859, 0.000290167, 0.0005744111, 6.44257e-05, 5.21533e-05, 4.1536e-05, 0.0030023761]",0,0.001382826517,raw_action_units,2,96,769564,769564,true
822,train_single_demo,0.001420049695,0.001420049695,raw_action_units,0.9832758506,0.9832758506,5.483676275,"[0.9615778327, 1.0020073652, 1.0062556267, 0.9632623792]","[5.4386425018, 5.5254569054, 5.5348324776, 5.4357733727]","[0.0004532769, 0.000283442, 0.0003797968, 0.0005103077]","[0.0003675584, 0.000277064, 0.0006971887, 4.11808e-05, 6.7842e-05, 4.17197e-05, 0.0013543875]",0,0.001420049662,raw_action_units,2,96,769564,769564,true
822,eval_same_demo_teacher_forced,0.001541068079,0.001541068079,raw_action_units,0.9843064348,0.9843064348,5.486767451,"[0.9606387019, 1.0065279007, 1.0062321424, 0.9638268948]","[5.4383234978, 5.535089016, 5.5360679626, 5.4375882149]","[0.000269569, 0.0004901306, 0.000786465, 0.0013831937]","[0.000131476, 0.0001758912, 0.0004656847, 0.000107558, 6.21451e-05, 4.50003e-05, 0.004138621]",0,0.001541068024,raw_action_units,2,96,769564,769564,true
823,train_single_demo,0.001538353701,0.001538353701,raw_action_units,0.984381934,0.984381934,5.487364928,"[0.9608917236, 1.0064835548, 1.006016016, 0.9641366005]","[5.4393215179, 5.5354804993, 5.536113739, 5.4385437965]","[0.0006150909, 0.0003698799, 0.0007301901, 0.0008906119]","[0.0002348421, 0.0001670913, 0.0008037266, 6.38941e-05, 8.09849e-05, 5.28974e-05, 0.0031566655]",0,0.001538353617,raw_action_units,2,96,769564,769564,true
823,eval_same_demo_teacher_forced,0.001350143963,0.001350143963,raw_action_units,0.9836149613,0.9836149613,5.486193657,"[0.9627860188, 1.0023245811, 1.0049604177, 0.964388907]","[5.4437279701, 5.5278306007, 5.5345954895, 5.4386196136]","[0.0003264797, 0.0003620964, 0.0004399607, 0.0012229792]","[0.0001141717, 0.0001889202, 0.0002566922, 8.4066e-05, 7.97747e-05, 6.32998e-05, 0.0033282281]",0,0.00135014388,raw_action_units,2,96,769564,769564,true
824,train_single_demo,0.001407251616,0.001407251616,raw_action_units,0.983643194,0.983643194,5.485724131,"[0.9627048373, 1.0024129152, 1.0052152872, 0.9642397761]","[5.4430451393, 5.5274014473, 5.5346508026, 5.4377989769]","[0.000379729, 0.0002598476, 0.0002805269, 0.0005263505]","[0.0002575752, 0.0001665446, 0.0008797489, 7.34219e-05, 0.0001444283, 3.39184e-05, 0.0009756571]",0,0.001407251516,raw_action_units,2,96,769564,769564,true
824,eval_same_demo_teacher_forced,0.001366456738,0.001366456738,raw_action_units,0.9847473502,0.9847473502,5.486918608,"[0.9614377618, 1.0065712929, 1.0064462423, 0.9645341039]","[5.4393830299, 5.5344080925, 5.53642416, 5.4374594688]","[0.0001863005, 0.00043957, 0.0005623317, 0.001592863]","[0.0001576386, 0.0002363639, 0.0003560757, 4.50208e-05, 0.0001336544, 9.74049e-05, 0.0038407054]",0,0.001366456704,raw_action_units,2,96,769564,769564,true
825,train_single_demo,0.001407148472,0.001407148472,raw_action_units,0.9848341147,0.9848341147,5.486920675,"[0.9614620805, 1.0068413019, 1.0061830282, 0.9648501277]","[5.439265728, 5.5347595215, 5.5356349945, 5.4380207062]","[0.0004503878, 0.0002032117, 0.0001632775, 0.0005053086]","[0.000166809, 0.0001800955, 0.0003780561, 4.85505e-05, 9.63189e-05, 4.02068e-05, 0.001403788]",0,0.001407148427,raw_action_units,2,96,769564,769564,true
825,eval_same_demo_teacher_forced,0.001044450561,0.001044450561,raw_action_units,0.9841547608,0.9841547608,5.484536012,"[0.9620847702, 1.0043827295, 1.0045579672, 0.9655935168]","[5.4395422935, 5.5291190147, 5.5306410789, 5.4388403893]","[0.0001548534, 0.0002549889, 0.0004057855, 0.0012840662]","[0.0001522981, 0.0001618954, 0.0001748826, 4.26512e-05, 0.0001115854, 4.37732e-05, 0.0029873783]",0,0.001044450505,raw_action_units,2,96,769564,769564,true
826,train_single_demo,0.001256581745,0.001256581745,raw_action_units,0.984062175,0.984062175,5.484593074,"[0.9621930122, 1.0037695169, 1.0045598745, 0.9657261372]","[5.4399628639, 5.5281853676, 5.5308623314, 5.4393591881]","[0.0007399826, 0.0003200055, 0.0003612258, 0.0011183621]","[0.0003103479, 0.0001815333, 0.000569843, 4.79155e-05, 9.3072e-05, 4.43146e-05, 0.0031972313]",0,0.001256581706,raw_action_units,2,96,769564,769564,true
826,eval_same_demo_teacher_forced,0.001296994703,0.001296994703,raw_action_units,0.9849411845,0.9849411845,5.487782796,"[0.9625303745, 1.0045887232, 1.0060554743, 0.9665901065]","[5.4420814514, 5.5312533379, 5.5349998474, 5.4427952766]","[0.0002246548, 0.0002031482, 0.0004769507, 0.0013433845]","[0.000118076, 0.0002077018, 0.0001801689, 4.66029e-05, 7.43642e-05, 6.82969e-05, 0.0032390307]",0,0.001296994675,raw_action_units,2,96,769564,769564,true
827,train_single_demo,0.001329200323,0.001329200323,raw_action_units,0.9848912557,0.9848912557,5.487805843,"[0.9623465538, 1.0048316717, 1.0062278509, 0.9661588669]","[5.441848278, 5.531917572, 5.5355782509, 5.4418792725]","[0.0003843849, 0.0002961025, 0.0002099527, 0.0002891672]","[0.0002912334, 0.0001612363, 0.0005768444, 3.3897e-05, 0.0001280875, 6.57713e-05, 0.0008072428]",0,0.001329200276,raw_action_units,2,96,769564,769564,true
827,eval_same_demo_teacher_forced,0.001248480791,0.001248480791,raw_action_units,0.9837577542,0.9837577542,5.484165827,"[0.9622090459, 1.0032298565, 1.0057578087, 0.9638342857]","[5.4402337074, 5.5273952484, 5.5337882042, 5.4352469444]","[0.0001359889, 0.0002156026, 0.0004892531, 0.0013830353]","[0.0001142164, 0.0002192766, 0.000147854, 4.45573e-05, 7.43866e-05, 6.93349e-05, 0.0032221638]",0,0.001248480708,raw_action_units,2,96,769564,769564,true
828,train_single_demo,0.001328599212,0.001328599212,raw_action_units,0.983779788,0.983779788,5.484563986,"[0.9623569846, 1.0030196905, 1.0057080984, 0.9640344977]","[5.4408621788, 5.5272483826, 5.53409338, 5.4360518456]","[0.0004725313, 0.0002535334, 0.0002540251, 0.0007313704]","[0.0002785662, 0.0001689496, 0.0005674438, 3.08002e-05, 0.0001057599, 0.0001201928, 0.0017233422]",0,0.001328599151,raw_action_units,2,96,769564,769564,true
828,eval_same_demo_teacher_forced,0.001546725786,0.001546725786,raw_action_units,0.9856022596,0.9856022596,5.489024798,"[0.9631600976, 1.0060858727, 1.0062164068, 0.9669466019]","[5.4433555603, 5.5334067345, 5.5358810425, 5.4434542656]","[0.0001615316, 0.0002133776, 0.0005053777, 0.001999201]","[0.0001866669, 0.0002920018, 0.0001182662, 6.16995e-05, 0.000138017, 4.52447e-05, 0.0041972068]",0,0.001546725719,raw_action_units,2,96,769564,769564,true
829,train_single_demo,0.001475178404,0.001475178404,raw_action_units,0.9855095148,0.9855095148,5.488113085,"[0.9626571536, 1.0061553717, 1.0063362122, 0.9668895602]","[5.441619873, 5.5326733589, 5.5355210304, 5.4426369667]","[0.0003910562, 0.000299431, 0.0004015004, 0.0004274769]","[0.0001711357, 0.0002593472, 0.0005526133, 4.2317e-05, 6.29e-05, 8.36255e-05, 0.0014871238]",0,0.001475178371,raw_action_units,2,96,769564,769564,true
829,eval_same_demo_teacher_forced,0.00120910649,0.00120910649,raw_action_units,0.984314839,0.984314839,5.484482606,"[0.9620082974, 1.0040558577, 1.0060191154, 0.9651761055]","[5.4386515617, 5.527451992, 5.5342783928, 5.4375476837]","[0.0001236513, 0.0001781847, 0.0004999492, 0.0013046339]","[0.000104802, 0.0001778641, 0.0001214572, 4.85998e-05, 8.3073e-05, 4.99698e-05, 0.0031004671]",0,0.001209106385,raw_action_units,2,96,769564,769564,true
830,train_single_demo,0.001188776087,0.001188776087,raw_action_units,0.9842248758,0.9842248758,5.484834671,"[0.9621715546, 1.0038304329, 1.0059925318, 0.964904964]","[5.4394168854, 5.5276122093, 5.5346717834, 5.4376373291]","[0.0002048917, 0.0002382838, 0.0002567957, 0.0004410634]","[0.000181198, 0.0002025417, 0.0003778535, 3.86482e-05, 7.66095e-05, 6.11219e-05, 0.0010588375]",0,0.001188776012,raw_action_units,2,96,769564,769564,true
830,eval_same_demo_teacher_forced,0.001233974355,0.001233974355,raw_action_units,0.9847867489,0.9847867489,5.488971392,"[0.9628279209, 1.0053580999, 1.0067429543, 0.9642181396]","[5.4437117577, 5.5336556435, 5.5386886597, 5.4398288727]","[0.0001983434, 0.0002555415, 0.0004680118, 0.0012956447]","[0.0001229656, 0.0001688711, 0.0001820474, 5.17123e-05, 8.49967e-05, 8.46364e-05, 0.003185468]",0,0.001233974294,raw_action_units,2,96,769564,769564,true
831,train_single_demo,0.001237849045,0.001237849045,raw_action_units,0.9848150015,0.9848150015,5.488888105,"[0.9624414444, 1.0057324171, 1.0067921877, 0.9642938972]","[5.4427990913, 5.534268856, 5.5387458801, 5.4397377968]","[0.0003807486, 0.0003270053, 0.0004204751, 0.0004881395]","[0.0002107762, 0.0002112003, 0.0004951379, 4.05112e-05, 0.0001062167, 3.93208e-05, 0.0017254818]",0,0.001237848995,raw_action_units,2,96,769564,769564,true
831,eval_same_demo_teacher_forced,0.001168366095,0.001168366095,raw_action_units,0.9840890964,0.9840890964,5.485830784,"[0.9614439011, 1.0044952631, 1.0058405399, 0.9645769596]","[5.439145565, 5.5303497314, 5.5357556343, 5.4380722046]","[0.0001831932, 0.0002351957, 0.0005181825, 0.0012515212]","[0.0001580883, 0.0001816809, 0.000201387, 5.17376e-05, 5.23669e-05, 8.99871e-05, 0.0030939139]",0,0.001168366034,raw_action_units,2,96,769564,769564,true
832,train_single_demo,0.001232715556,0.001232715556,raw_action_units,0.9839749138,0.9839749138,5.485804081,"[0.9615829587, 1.004114151, 1.0056980848, 0.9645044208]","[5.439561367, 5.5297985077, 5.5357079506, 5.4381484985]","[0.0002641424, 0.0002807408, 0.0002632234, 0.0009271023]","[0.0001850556, 0.0002075335, 0.0003167254, 4.45276e-05, 8.7097e-05, 7.62268e-05, 0.0021194492]",0,0.001232715501,raw_action_units,2,96,769564,769564,true
832,eval_same_demo_teacher_forced,0.00136323506,0.00136323506,raw_action_units,0.9845731656,0.9845731656,5.486498515,"[0.9621694088, 1.005817771, 1.0062010288, 0.9641044736]","[5.4405784607, 5.5322737694, 5.5353951454, 5.4377465248]","[0.0001563244, 0.0001820472, 0.0004121384, 0.0014619172]","[0.0001381367, 0.0001515566, 0.0001544279, 4.35606e-05, 6.02181e-05, 6.95741e-05, 0.0032542732]",0,0.001363235038,raw_action_units,2,96,769564,769564,true
833,train_single_demo,0.001358762073,0.001358762073,raw_action_units,0.9845269918,0.9845269918,5.486030579,"[0.9619895816, 1.0060582161, 1.0062093735, 0.963850975]","[5.439956665, 5.5323505402, 5.534971714, 5.4368414879]","[0.0002752084, 0.0002515866, 0.0003278348, 0.0003857647]","[0.0001992282, 0.0001645463, 0.0002878188, 3.3638e-05, 6.1105e-05, 6.72114e-05, 0.0013571427]",0,0.001358761984,raw_action_units,2,96,769564,769564,true
833,eval_same_demo_teacher_forced,0.001565126625,0.001565126625,raw_action_units,0.9834810893,0.9834810893,5.484049479,"[0.9610385895, 1.0042415857, 1.0057878494, 0.9628562331]","[5.4383482933, 5.5295853615, 5.53474617, 5.4335179329]","[0.0003095877, 0.0002290049, 0.0005181161, 0.0014882359]","[0.0001070182, 0.0001657944, 0.0002195071, 4.84175e-05, 4.00873e-05, 6.56659e-05, 0.0038071626]",0,0.001565126525,raw_action_units,2,96,769564,769564,true
834,train_single_demo,0.001469059459,0.001469059459,raw_action_units,0.983590126,0.983590126,5.485431989,"[0.9612106681, 1.004037261, 1.0059121847, 0.9632003903]","[5.4396948814, 5.5305137634, 5.5361886024, 5.4353299141]","[0.0001709656, 0.0002787618, 0.0002512388, 0.0005850899]","[0.0001669379, 0.0002100031, 0.0002698059, 2.9662e-05, 5.20983e-05, 8.40812e-05, 0.0014380096]",0,0.001469059404,raw_action_units,2,96,769564,769564,true
834,eval_same_demo_teacher_forced,0.001493721502,0.001493721502,raw_action_units,0.9849157731,0.9849157731,5.49107488,"[0.9615395665, 1.0061827898, 1.007043004, 0.9648978114]","[5.4428563118, 5.5378603935, 5.5417046547, 5.4418773651]","[0.0003122255, 0.000193739, 0.0004187784, 0.0017028175]","[0.0001191739, 0.0001877437, 0.0001468921, 6.55436e-05, 5.08046e-05, 5.61541e-05, 0.0039719185]",0,0.001493721402,raw_action_units,2,96,769564,769564,true
835,train_single_demo,0.001459557485,0.001459557485,raw_action_units,0.9848593871,0.9848593871,5.489827315,"[0.9613531232, 1.0062761307, 1.0071464777, 0.9646616578]","[5.4414577484, 5.5367150307, 5.5406627655, 5.4404735565]","[0.0001829066, 0.0002375204, 0.0002423616, 0.0018826765]","[0.0001927943, 0.0002481418, 0.0001515705, 4.49567e-05, 4.96957e-05, 6.17772e-05, 0.0037056273]",0,0.00145955743,raw_action_units,2,96,769564,769564,true
835,eval_same_demo_teacher_forced,0.001786657842,0.001786657842,raw_action_units,0.983441631,0.983441631,5.482120196,"[0.9601776004, 1.0036565065, 1.0061558485, 0.9637765288]","[5.4344539642, 5.5262207985, 5.5335459709, 5.4342579842]","[0.0003437753, 0.0002695635, 0.0004626718, 0.0015174806]","[0.0001186779, 0.0001425875, 0.0001610508, 5.31624e-05, 6.51094e-05, 6.26049e-05, 0.0039354162]",0,0.001786657742,raw_action_units,2,96,769564,769564,true
836,train_single_demo,0.0016474971,0.0016474971,raw_action_units,0.9836450418,0.9836450418,5.48318402,"[0.9605833888, 1.0038073063, 1.0062564611, 0.963932991]","[5.4358673096, 5.5272736549, 5.5342354774, 5.4353580475]","[0.0002927674, 0.0004193917, 0.0004768389, 0.0009807517]","[0.0001410197, 0.0003052049, 0.0002290328, 5.85278e-05, 5.19476e-05, 5.93427e-05, 0.0029519864]",0,0.001647497039,raw_action_units,2,96,769564,769564,true
836,eval_same_demo_teacher_forced,0.001363281587,0.001363281587,raw_action_units,0.9849825303,0.9849825303,5.489552021,"[0.9615840912, 1.0058666468, 1.0072618723, 0.9652174115]","[5.4412369728, 5.5350041389, 5.5399456024, 5.4420189857]","[0.0003231833, 0.0003013387, 0.0005138127, 0.0011874072]","[0.0001867121, 0.0001908665, 0.0001788765, 6.93005e-05, 4.83681e-05, 5.99747e-05, 0.0033359497]",0,0.001363281515,raw_action_units,2,96,769564,769564,true
837,train_single_demo,0.001315959574,0.001315959574,raw_action_units,0.9849258264,0.9849258264,5.489007632,"[0.961345613, 1.0060893297, 1.0073504448, 0.9649179578]","[5.4404907227, 5.535030365, 5.5397896767, 5.440721035]","[0.0004601053, 0.0003487014, 0.000297273, 0.0004524047]","[0.0001514089, 0.0003267893, 0.0002991154, 6.39873e-05, 5.03054e-05, 5.59572e-05, 0.0017797839]",0,0.001315959508,raw_action_units,2,96,769564,769564,true
837,eval_same_demo_teacher_forced,0.001496725599,0.001496725599,raw_action_units,0.9836266041,0.9836266041,5.485258102,"[0.9609834552, 1.0042399168, 1.0069591999, 0.9623240829]","[5.4386992455, 5.5307145119, 5.5382018089, 5.4334158897]","[0.0003080662, 0.0002593187, 0.0005593474, 0.0013885632]","[0.0002509117, 0.0001641826, 0.0003046365, 7.0855e-05, 5.62766e-05, 5.09759e-05, 0.0035039282]",0,0.001496725538,raw_action_units,2,96,769564,769564,true
838,train_single_demo,0.00145364122,0.00145364122,raw_action_units,0.983658572,0.983658572,5.485449632,"[0.9614183903, 1.0039788485, 1.0068802834, 0.9623568058]","[5.4397234917, 5.5303988457, 5.5379829407, 5.4336929321]","[0.0002414245, 0.0004215975, 0.0003045621, 0.0011178871]","[0.0001319396, 0.0002462722, 0.0002107917, 7.69756e-05, 5.436e-05, 4.98898e-05, 0.0028793458]",0,0.001453641137,raw_action_units,2,96,769564,769564,true
838,eval_same_demo_teacher_forced,0.001414350544,0.001414350544,raw_action_units,0.9841228922,0.9841228922,5.484748205,"[0.9618099332, 1.004668355, 1.0065444708, 0.9634688497]","[5.4390597343, 5.5293693542, 5.5348296165, 5.4357333183]","[0.0002334512, 0.0002216215, 0.0004543653, 0.0011737313]","[0.0001810619, 0.0001845437, 0.000132253, 6.16002e-05, 4.36657e-05, 5.43548e-05, 0.0029880668]",0,0.001414350456,raw_action_units,2,96,769564,769564,true
839,train_single_demo,0.001485574525,0.001485574525,raw_action_units,0.9840306838,0.9840306838,5.484168371,"[0.9612441063, 1.0050176382, 1.0064178705, 0.9634431005]","[5.4375271797, 5.5295042992, 5.5344624519, 5.4351792336]","[0.0003722934, 0.0004048734, 0.0002065002, 0.0003689659]","[0.0001767067, 0.0001729829, 0.0002258416, 7.7709e-05, 5.57711e-05, 7.64052e-05, 0.0015816911]",0,0.001485574436,raw_action_units,2,96,769564,769564,true
839,eval_same_demo_teacher_forced,0.001129695952,0.001129695952,raw_action_units,0.9838953416,0.9838953416,5.485754649,"[0.960255444, 1.0059521198, 1.0067542791, 0.9626194835]","[5.4370074272, 5.5338287354, 5.5375771523, 5.4346046448]","[0.0001481086, 0.0002277566, 0.0004016404, 0.0012194043]","[0.0001210097, 0.0001494255, 0.0001238024, 5.86614e-05, 4.81043e-05, 3.98536e-05, 0.0029537352]",0,0.001129695924,raw_action_units,2,96,769564,769564,true
840,train_single_demo,0.001282627539,0.001282627539,raw_action_units,0.9839166204,0.9839166204,5.48650678,"[0.960811913, 1.0057331324, 1.0066536665, 0.9624678493]","[5.4387869835, 5.5343227386, 5.5379142761, 5.4350013733]","[0.0003049496, 0.000485627, 0.0004020606, 0.0011039948]","[0.0002554604, 0.0001165129, 0.0002686348, 6.34218e-05, 8.18805e-05, 8.12615e-05, 0.0031519337]",0,0.001282627428,raw_action_units,2,96,769564,769564,true
840,eval_same_demo_teacher_forced,0.001039100306,0.001039100306,raw_action_units,0.9836988846,0.9836988846,5.485173384,"[0.9614090323, 1.0047804117, 1.0068296194, 0.9617765546]","[5.4393057823, 5.5317988396, 5.536509037, 5.4330801964]","[0.0002396902, 0.000271313, 0.0004354463, 0.0011375457]","[0.0001047395, 0.0001565251, 0.0001483101, 9.72787e-05, 4.68276e-05, 6.39546e-05, 0.0030293558]",0,0.001039100279,raw_action_units,2,96,769564,769564,true
841,train_single_demo,0.001161379371,0.001161379371,raw_action_units,0.9836543202,0.9836543202,5.484584173,"[0.9611888528, 1.0048109293, 1.0068951845, 0.9617221951]","[5.4384551048, 5.5312232971, 5.5362110138, 5.4324474335]","[0.0003165342, 0.0003729727, 0.0002252243, 0.0003885443]","[0.0002124938, 0.0002061413, 0.0001817376, 4.33625e-05, 8.27021e-05, 8.07139e-05, 0.0014735808]",0,0.001161379341,raw_action_units,2,96,769564,769564,true
841,eval_same_demo_teacher_forced,0.0009897387742,0.0009897387742,raw_action_units,0.9836593866,0.9836593866,5.483591557,"[0.9611318707, 1.0051332712, 1.0061250925, 0.9622470737]","[5.4376373291, 5.530564785, 5.5335903168, 5.4325728416]","[0.0001287566, 0.0001646606, 0.000460232, 0.0011083841]","[9.64303e-05, 0.0001689929, 0.0001393491, 6.7636e-05, 4.04153e-05, 6.11371e-05, 0.0026845979]",0,0.0009897387187,raw_action_units,2,96,769564,769564,true
842,train_single_demo,0.001126178463,0.001126178463,raw_action_units,0.9837128321,0.9837128321,5.483876546,"[0.9613344073, 1.0051845312, 1.0058225393, 0.9625099301]","[5.4381165504, 5.5309662819, 5.5331783295, 5.4332447052]","[0.0003838464, 0.0002268597, 0.0003221145, 0.0014568664]","[0.0001353667, 0.0001822549, 0.000238809, 4.87549e-05, 6.70881e-05, 5.39887e-05, 0.0034556899]",0,0.001126178407,raw_action_units,2,96,769564,769564,true
842,eval_same_demo_teacher_forced,0.00112409036,0.00112409036,raw_action_units,0.9829568068,0.9829568068,5.480398019,"[0.9607377052, 1.0041805506, 1.0042085648, 0.9627005458]","[5.4348120689, 5.5269532204, 5.5281410217, 5.4316864014]","[0.0002535889, 0.000195809, 0.0004658479, 0.0012468825]","[0.0001300996, 0.0001445368, 0.0001518069, 7.6804e-05, 4.27388e-05, 4.59467e-05, 0.0031917915]",0,0.001124090293,raw_action_units,2,96,769564,769564,true
843,train_single_demo,0.00116530833,0.00116530833,raw_action_units,0.9829743306,0.9829743306,5.480314732,"[0.9604625106, 1.0045188665, 1.0043797493, 0.962536335]","[5.4341197014, 5.5273661613, 5.5284352303, 5.4313378334]","[0.0003390759, 0.0002554683, 0.0004897438, 0.0009511329]","[0.0001774282, 0.0002345537, 0.0002005827, 5.89852e-05, 6.83763e-05, 4.95471e-05, 0.0027725135]",0,0.00116530828,raw_action_units,2,96,769564,769564,true
843,eval_same_demo_teacher_forced,0.0009899822374,0.0009899822374,raw_action_units,0.9838122527,0.9838122527,5.484272003,"[0.959924221, 1.0068176985, 1.0054818392, 0.9630252719]","[5.4351725578, 5.5341248512, 5.5330924988, 5.434697628]","[0.0001726092, 0.0002106201, 0.0004687568, 0.0011534861]","[0.000112651, 0.0001847515, 0.0001360611, 5.68079e-05, 6.3739e-05, 4.43205e-05, 0.0029112452]",0,0.0009899821931,raw_action_units,2,96,769564,769564,true
844,train_single_demo,0.00107068778,0.00107068778,raw_action_units,0.983893017,0.983893017,5.484858036,"[0.960114181, 1.006675601, 1.0055675507, 0.9632146955]","[5.4359326363, 5.5344314575, 5.5336461067, 5.43542099]","[0.0002854707, 0.0001969547, 0.0003309021, 0.000596112]","[0.0002885464, 0.0001477658, 0.000215084, 5.98945e-05, 4.95741e-05, 3.70193e-05, 0.0016686349]",0,0.001070687703,raw_action_units,2,96,769564,769564,true
844,eval_same_demo_teacher_forced,0.001103447517,0.001103447517,raw_action_units,0.9836180607,0.9836180607,5.485665957,"[0.9603834748, 1.0044602156, 1.0063568354, 0.9632716775]","[5.4375271797, 5.5322265625, 5.536919117, 5.4359893799]","[0.0001755351, 0.0002103356, 0.0004922897, 0.001176415]","[0.0001185624, 0.0002726927, 0.0001026852, 5.03562e-05, 4.70175e-05, 7.645e-05, 0.0029277427]",0,0.001103447484,raw_action_units,2,96,769564,769564,true
845,train_single_demo,0.001144263622,0.001144263622,raw_action_units,0.9837026993,0.9837026993,5.485732396,"[0.9602584839, 1.0045795441, 1.0064915419, 0.9634813666]","[5.4371814728, 5.5323066711, 5.5370430946, 5.4363980293]","[0.0003852542, 0.0002468741, 0.0003924108, 0.0011963648]","[0.0001700082, 0.0001788502, 0.0002195068, 4.55781e-05, 7.4039e-05, 3.86928e-05, 0.0031599065]",0,0.001144263539,raw_action_units,2,96,769564,769564,true
845,eval_same_demo_teacher_forced,0.001431145938,0.001431145938,raw_action_units,0.9849018455,0.9849018455,5.48799626,"[0.9612419009, 1.0062748194, 1.0074733496, 0.9646174908]","[5.4395213127, 5.535243988, 5.5381836891, 5.4390349388]","[0.0001645868, 0.0001880395, 0.0004494125, 0.0018844199]","[0.0001659634, 0.0001886634, 0.0001389518, 5.90201e-05, 4.2152e-05, 3.30958e-05, 0.0040734559]",0,0.001431145883,raw_action_units,2,96,769564,769564,true
846,train_single_demo,0.001333169562,0.001333169562,raw_action_units,0.9848260085,0.9848260085,5.487658501,"[0.9611900449, 1.0060135126, 1.0074340105, 0.9646663666]","[5.4393334389, 5.5345301628, 5.5379471779, 5.4388217926]","[0.0001539053, 0.0001628473, 0.0003249352, 0.0002668012]","[0.0001682764, 0.0001683086, 0.0002140572, 3.8146e-05, 5.91306e-05, 2.72511e-05, 0.0009146857]",0,0.001333169506,raw_action_units,2,96,769564,769564,true
846,eval_same_demo_teacher_forced,0.001197529879,0.001197529879,raw_action_units,0.9841327866,0.9841327866,5.484609922,"[0.9602515697, 1.0050424337, 1.0067466497, 0.9644905925]","[5.4359259605, 5.5308508873, 5.5353546143, 5.4363098145]","[0.0002106826, 0.0001909378, 0.0004606221, 0.0013670567]","[0.0002284103, 0.0001746351, 0.0001089757, 6.60314e-05, 7.17559e-05, 4.62571e-05, 0.0032052079]",0,0.001197529824,raw_action_units,2,96,769564,769564,true
847,train_single_demo,0.001213604895,0.001213604895,raw_action_units,0.9841885169,0.9841885169,5.484969616,"[0.9602632523, 1.0052076578, 1.0067551136, 0.9645280838]","[5.4360566139, 5.5314068794, 5.5356369019, 5.4367775917]","[0.0003173314, 0.000168784, 0.0002647155, 0.0008745979]","[0.0001830682, 0.0001441449, 0.0002228469, 3.47583e-05, 5.9688e-05, 3.2339e-05, 0.0021676554]",0,0.00121360485,raw_action_units,2,96,769564,769564,true
847,eval_same_demo_teacher_forced,0.001176883117,0.001176883117,raw_action_units,0.9849266211,0.9849266211,5.488890966,"[0.9613445401, 1.0070300102, 1.0076760054, 0.9636559486]","[5.4400954247, 5.5372757912, 5.5399842262, 5.4382095337]","[0.0001674446, 0.0002564575, 0.0003984758, 0.0013425727]","[0.0002000378, 0.0001887116, 0.0001424257, 4.907e-05, 7.48093e-05, 4.08305e-05, 0.0030927786]",0,0.001176883067,raw_action_units,2,96,769564,769564,true
848,train_single_demo,0.001241629361,0.001241629361,raw_action_units,0.9848004182,0.9848004182,5.488604228,"[0.9615068436, 1.0066388845, 1.0076248646, 0.9634310603]","[5.4403839111, 5.5364518166, 5.5399627686, 5.4376168251]","[0.00028818, 0.0002095724, 0.0003816575, 0.0017225192]","[0.0002157984, 0.000134437, 0.0002051198, 6.25663e-05, 6.82875e-05, 4.27724e-05, 0.0038243944]",0,0.001241629322,raw_action_units,2,96,769564,769564,true
848,eval_same_demo_teacher_forced,0.001309925729,0.001309925729,raw_action_units,0.9833297729,0.9833297729,5.485285441,"[0.9602016807, 1.0038934946, 1.0063935518, 0.9628303647]","[5.4372501373, 5.5305953026, 5.5375647545, 5.4357299805]","[0.000149014, 0.0002540355, 0.0005477204, 0.0013954808]","[0.0001276461, 0.0001672932, 0.0001650682, 7.12923e-05, 4.20998e-05, 5.44546e-05, 0.003478084]",0,0.00130992569,raw_action_units,2,96,769564,769564,true
849,train_single_demo,0.001241926938,0.001241926938,raw_action_units,0.9834730824,0.9834730824,5.485762278,"[0.9602228999, 1.0042618513, 1.0063796043, 0.9630279541]","[5.4375061989, 5.5314502716, 5.5376930237, 5.4363994598]","[0.0002039356, 0.0001408144, 0.0002362286, 0.0004558763]","[0.00020722, 0.000120788, 0.0001211486, 6.14975e-05, 7.55845e-05, 3.90563e-05, 0.001189201]",0,0.001241926902,raw_action_units,2,96,769564,769564,true
849,eval_same_demo_teacher_forced,0.001132460001,0.001132460001,raw_action_units,0.9844208956,0.9844208956,5.489496708,"[0.960737884, 1.0066052675, 1.0063564777, 0.963983953]","[5.4404201508, 5.5375199318, 5.5391387939, 5.4409079552]","[0.0003781316, 0.000215346, 0.000581997, 0.0011009626]","[0.0001266708, 0.0001518457, 0.0001315232, 6.26651e-05, 6.88769e-05, 5.68977e-05, 0.0033852858]",0,0.001132459956,raw_action_units,2,96,769564,769564,true
850,train_single_demo,0.001129035062,0.001129035062,raw_action_units,0.9842925668,0.9842925668,5.488982677,"[0.9609267712, 1.0062874556, 1.0061098337, 0.9638461471]","[5.440723896, 5.5366649628, 5.5382933617, 5.4402480125]","[0.0002581021, 0.000190576, 0.0002327472, 0.0005066862]","[0.000189827, 0.0001538269, 0.0001897058, 5.91147e-05, 7.78767e-05, 3.69852e-05, 0.0013718588]",0,0.00112903504,raw_action_units,2,96,769564,769564,true
850,eval_same_demo_teacher_forced,0.00108943379,0.00108943379,raw_action_units,0.9835711519,0.9835711519,5.485641479,"[0.9616873264, 1.0044437647, 1.0046545267, 0.9634990096]","[5.4407467842, 5.5313630104, 5.5336546898, 5.4367995262]","[0.0003227189, 0.0002233829, 0.0004245876, 0.0012955862]","[0.000129222, 0.000164872, 0.000247565, 5.85165e-05, 5.64348e-05, 4.68117e-05, 0.0032625599]",0,0.00108943374,raw_action_units,2,96,769564,769564,true
851,train_single_demo,0.00109466499,0.00109466499,raw_action_units,0.98365134,0.98365134,5.485877991,"[0.9616508484, 1.0046287775, 1.0046669245, 0.9636589885]","[5.4407172203, 5.5318188667, 5.5337204933, 5.437253952]","[0.0002664344, 0.000149082, 0.0002547817, 0.0007777698]","[0.0002043155, 0.0001358022, 0.0001621052, 3.30876e-05, 6.26643e-05, 5.09781e-05, 0.0018851658]",0,0.001094664957,raw_action_units,2,96,769564,769564,true
851,eval_same_demo_teacher_forced,0.001094478726,0.001094478726,raw_action_units,0.9844023983,0.9844023983,5.487823327,"[0.9619343877, 1.0066405535, 1.0051326752, 0.9639019966]","[5.4417681694, 5.5361614227, 5.5346622467, 5.4387030602]","[0.0001577901, 0.0001884541, 0.0003821558, 0.0013642674]","[0.000149697, 0.0001754002, 0.0001230543, 5.6956e-05, 5.81578e-05, 3.91372e-05, 0.0030597651]",0,0.00109447867,raw_action_units,2,96,769564,769564,true
852,train_single_demo,0.001172513662,0.001172513662,raw_action_units,0.9842939774,0.9842939774,5.487336159,"[0.9620788097, 1.0064960718, 1.0050700903, 0.9635311961]","[5.4418206215, 5.535677433, 5.5341930389, 5.4376544952]","[0.0002409139, 0.0002349486, 0.0003347518, 0.0017465687]","[0.0001364842, 0.0001536948, 0.0001656694, 4.53192e-05, 5.94083e-05, 6.26264e-05, 0.0038518682]",0,0.001172513612,raw_action_units,2,96,769564,769564,true
852,eval_same_demo_teacher_forced,0.001271840263,0.001271840263,raw_action_units,0.982927084,0.982927084,5.484446843,"[0.9609029293, 1.0035339594, 1.0046008825, 0.962670505]","[5.438867569, 5.5303969383, 5.5329575539, 5.435564518]","[0.0001623163, 0.000165342, 0.000443312, 0.0013916421]","[0.0001000543, 0.0001872395, 0.000121705, 5.14563e-05, 3.92543e-05, 4.2555e-05, 0.0032423071]",0,0.001271840229,raw_action_units,2,96,769564,769564,true
853,train_single_demo,0.001273907294,0.001273907294,raw_action_units,0.9831447999,0.9831447999,5.485625903,"[0.9606902599, 1.0039199591, 1.0048686266, 0.9631003737]","[5.4389910698, 5.531940937, 5.5342392921, 5.4373316765]","[0.0004305498, 0.0002892363, 0.0006458657, 0.0009806139]","[0.0001543395, 0.000123312, 0.0001915871, 4.67838e-05, 3.16968e-05, 4.84453e-05, 0.0035097999]",0,0.001273907278,raw_action_units,2,96,769564,769564,true
853,eval_same_demo_teacher_forced,0.001230257175,0.001230257175,raw_action_units,0.9846523205,0.9846523205,5.490583738,"[0.9608591199, 1.0066039562, 1.006652236, 0.9644940495]","[5.4411492348, 5.5388360023, 5.5398826599, 5.4424681664]","[0.0003537369, 0.0002723668, 0.0005162126, 0.0012304928]","[0.0001134968, 0.0001584979, 0.0001725514, 8.55238e-05, 5.58158e-05, 5.21807e-05, 0.0035143497]",0,0.00123025712,raw_action_units,2,96,769564,769564,true
854,train_single_demo,0.001264593021,0.001264593021,raw_action_units,0.9845938881,0.9845938881,5.489890734,"[0.9611185193, 1.0065795183, 1.0066008568, 0.9640764594]","[5.4412674904, 5.5381240845, 5.5393233299, 5.44084692]","[0.0005058395, 0.0001981463, 0.0001717755, 0.0006246494]","[0.000144794, 0.0002049524, 0.0002502062, 5.17401e-05, 4.34105e-05, 4.38524e-05, 0.0018867628]",0,0.001264592987,raw_action_units,2,96,769564,769564,true
854,eval_same_demo_teacher_forced,0.001170055203,0.001170055203,raw_action_units,0.9837027192,0.9837027192,5.484691461,"[0.9619830251, 1.0045615435, 1.0048406124, 0.9634256363]","[5.4400420189, 5.5306105614, 5.5327010155, 5.4354119301]","[0.0003481027, 0.0001961296, 0.0004303275, 0.0014565088]","[0.0001382957, 0.0001666153, 0.0001273116, 6.51613e-05, 5.22867e-05, 3.83095e-05, 0.0036663895]",0,0.001170055142,raw_action_units,2,96,769564,769564,true
855,train_single_demo,0.001179118951,0.001179118951,raw_action_units,0.9837972323,0.9837972323,5.485184987,"[0.9619851112, 1.004776597, 1.0047758818, 0.9636514783]","[5.4403266907, 5.5314025879, 5.5327835083, 5.436226368]","[0.0003874763, 0.0001824419, 0.0004568292, 0.0005234847]","[0.0001697311, 0.000253825, 0.0001973602, 6.15587e-05, 6.12689e-05, 7.20335e-05, 0.0018971286]",0,0.001179118907,raw_action_units,2,96,769564,769564,true
855,eval_same_demo_teacher_forced,0.001163940256,0.001163940256,raw_action_units,0.9846047362,0.9846047362,5.489038785,"[0.961322546, 1.0075188875, 1.0055147409, 0.9640628695]","[5.441116333, 5.5390000343, 5.5365581512, 5.4394798279]","[0.0002884917, 0.0001819134, 0.0004387943, 0.0013885187]","[0.0001050476, 0.0001878941, 0.0001414171, 6.58804e-05, 4.20819e-05, 6.11945e-05, 0.003417491]",0,0.001163940167,raw_action_units,2,96,769564,769564,true
856,train_single_demo,0.001132537223,0.001132537223,raw_action_units,0.9844777584,0.9844777584,5.4886988,"[0.9611210227, 1.0075259209, 1.0055938959, 0.9636702538]","[5.4407477379, 5.5388894081, 5.5365905762, 5.4385666847]","[0.0002358286, 0.0002469986, 0.0002239998, 0.0002686836]","[0.0001636791, 0.0001551485, 0.0001579416, 2.99406e-05, 7.65284e-05, 5.62066e-05, 0.0010676987]",0,0.001132537145,raw_action_units,2,96,769564,769564,true
856,eval_same_demo_teacher_forced,0.000967808223,0.000967808223,raw_action_units,0.9833915432,0.9833915432,5.485582511,"[0.9608855844, 1.0058546066, 1.0049411058, 0.961884737]","[5.4394798279, 5.5348014832, 5.5340232849, 5.4340248108]","[0.0002570354, 0.0001910889, 0.0004376774, 0.0010530945]","[0.0001118176, 0.000167649, 0.0001631229, 5.00525e-05, 4.35729e-05, 4.31312e-05, 0.0028137222]",0,0.0009678081565,raw_action_units,2,96,769564,769564,true
857,train_single_demo,0.001057684965,0.001057684965,raw_action_units,0.9833596746,0.9833596746,5.485827605,"[0.9609109759, 1.0056381226, 1.0048971176, 0.9619925022]","[5.439704895, 5.5347771645, 5.5342388153, 5.4345879555]","[0.0002609978, 0.0003767369, 0.0001637054, 0.000865767]","[0.0001445602, 0.000123813, 0.0001810501, 4.77225e-05, 5.84917e-05, 8.45362e-05, 0.0022774385]",0,0.001057684954,raw_action_units,2,96,769564,769564,true
857,eval_same_demo_teacher_forced,0.001024896124,0.001024896124,raw_action_units,0.9842682282,0.9842682282,5.488453388,"[0.9606177211, 1.006751895, 1.0064681768, 0.9632351995]","[5.4393486977, 5.5376725197, 5.5384345055, 5.4383568764]","[0.0003376572, 0.0002001138, 0.0004536223, 0.0011238066]","[0.0001568328, 0.0001401461, 0.0001500602, 4.58764e-05, 7.30077e-05, 3.43157e-05, 0.0031013608]",0,0.001024896057,raw_action_units,2,96,769564,769564,true
858,train_single_demo,0.001024298797,0.001024298797,raw_action_units,0.9842262467,0.9842262467,5.487868945,"[0.9604327679, 1.0067877769, 1.0065289736, 0.9631553292]","[5.4385714531, 5.5370635986, 5.538169384, 5.437669754]","[0.000213806, 0.0004250364, 0.0002841858, 0.00052314]","[0.0001350289, 0.0001953767, 0.0001979677, 4.571e-05, 4.77244e-05, 6.42994e-05, 0.001844687]",0,0.001024298791,raw_action_units,2,96,769564,769564,true
858,eval_same_demo_teacher_forced,0.001036519301,0.001036519301,raw_action_units,0.9839468002,0.9839468002,5.48549509,"[0.9614653587, 1.0059310198, 1.0058372021, 0.9625536799]","[5.4393615723, 5.5334887505, 5.5351014137, 5.4340291023]","[0.0003504439, 0.0001966708, 0.0003728817, 0.0014764598]","[0.0001186018, 0.0001759119, 0.0001464439, 4.48587e-05, 6.28206e-05, 8.32346e-05, 0.0035619268]",0,0.001036519273,raw_action_units,2,96,769564,769564,true
859,train_single_demo,0.001092917984,0.001092917984,raw_action_units,0.9840341409,0.9840341409,5.485522588,"[0.9618918896, 1.0059065819, 1.0057764053, 0.9625616074]","[5.4401531219, 5.5334620476, 5.5346050262, 5.4338698387]","[0.0002229779, 0.0002837524, 0.0001779295, 0.0004666047]","[0.0001298334, 0.000176252, 0.0001797398, 7.47832e-05, 9.26403e-05, 4.66514e-05, 0.0013148127]",0,0.001092917973,raw_action_units,2,96,769564,769564,true
859,eval_same_demo_teacher_forced,0.001070664575,0.001070664575,raw_action_units,0.9846804937,0.9846804937,5.487436454,"[0.9616214633, 1.0070608854, 1.0065726042, 0.9634671211]","[5.4401092529, 5.5367794037, 5.536670208, 5.4361858368]","[0.0002288536, 0.0002131817, 0.0003531795, 0.0014382898]","[0.0001039673, 0.0001686729, 9.98996e-05, 7.42209e-05, 4.92235e-05, 9.48188e-05, 0.0033178295]",0,0.00107066453,raw_action_units,2,96,769564,769564,true
860,train_single_demo,0.001064297821,0.001064297821,raw_action_units,0.9847079118,0.9847079118,5.487487634,"[0.9612253308, 1.0073164701, 1.0068320036, 0.9634578228]","[5.4392752647, 5.5372481346, 5.5372834206, 5.436144352]","[0.000171728, 0.0003079052, 0.0003096822, 0.0014184443]","[0.0002059282, 0.0001326115, 0.0001504014, 4.86387e-05, 6.95556e-05, 6.53854e-05, 0.0031910585]",0,0.001064297787,raw_action_units,2,96,769564,769564,true
860,eval_same_demo_teacher_forced,0.001061161088,0.001061161088,raw_action_units,0.9835584958,0.9835584958,5.485561689,"[0.9599869251, 1.0052251816, 1.0062637329, 0.9627580643]","[5.4367985725, 5.5331835747, 5.5364112854, 5.4358515739]","[0.0002232651, 0.0003526929, 0.0004459786, 0.0011185849]","[0.0001088131, 0.0001435699, 0.0002161416, 6.93955e-05, 6.60401e-05, 5.103e-05, 0.0030909227]",0,0.001061161049,raw_action_units,2,96,769564,769564,true
861,train_single_demo,0.001094715204,0.001094715204,raw_action_units,0.9835413496,0.9835413496,5.48596557,"[0.9602959752, 1.0050901175, 1.0059175491, 0.962861836]","[5.4378151894, 5.5334334373, 5.5359649658, 5.436647892]","[0.0003268224, 0.000400381, 0.0002346231, 0.0005309536]","[0.0002077068, 0.0001398352, 0.0002251577, 4.10647e-05, 7.39818e-05, 8.36499e-05, 0.0018409691]",0,0.001094715204,raw_action_units,2,96,769564,769564,true
861,eval_same_demo_teacher_forced,0.001287287916,0.001287287916,raw_action_units,0.9842985074,0.9842985074,5.490004063,"[0.9616446495, 1.0063861609, 1.005215764, 0.9639472961]","[5.4426665306, 5.5388031006, 5.5372848511, 5.441259861]","[0.0003657935, 0.0004219304, 0.0007341722, 0.0012595447]","[0.0001015026, 0.000151475, 0.0001611704, 5.58412e-05, 4.83939e-05, 8.17646e-05, 0.0042673736]",0,0.001287287811,raw_action_units,2,96,769564,769564,true
862,train_single_demo,0.001225548661,0.001225548661,raw_action_units,0.9844094515,0.9844094515,5.490152041,"[0.9615149498, 1.0068030357, 1.0053750277, 0.9639446139]","[5.4424061775, 5.5395026207, 5.5378136635, 5.440885067]","[0.0002310625, 0.0002146345, 0.0002095251, 0.0002823426]","[0.0001560348, 0.0001209638, 0.000217754, 4.87575e-05, 9.13537e-05, 4.1107e-05, 0.0009647672]",0,0.001225548575,raw_action_units,2,96,769564,769564,true
862,eval_same_demo_teacher_forced,0.001053413803,0.001053413803,raw_action_units,0.9843410254,0.9843410254,5.488941828,"[0.9610132575, 1.0070271492, 1.0054312944, 0.9638924599]","[5.4406599998, 5.5384578705, 5.5375494957, 5.4391007423]","[0.0001770513, 0.0001893957, 0.0003394422, 0.0012278192]","[0.0001144668, 0.0001667992, 0.0001289338, 4.21692e-05, 6.05695e-05, 3.2578e-05, 0.0028384726]",0,0.001053413775,raw_action_units,2,96,769564,769564,true
863,train_single_demo,0.001270643047,0.001270643047,raw_action_units,0.9842184385,0.9842184385,5.488088926,"[0.9612262845, 1.0065580606, 1.0053105354, 0.963778913]","[5.4406161308, 5.5368628502, 5.5363426208, 5.438533783]","[0.000209811, 0.0002093968, 0.000490719, 0.0019701142]","[0.0001382346, 0.0001721972, 0.0002948448, 6.53495e-05, 6.08461e-05, 4.04433e-05, 0.0042681568]",0,0.001270642948,raw_action_units,2,96,769564,769564,true
863,eval_same_demo_teacher_forced,0.001001485235,0.001001485235,raw_action_units,0.9834027886,0.9834027886,5.485871315,"[0.9608712196, 1.0047096014, 1.0047777891, 0.9632525444]","[5.4394669533, 5.5327477455, 5.5340328217, 5.4372348785]","[0.0001431162, 0.0002688489, 0.0003378412, 0.0012346839]","[0.0001357176, 0.0001410894, 0.0001126816, 5.39439e-05, 5.26129e-05, 3.40677e-05, 0.0029427444]",0,0.00100148518,raw_action_units,2,96,769564,769564,true
864,train_single_demo,0.001048081244,0.001048081244,raw_action_units,0.983582894,0.983582894,5.486553669,"[0.9605520368, 1.0053728819, 1.0050519705, 0.9633545876]","[5.439163208, 5.534362793, 5.5349769592, 5.4377121925]","[0.0002424827, 0.0002344949, 0.0005367096, 0.0013637706]","[0.0001350469, 0.0001724343, 0.0001907676, 4.89976e-05, 5.85941e-05, 4.95253e-05, 0.0035051845]",0,0.0010480812,raw_action_units,2,96,769564,769564,true
864,eval_same_demo_teacher_forced,0.001212023121,0.001212023121,raw_action_units,0.9849467874,0.9849467874,5.48948288,"[0.9606900215, 1.008387804, 1.0067797899, 0.9639294744]","[5.4394240379, 5.5404772758, 5.5386557579, 5.4393749237]","[0.0001774263, 0.0002820626, 0.0004051038, 0.0012817829]","[0.0002111831, 0.0002148608, 0.0001639676, 5.91449e-05, 4.82393e-05, 4.50914e-05, 0.0030136702]",0,0.001212023066,raw_action_units,2,96,769564,769564,true
865,train_single_demo,0.001109578608,0.001109578608,raw_action_units,0.9845405618,0.9845405618,5.488412857,"[0.960755825, 1.0071976185, 1.006529212, 0.9636796117]","[5.4392361641, 5.5379290581, 5.5377922058, 5.4386925697]","[0.0002814926, 0.0001431228, 0.0002008358, 0.0007288394]","[0.0001163475, 0.0001004215, 0.0001418061, 4.02279e-05, 4.94806e-05, 5.8223e-05, 0.0018635016]",0,0.001109578602,raw_action_units,2,96,769564,769564,true
865,eval_same_demo_teacher_forced,0.001184139362,0.001184139362,raw_action_units,0.9828985333,0.9828985333,5.483973185,"[0.9602437615, 1.0032198429, 1.0053777695, 0.962752521]","[5.4370799065, 5.5291633606, 5.5346012115, 5.4350466728]","[0.0001427161, 0.0003469882, 0.0003926507, 0.0012940256]","[0.0001358621, 0.0002001756, 0.0001381334, 6.36329e-05, 5.3427e-05, 5.70889e-05, 0.0031603461]",0,0.001184139312,raw_action_units,2,96,769564,769564,true
866,train_single_demo,0.001156263868,0.001156263868,raw_action_units,0.9831845164,0.9831845164,5.48444589,"[0.9599826336, 1.0041579008, 1.0055496693, 0.9630480409]","[5.4364714622, 5.530810833, 5.5349726677, 5.435529232]","[0.0002019623, 0.000214765, 0.0002794409, 0.0007261452]","[0.0001317109, 0.0001667829, 0.0001063184, 3.06679e-05, 4.90706e-05, 3.46278e-05, 0.0019698699]",0,0.001156263852,raw_action_units,2,96,769564,769564,true
866,eval_same_demo_teacher_forced,0.00125327101,0.00125327101,raw_action_units,0.9849848549,0.9849848549,5.488227367,"[0.9602298737, 1.0084002018, 1.0070676804, 0.9642415643]","[5.4372124672, 5.5392584801, 5.537882328, 5.4385547638]","[0.0001698562, 0.0002956771, 0.0003963119, 0.0017791068]","[0.0001467251, 0.0001701869, 0.0001303564, 6.32937e-05, 9.07305e-05, 5.5548e-05, 0.0039648246]",0,0.001253270943,raw_action_units,2,96,769564,769564,true
867,train_single_demo,0.001170550531,0.001170550531,raw_action_units,0.9847386877,0.9847386877,5.487810453,"[0.9604317546, 1.0077053308, 1.0068079233, 0.9640097618]","[5.4376997948, 5.5380363464, 5.5372815132, 5.4382224083]","[0.0002982001, 0.000218603, 0.0002970038, 0.0003072752]","[0.0001297481, 0.0001619394, 0.0001291178, 3.63249e-05, 7.48242e-05, 3.23648e-05, 0.0013975744]",0,0.001170550495,raw_action_units,2,96,769564,769564,true
867,eval_same_demo_teacher_forced,0.001055236363,0.001055236363,raw_action_units,0.9830970565,0.9830970565,5.48425134,"[0.9601774216, 1.0039519072, 1.0053597689, 0.9628989697]","[5.4368553162, 5.5307197571, 5.5340218544, 5.4354071617]","[0.0001529742, 0.000246003, 0.0004801673, 0.0011730626]","[8.74469e-05, 0.0002666657, 0.0001034048, 4.41825e-05, 5.76282e-05, 5.14976e-05, 0.0029805368]",0,0.001055236329,raw_action_units,2,96,769564,769564,true
868,train_single_demo,0.001075807532,0.001075807532,raw_action_units,0.9831976096,0.9831976096,5.484998385,"[0.9598571658, 1.0043559074, 1.0054297447, 0.9631476402]","[5.4366664886, 5.53201437, 5.5348410606, 5.4364705086]","[0.000136203, 0.0001534173, 0.0001928555, 0.0011284408]","[0.0001391092, 0.0001664984, 0.0001201142, 4.48782e-05, 6.18713e-05, 3.98364e-05, 0.0022467964]",0,0.001075807515,raw_action_units,2,96,769564,769564,true
868,eval_same_demo_teacher_forced,0.001154817835,0.001154817835,raw_action_units,0.9846636454,0.9846636454,5.490153948,"[0.9602916837, 1.0076198578, 1.0063083172, 0.9644346237]","[5.4395499229, 5.5403370857, 5.5394058228, 5.4413208961]","[0.0001404528, 0.0001635317, 0.000404003, 0.0013347847]","[0.0001239511, 0.000248101, 0.0001043022, 4.28368e-05, 3.94637e-05, 4.17577e-05, 0.0029744387]",0,0.001154817774,raw_action_units,2,96,769564,769564,true
869,train_single_demo,0.001078499132,0.001078499132,raw_action_units,0.9845212499,0.9845212499,5.489651998,"[0.9605836868, 1.0072342157, 1.0060536861, 0.9642135501]","[5.4398918152, 5.5393943787, 5.5387039185, 5.4406170845]","[0.0003440302, 0.0001124901, 0.0002174699, 0.0004236925]","[0.0001254939, 0.0001508474, 0.000138117, 3.22695e-05, 4.8763e-05, 3.24379e-05, 0.0013930158]",0,0.001078499082,raw_action_units,2,96,769564,769564,true
869,eval_same_demo_teacher_forced,0.001042274137,0.001042274137,raw_action_units,0.9835645358,0.9835645358,5.485621134,"[0.961107254, 1.0048398972, 1.0045546293, 0.9637565017]","[5.4390206337, 5.5325927734, 5.5334296227, 5.4374403954]","[0.0001621606, 0.0001764477, 0.0003501001, 0.0012247399]","[9.99563e-05, 0.0001765101, 0.0001121777, 5.66471e-05, 3.00873e-05, 5.89538e-05, 0.0028142023]",0,0.001042274093,raw_action_units,2,96,769564,769564,true
870,train_single_demo,0.001051590293,0.001051590293,raw_action_units,0.9836843014,0.9836843014,5.485615412,"[0.9609056115, 1.0051034689, 1.0047553778, 0.9639728069]","[5.4383583069, 5.5328154564, 5.5334906578, 5.4377961159]","[0.0002086834, 0.000108019, 0.0002697907, 0.0005394166]","[0.0001684711, 0.000111487, 0.0001911384, 2.36672e-05, 4.42261e-05, 4.50669e-05, 0.0013862853]",0,0.001051590268,raw_action_units,2,96,769564,769564,true
870,eval_same_demo_teacher_forced,0.00106835051,0.00106835051,raw_action_units,0.984901011,0.984901011,5.48933061,"[0.9606624246, 1.0080165863, 1.0068175793, 0.964107573]","[5.4392018318, 5.5399208069, 5.5386309624, 5.4395689964]","[0.0002284712, 0.000140183, 0.0003085424, 0.0014536424]","[9.85524e-05, 0.0001570361, 0.0001360301, 4.06307e-05, 4.71386e-05, 5.81725e-05, 0.0031914078]",0,0.00106835046,raw_action_units,2,96,769564,769564,true
871,train_single_demo,0.001044992096,0.001044992096,raw_action_units,0.9847591519,0.9847591519,5.489190737,"[0.9607141614, 1.0077137947, 1.006875515, 0.9637330174]","[5.4394507408, 5.5395922661, 5.5388526917, 5.4388670921]","[0.0001401188, 0.0001820167, 0.0001175934, 0.0002431179]","[0.0001777774, 0.0001769488, 0.0001665648, 2.93422e-05, 3.77062e-05, 6.18897e-05, 0.0005447528]",0,0.001044992036,raw_action_units,2,96,769564,769564,true
871,eval_same_demo_teacher_forced,0.001026911467,0.001026911467,raw_action_units,0.9832646449,0.9832646449,5.48544391,"[0.9603422284, 1.0043984652, 1.0057430267, 0.9625750184]","[5.4380507469, 5.5324988365, 5.5355916023, 5.4356331825]","[0.0001773847, 0.0002302306, 0.0004650043, 0.0011559444]","[0.0001008389, 0.0001519549, 0.000122768, 3.70253e-05, 4.27015e-05, 4.58926e-05, 0.0030488058]",0,0.001026911439,raw_action_units,2,96,769564,769564,true
872,train_single_demo,0.001053584817,0.001053584817,raw_action_units,0.9832419356,0.9832419356,5.485526721,"[0.9600962996, 1.0045002699, 1.0056638718, 0.9627073407]","[5.4376659393, 5.5327739716, 5.5355968475, 5.436070919]","[0.0002079345, 0.000212817, 0.0001671077, 0.0007764362]","[0.0002026636, 0.0001348784, 0.000179996, 2.74606e-05, 4.28573e-05, 2.47992e-05, 0.0017748621]",0,0.001053584784,raw_action_units,2,96,769564,769564,true
872,eval_same_demo_teacher_forced,0.001043820366,0.001043820366,raw_action_units,0.9843566815,0.9843566815,5.488649527,"[0.9599638581, 1.0073900223, 1.0065379143, 0.963534832]","[5.4381446838, 5.5389556885, 5.5388321877, 5.43866539]","[0.0001477177, 0.0002260348, 0.0003288145, 0.0011846257]","[9.23758e-05, 0.0001620808, 0.000131913, 6.40927e-05, 3.41925e-05, 6.08769e-05, 0.0027570557]",0,0.00104382031,raw_action_units,2,96,769564,769564,true
873,train_single_demo,0.001026434552,0.001026434552,raw_action_units,0.9842799902,0.9842799902,5.4883461,"[0.9601507783, 1.0071721077, 1.0064754486, 0.963321507]","[5.4383606911, 5.5383954048, 5.5386109352, 5.4380173683]","[0.0002418612, 0.0002167589, 0.0001907113, 0.0002906642]","[0.0001693767, 0.0001771512, 0.0001356087, 5.0491e-05, 4.37194e-05, 6.75539e-05, 0.0010010913]",0,0.001026434513,raw_action_units,2,96,769564,769564,true
873,eval_same_demo_teacher_forced,0.001003708768,0.001003708768,raw_action_units,0.9833367268,0.9833367268,5.48531723,"[0.960575819, 1.0047127008, 1.0056056976, 0.9624528885]","[5.4382367134, 5.5327267647, 5.5356249809, 5.4346795082]","[0.0001670668, 0.0001486382, 0.0003179639, 0.0013253089]","[9.02073e-05, 0.0001603112, 0.0001228274, 7.72603e-05, 4.82284e-05, 3.9079e-05, 0.0028902974]",0,0.00100370869,raw_action_units,2,96,769564,769564,true
874,train_single_demo,0.001045550608,0.001045550608,raw_action_units,0.9834175507,0.9834175507,5.485559146,"[0.9605491757, 1.0048888922, 1.005659461, 0.9625726342]","[5.4383368492, 5.5331497192, 5.535697937, 5.4350523949]","[0.0001291651, 0.0001714548, 0.0001833971, 0.0015951456]","[0.0001536234, 0.0001148064, 0.0002266824, 3.30327e-05, 4.70494e-05, 5.68419e-05, 0.0030064976]",0,0.001045550575,raw_action_units,2,96,769564,769564,true
874,eval_same_demo_teacher_forced,0.0008657210274,0.0008657210274,raw_action_units,0.984030207,0.984030207,5.487869263,"[0.959528923, 1.0070552826, 1.0063029528, 0.9632334709]","[5.4373817444, 5.5383243561, 5.5375227928, 5.4382476807]","[0.0002479147, 0.0001313762, 0.0003663675, 0.0010330657]","[8.41142e-05, 0.0001480086, 0.0001091159, 7.63275e-05, 4.01773e-05, 5.73756e-05, 0.002597648]",0,0.0008657210107,raw_action_units,2,96,769564,769564,true
875,train_single_demo,0.0009350452262,0.0009350452262,raw_action_units,0.9839585622,0.9839585622,5.487761815,"[0.9594130516, 1.0069159269, 1.0063903332, 0.9631150365]","[5.4371771812, 5.5380821228, 5.5377182961, 5.4380688667]","[0.0002220699, 0.000204475, 0.0005346541, 0.0012567103]","[0.0001175344, 0.0001763671, 0.0001353539, 8.8173e-05, 6.64899e-05, 5.81815e-05, 0.0032392412]",0,0.000935045204,raw_action_units,2,96,769564,769564,true
875,eval_same_demo_teacher_forced,0.0008869843247,0.0008869843247,raw_action_units,0.9833843112,0.9833843112,5.486817519,"[0.9600908756, 1.0052200556, 1.0052075386, 0.9630188942]","[5.4387226105, 5.5353012085, 5.535639286, 5.437605381]","[0.000193492, 0.0001711043, 0.0003904259, 0.0010760464]","[9.30501e-05, 0.0001594648, 0.0001263281, 4.75402e-05, 5.05403e-05, 4.09889e-05, 0.0026864575]",0,0.0008869842582,raw_action_units,2,96,769564,769564,true
876,train_single_demo,0.0009181531689,0.0009181531689,raw_action_units,0.9833736022,0.9833736022,5.48691082,"[0.9604123235, 1.0050940514, 1.0048834085, 0.9631045461]","[5.4394950867, 5.5352306366, 5.5351696014, 5.4377465248]","[0.0003010102, 0.0002442719, 0.0004207005, 0.0012824264]","[0.000139636, 0.0001359945, 0.0001492308, 6.57069e-05, 4.90277e-05, 5.33312e-05, 0.0033417891]",0,0.0009181531191,raw_action_units,2,96,769564,769564,true
876,eval_same_demo_teacher_forced,0.0009051857051,0.0009051857051,raw_action_units,0.9838122924,0.9838122924,5.487184207,"[0.9604628086, 1.0060662031, 1.0047513247, 0.9639687538]","[5.4391593933, 5.5360102654, 5.5343937874, 5.4391722679]","[0.0001463466, 0.0001788269, 0.0003595776, 0.0010365427]","[0.0001049291, 0.000211, 0.0001037148, 5.74262e-05, 5.60242e-05, 3.30506e-05, 0.0024461192]",0,0.0009051856718,raw_action_units,2,96,769564,769564,true
877,train_single_demo,0.0009352337414,0.0009352337414,raw_action_units,0.983856976,0.983856976,5.48717467,"[0.9602506161, 1.0063236952, 1.0048538446, 0.9639996886]","[5.4386177063, 5.5363717079, 5.5345568657, 5.4391522408]","[0.000276273, 0.0002167406, 0.0002855287, 0.0005993935]","[0.0001461889, 0.0001431468, 0.0001635612, 6.78682e-05, 5.06622e-05, 4.07501e-05, 0.0017992096]",0,0.0009352337303,raw_action_units,2,96,769564,769564,true
877,eval_same_demo_teacher_forced,0.0009473324365,0.0009473324365,raw_action_units,0.9839220842,0.9839220842,5.487088362,"[0.9605475068, 1.0064698458, 1.0051035881, 0.9635670781]","[5.4391350746, 5.5365796089, 5.5350279808, 5.4376091957]","[0.0002496409, 0.0001983111, 0.0003432514, 0.001172373]","[0.0001218811, 0.0001669655, 0.0001106103, 5.9745e-05, 4.23596e-05, 4.59558e-05, 0.002888741]",0,0.0009473324088,raw_action_units,2,96,769564,769564,true
878,train_single_demo,0.0009247007741,0.0009247007741,raw_action_units,0.9838354985,0.9838354985,5.487227599,"[0.9606758952, 1.0060110092, 1.0048913956, 0.9637637734]","[5.4397220612, 5.5361709595, 5.534840107, 5.4381766319]","[0.0002671977, 0.0001690005, 0.0002732279, 0.0004083379]","[0.0001172899, 0.0001365522, 0.0001730834, 4.49665e-05, 5.44965e-05, 4.46845e-05, 0.0013850136]",0,0.0009247007602,raw_action_units,2,96,769564,769564,true
878,eval_same_demo_teacher_forced,0.00101584134,0.00101584134,raw_action_units,0.9840242465,0.9840242465,5.488571962,"[0.9605650902, 1.0053895712, 1.0046633482, 0.9654791951]","[5.4403815269, 5.5363402367, 5.5350170135, 5.4425487518]","[0.0002594058, 0.0002836026, 0.0003431246, 0.0011211509]","[0.0001066489, 0.0001520798, 9.87314e-05, 9.56547e-05, 5.06895e-05, 5.07281e-05, 0.0029582146]",0,0.001015841296,raw_action_units,2,96,769564,769564,true
879,train_single_demo,0.0009705760749,0.0009705760749,raw_action_units,0.9840376377,0.9840376377,5.488414764,"[0.9603322148, 1.0055834055, 1.0050102472, 0.9652246833]","[5.439640522, 5.5363731384, 5.5355858803, 5.4420590401]","[0.0002306402, 0.0001260585, 0.0001950591, 0.0003863627]","[0.0001326869, 0.0002660637, 0.0001785211, 3.61048e-05, 4.61815e-05, 3.25531e-05, 0.0009495997]",0,0.0009705760028,raw_action_units,2,96,769564,769564,true
879,eval_same_demo_teacher_forced,0.0009192107633,0.0009192107633,raw_action_units,0.9839148919,0.9839148919,5.486713092,"[0.96031183, 1.0057021379, 1.0064140558, 0.9632317424]","[5.4380793571, 5.5343856812, 5.5370459557, 5.4373412132]","[0.0001280281, 0.0002535942, 0.0003496661, 0.0010617796]","[0.0001054482, 0.0001880949, 0.0001080288, 7.51761e-05, 4.58945e-05, 6.2051e-05, 0.002553175]",0,0.0009192107245,raw_action_units,2,96,769564,769564,true
880,train_single_demo,0.0009833311584,0.0009833311584,raw_action_units,0.9838407437,0.9838407437,5.486589432,"[0.9605355859, 1.0053614378, 1.0063018799, 0.9631640315]","[5.4385266304, 5.5337848663, 5.536878109, 5.4371676445]","[0.0002177621, 0.0002014983, 0.00049947, 0.001473745]","[0.0001449048, 0.0003250457, 0.0002290072, 6.02688e-05, 5.24524e-05, 6.28406e-05, 0.0033123128]",0,0.0009833311307,raw_action_units,2,96,769564,769564,true
880,eval_same_demo_teacher_forced,0.0009080884047,0.0009080884047,raw_action_units,0.9835608403,0.9835608403,5.487044811,"[0.9601997733, 1.004894495, 1.0049718618, 0.9641774297]","[5.4386277199, 5.5341277122, 5.535513401, 5.4399089813]","[0.0001411888, 0.0002282304, 0.0004231879, 0.0009770045]","[9.93705e-05, 0.0001478523, 0.0001588662, 4.68201e-05, 4.14113e-05, 3.72904e-05, 0.0025652098]",0,0.0009080883825,raw_action_units,2,96,769564,769564,true
881,train_single_demo,0.0009031342342,0.0009031342342,raw_action_units,0.9837391376,0.9837391376,5.487678369,"[0.9600774646, 1.0055619478, 1.0050910711, 0.9642260671]","[5.4386715889, 5.5357246399, 5.5360865593, 5.4402298927]","[0.0002034044, 0.0001848693, 0.0004987572, 0.0006523828]","[0.0001217473, 0.0002361967, 0.0001879769, 5.37593e-05, 4.72712e-05, 5.26081e-05, 0.0019944145]",0,0.0009031341899,raw_action_units,2,96,769564,769564,true
881,eval_same_demo_teacher_forced,0.0009491289966,0.0009491289966,raw_action_units,0.9838011265,0.9838011265,5.489697456,"[0.9593858719, 1.0069513321, 1.0058104992, 0.9630569816]","[5.4389891624, 5.540435791, 5.5397353172, 5.4396281242]","[0.0001393918, 0.0002797005, 0.0004439048, 0.0009577992]","[0.0001314037, 0.0001362403, 0.0001769628, 4.48324e-05, 4.80413e-05, 3.66084e-05, 0.0026123042]",0,0.0009491289744,raw_action_units,2,96,769564,769564,true
882,train_single_demo,0.0009275836637,0.0009275836637,raw_action_units,0.9837572972,0.9837572972,5.489569664,"[0.9595053196, 1.0067094564, 1.0058695078, 0.9629448056]","[5.4391822815, 5.5399222374, 5.5398139954, 5.4393601418]","[0.0001831952, 0.0001541514, 0.0002459974, 0.0004113296]","[0.0001342627, 0.0002123191, 0.0001697411, 5.39346e-05, 5.64329e-05, 3.46175e-05, 0.0010793706]",0,0.0009275835806,raw_action_units,2,96,769564,769564,true
882,eval_same_demo_teacher_forced,0.0008517542932,0.0008517542932,raw_action_units,0.9837919474,0.9837919474,5.487793605,"[0.9596412182, 1.0060287714, 1.0057448149, 0.963752985]","[5.437769413, 5.536693573, 5.5372252464, 5.4394841194]","[0.0001132132, 0.0001620182, 0.0003380332, 0.0009570108]","[0.0001005544, 0.00013434, 0.0001129388, 4.42484e-05, 3.77471e-05, 4.85828e-05, 0.0022695703]",0,0.0008517542322,raw_action_units,2,96,769564,769564,true
883,train_single_demo,0.0009392380792,0.0009392380792,raw_action_units,0.9838289618,0.9838289618,5.487776597,"[0.9595477581, 1.0062004328, 1.0056642294, 0.9639034271]","[5.4375538826, 5.5369353294, 5.5369377136, 5.4396800995]","[0.000234965, 0.00025745, 0.0003641315, 0.0005874863]","[0.0001263998, 0.0001878352, 0.0003531424, 4.87051e-05, 8.24392e-05, 4.36328e-05, 0.0016849031]",0,0.0009392380182,raw_action_units,2,96,769564,769564,true
883,eval_same_demo_teacher_forced,0.0007647292223,0.0007647292223,raw_action_units,0.9840388298,0.9840388298,5.489304701,"[0.9600124955, 1.0070108175, 1.0056260824, 0.9635059237]","[5.4397759438, 5.5399374962, 5.5380706787, 5.4394335747]","[0.000124794, 0.0001370116, 0.0003414049, 0.0011023906]","[0.0001011989, 0.0001595444, 0.0001542465, 4.63229e-05, 5.32417e-05, 3.00128e-05, 0.0024402346]",0,0.0007647291668,raw_action_units,2,96,769564,769564,true
884,train_single_demo,0.0008197348604,0.0008197348604,raw_action_units,0.9839901129,0.9839901129,5.489534696,"[0.9601626396, 1.0068255663, 1.0056395531, 0.9633324742]","[5.4403853416, 5.5399956703, 5.5383658409, 5.439391613]","[0.0001593858, 0.0001106385, 0.0002224576, 0.0001679154]","[9.00387e-05, 0.0001790292, 0.000198686, 2.65356e-05, 5.73137e-05, 3.06293e-05, 0.0005734629]",0,0.0008197348299,raw_action_units,2,96,769564,769564,true
884,eval_same_demo_teacher_forced,0.000949326631,0.000949326631,raw_action_units,0.9838599364,0.9838599364,5.489504178,"[0.9602508545, 1.0064653158, 1.0049632788, 0.9637601972]","[5.4405384064, 5.5397076607, 5.5375523567, 5.4402165413]","[0.000118758, 0.0001189956, 0.0003100528, 0.0010880794]","[8.94837e-05, 0.0001347214, 9.75551e-05, 4.07746e-05, 4.46724e-05, 4.22689e-05, 0.0024133238]",0,0.0009493265922,raw_action_units,2,96,769564,769564,true
885,train_single_demo,0.0009436734642,0.0009436734642,raw_action_units,0.9839649995,0.9839649995,5.489254634,"[0.9602435231, 1.0066151619, 1.0049872398, 0.9640140533]","[5.4400706291, 5.5394687653, 5.5370254517, 5.4404540062]","[0.0001930269, 0.0001331509, 0.0002871222, 0.0006647568]","[0.0001205761, 0.0001436446, 0.0001500095, 3.82437e-05, 8.05654e-05, 3.90936e-05, 0.0016644662]",0,0.0009436734198,raw_action_units,2,96,769564,769564,true
885,eval_same_demo_teacher_forced,0.0009296044397,0.0009296044397,raw_action_units,0.9845084349,0.9845084349,5.489548683,"[0.960757494, 1.0074989796, 1.0057240725, 0.964053154]","[5.4402871132, 5.5403175354, 5.5370993614, 5.4404888153]","[0.0001500517, 0.0001771993, 0.0003648188, 0.0010855957]","[0.0001296426, 0.0001472875, 0.0001552583, 4.85227e-05, 6.16905e-05, 3.533e-05, 0.0025331827]",0,0.0009296043732,raw_action_units,2,96,769564,769564,true
886,train_single_demo,0.0008864498814,0.0008864498814,raw_action_units,0.9842925469,0.9842925469,5.489113808,"[0.9607951045, 1.0071712732, 1.0056596994, 0.9635441303]","[5.4404034615, 5.5397262573, 5.5369286537, 5.4393959045]","[0.0001461373, 0.0001149568, 0.0001594816, 0.0002831388]","[0.000108783, 0.0001707607, 0.0001731897, 4.74233e-05, 5.88828e-05, 3.91027e-05, 0.0006333581]",0,0.0008864498453,raw_action_units,2,96,769564,769564,true
886,eval_same_demo_teacher_forced,0.0009113002258,0.0009113002258,raw_action_units,0.983259201,0.983259201,5.487036387,"[0.9600844979, 1.005682826, 1.0050697327, 0.9621998668]","[5.439183712, 5.5369734764, 5.5357761383, 5.4362120628]","[0.0001402433, 0.0001259446, 0.0003248444, 0.001045486]","[8.54313e-05, 0.0001851184, 0.0001231809, 4.60369e-05, 5.35901e-05, 3.4236e-05, 0.002336313]",0,0.0009113001593,raw_action_units,2,96,769564,769564,true
887,train_single_demo,0.0009133483788,0.0009133483788,raw_action_units,0.9833972454,0.9833972454,5.487514337,"[0.9598846436, 1.0058771372, 1.0050530434, 0.9627743363]","[5.4390239716, 5.537545681, 5.5360012054, 5.4374861717]","[0.0002519168, 0.0001022473, 0.0001997339, 0.0005243332]","[0.0001293555, 0.0001553471, 0.0001533399, 3.85219e-05, 4.74975e-05, 4.9507e-05, 0.0013133354]",0,0.0009133483594,raw_action_units,2,96,769564,769564,true
887,eval_same_demo_teacher_forced,0.0009947719518,0.0009947719518,raw_action_units,0.9846072793,0.9846072793,5.491479874,"[0.960475266, 1.0074249506, 1.0054428577, 0.9650860429]","[5.4416465759, 5.5419545174, 5.5387992859, 5.4435181618]","[0.0001704038, 0.0001509062, 0.0003641213, 0.0012198371]","[0.0001003257, 0.0002277997, 0.0001410432, 7.61687e-05, 5.73465e-05, 5.81608e-05, 0.0026733754]",0,0.0009947718964,raw_action_units,2,96,769564,769564,true
888,train_single_demo,0.0009939993421,0.0009939993421,raw_action_units,0.9846228361,0.9846228361,5.491040866,"[0.960796535, 1.0075052977, 1.0054284334, 0.9647610188]","[5.4418377876, 5.5415477753, 5.5383763313, 5.442401886]","[0.0001475084, 0.0001223543, 0.0002666315, 0.0013888184]","[0.0001097595, 0.000125103, 9.98815e-05, 4.06849e-05, 7.62419e-05, 2.76177e-05, 0.0028900092]",0,0.0009939992978,raw_action_units,2,96,769564,769564,true
888,eval_same_demo_teacher_forced,0.001072973401,0.001072973401,raw_action_units,0.9837322632,0.9837322632,5.487003803,"[0.9604883194, 1.0068161488, 1.004966259, 0.9626584053]","[5.4387626648, 5.5373902321, 5.5352921486, 5.4365692139]","[0.0002297704, 0.0001955834, 0.0004307623, 0.0010592631]","[0.0001058034, 0.000176902, 0.0001418762, 5.91475e-05, 5.84941e-05, 5.91067e-05, 0.0027505837]",0,0.001072973323,raw_action_units,2,96,769564,769564,true
889,train_single_demo,0.001174110066,0.001174110066,raw_action_units,0.9837580125,0.9837580125,5.487235228,"[0.9602818489, 1.0070308447, 1.0049972534, 0.9627220035]","[5.4385209084, 5.5379199982, 5.5353336334, 5.4371657372]","[0.0002109819, 0.0001183788, 0.0006545514, 0.0013270373]","[0.0001382538, 0.0001298092, 0.0002018705, 4.89701e-05, 6.30814e-05, 4.96075e-05, 0.0034125692]",0,0.001174110032,raw_action_units,2,96,769564,769564,true
889,eval_same_demo_teacher_forced,0.001001408906,0.001001408906,raw_action_units,0.9845239321,0.9845239321,5.49141105,"[0.9606604576, 1.0079163313, 1.0052603483, 0.9642586112]","[5.4417877197, 5.5421757698, 5.5387482643, 5.4429321289]","[0.0002426297, 0.0001353225, 0.0004115785, 0.0009972439]","[0.0001041726, 0.0001813781, 0.0001001585, 5.19866e-05, 6.74806e-05, 5.86851e-05, 0.0025629939]",0,0.001001408856,raw_action_units,2,96,769564,769564,true
890,train_single_demo,0.0009876233138,0.0009876233138,raw_action_units,0.9843771855,0.9843771855,5.490837097,"[0.9606396556, 1.0073705912, 1.0052553415, 0.964243114]","[5.4415860176, 5.5409164429, 5.5384583473, 5.4423861504]","[0.0001759063, 0.0001759487, 0.0003984978, 0.0005056262]","[0.0002401582, 0.0002177199, 0.0002091846, 2.62566e-05, 5.85429e-05, 2.58448e-05, 0.0014202563]",0,0.000987623286,raw_action_units,2,96,769564,769564,true
890,eval_same_demo_teacher_forced,0.001276928543,0.001276928543,raw_action_units,0.9838544726,0.9838544726,5.489325682,"[0.9612102509, 1.0048474073, 1.0051754713, 0.9641848207]","[5.4425759315, 5.5362114906, 5.538125515, 5.4403891563]","[0.0004317152, 0.000133591, 0.0004116623, 0.0013946258]","[9.36194e-05, 0.0002595059, 0.0001924907, 7.18344e-05, 7.36849e-05, 4.88543e-05, 0.0034103002]",0,0.001276928488,raw_action_units,2,96,769564,769564,true
891,train_single_demo,0.001216036423,0.001216036423,raw_action_units,0.9839844704,0.9839844704,5.489351273,"[0.9613271356, 1.0050530434, 1.0053149462, 0.9642427564]","[5.442609787, 5.5363001823, 5.5379090309, 5.4405860901]","[0.0002435612, 0.0001933696, 0.0001622508, 0.0002053566]","[0.0001409203, 0.0002557063, 0.0001373083, 5.17569e-05, 7.18797e-05, 5.06669e-05, 0.0006997034]",0,0.001216036334,raw_action_units,2,96,769564,769564,true
891,eval_same_demo_teacher_forced,0.00119841223,0.00119841223,raw_action_units,0.9843720198,0.9843720198,5.488182068,"[0.9608563781, 1.0069695711, 1.0056357384, 0.9640262723]","[5.4400458336, 5.5374970436, 5.5355496407, 5.4396348]","[0.0002202759, 0.0001352462, 0.0003114083, 0.0011139559]","[0.0001043299, 0.0001538721, 0.0001138346, 3.80395e-05, 4.23802e-05, 3.3547e-05, 0.0026305476]",0,0.00119841223,raw_action_units,2,96,769564,769564,true
892,train_single_demo,0.001135246595,0.001135246595,raw_action_units,0.9842296441,0.9842296441,5.487739722,"[0.9607388377, 1.0068541765, 1.0056689978, 0.9636567235]","[5.4396414757, 5.5371170044, 5.5354495049, 5.4387512207]","[0.0002557431, 0.0002341033, 0.0002890515, 0.000711946]","[0.0001200242, 0.0001759477, 0.0001915419, 5.80017e-05, 7.2218e-05, 4.20092e-05, 0.0019492339]",0,0.001135246562,raw_action_units,2,96,769564,769564,true
892,eval_same_demo_teacher_forced,0.001121716535,0.001121716535,raw_action_units,0.9835639199,0.9835639199,5.488457998,"[0.9601173401, 1.0060322285, 1.0053402185, 0.9627659321]","[5.439743042, 5.5379753113, 5.5379333496, 5.4381804466]","[0.0001550559, 0.0002035529, 0.0003466982, 0.0010589763]","[0.0001210968, 0.0001362995, 0.000131699, 7.23087e-05, 6.36067e-05, 3.8777e-05, 0.0025237079]",0,0.001121716485,raw_action_units,2,96,769564,769564,true
893,train_single_demo,0.001369986217,0.001369986217,raw_action_units,0.9837539196,0.9837539196,5.489553452,"[0.9602105021, 1.006103754, 1.005436182, 0.9632652402]","[5.4404997826, 5.5388760567, 5.5389733315, 5.4398646355]","[0.0003899136, 0.0003850292, 0.000243537, 0.0013587862]","[0.0001532715, 0.0001052185, 0.0002813328, 3.75283e-05, 7.53155e-05, 4.86475e-05, 0.0034589015]",0,0.001369986151,raw_action_units,2,96,769564,769564,true
893,eval_same_demo_teacher_forced,0.001059850096,0.001059850096,raw_action_units,0.9847446879,0.9847446879,5.489908536,"[0.9604818225, 1.0079247952, 1.0059900284, 0.9645819664]","[5.4398674965, 5.5405364037, 5.5376648903, 5.4415650368]","[0.0001668441, 0.0001865158, 0.0003710387, 0.0011234679]","[0.0001137679, 0.0002298325, 0.0001663235, 7.71034e-05, 5.57345e-05, 5.70126e-05, 0.0025339918]",0,0.001059850057,raw_action_units,2,96,769564,769564,true
894,train_single_demo,0.001038794251,0.001038794251,raw_action_units,0.9845332305,0.9845332305,5.488848845,"[0.960565865, 1.0075050592, 1.0059300661, 0.9641315937]","[5.439432621, 5.5390267372, 5.5368232727, 5.4401106834]","[0.0002680538, 0.0003102552, 0.0004542861, 0.0008894281]","[0.0001348421, 0.000191605, 0.0002466167, 3.5143e-05, 5.87815e-05, 6.57593e-05, 0.0026307926]",0,0.001038794228,raw_action_units,2,96,769564,769564,true
894,eval_same_demo_teacher_forced,0.001806123182,0.001806123182,raw_action_units,0.983281076,0.983281076,5.484202226,"[0.9609737396, 1.0050684214, 1.0055443048, 0.9615376592]","[5.4386458397, 5.5320854187, 5.5332274437, 5.4328513145]","[0.0001372124, 0.0002650674, 0.000452441, 0.0014177314]","[0.0001204646, 0.0002618342, 0.0002087938, 5.66873e-05, 9.53543e-05, 5.44793e-05, 0.0031791769]",0,0.001806123093,raw_action_units,2,96,769564,769564,true
895,train_single_demo,0.001590746571,0.001590746571,raw_action_units,0.9833919605,0.9833919605,5.485511462,"[0.9609007835, 1.0052472353, 1.0056411028, 0.9617788196]","[5.4394783974, 5.5336494446, 5.5347046852, 5.4342131615]","[0.0002130031, 0.0002054152, 0.000219792, 0.0005300479]","[0.0001917352, 0.0003446449, 0.0002197234, 7.10949e-05, 5.1215e-05, 5.28393e-05, 0.0011131989]",0,0.001590746477,raw_action_units,2,96,769564,769564,true
895,eval_same_demo_teacher_forced,0.001320354835,0.001320354835,raw_action_units,0.9846096834,0.9846096834,5.492773056,"[0.9597104192, 1.0078629255, 1.0054655075, 0.9654000401]","[5.4413695335, 5.5441603661, 5.5402755737, 5.4452872276]","[0.0002741456, 0.000210357, 0.0004708517, 0.0012248037]","[0.0001640469, 0.0002315253, 0.0003067768, 5.28649e-05, 4.41028e-05, 0.0001239745, 0.002891985]",0,0.001320354818,raw_action_units,2,96,769564,769564,true
896,train_single_demo,0.001473088982,0.001473088982,raw_action_units,0.9844816923,0.9844816923,5.491955757,"[0.9595018029, 1.0075535774, 1.0052376986, 0.9656338096]","[5.4403166771, 5.5429310799, 5.5393795967, 5.4451956749]","[0.0002278616, 0.0002522643, 0.0003924708, 0.0019423729]","[0.000243448, 0.0004494866, 0.0002382202, 7.08677e-05, 6.45605e-05, 6.12965e-05, 0.0037983169]",0,0.00147308897,raw_action_units,2,96,769564,769564,true
896,eval_same_demo_teacher_forced,0.0008956867581,0.0008956867581,raw_action_units,0.9833331307,0.9833331307,5.484819094,"[0.9594472051, 1.0051403046, 1.0045634508, 0.9641814232]","[5.4353790283, 5.532892704, 5.5324158669, 5.4385886192]","[0.0002442946, 0.0001794625, 0.0003821258, 0.0009902174]","[0.0001305791, 0.0001276514, 0.0001892022, 5.57247e-05, 5.07279e-05, 5.23345e-05, 0.0025369555]",0,0.0008956867137,raw_action_units,2,96,769564,769564,true
897,train_single_demo,0.001277613842,0.001277613842,raw_action_units,0.9833440781,0.9833440781,5.485168775,"[0.9594649673, 1.0052170753, 1.0047785044, 0.9639160037]","[5.4357161522, 5.5333733559, 5.5330619812, 5.4385223389]","[0.0002637556, 0.0003822144, 0.0008183739, 0.0021276635]","[0.0003216988, 0.0003654976, 0.0004607289, 5.35614e-05, 4.52193e-05, 0.0001405368, 0.0048987702]",0,0.001277613764,raw_action_units,2,96,769564,769564,true
897,eval_same_demo_teacher_forced,0.001380393359,0.001380393359,raw_action_units,0.9847221375,0.9847221375,5.48862044,"[0.9604967237, 1.0084962845, 1.0054228306, 0.9644727707]","[5.4388823509, 5.5402359962, 5.5353674889, 5.4399962425]","[0.0002453675, 0.0001395746, 0.0004055432, 0.0011220912]","[0.0001190013, 0.000157844, 0.0001289828, 6.45217e-05, 4.61379e-05, 6.80857e-05, 0.002762435]",0,0.001380393282,raw_action_units,2,96,769564,769564,true
898,train_single_demo,0.001257934685,0.001257934685,raw_action_units,0.9847251972,0.9847251972,5.488549391,"[0.9603895545, 1.0084061623, 1.005422473, 0.964682579]","[5.4386744499, 5.5400528908, 5.5354671478, 5.4400038719]","[0.000276457, 0.0003742944, 0.0002001556, 0.0002061622]","[0.0002027329, 0.0001723742, 0.0002255567, 3.39572e-05, 0.0001042227, 8.65918e-05, 0.0010244355]",0,0.001257934652,raw_action_units,2,96,769564,769564,true
898,eval_same_demo_teacher_forced,0.00208368261,0.00208368261,raw_action_units,0.9836781025,0.9836781025,5.487951914,"[0.9594695568, 1.0053751469, 1.0052281618, 0.9646394849]","[5.4382820129, 5.5367264748, 5.5369181633, 5.4398798943]","[0.0004313021, 0.0003624133, 0.0008682986, 0.0024170151]","[0.0002275993, 0.0002716737, 0.0004193581, 0.0001123447, 7.25879e-05, 5.2964e-05, 0.0059817731]",0,0.002083682499,raw_action_units,2,96,769564,769564,true
899,train_single_demo,0.001981692408,0.001981692408,raw_action_units,0.9836915731,0.9836915731,5.487698873,"[0.9595397115, 1.0053385496, 1.0054837465, 0.964404285]","[5.4381270409, 5.5363898277, 5.536837101, 5.4394421577]","[0.000217129, 0.0001807393, 0.0003082709, 0.000420863]","[0.0001211493, 0.0002439508, 0.000219251, 8.27277e-05, 0.0001261643, 9.85988e-05, 0.0010804121]",0,0.001981692344,raw_action_units,2,96,769564,769564,true
899,eval_same_demo_teacher_forced,0.001243909239,0.001243909239,raw_action_units,0.9845787088,0.9845787088,5.488047759,"[0.959636867, 1.008184433, 1.0061136484, 0.9643799663]","[5.4369187355, 5.5399894714, 5.5359458923, 5.4393362999]","[0.0004069244, 0.0001976746, 0.000350736, 0.0013547637]","[0.0001640139, 0.0001805786, 0.0001627912, 4.86659e-05, 9.42227e-05, 7.71837e-05, 0.0033152162]",0,0.0012439092,raw_action_units,2,96,769564,769564,true
900,train_single_demo,0.001119961923,0.001119961923,raw_action_units,0.984541893,0.984541893,5.487192154,"[0.959810555, 1.0082815886, 1.0060071945, 0.9640681148]","[5.4364905357, 5.5391383171, 5.5351748466, 5.4379653931]","[0.0001810633, 0.0001697436, 0.000341567, 0.0010695773]","[0.0001647418, 0.0001595353, 0.000151179, 4.56425e-05, 5.94806e-05, 5.76333e-05, 0.0024452021]",0,0.001119961873,raw_action_units,2,96,769564,769564,true
900,eval_same_demo_teacher_forced,0.001653408632,0.001653408632,raw_action_units,0.9832806389,0.9832806389,5.48393027,"[0.9599611163, 1.005898118, 1.0046634674, 0.9625997543]","[5.4357056618, 5.5332942009, 5.5323348045, 5.4343852997]","[0.0005474405, 0.0003189549, 0.0005624667, 0.0016428336]","[0.0001423079, 0.0002134241, 0.0002930343, 6.5363e-05, 0.0001051736, 9.52019e-05, 0.0044609625]",0,0.001653408543,raw_action_units,2,96,769564,769564,true
901,train_single_demo,0.001727158475,0.001727158475,raw_action_units,0.9833894571,0.9833894571,5.485796134,"[0.9601437449, 1.0056610107, 1.0048593283, 0.9628937244]","[5.4374423027, 5.5346183777, 5.5345115662, 5.4366116524]","[0.0003410882, 0.0003022344, 0.0002629003, 0.0011480481]","[0.0001871067, 0.0001600673, 0.0001933447, 5.25116e-05, 7.70126e-05, 8.5764e-05, 0.0028391674]",0,0.001727158425,raw_action_units,2,96,769564,769564,true
901,eval_same_demo_teacher_forced,0.00207984106,0.00207984106,raw_action_units,0.9843473037,0.9843473037,5.49119091,"[0.9608973861, 1.0067973137, 1.0062574148, 0.9634373188]","[5.4424114227, 5.540948391, 5.5396800041, 5.4417243004]","[0.0003661939, 0.0002733069, 0.000603848, 0.0014772875]","[0.0002391471, 0.0002116835, 0.0001253006, 3.76368e-05, 7.5394e-05, 4.41468e-05, 0.0040278044]",0,0.002079840971,raw_action_units,2,96,769564,769564,true
902,train_single_demo,0.001680101656,0.001680101656,raw_action_units,0.9842395782,0.9842395782,5.489521027,"[0.960480988, 1.0069311857, 1.0060528517, 0.9634933472]","[5.4403605461, 5.5395989418, 5.537920475, 5.4402046204]","[0.0002304677, 0.0002428744, 0.0002621002, 0.0002913645]","[0.000163797, 0.0002349061, 0.0001737152, 6.63418e-05, 7.63855e-05, 0.0001086192, 0.0009731468]",0,0.001680101623,raw_action_units,2,96,769564,769564,true
902,eval_same_demo_teacher_forced,0.002013200118,0.002013200118,raw_action_units,0.9837048451,0.9837048451,5.485062281,"[0.9602443576, 1.0061877966, 1.0051840544, 0.9632033706]","[5.4372096062, 5.5345878601, 5.533311367, 5.4351401329]","[0.0003742008, 0.0001972392, 0.0006584637, 0.0013652436]","[0.0001606276, 0.0001761009, 0.0001231892, 4.70743e-05, 9.20798e-05, 4.92532e-05, 0.0038931828]",0,0.002013200007,raw_action_units,2,96,769564,769564,true
903,train_single_demo,0.001785992218,0.001785992218,raw_action_units,0.9839423696,0.9839423696,5.486070315,"[0.9608182311, 1.006362319, 1.0050568581, 0.9635321498]","[5.4388327599, 5.5354828835, 5.5334820747, 5.4364829063]","[0.0004362964, 0.0003156812, 0.0003299969, 0.00125804]","[0.0001917436, 0.0002308256, 0.000187569, 3.65959e-05, 4.84829e-05, 3.95923e-05, 0.0033602158]",0,0.001785992113,raw_action_units,2,96,769564,769564,true
903,eval_same_demo_teacher_forced,0.001363691913,0.001363691913,raw_action_units,0.9845528205,0.9845528205,5.489521662,"[0.9608260989, 1.0072284937, 1.0049877167, 0.9651691318]","[5.4409675598, 5.5392971039, 5.5349926949, 5.4428291321]","[0.0003737365, 0.0001521904, 0.0004583995, 0.0010206947]","[0.0001597506, 0.0002156396, 0.0001937561, 4.77394e-05, 6.90346e-05, 6.70973e-05, 0.0027557695]",0,0.001363691874,raw_action_units,2,96,769564,769564,true
904,train_single_demo,0.00135738519,0.00135738519,raw_action_units,0.9843461315,0.9843461315,5.488259951,"[0.9603713155, 1.0069907904, 1.0050321817, 0.9649901986]","[5.4391875267, 5.5379123688, 5.5343565941, 5.4415841103]","[0.0004528359, 0.0002786961, 0.0002610496, 0.000263236]","[0.0001434884, 0.0001256359, 0.0002046376, 3.86292e-05, 8.65312e-05, 7.45846e-05, 0.0015241738]",0,0.001357385135,raw_action_units,2,96,769564,769564,true
904,eval_same_demo_teacher_forced,0.001541301919,0.001541301919,raw_action_units,0.9837122957,0.9837122957,5.485890706,"[0.9595753551, 1.0055351257, 1.0050834417, 0.9646552205]","[5.4356899261, 5.5339355469, 5.5341300964, 5.4398064613]","[0.0003082863, 0.0002764817, 0.0006157783, 0.0015960335]","[0.0001833112, 0.0001260121, 0.0002864999, 4.21412e-05, 5.24806e-05, 3.39351e-05, 0.0041696345]",0,0.001541301874,raw_action_units,2,96,769564,769564,true
905,train_single_demo,0.001407441722,0.001407441722,raw_action_units,0.983919541,0.983919541,5.486743927,"[0.9599823356, 1.0058091879, 1.0050730705, 0.9648137093]","[5.4369139671, 5.5349917412, 5.5344409943, 5.4406280518]","[0.0003077451, 0.0004931067, 0.0006280518, 0.0009970424]","[0.0001956579, 0.0001889459, 0.0002322868, 5.29294e-05, 0.0001051865, 5.97121e-05, 0.003410687]",0,0.001407441639,raw_action_units,2,96,769564,769564,true
905,eval_same_demo_teacher_forced,0.001674426254,0.001674426254,raw_action_units,0.9849364559,0.9849364559,5.488438606,"[0.9619588852, 1.007773757, 1.0053892136, 0.9646239281]","[5.4412608147, 5.5385117531, 5.5336341858, 5.4403495789]","[0.0001830775, 0.0002059635, 0.0004084076, 0.0013591232]","[0.000106789, 0.0001559167, 0.000161126, 5.65477e-05, 7.48818e-05, 5.78689e-05, 0.0031608699]",0,0.001674426187,raw_action_units,2,96,769564,769564,true
906,train_single_demo,0.001631050759,0.001631050759,raw_action_units,0.9847605824,0.9847605824,5.487149715,"[0.9618045688, 1.0073410273, 1.00570786, 0.9641888738]","[5.4401893616, 5.5366396904, 5.5333747864, 5.438395977]","[0.0003042239, 0.0002852926, 0.0002277481, 0.0017038969]","[0.0001525382, 0.000163254, 0.0001648261, 6.50018e-05, 9.51878e-05, 3.82249e-05, 0.0037329991]",0,0.001631050637,raw_action_units,2,96,769564,769564,true
906,eval_same_demo_teacher_forced,0.002117108786,0.002117108786,raw_action_units,0.9832679431,0.9832679431,5.483214219,"[0.9595066905, 1.0044466257, 1.0061647892, 0.9629533887]","[5.4347267151, 5.5302176476, 5.5335793495, 5.4343314171]","[0.000229511, 0.000302813, 0.0004297048, 0.0020274427]","[0.0001187216, 0.0003311452, 0.0001648822, 4.36475e-05, 6.83576e-05, 6.40719e-05, 0.0044407491]",0,0.002117108731,raw_action_units,2,96,769564,769564,true
907,train_single_demo,0.001949471189,0.001949471189,raw_action_units,0.9835885366,0.9835885366,5.485053857,"[0.9595897794, 1.0050411224, 1.0062838793, 0.963439405]","[5.4359135628, 5.5327382088, 5.5349640846, 5.4365992546]","[0.000835468, 0.0003118104, 0.000395066, 0.0004906425]","[0.0002133117, 0.0002193273, 0.0001524188, 9.78855e-05, 9.04707e-05, 8.67277e-05, 0.0026975852]",0,0.001949471155,raw_action_units,2,96,769564,769564,true
907,eval_same_demo_teacher_forced,0.001562880081,0.001562880081,raw_action_units,0.9848681688,0.9848681688,5.491192818,"[0.9592326283, 1.0080603361, 1.0065602064, 0.9656198621]","[5.4383759499, 5.5421619415, 5.5396742821, 5.4445595741]","[0.000427879, 0.0002486721, 0.0004047704, 0.0014565396]","[0.000147803, 0.0002406501, 0.0002593708, 5.26936e-05, 7.56057e-05, 8.36608e-05, 0.0035814727]",0,0.001562880042,raw_action_units,2,96,769564,769564,true
908,train_single_demo,0.001686481875,0.001686481875,raw_action_units,0.984597226,0.984597226,5.489902655,"[0.9590895772, 1.0074237585, 1.006303072, 0.9655725956]","[5.4372711182, 5.5399193764, 5.5385193825, 5.4438986778]","[0.000840086, 0.0002463985, 0.0002628439, 0.0011254277]","[0.0001613986, 0.0003308414, 0.000171045, 0.0001613705, 5.44485e-05, 5.39181e-05, 0.0033978012]",0,0.001686481759,raw_action_units,2,96,769564,769564,true
908,eval_same_demo_teacher_forced,0.001357130163,0.001357130163,raw_action_units,0.983754317,0.983754317,5.48388497,"[0.9598944187, 1.0054665804, 1.0054885149, 0.9641677737]","[5.4344658852, 5.5309052467, 5.532766819, 5.4374012947]","[0.0003634964, 0.0001665226, 0.0005126842, 0.0009479067]","[0.0001265832, 0.0001831505, 0.000325575, 8.09272e-05, 7.68941e-05, 0.0001011286, 0.0025893084]",0,0.001357130085,raw_action_units,2,96,769564,769564,true
909,train_single_demo,0.001389568982,0.001389568982,raw_action_units,0.9838487506,0.9838487506,5.484628518,"[0.9602172971, 1.0055382252, 1.0057439804, 0.9638953805]","[5.4356498718, 5.5315737724, 5.5337691307, 5.4375209808]","[0.0005337508, 0.0002623236, 0.0003494339, 0.0007077358]","[0.0001856038, 0.0002413294, 0.0002127167, 8.6804e-05, 7.65431e-05, 0.0001454138, 0.002294766]",0,0.001389568938,raw_action_units,2,96,769564,769564,true
909,eval_same_demo_teacher_forced,0.001372604903,0.001372604903,raw_action_units,0.9842875004,0.9842875004,5.487969716,"[0.9602923989, 1.0069004297, 1.0080461502, 0.9619110227]","[5.4384407997, 5.5367698669, 5.5406265259, 5.4360413551]","[0.0007020989, 0.0002332942, 0.0004222478, 0.0012837226]","[0.0001090918, 0.0002599815, 0.000191157, 0.0002502752, 7.223e-05, 9.68896e-05, 0.0036427611]",0,0.001372604808,raw_action_units,2,96,769564,769564,true
910,train_single_demo,0.001387134156,0.001387134156,raw_action_units,0.9841250579,0.9841250579,5.487313112,"[0.9599328041, 1.0065518618, 1.0081000328, 0.9619153142]","[5.4375762939, 5.5358262062, 5.5403690338, 5.4354805946]","[0.0004343453, 0.00050912, 0.0003877643, 0.0006247658]","[0.0002576747, 0.0001853622, 0.0002657095, 7.9663e-05, 0.0001365683, 0.0001195999, 0.0023784144]",0,0.001387134061,raw_action_units,2,96,769564,769564,true
910,eval_same_demo_teacher_forced,0.00130255598,0.00130255598,raw_action_units,0.9833673636,0.9833673636,5.484467189,"[0.9596862793, 1.0035805702, 1.0061962605, 0.9640062451]","[5.4363288879, 5.5291519165, 5.5344429016, 5.4379448891]","[0.0003661609, 0.0002348796, 0.0004441132, 0.0010882132]","[0.0002097412, 0.0001991383, 0.0002600695, 0.0001078527, 4.38443e-05, 0.0001098886, 0.002802857]",0,0.001302555913,raw_action_units,2,96,769564,769564,true
911,train_single_demo,0.001288351583,0.001288351583,raw_action_units,0.9834203919,0.9834203919,5.484689871,"[0.959936142, 1.0035007, 1.0057712793, 0.9644735456]","[5.43689394, 5.5291333199, 5.5336737633, 5.4390568733]","[0.0002491719, 0.0005062158, 0.0001926887, 0.000261444]","[0.0001378748, 0.0001246388, 0.000191366, 0.0001098147, 0.0001477134, 0.0001374226, 0.0012678304]",0,0.001288351559,raw_action_units,2,96,769564,769564,true
911,eval_same_demo_teacher_forced,0.001128365519,0.001128365519,raw_action_units,0.9840264122,0.9840264122,5.485018571,"[0.9597711563, 1.0061435699, 1.0053862333, 0.964804709]","[5.4350800514, 5.5330309868, 5.5323691368, 5.4395928383]","[0.0002221224, 0.0002091925, 0.0003562859, 0.0009545809]","[0.0001745701, 0.0001598663, 0.0001731234, 4.43113e-05, 8.95106e-05, 4.95201e-05, 0.0023579164]",0,0.001128365507,raw_action_units,2,96,769564,769564,true
912,train_single_demo,0.001118094505,0.001118094505,raw_action_units,0.9839455883,0.9839455883,5.484480858,"[0.9596030116, 1.0063693523, 1.0054737329, 0.9643363953]","[5.4343247414, 5.5329246521, 5.5323681831, 5.4383049011]","[0.0002607838, 0.000417383, 0.0005169671, 0.0007012538]","[0.0001364259, 0.0001505918, 0.00024421, 0.0001296867, 4.62194e-05, 9.59837e-05, 0.0025155609]",0,0.001118094439,raw_action_units,2,96,769564,769564,true
912,eval_same_demo_teacher_forced,0.00120442737,0.00120442737,raw_action_units,0.9832278093,0.9832278093,5.482090314,"[0.959054172, 1.005581975, 1.0053344965, 0.9629406929]","[5.4322972298, 5.5301852226, 5.531317234, 5.4345612526]","[0.0003835838, 0.0002989881, 0.0003820644, 0.0010489171]","[0.0001156314, 0.0001786337, 0.0002389866, 7.24641e-05, 0.00013896, 9.08574e-05, 0.0028631852]",0,0.001204427287,raw_action_units,2,96,769564,769564,true
913,train_single_demo,0.001110326945,0.001110326945,raw_action_units,0.9833844503,0.9833844503,5.483242989,"[0.9593181014, 1.0055376291, 1.005522728, 0.9631593823]","[5.4336647987, 5.5311870575, 5.5323872566, 5.4357333183]","[0.0001721349, 0.0004180013, 0.000154733, 0.0005795197]","[0.000178237, 0.00021281, 0.0001958892, 4.13999e-05, 7.82941e-05, 6.27201e-05, 0.0015483298]",0,0.001110326898,raw_action_units,2,96,769564,769564,true
913,eval_same_demo_teacher_forced,0.001221058308,0.001221058308,raw_action_units,0.9850928585,0.9850928585,5.489624659,"[0.9600993991, 1.0081708431, 1.007050395, 0.9650506377]","[5.4382586479, 5.5401711464, 5.5383048058, 5.4417624474]","[0.0003416334, 0.0001814706, 0.000320526, 0.0013097838]","[0.0001308077, 0.0001746059, 0.0002041701, 7.35737e-05, 5.5416e-05, 9.36018e-05, 0.003036299]",0,0.001221058269,raw_action_units,2,96,769564,769564,true
914,train_single_demo,0.001150927312,0.001150927312,raw_action_units,0.9849671125,0.9849671125,5.488686879,"[0.9597967267, 1.0080651045, 1.0070620775, 0.9649445415]","[5.437025547, 5.5392546654, 5.5376110077, 5.4408564568]","[0.0001748102, 0.0003046879, 0.000240068, 0.0004546755]","[0.0001523211, 0.0002338921, 0.0001690504, 6.06174e-05, 9.53006e-05, 7.36004e-05, 0.0012701408]",0,0.001150927285,raw_action_units,2,96,769564,769564,true
914,eval_same_demo_teacher_forced,0.001136297515,0.001136297515,raw_action_units,0.9837738276,0.9837738276,5.483403683,"[0.9597517848, 1.005807519, 1.0059858561, 0.9635503292]","[5.434299469, 5.5317840576, 5.5321545601, 5.4353766441]","[0.0002018024, 0.0001713455, 0.0003096238, 0.0010783708]","[0.0001658689, 0.0001827205, 0.0001758979, 6.46175e-05, 4.49166e-05, 4.52896e-05, 0.0024026881]",0,0.001136297449,raw_action_units,2,96,769564,769564,true
915,train_single_demo,0.001157162866,0.001157162866,raw_action_units,0.9837378263,0.9837378263,5.483521779,"[0.9600934982, 1.0055654049, 1.0057300329, 0.9635624886]","[5.4351372719, 5.5314445496, 5.5317339897, 5.4357705116]","[0.0001960915, 0.0002676542, 0.0003366646, 0.0014916784]","[0.0001602353, 0.00021858, 0.000226862, 5.95497e-05, 3.92298e-05, 3.88735e-05, 0.0032678253]",0,0.0011571628,raw_action_units,2,96,769564,769564,true
915,eval_same_demo_teacher_forced,0.0008046380632,0.0008046380632,raw_action_units,0.9837714036,0.9837714036,5.485417684,"[0.9598175883, 1.0054856539, 1.0053442717, 0.9644382596]","[5.4359264374, 5.5330429077, 5.5330600739, 5.4396414757]","[0.0001960177, 0.0002083281, 0.0003098268, 0.0008651907]","[0.0001415553, 0.0001420894, 0.0001261094, 3.50348e-05, 3.41536e-05, 0.0001045601, 0.0021803828]",0,0.0008046380466,raw_action_units,2,96,769564,769564,true
916,train_single_demo,0.0009534867325,0.0009534867325,raw_action_units,0.9837717215,0.9837717215,5.485478083,"[0.9594724178, 1.0057264566, 1.005413413, 0.9644744992]","[5.4351768494, 5.5335578918, 5.5334458351, 5.4397320747]","[0.0001570814, 0.000371717, 0.0001591293, 0.001090163]","[0.0001857957, 0.0001824605, 0.0001698835, 7.19313e-05, 6.27013e-05, 5.48574e-05, 0.0023840291]",0,0.0009534866771,raw_action_units,2,96,769564,769564,true
916,eval_same_demo_teacher_forced,0.001052940342,0.001052940342,raw_action_units,0.9839099248,0.9839099248,5.486360868,"[0.9593784213, 1.0067760944, 1.0048195124, 0.9646655917]","[5.4351992607, 5.5365738869, 5.5336136818, 5.440056324]","[0.0001355628, 0.0001915936, 0.0003523711, 0.0009099254]","[9.02197e-05, 0.0001627637, 0.0001242745, 4.47604e-05, 7.12912e-05, 3.65723e-05, 0.0022516607]",0,0.001052940309,raw_action_units,2,96,769564,769564,true
917,train_single_demo,0.001078719234,0.001078719234,raw_action_units,0.9838488102,0.9838488102,5.486030102,"[0.9595813751, 1.0064913034, 1.0046583414, 0.9646641612]","[5.4354453087, 5.5358581543, 5.5329957008, 5.4398217201]","[0.0001681367, 0.0002824992, 0.0002976906, 0.0017974178]","[0.0002008864, 0.0001484326, 0.0001546683, 6.90774e-05, 4.60702e-05, 9.25277e-05, 0.0037433894]",0,0.001078719185,raw_action_units,2,96,769564,769564,true
917,eval_same_demo_teacher_forced,0.0009242070373,0.0009242070373,raw_action_units,0.9836240609,0.9836240609,5.483471076,"[0.9597685337, 1.0059429407, 1.0050371885, 0.9637476802]","[5.4344825745, 5.532345295, 5.530520916, 5.4365353584]","[0.0001173432, 0.0002262521, 0.0002872872, 0.0009624553]","[0.0001100049, 0.0001638294, 0.0001131428, 4.27247e-05, 5.11236e-05, 4.51326e-05, 0.002262383]",0,0.0009242070041,raw_action_units,2,96,769564,769564,true
918,train_single_demo,0.001084507637,0.001084507637,raw_action_units,0.9836512407,0.9836512407,5.482782046,"[0.9594588876, 1.0062633753, 1.0053178072, 0.9635651708]","[5.4332461357, 5.5321526527, 5.5302677155, 5.4354615211]","[0.0003477659, 0.0003392775, 0.0001466373, 0.0007161116]","[0.0001705642, 0.0001504389, 0.0001733274, 2.88557e-05, 7.95303e-05, 4.92244e-05, 0.0020601957]",0,0.001084507576,raw_action_units,2,96,769564,769564,true
918,eval_same_demo_teacher_forced,0.001065114203,0.001065114203,raw_action_units,0.9836973548,0.9836973548,5.484417915,"[0.9587654471, 1.0064231157, 1.0064662695, 0.9631344676]","[5.4334526062, 5.5341510773, 5.5346393585, 5.4354305267]","[0.0001215249, 0.000292705, 0.0003370776, 0.0009439347]","[0.0002085727, 0.0002081186, 0.0001122688, 6.51051e-05, 5.5831e-05, 7.44025e-05, 0.0022423754]",0,0.001065114158,raw_action_units,2,96,769564,769564,true
919,train_single_demo,0.001075923501,0.001075923501,raw_action_units,0.9836479624,0.9836479624,5.485344251,"[0.9589437842, 1.0062114, 1.0059943199, 0.9634425044]","[5.4348068237, 5.5349197388, 5.534740448, 5.4369101524]","[0.0001953494, 0.0002094186, 0.0002588855, 0.0005609257]","[0.0001470173, 0.0001577212, 0.0002290152, 5.35357e-05, 7.66715e-05, 5.84632e-05, 0.0014205896]",0,0.001075923487,raw_action_units,2,96,769564,769564,true
919,eval_same_demo_teacher_forced,0.001138572387,0.001138572387,raw_action_units,0.9840413729,0.9840413729,5.487552007,"[0.9600656629, 1.0068186522, 1.0044630766, 0.9648181796]","[5.4386239052, 5.537607193, 5.5333418846, 5.4406356812]","[0.0001575297, 0.0002007794, 0.0003388432, 0.0010878762]","[0.0001890719, 0.0001952356, 0.0002196311, 4.55631e-05, 4.65928e-05, 6.30029e-05, 0.0023647023]",0,0.001138572359,raw_action_units,2,96,769564,769564,true
920,train_single_demo,0.001161809312,0.001161809312,raw_action_units,0.9841186007,0.9841186007,5.486799558,"[0.960211277, 1.0068759918, 1.0044404268, 0.964946568]","[5.4380326271, 5.5365815163, 5.5324325562, 5.4401516914]","[0.0001948397, 0.0001916029, 0.0003444017, 0.0016143314]","[0.0002343113, 0.000285362, 0.0001660412, 6.19799e-05, 4.42623e-05, 4.07677e-05, 0.0032713332]",0,0.001161809257,raw_action_units,2,96,769564,769564,true
920,eval_same_demo_teacher_forced,0.001265163145,0.001265163145,raw_action_units,0.98355486,0.98355486,5.480965296,"[0.9600093365, 1.0053066015, 1.0044544935, 0.9644491673]","[5.4327845573, 5.5280151367, 5.5276603699, 5.435400486]","[0.0003938205, 0.0002740048, 0.0005214488, 0.0009802904]","[0.000199818, 0.0001714655, 0.000327271, 4.35042e-05, 7.60852e-05, 7.35501e-05, 0.0029050431]",0,0.001265163046,raw_action_units,2,96,769564,769564,true
921,train_single_demo,0.0013424512,0.0013424512,raw_action_units,0.9835590124,0.9835590124,5.481535912,"[0.959988296, 1.0052616596, 1.0046610832, 0.9643250108]","[5.4331870079, 5.5285305977, 5.5284628868, 5.4359631538]","[0.000250703, 0.0002085026, 0.0004305461, 0.0009169375]","[0.0002429435, 0.0002544506, 0.000299211, 4.04403e-05, 4.9182e-05, 8.32894e-05, 0.0021921895]",0,0.001342451156,raw_action_units,2,96,769564,769564,true
921,eval_same_demo_teacher_forced,0.00121908406,0.00121908406,raw_action_units,0.9842885733,0.9842885733,5.487405777,"[0.9606812596, 1.0078433752, 1.0048975945, 0.9637320638]","[5.4389953613, 5.5387320518, 5.5330605507, 5.4388337135]","[0.0002451383, 0.0001609023, 0.0003486576, 0.0009304287]","[9.55431e-05, 0.0001637278, 0.0001358099, 6.44769e-05, 5.23041e-05, 4.69065e-05, 0.0023902038]",0,0.001219083999,raw_action_units,2,96,769564,769564,true
922,train_single_demo,0.001219170808,0.001219170808,raw_action_units,0.9842604399,0.9842604399,5.487235705,"[0.9603703618, 1.0080364943, 1.0048550367, 0.9637798667]","[5.4383816719, 5.5391573906, 5.5329284668, 5.4384741783]","[0.0003704657, 0.0002104787, 0.0003240377, 0.0002647089]","[0.0002272141, 0.0002024837, 0.0003298289, 3.29291e-05, 7.22692e-05, 8.39744e-05, 0.0010982597]",0,0.001219170789,raw_action_units,2,96,769564,769564,true
922,eval_same_demo_teacher_forced,0.001275696559,0.001275696559,raw_action_units,0.9837962786,0.9837962786,5.484814962,"[0.9593122602, 1.0072458982, 1.0046180487, 0.9640088677]","[5.4349918365, 5.5365672112, 5.5311546326, 5.4365458488]","[0.0003288286, 0.0002542144, 0.0004278017, 0.0014355165]","[0.0003527586, 0.0003583237, 0.0002017163, 9.20492e-05, 5.53546e-05, 0.0001132698, 0.0031076602]",0,0.001275696526,raw_action_units,2,96,769564,769564,true
923,train_single_demo,0.001232988744,0.001232988744,raw_action_units,0.9838685592,0.9838685592,5.485024134,"[0.9594247341, 1.0070000887, 1.0048953295, 0.9641539454]","[5.4352226257, 5.5361385345, 5.5316853523, 5.4370503426]","[0.0003070651, 0.0001979793, 0.0002343897, 0.0016069381]","[0.0001838631, 0.0001744259, 0.0003945902, 9.91218e-05, 7.8975e-05, 0.0001034065, 0.0030717684]",0,0.001232988645,raw_action_units,2,96,769564,769564,true
923,eval_same_demo_teacher_forced,0.001218813588,0.001218813588,raw_action_units,0.9840720097,0.9840720097,5.4833347,"[0.9590522647, 1.0077482462, 1.0056114197, 0.9638760686]","[5.4322371483, 5.5346679688, 5.530570507, 5.4358634949]","[0.0003229294, 0.0001458748, 0.0003322604, 0.0009103231]","[0.0001819251, 0.0002170226, 0.0001081827, 4.24555e-05, 6.3753e-05, 5.63481e-05, 0.0023252412]",0,0.001218813516,raw_action_units,2,96,769564,769564,true
924,train_single_demo,0.001174093341,0.001174093341,raw_action_units,0.9839979013,0.9839979013,5.482995669,"[0.9589226246, 1.0079895258, 1.0054624081, 0.963617146]","[5.4317588806, 5.5347838402, 5.5302147865, 5.4352240562]","[0.0003568023, 0.0002880552, 0.0006084276, 0.0006364853]","[0.0001926229, 0.0001749521, 0.0004229318, 7.2903e-05, 5.19135e-05, 0.0001379004, 0.0022538744]",0,0.001174093268,raw_action_units,2,96,769564,769564,true
924,eval_same_demo_teacher_forced,0.000903162756,0.000903162756,raw_action_units,0.9836842219,0.9836842219,5.483610789,"[0.9595358968, 1.007764101, 1.0051264763, 0.9623103142]","[5.4340910912, 5.5355529785, 5.5310673714, 5.4337310791]","[0.0002240371, 0.0002281403, 0.0004200218, 0.0010264239]","[0.000224097, 0.0001794913, 0.0001465833, 8.11292e-05, 8.4494e-05, 8.64926e-05, 0.002520303]",0,0.0009031627061,raw_action_units,2,96,769564,769564,true
925,train_single_demo,0.0009875746521,0.0009875746521,raw_action_units,0.9836533666,0.9836533666,5.484386762,"[0.9597236514, 1.0073672533, 1.0051789284, 0.962343514]","[5.4352440834, 5.5358939171, 5.531888485, 5.4345207214]","[0.0002423097, 0.0004355574, 0.0002363834, 0.0007981115]","[0.0001912377, 0.0001635832, 0.0002292871, 4.45166e-05, 6.48065e-05, 8.40924e-05, 0.0022191098]",0,0.0009875745912,raw_action_units,2,96,769564,769564,true
925,eval_same_demo_teacher_forced,0.0009345706397,0.0009345706397,raw_action_units,0.9838630358,0.9838630358,5.48613135,"[0.9594388008, 1.0072581768, 1.0061277151, 0.9626274109]","[5.4360179901, 5.5378322601, 5.5352063179, 5.4354701042]","[0.0001931359, 0.0001555722, 0.000304368, 0.0009185507]","[0.000167414, 0.0001532397, 0.0001481612, 3.69656e-05, 5.6894e-05, 6.44679e-05, 0.0021232041]",0,0.0009345705843,raw_action_units,2,96,769564,769564,true
926,train_single_demo,0.0009099824626,0.0009099824626,raw_action_units,0.9838641485,0.9838641485,5.485414505,"[0.9592468143, 1.0072697401, 1.0060956478, 0.9628443122]","[5.4350380898, 5.5370182991, 5.5343647003, 5.4352359772]","[0.0002581417, 0.0002228035, 0.0001777742, 0.000191323]","[0.0001869506, 0.0001485684, 0.0001896681, 4.78794e-05, 8.06522e-05, 7.72315e-05, 0.0007566237]",0,0.0009099824265,raw_action_units,2,96,769564,769564,true
926,eval_same_demo_teacher_forced,0.0009236509989,0.0009236509989,raw_action_units,0.9838281274,0.9838281274,5.482001623,"[0.9601675868, 1.0060502291, 1.005271554, 0.9638230801]","[5.4341659546, 5.5306663513, 5.5288376808, 5.4343361855]","[0.0001560581, 0.0001293039, 0.0003355289, 0.0012034137]","[0.00017245, 0.0001627831, 0.0001157891, 3.95463e-05, 4.67119e-05, 7.26124e-05, 0.0025826399]",0,0.0009236509601,raw_action_units,2,96,769564,769564,true
927,train_single_demo,0.0009986315854,0.0009986315854,raw_action_units,0.9838873943,0.9838873943,5.482290904,"[0.9605894089, 1.0058745146, 1.0050778389, 0.9640076756]","[5.435131073, 5.5305132866, 5.5286726952, 5.4348473549]","[0.0002382728, 0.0002138012, 0.0003748724, 0.0013552891]","[0.0001738615, 0.0002103566, 0.0002627594, 3.90919e-05, 5.22857e-05, 6.82124e-05, 0.0030123449]",0,0.0009986315189,raw_action_units,2,96,769564,769564,true
927,eval_same_demo_teacher_forced,0.0007583334033,0.0007583334033,raw_action_units,0.9839880466,0.9839880466,5.484251976,"[0.9604175091, 1.0065107346, 1.0045291185, 0.9644947648]","[5.4360466003, 5.5335793495, 5.529645443, 5.4377365112]","[0.0001476983, 0.0001390555, 0.0002841172, 0.0008613798]","[0.0001146261, 0.0001329989, 9.54315e-05, 4.46093e-05, 5.29619e-05, 6.20054e-05, 0.0020038055]",0,0.0007583333756,raw_action_units,2,96,769564,769564,true
928,train_single_demo,0.0007706033648,0.0007706033648,raw_action_units,0.9839972258,0.9839972258,5.484481494,"[0.9601609111, 1.006783843, 1.0048090219, 0.964235127]","[5.4356045723, 5.5342888832, 5.5306282043, 5.4374032021]","[0.0001838063, 0.000152045, 0.0001403713, 0.0001572662]","[0.0001378597, 0.0001326885, 0.0001896546, 6.77385e-05, 6.48965e-05, 5.16807e-05, 0.0004640868]",0,0.0007706033288,raw_action_units,2,96,769564,769564,true
928,eval_same_demo_teacher_forced,0.001269765082,0.001269765082,raw_action_units,0.9837097923,0.9837097923,5.485728264,"[0.9593881965, 1.0064229965, 1.0056031942, 0.963424623]","[5.4354286194, 5.5356192589, 5.5341010094, 5.4377646446]","[0.0002723186, 0.0004278049, 0.0009634869, 0.0018000798]","[0.0001657562, 0.0002089797, 0.0003111108, 3.94593e-05, 7.83173e-05, 4.32294e-05, 0.005214605]",0,0.001269765021,raw_action_units,2,96,769564,769564,true
929,train_single_demo,0.001259428721,0.001259428721,raw_action_units,0.9837200244,0.9837200244,5.485863209,"[0.9597664475, 1.0060790777, 1.0056290627, 0.9634053707]","[5.436340332, 5.5350914001, 5.5341887474, 5.4378323555]","[0.0001564106, 0.000401566, 0.0009025824, 0.0007148955]","[0.000176771, 0.0001807718, 0.0002173436, 6.60827e-05, 5.47671e-05, 5.34424e-05, 0.0030578664]",0,0.001259428626,raw_action_units,2,96,769564,769564,true
929,eval_same_demo_teacher_forced,0.000729514674,0.000729514674,raw_action_units,0.9840083321,0.9840083321,5.486217499,"[0.9614028931, 1.0054574013, 1.005391717, 0.963781178]","[5.4399452209, 5.5335564613, 5.533624649, 5.4377417564]","[0.0001798064, 0.0001602064, 0.0003309769, 0.0008626641]","[7.92189e-05, 0.0001252135, 0.0002061409, 6.24693e-05, 7.98366e-05, 3.38407e-05, 0.0020971741]",0,0.0007295146629,raw_action_units,2,96,769564,769564,true
930,train_single_demo,0.00081508791,0.00081508791,raw_action_units,0.9840780695,0.9840780695,5.48560365,"[0.9611740708, 1.0058569908, 1.0053693056, 0.9639119506]","[5.4388985634, 5.5334305763, 5.5329117775, 5.4371733665]","[0.000177745, 0.0001869262, 0.0003826998, 0.0002888931]","[0.0001639877, 0.0001601276, 0.0003131185, 3.32331e-05, 0.000100427, 4.31612e-05, 0.0009994073]",0,0.000815087885,raw_action_units,2,96,769564,769564,true
930,eval_same_demo_teacher_forced,0.001309684167,0.001309684167,raw_action_units,0.9844443003,0.9844443003,5.485123316,"[0.9599865079, 1.0077710152, 1.0056701899, 0.9643494487]","[5.4353632927, 5.5357670784, 5.5326523781, 5.4367098808]","[0.0002812395, 0.0002756509, 0.0005959283, 0.002027459]","[0.0001538041, 0.0002929076, 0.0003394962, 5.43006e-05, 6.2586e-05, 2.9946e-05, 0.0046324455]",0,0.001309684123,raw_action_units,2,96,769564,769564,true
931,train_single_demo,0.001476745626,0.001476745626,raw_action_units,0.9845181902,0.9845181902,5.485102971,"[0.96016258, 1.007750392, 1.0057903528, 0.9643694758]","[5.4355607033, 5.5355567932, 5.5326023102, 5.4366936684]","[0.0002940669, 0.000160063, 0.000757765, 0.0029238549]","[0.0001585406, 0.0002288882, 0.0003348777, 5.34183e-05, 9.47669e-05, 4.52192e-05, 0.0063218507]",0,0.00147674552,raw_action_units,2,96,769564,769564,true
931,eval_same_demo_teacher_forced,0.0008528324155,0.0008528324155,raw_action_units,0.9836358627,0.9836358627,5.48236529,"[0.9593426585, 1.0059965849, 1.0060088634, 0.9631953835]","[5.4326682091, 5.5311226845, 5.5312714577, 5.4343986511]","[0.0001483147, 0.0001624875, 0.0003084202, 0.0009618132]","[0.0001191274, 0.0001456429, 0.0002179009, 5.44536e-05, 7.74571e-05, 5.11423e-05, 0.0021010882]",0,0.0008528323933,raw_action_units,2,96,769564,769564,true
932,train_single_demo,0.000974645062,0.000974645062,raw_action_units,0.9836967786,0.9836967786,5.483055433,"[0.959104836, 1.0064108372, 1.006270647, 0.9630005956]","[5.4326148033, 5.5324912071, 5.5323843956, 5.4347319603]","[0.0002701878, 0.0003341754, 0.0002904228, 0.0006976813]","[0.0001994095, 0.0001669678, 0.0004076695, 8.75822e-05, 9.10577e-05, 4.86852e-05, 0.0017854458]",0,0.0009746450399,raw_action_units,2,96,769564,769564,true
932,eval_same_demo_teacher_forced,0.00205148058,0.00205148058,raw_action_units,0.9840012789,0.9840012789,5.486487389,"[0.9589326382, 1.0079023838, 1.0057415962, 0.9634287357]","[5.4344940186, 5.5384750366, 5.5344138145, 5.4385676384]","[0.0005405863, 0.0005373665, 0.0013883123, 0.0029598048]","[0.0001694308, 0.0002622278, 0.0004631805, 8.14598e-05, 0.0001060165, 7.36329e-05, 0.0083396742]",0,0.002051480425,raw_action_units,2,96,769564,769564,true
933,train_single_demo,0.001971321025,0.001971321025,raw_action_units,0.9839015007,0.9839015007,5.48654302,"[0.9591784477, 1.007319808, 1.0054210424, 0.9636869431]","[5.4351801872, 5.5376877785, 5.534017086, 5.4392867088]","[0.0002980498, 0.000234568, 0.0002310782, 0.00283263]","[0.0001660224, 0.0002178876, 0.0002876409, 6.62688e-05, 0.0001008149, 0.0001016102, 0.0053533255]",0,0.001971320914,raw_action_units,2,96,769564,769564,true
933,eval_same_demo_teacher_forced,0.0009347269855,0.0009347269855,raw_action_units,0.9840942423,0.9840942423,5.48532931,"[0.9610710144, 1.0056667328, 1.0050846338, 0.9645546079]","[5.4379191399, 5.5327849388, 5.5321445465, 5.4384689331]","[0.0003301552, 0.0001327719, 0.0002891957, 0.0010165483]","[0.0001264385, 0.0001682642, 0.0001037757, 5.83087e-05, 6.68261e-05, 4.32487e-05, 0.0025283124]",0,0.0009347269134,raw_action_units,2,96,769564,769564,true
934,train_single_demo,0.00101524834,0.00101524834,raw_action_units,0.9841829737,0.9841829737,5.484985669,"[0.9610528946, 1.0058106184, 1.0051089525, 0.9647593498]","[5.4376168251, 5.5325450897, 5.5316047668, 5.4381756783]","[0.0003680528, 0.0002803837, 0.000317786, 0.0003067852]","[0.0001646244, 0.0002283655, 0.0003997232, 7.0768e-05, 0.0001109996, 0.0001008311, 0.0011524514]",0,0.001015248265,raw_action_units,2,96,769564,769564,true
934,eval_same_demo_teacher_forced,0.002625176916,0.002625176916,raw_action_units,0.9848362009,0.9848362009,5.48436594,"[0.9613981843, 1.007337451, 1.0055625439, 0.9650465846]","[5.4372801781, 5.5336680412, 5.5304679871, 5.4360499382]","[0.0005307631, 0.0007985418, 0.0014054185, 0.0043746592]","[0.0002143414, 0.0003940094, 0.0007221394, 6.25637e-05, 0.0001201427, 0.0001357503, 0.0107924724]",0,0.002625176772,raw_action_units,2,96,769564,769564,true
935,train_single_demo,0.002607243601,0.002607243601,raw_action_units,0.9848188162,0.9848188162,5.4840916,"[0.9612767696, 1.0074216127, 1.0056599379, 0.9649171233]","[5.4367899895, 5.5335388184, 5.5303382874, 5.4356989861]","[0.0002830574, 0.0002648045, 0.0003035895, 0.0006220951]","[0.0001947836, 0.0002641271, 0.0003986044, 7.06372e-05, 0.0001256761, 8.86004e-05, 0.0014362773]",0,0.002607243446,raw_action_units,2,96,769564,769564,true
935,eval_same_demo_teacher_forced,0.001703794037,0.001703794037,raw_action_units,0.9852616787,0.9852616787,5.484708468,"[0.9613688588, 1.0080734491, 1.006695509, 0.9649088979]","[5.4365715981, 5.5342006683, 5.5317978859, 5.4362626076]","[0.0003147919, 0.0004437212, 0.0007731271, 0.0031508477]","[0.0002390069, 0.0003027384, 0.0002372409, 8.39093e-05, 0.0001187171, 6.16897e-05, 0.0071510505]",0,0.001703793981,raw_action_units,2,96,769564,769564,true
936,train_single_demo,0.001750554385,0.001750554385,raw_action_units,0.9850920637,0.9850920637,5.484004021,"[0.9611243606, 1.007589221, 1.0067737103, 0.9648810029]","[5.435526371, 5.5328688622, 5.5316138268, 5.436006546]","[0.0003592864, 0.0001611235, 0.000302322, 0.0005859293]","[0.0002095037, 0.0002735515, 0.0002957626, 8.54972e-05, 0.000124399, 0.0001316656, 0.0013447772]",0,0.001750554224,raw_action_units,2,96,769564,769564,true
936,eval_same_demo_teacher_forced,0.001294389678,0.001294389678,raw_action_units,0.9840452274,0.9840452274,5.483192285,"[0.9594188333, 1.0051225424, 1.0070143938, 0.964625299]","[5.4321951866, 5.5296554565, 5.5335030556, 5.4374160767]","[0.0004056279, 0.0002992826, 0.0004272391, 0.0014675335]","[0.0001724276, 0.0002791473, 0.0006269765, 7.98965e-05, 9.52664e-05, 5.58691e-05, 0.0032398617]",0,0.001294389633,raw_action_units,2,96,769564,769564,true
937,train_single_demo,0.001460196528,0.001460196528,raw_action_units,0.9840219021,0.9840219021,5.483743032,"[0.9593852162, 1.0055503845, 1.0068185329, 0.9643337131]","[5.4325714111, 5.5311293602, 5.5338797569, 5.4373927116]","[0.0005516768, 0.0003592575, 0.0002638151, 0.0016454105]","[0.0002271084, 0.0002378854, 0.0005240503, 8.99334e-05, 0.0001085277, 5.698e-05, 0.0036907939]",0,0.00146019645,raw_action_units,2,96,769564,769564,true
937,eval_same_demo_teacher_forced,0.001309167904,0.001309167904,raw_action_units,0.9842869043,0.9842869043,5.486162821,"[0.9602942467, 1.0083266497, 1.0055578947, 0.9629688263]","[5.4361763, 5.538421154, 5.5340476036, 5.4360051155]","[0.0003406944, 0.0002462837, 0.0005524011, 0.0012688719]","[9.42864e-05, 0.0002082367, 0.0002089649, 9.09971e-05, 5.03401e-05, 0.0001057887, 0.0034558254]",0,0.001309167815,raw_action_units,2,96,769564,769564,true
938,train_single_demo,0.001115610842,0.001115610842,raw_action_units,0.9842890501,0.9842890501,5.486295064,"[0.9605531096, 1.0081003904, 1.0053342581, 0.9631684422]","[5.4369616508, 5.5381779671, 5.5336670876, 5.4363722801]","[0.0002792644, 0.0001514239, 0.000266035, 0.0006390936]","[0.0001675294, 0.0002001046, 0.0002521058, 7.16065e-05, 0.0001126025, 8.91493e-05, 0.0014445813]",0,0.001115610779,raw_action_units,2,96,769564,769564,true
938,eval_same_demo_teacher_forced,0.001350094758,0.001350094758,raw_action_units,0.9840882619,0.9840882619,5.482915719,"[0.9612080455, 1.0056962967, 1.0049157143, 0.9645328522]","[5.4361801147, 5.5303320885, 5.5294570923, 5.4356942177]","[0.0002326962, 0.0001910111, 0.0003393647, 0.0014365261]","[0.0001281145, 0.0002037344, 0.0002445111, 7.33145e-05, 6.0572e-05, 8.07711e-05, 0.0030582789]",0,0.001350094742,raw_action_units,2,96,769564,769564,true
939,train_single_demo,0.001399611453,0.001399611453,raw_action_units,0.9843225876,0.9843225876,5.483126958,"[0.9612128139, 1.005887866, 1.0053316355, 0.9648581147]","[5.4360690117, 5.5304107666, 5.5298027992, 5.4362244606]","[0.0003345111, 0.0002984148, 0.000456701, 0.0002442872]","[0.0001622713, 0.0001864482, 0.0004359317, 8.3805e-05, 5.21544e-05, 0.0001224831, 0.0012912558]",0,0.001399611367,raw_action_units,2,96,769564,769564,true
939,eval_same_demo_teacher_forced,0.001350981688,0.001350981688,raw_action_units,0.9849434098,0.9849434098,5.483817736,"[0.9609131217, 1.0067453384, 1.0069061518, 0.9652090669]","[5.4354147911, 5.5311570168, 5.5319480896, 5.436750412]","[0.0002444945, 0.0002379764, 0.0004527459, 0.0022698464]","[0.0001317536, 0.0002498025, 0.0003092972, 6.54108e-05, 8.14202e-05, 0.0001295481, 0.0046416274]",0,0.001350981582,raw_action_units,2,96,769564,769564,true
940,train_single_demo,0.001276063655,0.001276063655,raw_action_units,0.9847747087,0.9847747087,5.483267466,"[0.9608362317, 1.0065191984, 1.0068657398, 0.9648776054]","[5.435072422, 5.5304951668, 5.5316357613, 5.4358658791]","[0.0002814243, 0.0001998059, 0.0002616195, 0.0004022642]","[0.0001391523, 0.0002219719, 0.0001754211, 7.62762e-05, 0.0001455507, 8.405e-05, 0.001161527]",0,0.001276063622,raw_action_units,2,96,769564,769564,true
940,eval_same_demo_teacher_forced,0.0008253591756,0.0008253591756,raw_action_units,0.9840722481,0.9840722481,5.480727037,"[0.9607092738, 1.0055751801, 1.0057244301, 0.9642801285]","[5.4331650734, 5.5275359154, 5.5282044411, 5.4340033531]","[0.0001973527, 0.0001475328, 0.0002756609, 0.0010317741]","[0.0001062575, 0.0001631123, 0.0001616493, 5.51195e-05, 7.12155e-05, 5.13537e-05, 0.002282853]",0,0.0008253591313,raw_action_units,2,96,769564,769564,true
941,train_single_demo,0.0008914414017,0.0008914414017,raw_action_units,0.9841617942,0.9841617942,5.481722037,"[0.9607499242, 1.0057815313, 1.0056849718, 0.9644306302]","[5.4337906837, 5.5288772583, 5.5289497375, 5.4352707863]","[0.0002981461, 0.0003551334, 0.0002068688, 0.000370607]","[0.000162348, 0.0002014764, 0.0003188307, 6.32329e-05, 0.000114345, 8.10807e-05, 0.0012125078]",0,0.0008914413463,raw_action_units,2,96,769564,769564,true
941,eval_same_demo_teacher_forced,0.001069515633,0.001069515633,raw_action_units,0.9838459889,0.9838459889,5.482751211,"[0.9597015381, 1.0064291954, 1.0054007769, 0.9638523459]","[5.4328455925, 5.5316643715, 5.5302491188, 5.4362449646]","[0.0002776789, 0.0002455015, 0.0006840415, 0.0010406558]","[0.000134911, 0.0001536791, 0.0002789735, 3.90673e-05, 5.1983e-05, 7.85013e-05, 0.0031966709]",0,0.001069515589,raw_action_units,2,96,769564,769564,true
942,train_single_demo,0.00108017493,0.00108017493,raw_action_units,0.983630538,0.983630538,5.481991609,"[0.9593079686, 1.0063509941, 1.0053305626, 0.9635326266]","[5.4317874908, 5.5310769081, 5.5297827721, 5.43531847]","[0.0002407227, 0.0002699508, 0.0001850336, 0.0010860837]","[0.0002273149, 0.0001631114, 0.0003437935, 7.69128e-05, 7.29343e-05, 7.0056e-05, 0.0021640109]",0,0.001080174886,raw_action_units,2,96,769564,769564,true
942,eval_same_demo_teacher_forced,0.00071751012,0.00071751012,raw_action_units,0.9834425449,0.9834425449,5.480492592,"[0.9592568278, 1.0065308809, 1.0047056675, 0.9632769227]","[5.4308772087, 5.530313015, 5.5274567604, 5.4333224297]","[0.000142446, 0.00012664, 0.0002511572, 0.0009571884]","[0.0001057904, 0.000122483, 0.0001130565, 3.43276e-05, 5.6238e-05, 3.90681e-05, 0.0021145416]",0,0.0007175101145,raw_action_units,2,96,769564,769564,true
943,train_single_demo,0.0007561854824,0.0007561854824,raw_action_units,0.9835126797,0.9835126797,5.480559031,"[0.9593518376, 1.0065780878, 1.0047749281, 0.9633457661]","[5.4310302734, 5.5304646492, 5.5274186134, 5.4333209991]","[0.0001909537, 0.0001835314, 0.0001515877, 0.0002639982]","[0.0001649249, 0.0001410861, 0.0003098385, 8.37513e-05, 0.0001279496, 6.27117e-05, 0.0004923619]",0,0.0007561854575,raw_action_units,2,96,769564,769564,true
943,eval_same_demo_teacher_forced,0.001217043221,0.001217043221,raw_action_units,0.983980457,0.983980457,5.481961886,"[0.9599453807, 1.0070090294, 1.005533576, 0.9634338021]","[5.4331593513, 5.5320186615, 5.5292782784, 5.4333896637]","[0.0002758644, 0.0002985375, 0.0003007555, 0.0020831667]","[0.0001266343, 0.0002176099, 0.0004381984, 5.26555e-05, 8.49855e-05, 7.24895e-05, 0.0041844943]",0,0.00121704316,raw_action_units,2,96,769564,769564,true
944,train_single_demo,0.001233781804,0.001233781804,raw_action_units,0.9838854472,0.9838854472,5.481551011,"[0.9598460197, 1.0069342852, 1.0054599047, 0.9633014202]","[5.4327716827, 5.5315437317, 5.5288252831, 5.4330630302]","[0.0002180377, 0.000261511, 0.0001767541, 0.000579836]","[0.0002171822, 0.0002059093, 0.0003051859, 5.75262e-05, 9.24843e-05, 5.30006e-05, 0.0012319545]",0,0.001233781777,raw_action_units,2,96,769564,769564,true
944,eval_same_demo_teacher_forced,0.0007687878096,0.0007687878096,raw_action_units,0.9838196039,0.9838196039,5.481278737,"[0.9597627521, 1.0064629316, 1.0053333044, 0.963719368]","[5.4323029518, 5.5303421021, 5.5281996727, 5.4342694283]","[0.0001176431, 0.0001178348, 0.0002360191, 0.0011366087]","[9.8143e-05, 0.0001390677, 0.000117409, 4.50329e-05, 4.5359e-05, 4.10403e-05, 0.0023281325]",0,0.0007687878041,raw_action_units,2,96,769564,769564,true
945,train_single_demo,0.0008212508789,0.0008212508789,raw_action_units,0.9839462241,0.9839462241,5.4816974,"[0.9597322345, 1.0065264702, 1.0053189993, 0.9642071724]","[5.4322776794, 5.530731678, 5.52835989, 5.43542099]","[0.0001594848, 0.0001481437, 0.000134389, 0.0005591927]","[0.0001597642, 9.27424e-05, 0.0002349983, 6.64426e-05, 7.09833e-05, 3.57914e-05, 0.0010913957]",0,0.0008212508235,raw_action_units,2,96,769564,769564,true
945,eval_same_demo_teacher_forced,0.0009039587652,0.0009039587652,raw_action_units,0.9849016269,0.9849016269,5.483772914,"[0.9599470496, 1.0082757473, 1.0055427551, 0.9658409953]","[5.4323630333, 5.5344815254, 5.5294647217, 5.4387817383]","[0.0001743944, 0.000152316, 0.0003678054, 0.0008947079]","[0.0001070354, 0.0002207432, 0.0001754933, 7.05555e-05, 5.97846e-05, 4.01324e-05, 0.0021073967]",0,0.0009039587208,raw_action_units,2,96,769564,769564,true
946,train_single_demo,0.0008898766246,0.0008898766246,raw_action_units,0.9848643144,0.9848643144,5.483507474,"[0.9599063993, 1.0082786083, 1.0055552721, 0.96571666]","[5.432079792, 5.5342578888, 5.52932024, 5.438369751]","[0.0001665104, 0.0001647433, 0.00015734, 0.0003787641]","[0.0001513023, 0.000159463, 0.0002951053, 6.94413e-05, 4.95452e-05, 4.07966e-05, 0.0007522225]",0,0.0008898765913,raw_action_units,2,96,769564,769564,true
946,eval_same_demo_teacher_forced,0.0007192809911,0.0007192809911,raw_action_units,0.9841367602,0.9841367602,5.480970383,"[0.9598765373, 1.0072065592, 1.0051299334, 0.9643340111]","[5.4311332703, 5.5308384895, 5.5270400047, 5.4348692894]","[0.0001749633, 0.0001321134, 0.0003440096, 0.0007934857]","[0.0001209891, 0.0001328281, 0.0001844967, 5.00277e-05, 6.19204e-05, 6.67469e-05, 0.0019109923]",0,0.00071928098,raw_action_units,2,96,769564,769564,true
947,train_single_demo,0.0007631895132,0.0007631895132,raw_action_units,0.9841536085,0.9841536085,5.481040001,"[0.9598684311, 1.0072649717, 1.0052552223, 0.9642261863]","[5.4312567711, 5.530980587, 5.5272078514, 5.434715271]","[0.0001924874, 0.0001416824, 0.0001342822, 0.0004211649]","[0.0001521902, 0.0001366339, 0.0001459626, 4.07398e-05, 0.0001012862, 4.90288e-05, 0.0009309882]",0,0.0007631894911,raw_action_units,2,96,769564,769564,true
947,eval_same_demo_teacher_forced,0.000727586875,0.000727586875,raw_action_units,0.9841654499,0.9841654499,5.482082208,"[0.9595552087, 1.0071287155, 1.0058088303, 0.964169085]","[5.4317932129, 5.5320000648, 5.5294137001, 5.4351220131]","[0.0001275477, 0.0001094311, 0.0002647091, 0.0008938659]","[8.26688e-05, 0.0001288114, 0.0001091244, 3.86965e-05, 4.68819e-05, 3.84282e-05, 0.001997608]",0,0.0007275868473,raw_action_units,2,96,769564,769564,true
948,train_single_demo,0.0008236240828,0.0008236240828,raw_action_units,0.9841978153,0.9841978153,5.482428233,"[0.9597474933, 1.0070345402, 1.0057966709, 0.9642124176]","[5.4325428009, 5.5321516991, 5.5297646523, 5.4352531433]","[0.0001511274, 0.0001447417, 0.0002707603, 0.0010846339]","[0.0001358324, 0.0001346324, 0.0002273842, 6.3211e-05, 7.70676e-05, 6.54205e-05, 0.0021861626]",0,0.0008236240773,raw_action_units,2,96,769564,769564,true
948,eval_same_demo_teacher_forced,0.0007576386367,0.0007576386367,raw_action_units,0.9835972985,0.9835972985,5.481687546,"[0.9595200419, 1.0063830614, 1.0048422813, 0.9636436105]","[5.4326796532, 5.5312066078, 5.5286774635, 5.4341845512]","[0.0002033016, 0.0001356459, 0.0002574235, 0.0008942305]","[0.0001005739, 0.0001379064, 0.0002327082, 3.64073e-05, 4.88063e-05, 4.80921e-05, 0.0020040581]",0,0.0007576385868,raw_action_units,2,96,769564,769564,true
949,train_single_demo,0.0008275997437,0.0008275997437,raw_action_units,0.9836825132,0.9836825132,5.481511434,"[0.9596017003, 1.0067216158, 1.0047518015, 0.9636548162]","[5.4324774742, 5.5313067436, 5.5280709267, 5.4341902733]","[0.0001587001, 0.0001375931, 0.0001335364, 0.0007527408]","[0.0001448673, 0.0001257818, 0.0001304668, 3.04129e-05, 8.62361e-05, 3.9258e-05, 0.0015124753]",0,0.0008275996938,raw_action_units,2,96,769564,769564,true
949,eval_same_demo_teacher_forced,0.0007868359486,0.0007868359486,raw_action_units,0.9844794869,0.9844794869,5.482042631,"[0.9600508809, 1.0083225965, 1.0049813986, 0.9645628333]","[5.4320101738, 5.5327448845, 5.5273227692, 5.4360928535]","[0.0001661084, 0.000168166, 0.0004693983, 0.0009133562]","[0.0001232499, 0.0001388449, 0.0001601332, 4.77093e-05, 4.40882e-05, 3.63144e-05, 0.0024544608]",0,0.0007868358821,raw_action_units,2,96,769564,769564,true
950,train_single_demo,0.000814633638,0.000814633638,raw_action_units,0.984516263,0.984516263,5.482030551,"[0.9601040483, 1.0083014965, 1.0050574541, 0.9646021724]","[5.4319930077, 5.532684803, 5.5274262428, 5.4360175133]","[0.0001355834, 0.0001256758, 0.0004211443, 0.0005373868]","[0.0001110706, 0.0001072813, 0.0001976403, 5.51179e-05, 6.39617e-05, 5.67603e-05, 0.0015428007]",0,0.000814633577,raw_action_units,2,96,769564,769564,true
950,eval_same_demo_teacher_forced,0.0006742423478,0.0006742423478,raw_action_units,0.9839559793,0.9839559793,5.480664412,"[0.9599434733, 1.0066508055, 1.0050760508, 0.9641535878]","[5.4316062927, 5.5296502113, 5.5269370079, 5.4344649315]","[0.0001451877, 0.0001180153, 0.0002899677, 0.0008427489]","[0.0001088634, 0.0001375532, 0.0001072871, 4.64929e-05, 4.96142e-05, 6.85943e-05, 0.0019244542]",0,0.0006742423312,raw_action_units,2,96,769564,769564,true
951,train_single_demo,0.0006746669242,0.0006746669242,raw_action_units,0.9839959939,0.9839959939,5.480853875,"[0.959777832, 1.0068432093, 1.0052673817, 0.9640957713]","[5.4314723015, 5.5302243233, 5.5273222923, 5.4343972206]","[0.0001032242, 0.0001069835, 0.0001708864, 0.0001632948]","[0.0001378799, 9.26668e-05, 0.000166981, 2.52644e-05, 6.06197e-05, 3.17153e-05, 0.0004375534]",0,0.0006746669034,raw_action_units,2,96,769564,769564,true
951,eval_same_demo_teacher_forced,0.0006754660474,0.0006754660474,raw_action_units,0.9846916993,0.9846916993,5.483000755,"[0.9596247077, 1.0091375113, 1.0061686039, 0.9638359547]","[5.4322509766, 5.5359625816, 5.5298285484, 5.4339599609]","[0.0001262136, 9.94481e-05, 0.0002477187, 0.000993312]","[8.43806e-05, 0.0001193661, 0.0001344278, 4.42144e-05, 3.35062e-05, 4.99014e-05, 0.0021009147]",0,0.0006754660225,raw_action_units,2,96,769564,769564,true
952,train_single_demo,0.0007634950647,0.0007634950647,raw_action_units,0.9847239653,0.9847239653,5.482850869,"[0.9597828388, 1.0092304945, 1.0061691999, 0.9637133479]","[5.4323501587, 5.5359764099, 5.5297279358, 5.4333491325]","[0.0001649718, 0.0001471714, 0.000206576, 0.0011349294]","[0.0001826569, 0.000100385, 0.0001952845, 3.86634e-05, 7.84614e-05, 6.27417e-05, 0.0022356918]",0,0.0007634950536,raw_action_units,2,96,769564,769564,true
952,eval_same_demo_teacher_forced,0.0006853823628,0.0006853823628,raw_action_units,0.9838715792,0.9838715792,5.479644775,"[0.9589125514, 1.0075449944, 1.0053216219, 0.9637072682]","[5.4288687706, 5.5310249329, 5.5264029503, 5.4322834015]","[9.41264e-05, 9.20582e-05, 0.00026196, 0.0009812092]","[7.25045e-05, 0.0001296019, 0.0001077452, 4.40108e-05, 3.43534e-05, 2.86006e-05, 0.0020845525]",0,0.0006853823018,raw_action_units,2,96,769564,769564,true
953,train_single_demo,0.0006900552253,0.0006900552253,raw_action_units,0.983866334,0.983866334,5.479880174,"[0.9589517713, 1.0074830055, 1.0052717924, 0.963758707]","[5.429087162, 5.5310916901, 5.526453495, 5.4328866005]","[0.0001511402, 9.29302e-05, 0.0001331971, 0.0002877901]","[0.0001536986, 0.0001046468, 0.0001795556, 5.33743e-05, 5.16641e-05, 2.71427e-05, 0.0005937684]",0,0.0006900551795,raw_action_units,2,96,769564,769564,true
953,eval_same_demo_teacher_forced,0.0008048122205,0.0008048122205,raw_action_units,0.984157443,0.984157443,5.482477506,"[0.9594397545, 1.008063674, 1.0049692392, 0.9641569257]","[5.431743145, 5.5339698792, 5.5281462669, 5.436050415]","[0.0001533741, 0.0001531686, 0.0004194846, 0.0011461509]","[8.00271e-05, 0.0001323037, 0.0001715306, 4.47346e-05, 5.24861e-05, 4.15337e-05, 0.0027536957]",0,0.0008048122039,raw_action_units,2,96,769564,769564,true
954,train_single_demo,0.0009030124832,0.0009030124832,raw_action_units,0.9841669401,0.9841669401,5.482732137,"[0.9595353007, 1.0081285238, 1.0049510002, 0.9640529752]","[5.4321351051, 5.5344214439, 5.5284895897, 5.4358820915]","[0.0001559569, 0.0002236793, 0.0005378435, 0.0015219901]","[0.0001179478, 0.0001518072, 0.0001541007, 6.17788e-05, 7.43873e-05, 4.76953e-05, 0.0036613548]",0,0.0009030124527,raw_action_units,2,96,769564,769564,true
954,eval_same_demo_teacher_forced,0.0007757405207,0.0007757405207,raw_action_units,0.9848603805,0.9848603805,5.485606194,"[0.9607135653, 1.009064436, 1.0053745508, 0.96428895]","[5.4361214638, 5.53855896, 5.5312418938, 5.4365024567]","[0.0001137978, 0.000112214, 0.0002628971, 0.0010920692]","[7.83094e-05, 0.0001228949, 0.0002064181, 3.57372e-05, 3.75403e-05, 2.24533e-05, 0.0022633581]",0,0.0007757404819,raw_action_units,2,96,769564,769564,true
955,train_single_demo,0.001001642823,0.001001642823,raw_action_units,0.9848964214,0.9848964214,5.485195478,"[0.9607996941, 1.0087635517, 1.0055515766, 0.9644708633]","[5.4358863831, 5.5375556946, 5.5309257507, 5.4364113808]","[0.0001953388, 0.0002260568, 0.0001348279, 0.0019413583]","[0.0001309164, 0.0001424365, 0.0001958523, 7.6383e-05, 7.93672e-05, 4.03141e-05, 0.003705499]",0,0.001001642751,raw_action_units,2,96,769564,769564,true
955,eval_same_demo_teacher_forced,0.001060109741,0.001060109741,raw_action_units,0.9838773807,0.9838773807,5.480393887,"[0.959089458, 1.0070403814, 1.0051063299, 0.9642732739]","[5.4300904274, 5.5308094025, 5.5262770653, 5.4343981743]","[0.0001334959, 0.0001156454, 0.0003612986, 0.0013727787]","[9.02277e-05, 0.0001600537, 0.000173362, 3.40073e-05, 4.50434e-05, 4.14622e-05, 0.0029264763]",0,0.001060109674,raw_action_units,2,96,769564,769564,true
956,train_single_demo,0.0009486329897,0.0009486329897,raw_action_units,0.9839868943,0.9839868943,5.480671406,"[0.9590765834, 1.0075229406, 1.0051580667, 0.9641900063]","[5.4301218987, 5.5316824913, 5.5264625549, 5.4344177246]","[0.0001919253, 0.0001790249, 0.0002415398, 0.0008244807]","[0.0001104235, 0.0001317977, 0.0001649411, 6.81308e-05, 4.27379e-05, 5.54248e-05, 0.0019412432]",0,0.0009486329564,raw_action_units,2,96,769564,769564,true
956,eval_same_demo_teacher_forced,0.0008087112801,0.0008087112801,raw_action_units,0.9844571749,0.9844571749,5.483522733,"[0.9595984817, 1.0094547272, 1.0049477816, 0.9638277888]","[5.4329376221, 5.5374541283, 5.5281996727, 5.4354987144]","[0.0001777298, 0.000191367, 0.0002970131, 0.0008704653]","[0.0001194788, 0.0001401539, 0.0001812054, 7.62014e-05, 6.39473e-05, 3.4725e-05, 0.0020732947]",0,0.0008087112524,raw_action_units,2,96,769564,769564,true
957,train_single_demo,0.0007926640295,0.0007926640295,raw_action_units,0.9843686422,0.9843686422,5.483814081,"[0.9596921802, 1.0090273619, 1.0047893524, 0.9639655948]","[5.4334945679, 5.5372409821, 5.5284638405, 5.4360566139]","[0.0001568053, 0.0001341296, 0.0001274332, 0.0002351318]","[0.0001289402, 0.000107164, 0.0001774065, 5.04957e-05, 4.29023e-05, 5.30109e-05, 0.0005837053]",0,0.0007926640101,raw_action_units,2,96,769564,769564,true
957,eval_same_demo_teacher_forced,0.001148022828,0.001148022828,raw_action_units,0.9835865895,0.9835865895,5.483096759,"[0.9595386982, 1.0066434145, 1.0042277575, 0.9639363885]","[5.4336128235, 5.5337090492, 5.5285301208, 5.4365348816]","[0.0003132558, 0.0002360247, 0.0005534463, 0.0016898868]","[0.0001084574, 0.0001555522, 0.0001886332, 8.76562e-05, 5.58324e-05, 5.39399e-05, 0.0042370027]",0,0.001148022756,raw_action_units,2,96,769564,769564,true
958,train_single_demo,0.00107860538,0.00107860538,raw_action_units,0.9836953084,0.9836953084,5.483172099,"[0.9595767856, 1.0069522858, 1.0043951273, 0.9638569355]","[5.4335808754, 5.5340685844, 5.5287590027, 5.4362778664]","[0.0001464479, 0.0001806013, 0.0001501933, 0.0003116333]","[0.0001177755, 0.0001517157, 0.0001770065, 3.08473e-05, 6.0562e-05, 3.28404e-05, 0.0008097852]",0,0.001078605297,raw_action_units,2,96,769564,769564,true
958,eval_same_demo_teacher_forced,0.0007361272583,0.0007361272583,raw_action_units,0.9844843745,0.9844843745,5.484532356,"[0.9600589275, 1.0090755224, 1.0050517321, 0.9637510777]","[5.4342918396, 5.5377006531, 5.5301384926, 5.4359984398]","[0.0001397574, 0.0001471651, 0.0002860646, 0.000810683]","[8.83586e-05, 0.0001223012, 0.0001270111, 6.58506e-05, 5.37177e-05, 3.78209e-05, 0.0019263625]",0,0.0007361272306,raw_action_units,2,96,769564,769564,true
959,train_single_demo,0.0006815710027,0.0006815710027,raw_action_units,0.984476308,0.984476308,5.484345754,"[0.9601067901, 1.0090206861, 1.0049117804, 0.963866055]","[5.4343752861, 5.5375180244, 5.5295510292, 5.4359383583]","[0.0001841885, 0.0001171798, 0.0002527934, 0.0005358636]","[0.0001311166, 0.0001598242, 0.000127724, 3.78844e-05, 4.99389e-05, 4.63711e-05, 0.0013546851]",0,0.0006815709528,raw_action_units,2,96,769564,769564,true
959,eval_same_demo_teacher_forced,0.0008494955643,0.0008494955643,raw_action_units,0.984416008,0.984416008,5.483083566,"[0.9605912566, 1.0075647831, 1.0049564838, 0.9645515084]","[5.4347000122, 5.5337986946, 5.5279755592, 5.4358592033]","[0.0001567007, 0.0001888291, 0.0002993259, 0.0011019552]","[9.55713e-05, 0.0001727888, 0.0001567505, 3.72279e-05, 5.75575e-05, 4.46022e-05, 0.0024924211]",0,0.0008494955532,raw_action_units,2,96,769564,769564,true
960,train_single_demo,0.0008194453743,0.0008194453743,raw_action_units,0.9844536384,0.9844536384,5.483152707,"[0.9604384899, 1.007604003, 1.0052193403, 0.9645527005]","[5.4344100952, 5.5338463783, 5.5283546448, 5.436000824]","[0.0001497895, 0.0001304277, 0.0001404224, 0.000403548]","[0.0001214997, 0.0001516, 0.0001596225, 3.5806e-05, 4.31307e-05, 4.80723e-05, 0.0008825974]",0,0.0008194453216,raw_action_units,2,96,769564,769564,true
960,eval_same_demo_teacher_forced,0.0007547715213,0.0007547715213,raw_action_units,0.9845437209,0.9845437209,5.483500799,"[0.9593307972, 1.0081671476, 1.0062351227, 0.9644419551]","[5.4322476387, 5.5348148346, 5.5305461884, 5.4363937378]","[0.0001777283, 0.0001097091, 0.0002915956, 0.0011087639]","[0.0001062462, 0.0001745982, 0.0001123571, 3.85536e-05, 7.33514e-05, 4.34096e-05, 0.0024051289]",0,0.0007547714881,raw_action_units,2,96,769564,769564,true
961,train_single_demo,0.0007717297412,0.0007717297412,raw_action_units,0.9843988816,0.9843988816,5.483028094,"[0.9592013359, 1.0080268383, 1.006092906, 0.9642744064]","[5.4316716194, 5.5342793465, 5.530216217, 5.4359436035]","[0.0001243953, 0.0001636692, 0.0001146163, 0.000358255]","[0.0001325262, 0.0001439727, 0.0001354054, 3.51397e-05, 8.8286e-05, 5.26425e-05, 0.0007436651]",0,0.0007717296969,raw_action_units,2,96,769564,769564,true
961,eval_same_demo_teacher_forced,0.000637939161,0.000637939161,raw_action_units,0.9838013649,0.9838013649,5.480734348,"[0.9599676132, 1.0071171522, 1.0050934553, 0.9630271792]","[5.4318618774, 5.5312781334, 5.5272049904, 5.4325909615]","[0.0001614491, 0.00013639, 0.0003482126, 0.0007579489]","[0.0001070455, 0.0001409914, 0.0002063979, 3.78551e-05, 5.18243e-05, 5.11545e-05, 0.0018617321]",0,0.0006379391333,raw_action_units,2,96,769564,769564,true
962,train_single_demo,0.0007067286254,0.0007067286254,raw_action_units,0.9839303096,0.9839303096,5.481113911,"[0.9601892829, 1.0074191093, 1.0051130056, 0.9629998803]","[5.4324154854, 5.5319399834, 5.5273957253, 5.432703495]","[0.0001052452, 0.0001367974, 0.0001627269, 0.0004094977]","[0.0001618622, 0.0001074578, 0.0001547734, 2.70532e-05, 8.61291e-05, 6.57972e-05, 0.0008218947]",0,0.0007067285922,raw_action_units,2,96,769564,769564,true
962,eval_same_demo_teacher_forced,0.0006507598058,0.0006507598058,raw_action_units,0.9841151039,0.9841151039,5.482469877,"[0.9596814513, 1.0082606077, 1.005789876, 0.9627283216]","[5.4324860573, 5.5343856812, 5.5298237801, 5.4331831932]","[0.0001180916, 0.0001734145, 0.0003216466, 0.0007734089]","[7.73618e-05, 0.0001264465, 0.0001182444, 5.36992e-05, 6.71608e-05, 5.35531e-05, 0.0019300169]",0,0.0006507597864,raw_action_units,2,96,769564,769564,true
963,train_single_demo,0.0006412918447,0.0006412918447,raw_action_units,0.9840201537,0.9840201537,5.482654254,"[0.959492445, 1.0081049204, 1.0057684183, 0.9627146125]","[5.4324092865, 5.5345077515, 5.5302796364, 5.4334187508]","[0.0001082466, 0.0001326447, 0.0002984371, 0.0009628243]","[0.0001172576, 0.0001478943, 0.0001075194, 3.66036e-05, 7.67154e-05, 6.57497e-05, 0.002077027]",0,0.000641291828,raw_action_units,2,96,769564,769564,true
963,eval_same_demo_teacher_forced,0.0005929253336,0.0005929253336,raw_action_units,0.9842159748,0.9842159748,5.483750025,"[0.9599699378, 1.0081068277, 1.0056092739, 0.9631777406]","[5.4341635704, 5.5355682373, 5.5306487083, 5.4346199036]","[0.0001003437, 0.0001002558, 0.0002540569, 0.0007616499]","[9.43129e-05, 0.0001248055, 9.66132e-05, 3.92267e-05, 4.4001e-05, 4.48306e-05, 0.0016847458]",0,0.0005929252975,raw_action_units,2,96,769564,769564,true
964,train_single_demo,0.0006092860519,0.0006092860519,raw_action_units,0.9843269189,0.9843269189,5.483874639,"[0.960108459, 1.0081387758, 1.0054887533, 0.9635717273]","[5.4344406128, 5.5355191231, 5.5303196907, 5.435218811]","[0.0001031202, 0.0001442676, 0.0001287617, 0.0002714334]","[0.0001383017, 0.0001304064, 0.0001617556, 4.68599e-05, 7.48896e-05, 6.07125e-05, 0.0005203443]",0,0.0006092860186,raw_action_units,2,96,769564,769564,true
964,eval_same_demo_teacher_forced,0.0006762149084,0.0006762149084,raw_action_units,0.9845943848,0.9845943848,5.483395576,"[0.9609782696, 1.0079696178, 1.005374074, 0.9640555382]","[5.435655117, 5.5339622498, 5.5289006233, 5.4350647926]","[0.0001600595, 0.0001013551, 0.0002534779, 0.0010293523]","[8.63924e-05, 0.0001665686, 0.0001647346, 3.52651e-05, 3.20559e-05, 4.07744e-05, 0.0021766375]",0,0.0006762148724,raw_action_units,2,96,769564,769564,true
965,train_single_demo,0.0007371257719,0.0007371257719,raw_action_units,0.9844502608,0.9844502608,5.482921282,"[0.9608805776, 1.0078240633, 1.0053225756, 0.9637737274]","[5.435277462, 5.5334382057, 5.5285377502, 5.434431076]","[0.0001066879, 8.70786e-05, 0.0001927445, 0.0006122402]","[0.0001205954, 0.0001345081, 0.0001570014, 3.33341e-05, 4.00366e-05, 4.82366e-05, 0.0012141021]",0,0.0007371257414,raw_action_units,2,96,769564,769564,true
965,eval_same_demo_teacher_forced,0.0005912187238,0.0005912187238,raw_action_units,0.9839714766,0.9839714766,5.48297294,"[0.9603646398, 1.0077997446, 1.0049408674, 0.9627807736]","[5.4348607063, 5.5346832275, 5.5290780067, 5.4332690239]","[0.0001192184, 0.0001165383, 0.0002414413, 0.0008082841]","[8.51521e-05, 0.0001361401, 8.05178e-05, 4.62742e-05, 3.15737e-05, 4.99747e-05, 0.0018199609]",0,0.0005912186933,raw_action_units,2,96,769564,769564,true
966,train_single_demo,0.000594128777,0.000594128777,raw_action_units,0.9840708375,0.9840708375,5.483638763,"[0.9603944421, 1.0079790354, 1.0049304962, 0.9629792571]","[5.4353179932, 5.5355873108, 5.5296440125, 5.4340071678]","[0.0001112767, 0.0001109865, 0.0001852158, 0.0009310076]","[0.0001160016, 0.0001319947, 0.0001412898, 3.52118e-05, 4.21926e-05, 3.18115e-05, 0.0018438492]",0,0.0005941287659,raw_action_units,2,96,769564,769564,true
966,eval_same_demo_teacher_forced,0.0006425868099,0.0006425868099,raw_action_units,0.9843092362,0.9843092362,5.48428758,"[0.9604120255, 1.0079206228, 1.0048956871, 0.9640085697]","[5.4354357719, 5.5358810425, 5.5296897888, 5.436144352]","[9.96844e-05, 0.0001122716, 0.0002400798, 0.0007443983]","[8.19741e-05, 0.0001575099, 9.57902e-05, 3.47913e-05, 3.03696e-05, 2.60855e-05, 0.0016672388]",0,0.0006425867655,raw_action_units,2,96,769564,769564,true
967,train_single_demo,0.0006397758067,0.0006397758067,raw_action_units,0.9843222102,0.9843222102,5.484206518,"[0.9604458809, 1.0078114271, 1.0049977303, 0.9640339017]","[5.4353575706, 5.5355715752, 5.5297074318, 5.436188221]","[0.0002103073, 0.0001081213, 0.0001533037, 0.0001901306]","[0.0001016044, 0.0001176353, 0.0001581953, 4.44957e-05, 4.02931e-05, 4.65e-05, 0.0006495363]",0,0.0006397757679,raw_action_units,2,96,769564,769564,true
967,eval_same_demo_teacher_forced,0.0005904437858,0.0005904437858,raw_action_units,0.9843635162,0.9843635162,5.483693759,"[0.9603559375, 1.008041501, 1.0052942038, 0.9637624621]","[5.4345684052, 5.5351681709, 5.5295138359, 5.4355244637]","[0.0001393391, 0.0001517211, 0.0003246696, 0.0007718433]","[9.7522e-05, 0.0001507853, 0.000135023, 3.76281e-05, 3.23746e-05, 2.01051e-05, 0.0019548147]",0,0.0005904437442,raw_action_units,2,96,769564,769564,true
968,train_single_demo,0.00059840087,0.00059840087,raw_action_units,0.9843443632,0.9843443632,5.483627637,"[0.9603612423, 1.0081357956, 1.0052713156, 0.9636090398]","[5.4346065521, 5.53525877, 5.529402256, 5.4352431297]","[0.0001408153, 9.09062e-05, 0.0001168426, 0.0006701935]","[0.0001106206, 0.0001253885, 0.0001026975, 3.87959e-05, 3.93045e-05, 3.35128e-05, 0.0013325056]",0,0.0005984008534,raw_action_units,2,96,769564,769564,true
968,eval_same_demo_teacher_forced,0.0005497759751,0.0005497759751,raw_action_units,0.9842713277,0.9842713277,5.483830293,"[0.960735321, 1.0078617334, 1.0051518679, 0.9633361697]","[5.4359192848, 5.5351023674, 5.52967453, 5.4346237183]","[0.000147312, 8.93249e-05, 0.0002361521, 0.0007650043]","[7.29204e-05, 0.0001253157, 0.0001316844, 3.2226e-05, 3.64591e-05, 3.04594e-05, 0.0017370732]",0,0.0005497759474,raw_action_units,2,96,769564,769564,true
969,train_single_demo,0.0006316058571,0.0006316058571,raw_action_units,0.9842141469,0.9842141469,5.483736833,"[0.960732162, 1.0074877739, 1.005104661, 0.963531971]","[5.4359588623, 5.5344338417, 5.5295891762, 5.4349646568]","[0.0001455908, 0.0001241111, 0.0002152254, 0.0004646218]","[0.0001395708, 0.0001285575, 0.0002582743, 2.81396e-05, 4.51103e-05, 3.5069e-05, 0.0010269897]",0,0.0006316058293,raw_action_units,2,96,769564,769564,true
969,eval_same_demo_teacher_forced,0.0007398705735,0.0007398705735,raw_action_units,0.9844835798,0.9844835798,5.484363397,"[0.9609311223, 1.0078552961, 1.0053793192, 0.963768661]","[5.4364762306, 5.5354247093, 5.5301671028, 5.4353852272]","[0.0001539489, 0.0001365094, 0.0002461266, 0.0012081311]","[7.80426e-05, 0.0001345329, 0.0001982595, 5.77264e-05, 4.87734e-05, 4.14117e-05, 0.0024945063]",0,0.0007398705486,raw_action_units,2,96,769564,769564,true
970,train_single_demo,0.0008089109712,0.0008089109712,raw_action_units,0.984511435,0.984511435,5.483888308,"[0.9607272148, 1.008289814, 1.0054301023, 0.9635984898]","[5.4355545044, 5.5356121063, 5.52973032, 5.4346556664]","[0.0003727628, 0.0001195039, 0.0002682755, 0.0014407652]","[0.0001079161, 0.0001033946, 0.0002084733, 3.05958e-05, 4.29921e-05, 3.13767e-05, 0.0033275392]",0,0.0008089109324,raw_action_units,2,96,769564,769564,true
970,eval_same_demo_teacher_forced,0.0008451551354,0.0008451551354,raw_action_units,0.9836432934,0.9836432934,5.481150627,"[0.9587321281, 1.0079698563, 1.0048645735, 0.9630066752]","[5.4302039146, 5.5334458351, 5.5279622078, 5.4329895973]","[0.0001771837, 0.0001433081, 0.0002837302, 0.0009946496]","[0.0001312275, 0.0001110193, 0.0002132932, 3.60462e-05, 3.91384e-05, 5.00934e-05, 0.0022172071]",0,0.0008451551022,raw_action_units,2,96,769564,769564,true
971,train_single_demo,0.0009750591513,0.0009750591513,raw_action_units,0.9836593072,0.9836593072,5.48203818,"[0.958615005, 1.0078123808, 1.0048983097, 0.9633114934]","[5.4307141304, 5.5340561867, 5.5288043022, 5.4345779419]","[0.0001447116, 0.0001718593, 0.0001797962, 0.0012028939]","[0.0001516407, 0.0001036749, 0.0002216761, 2.68795e-05, 4.70733e-05, 3.35302e-05, 0.0023892319]",0,0.0009750590793,raw_action_units,2,96,769564,769564,true
971,eval_same_demo_teacher_forced,0.00125312421,0.00125312421,raw_action_units,0.9847942392,0.9847942392,5.488666058,"[0.9602014422, 1.0091109276, 1.0056591034, 0.9642055631]","[5.4378471375, 5.5414352417, 5.5351347923, 5.440246582]","[0.0002666817, 0.0002175253, 0.0003609713, 0.0010785268]","[0.0001232492, 0.0001478073, 0.0001240786, 3.65451e-05, 3.85933e-05, 4.65671e-05, 0.0028496431]",0,0.001253124105,raw_action_units,2,96,769564,769564,true
972,train_single_demo,0.001086408466,0.001086408466,raw_action_units,0.984684666,0.984684666,5.487968445,"[0.9603128433, 1.0089863539, 1.0056314468, 0.9638080597]","[5.4376068115, 5.5407676697, 5.5346579552, 5.4388408661]","[0.0001359287, 0.0001373596, 0.000379832, 0.000884902]","[0.0001283823, 0.0001018595, 0.0002024467, 3.18296e-05, 4.39959e-05, 2.07061e-05, 0.0021623187]",0,0.00108640845,raw_action_units,2,96,769564,769564,true
972,eval_same_demo_teacher_forced,0.001069813579,0.001069813579,raw_action_units,0.9835295081,0.9835295081,5.481912931,"[0.9596185684, 1.0073112249, 1.0052704811, 0.9619178772]","[5.433028698, 5.5336737633, 5.5299491882, 5.4310002327]","[0.0001849949, 0.0001203468, 0.0002805077, 0.0009695873]","[0.0001318018, 0.0001484059, 9.97441e-05, 3.37189e-05, 3.21679e-05, 5.2657e-05, 0.0022235182]",0,0.001069813523,raw_action_units,2,96,769564,769564,true
973,train_single_demo,0.0009721831108,0.0009721831108,raw_action_units,0.9835615158,0.9835615158,5.482085546,"[0.9595968127, 1.0072180033, 1.0053175688, 0.9621136189]","[5.4330940247, 5.5335021019, 5.5299758911, 5.4317708015]","[0.0002155586, 0.0001766578, 0.0002584078, 0.0005998142]","[0.0001455195, 0.0001432045, 0.0002672056, 3.56706e-05, 3.9993e-05, 5.00101e-05, 0.0015066637]",0,0.0009721830665,raw_action_units,2,96,769564,769564,true
973,eval_same_demo_teacher_forced,0.001223456386,0.001223456386,raw_action_units,0.9846441348,0.9846441348,5.485769908,"[0.9609088898, 1.0084768534, 1.0054436922, 0.9637470245]","[5.4375653267, 5.5373473167, 5.5310578346, 5.4371070862]","[0.0003187247, 0.0001344058, 0.0003248456, 0.0010885863]","[9.64504e-05, 0.0001291722, 0.0002229281, 5.87373e-05, 4.65875e-05, 4.23345e-05, 0.0026702741]",0,0.001223456292,raw_action_units,2,96,769564,769564,true
974,train_single_demo,0.001134682369,0.001134682369,raw_action_units,0.984626929,0.984626929,5.484941483,"[0.9608878493, 1.0084314346, 1.0053046942, 0.9638839364]","[5.4367847443, 5.5364737511, 5.5299911499, 5.4365143776]","[0.0002284213, 0.0001775774, 0.000253776, 0.0013608929]","[0.0001950886, 0.0001495946, 0.0002525412, 3.9363e-05, 3.22032e-05, 5.30107e-05, 0.0028143674]",0,0.001134682314,raw_action_units,2,96,769564,769564,true
974,eval_same_demo_teacher_forced,0.001395162855,0.001395162855,raw_action_units,0.983280619,0.983280619,5.480319341,"[0.9594117999, 1.0054582357, 1.0042873621, 0.9639651179]","[5.4315962791, 5.528989315, 5.5263905525, 5.4343018532]","[0.0003803703, 0.0001368535, 0.0005121126, 0.0012306226]","[9.0209e-05, 0.000151784, 0.0001231512, 5.71884e-05, 6.43162e-05, 4.31319e-05, 0.0034251472]",0,0.001395162816,raw_action_units,2,96,769564,769564,true
975,train_single_demo,0.001311095005,0.001311095005,raw_action_units,0.9834269881,0.9834269881,5.481022199,"[0.9592291713, 1.0058182478, 1.0045579672, 0.9641029239]","[5.4314804077, 5.5300002098, 5.5272841454, 5.435324192]","[0.0002137555, 0.0001394101, 0.0001464968, 0.0011672442]","[0.0001801102, 0.0001239083, 0.0002011867, 6.46881e-05, 6.92592e-05, 3.17793e-05, 0.0022461547]",0,0.001311094988,raw_action_units,2,96,769564,769564,true
975,eval_same_demo_teacher_forced,0.00163216462,0.00163216462,raw_action_units,0.9851237138,0.9851237138,5.486752828,"[0.9600269198, 1.009100318, 1.006819725, 0.9645480514]","[5.4350800514, 5.5380935669, 5.534160614, 5.4396781921]","[0.0003673481, 0.0001864573, 0.0005534838, 0.0014748602]","[0.0001197015, 0.0002691261, 0.0001564061, 4.24693e-05, 3.89224e-05, 4.49736e-05, 0.003847162]",0,0.001632164587,raw_action_units,2,96,769564,769564,true
976,train_single_demo,0.001434507159,0.001434507159,raw_action_units,0.9849772652,0.9849772652,5.485730171,"[0.960308075, 1.0087947845, 1.006682992, 0.9641230702]","[5.4350275993, 5.5367417336, 5.533367157, 5.4377837181]","[0.0002836824, 0.0001612849, 0.0004316301, 0.0008552716]","[0.000156736, 0.0002149011, 0.0001478468, 6.89122e-05, 6.83024e-05, 6.00829e-05, 0.0023139894]",0,0.001434507115,raw_action_units,2,96,769564,769564,true
976,eval_same_demo_teacher_forced,0.001456037668,0.001456037668,raw_action_units,0.9837286472,0.9837286472,5.480401516,"[0.9607647061, 1.0062566996, 1.0057095289, 0.9621839523]","[5.4334950447, 5.5291161537, 5.5288834572, 5.4301095009]","[0.0002647994, 0.0001304839, 0.0004141924, 0.0011477913]","[0.0001399737, 0.0001773142, 0.0001010235, 3.41788e-05, 4.29534e-05, 4.7859e-05, 0.0028819144]",0,0.001456037607,raw_action_units,2,96,769564,769564,true
977,train_single_demo,0.001302549538,0.001302549538,raw_action_units,0.9839602311,0.9839602311,5.481735547,"[0.9608752131, 1.0067220926, 1.006024003, 0.9622197151]","[5.4345145226, 5.5309996605, 5.5302557945, 5.4311714172]","[0.0002647012, 0.0001535545, 0.0001711683, 0.0011344119]","[0.0001154708, 0.0001901525, 0.0001550142, 5.65659e-05, 0.0001164061, 5.31245e-05, 0.0023299789]",0,0.001302549438,raw_action_units,2,96,769564,769564,true
977,eval_same_demo_teacher_forced,0.00122901677,0.00122901677,raw_action_units,0.9848822753,0.9848822753,5.486463229,"[0.9603751302, 1.0089538097, 1.0077263117, 0.9624736309]","[5.4364967346, 5.538230896, 5.5360131264, 5.4351119995]","[0.0003434709, 0.000128624, 0.0005652896, 0.0009455871]","[0.0001260226, 0.0001734395, 0.0001064744, 7.52336e-05, 5.0173e-05, 6.50542e-05, 0.0028738028]",0,0.001229016731,raw_action_units,2,96,769564,769564,true
978,train_single_demo,0.00120225929,0.00120225929,raw_action_units,0.9845470786,0.9845470786,5.485154311,"[0.9600957036, 1.0084406137, 1.0073043108, 0.9623478055]","[5.4353384972, 5.5365424156, 5.5346016884, 5.4341368675]","[0.0002748882, 0.0002224502, 0.0001896953, 0.0007234965]","[0.000134774, 0.0002139362, 0.0001863359, 6.54072e-05, 8.02972e-05, 9.51944e-05, 0.0016924827]",0,0.001202259257,raw_action_units,2,96,769564,769564,true
978,eval_same_demo_teacher_forced,0.0009270910717,0.0009270910717,raw_action_units,0.9836625854,0.9836625854,5.480894725,"[0.9602053165, 1.0063871145, 1.0053133965, 0.9627447128]","[5.4331002235, 5.5300393105, 5.5283432007, 5.4320960045]","[0.0002413157, 0.0001638632, 0.0003606414, 0.000799256]","[0.0001096683, 0.0001360783, 0.0001246618, 7.57931e-05, 8.97165e-05, 4.65124e-05, 0.0021564527]",0,0.000927091044,raw_action_units,2,96,769564,769564,true
979,train_single_demo,0.0009213560649,0.0009213560649,raw_action_units,0.983888189,0.983888189,5.481781324,"[0.9604901671, 1.0066732168, 1.0053454638, 0.9630438685]","[5.4339928627, 5.5311470032, 5.528778553, 5.4332060814]","[0.0001902589, 0.0002827355, 0.0002789758, 0.0005511954]","[0.0002380824, 0.0001735172, 0.0001168874, 9.48153e-05, 5.45753e-05, 8.98103e-05, 0.001512852]",0,0.0009213560261,raw_action_units,2,96,769564,769564,true
979,eval_same_demo_teacher_forced,0.0008903891236,0.0008903891236,raw_action_units,0.9843187332,0.9843187332,5.483195941,"[0.9601595402, 1.0084609985, 1.0055783987, 0.9630761147]","[5.4334845543, 5.5349979401, 5.529695034, 5.4346051216]","[0.0002688409, 0.0001919305, 0.0003521503, 0.0007166258]","[8.83852e-05, 0.0001999841, 0.000214864, 0.000101649, 6.14919e-05, 2.94051e-05, 0.0019809285]",0,0.0008903890848,raw_action_units,2,96,769564,769564,true
980,train_single_demo,0.0008525860612,0.0008525860612,raw_action_units,0.9842095772,0.9842095772,5.482608318,"[0.9599485993, 1.0084700584, 1.0055404902, 0.9628790021]","[5.4327673912, 5.5345578194, 5.5293006897, 5.4338068962]","[0.0002005049, 0.0002937309, 0.0001836473, 0.0003337026]","[0.0001466458, 0.0001839523, 0.0001958458, 0.0001226735, 6.92115e-05, 9.84975e-05, 0.0009534486]",0,0.0008525860141,raw_action_units,2,96,769564,769564,true
980,eval_same_demo_teacher_forced,0.0007616598935,0.0007616598935,raw_action_units,0.9837879737,0.9837879737,5.480575562,"[0.9596599936, 1.0075316429, 1.0047292709, 0.9632310867]","[5.4315414429, 5.5317063332, 5.5264744759, 5.43257761]","[0.0002065991, 0.0001340716, 0.0002918385, 0.0007655192]","[0.0001205049, 0.0001609734, 9.25218e-05, 9.74881e-05, 3.50435e-05, 6.02247e-05, 0.001879793]",0,0.0007616598824,raw_action_units,2,96,769564,769564,true
981,train_single_demo,0.0007394272252,0.0007394272252,raw_action_units,0.9840550224,0.9840550224,5.481645584,"[0.9599253535, 1.0075021982, 1.0049968958, 0.9637959003]","[5.432571888, 5.5324020386, 5.5274548531, 5.4341526031]","[0.0001704445, 0.0002266674, 0.0001375429, 0.0002026885]","[0.0001095389, 0.0001422142, 0.0002154664, 8.16534e-05, 6.59952e-05, 4.83211e-05, 0.0006271615]",0,0.0007394271947,raw_action_units,2,96,769564,769564,true
981,eval_same_demo_teacher_forced,0.0008302405865,0.0008302405865,raw_action_units,0.9851130644,0.9851130644,5.485537847,"[0.9602925181, 1.00798738, 1.006606698, 0.9655655026]","[5.4351463318, 5.5358338356, 5.5320677757, 5.4391026497]","[0.0002822981, 0.0002477469, 0.0002707996, 0.0007583561]","[0.0001438486, 0.0001701658, 0.0001522542, 0.0001398429, 7.00064e-05, 0.00012113, 0.0019313531]",0,0.0008302405477,raw_action_units,2,96,769564,769564,true
982,train_single_demo,0.0007986956625,0.0007986956625,raw_action_units,0.9849107464,0.9849107464,5.484735489,"[0.9601242542, 1.0078679323, 1.0066093206, 0.9650414586]","[5.4343543053, 5.5350227356, 5.5317196846, 5.4378437996]","[0.0001302919, 0.0001778352, 0.000124307, 0.0004647705]","[0.0001436299, 0.0001394366, 0.0001004025, 4.72667e-05, 5.37894e-05, 3.81054e-05, 0.0010474774]",0,0.000798695632,raw_action_units,2,96,769564,769564,true
982,eval_same_demo_teacher_forced,0.0007735670855,0.0007735670855,raw_action_units,0.9839360714,0.9839360714,5.48164622,"[0.9598991275, 1.0071698427, 1.005666852, 0.9630085826]","[5.432849884, 5.5316796303, 5.5291557312, 5.4328989983]","[0.0001979316, 0.0002027078, 0.0002207231, 0.0007177852]","[7.38992e-05, 0.0001889724, 0.0001393063, 7.8757e-05, 8.42589e-05, 0.000103468, 0.0016748464]",0,0.0007735670633,raw_action_units,2,96,769564,769564,true
983,train_single_demo,0.0007390897178,0.0007390897178,raw_action_units,0.9839936495,0.9839936495,5.48225975,"[0.9600365758, 1.007145524, 1.0055605173, 0.9632317424]","[5.4335227013, 5.5322527885, 5.5294747353, 5.4337882996]","[0.0001970471, 0.000153037, 0.0001078517, 0.0003574913]","[0.0001484172, 0.0001477596, 0.000128612, 7.45754e-05, 6.27729e-05, 4.77046e-05, 0.0008171558]",0,0.0007390897011,raw_action_units,2,96,769564,769564,true
983,eval_same_demo_teacher_forced,0.0008211779641,0.0008211779641,raw_action_units,0.9848447045,0.9848447045,5.486063957,"[0.9604263902, 1.0079841614, 1.0064791441, 0.9644889832]","[5.4358978271, 5.5366768837, 5.5339393616, 5.4377403259]","[0.0001915325, 0.0002099129, 0.0002096798, 0.0010212885]","[8.3435e-05, 0.000267035, 0.0001284923, 4.90137e-05, 8.99471e-05, 6.87946e-05, 0.002170006]",0,0.0008211779364,raw_action_units,2,96,769564,769564,true
984,train_single_demo,0.0008235484323,0.0008235484323,raw_action_units,0.9847973585,0.9847973585,5.485435168,"[0.9600844383, 1.0080333948, 1.0066936016, 0.9643781185]","[5.4347262383, 5.5361838341, 5.5338077545, 5.4370245934]","[0.0001945463, 0.0001810367, 0.0001632128, 0.0002307387]","[8.31233e-05, 0.0001114078, 0.0001370317, 5.81457e-05, 6.67918e-05, 6.21191e-05, 0.0008280659]",0,0.0008235483741,raw_action_units,2,96,769564,769564,true
984,eval_same_demo_teacher_forced,0.0005918264699,0.0005918264699,raw_action_units,0.9844094515,0.9844094515,5.482335409,"[0.9593330026, 1.0081634521, 1.0066504478, 0.9634907842]","[5.431292057, 5.5334396362, 5.5307660103, 5.4338440895]","[0.0001354318, 0.0001350331, 0.000227272, 0.0006940558]","[8.67421e-05, 0.0001952725, 0.0001337575, 3.49195e-05, 3.94686e-05, 4.07779e-05, 0.001554699]",0,0.0005918264256,raw_action_units,2,96,769564,769564,true
985,train_single_demo,0.0006677002918,0.0006677002918,raw_action_units,0.9844141404,0.9844141404,5.482501348,"[0.959574461, 1.0081448555, 1.0065335035, 0.9634039402]","[5.4319248199, 5.5335488319, 5.5305800438, 5.4339523315]","[0.0002680524, 0.0001422861, 0.0003057351, 0.000119663]","[0.0001173942, 0.0001181421, 0.0001267467, 4.02647e-05, 6.72075e-05, 5.68257e-05, 0.0009359579]",0,0.0006677002557,raw_action_units,2,96,769564,769564,true
985,eval_same_demo_teacher_forced,0.0005702780715,0.0005702780715,raw_action_units,0.9845852852,0.9845852852,5.484888236,"[0.9598171115, 1.0083706379, 1.0066212416, 0.9635322094]","[5.4341816902, 5.5365633965, 5.5332946777, 5.4355130196]","[0.0001184874, 0.0001292387, 0.0002974886, 0.0006729884]","[0.0001150205, 0.000159477, 0.0001046478, 5.20901e-05, 4.82293e-05, 3.88386e-05, 0.0016135519]",0,0.0005702780604,raw_action_units,2,96,769564,769564,true
986,train_single_demo,0.0006795472388,0.0006795472388,raw_action_units,0.9846907059,0.9846907059,5.485280673,"[0.9597112536, 1.008477807, 1.0067853928, 0.9637883306]","[5.4341220856, 5.5370154381, 5.5339875221, 5.4359974861]","[0.0001693712, 0.0002597081, 0.0003559901, 0.0006693357]","[0.000158179, 0.0001461579, 0.0002014256, 4.16096e-05, 4.90575e-05, 5.98659e-05, 0.0018889132]",0,0.0006795472111,raw_action_units,2,96,769564,769564,true
986,eval_same_demo_teacher_forced,0.00055488199,0.00055488199,raw_action_units,0.9846760432,0.9846760432,5.485252698,"[0.9594788551, 1.0083026886, 1.0063327551, 0.9645897746]","[5.4338774681, 5.5365333557, 5.5326666832, 5.437933445]","[0.000100365, 0.0001068187, 0.0002544614, 0.0006349665]","[0.0001146273, 0.0001554034, 8.48353e-05, 4.27173e-05, 4.23688e-05, 4.367e-05, 0.0014354478]",0,0.0005548819678,raw_action_units,2,96,769564,769564,true
987,train_single_demo,0.000643894445,0.000643894445,raw_action_units,0.9845694304,0.9845694304,5.484718005,"[0.9594894052, 1.0083575249, 1.005995512, 0.9644352794]","[5.4336209297, 5.5362896919, 5.5314640999, 5.4374961853]","[0.0001822052, 0.0001959949, 0.0002733547, 0.0004488369]","[0.0001377118, 0.0001536482, 0.0002493363, 4.70014e-05, 4.31657e-05, 5.21092e-05, 0.0012427127]",0,0.000643894409,raw_action_units,2,96,769564,769564,true
987,eval_same_demo_teacher_forced,0.0005888040372,0.0005888040372,raw_action_units,0.9842093984,0.9842093984,5.483490944,"[0.9591898918, 1.008934617, 1.0044472218, 0.9642657638]","[5.4324645996, 5.5372185707, 5.5280060768, 5.4362740517]","[0.000118767, 0.0001135764, 0.0002787695, 0.0007034239]","[0.0001463913, 0.0001311946, 0.0001059255, 7.85004e-05, 3.49203e-05, 5.45587e-05, 0.0015739487]",0,0.0005888040178,raw_action_units,2,96,769564,769564,true
988,train_single_demo,0.0006627782132,0.0006627782132,raw_action_units,0.984394292,0.984394292,5.484158834,"[0.9592573047, 1.0091338158, 1.0044404268, 0.96474576]","[5.4328613281, 5.5380401611, 5.5283622742, 5.4373703003]","[0.0001501785, 0.0001121212, 0.0002927897, 0.0006052678]","[0.0001769865, 0.0001253493, 0.0001386483, 3.66083e-05, 3.39959e-05, 3.21177e-05, 0.001486919]",0,0.0006627781938,raw_action_units,2,96,769564,769564,true
988,eval_same_demo_teacher_forced,0.0005798441319,0.0005798441319,raw_action_units,0.9846545458,0.9846545458,5.485736847,"[0.9594679475, 1.0080962181, 1.0045963526, 0.9664576054]","[5.4344711304, 5.5372467041, 5.5291380882, 5.4420905113]","[0.0001308056, 0.0001215652, 0.0002260848, 0.0006634972]","[9.07889e-05, 0.0001263262, 0.00012306, 6.00676e-05, 4.36826e-05, 7.27196e-05, 0.0014817724]",0,0.0005798440959,raw_action_units,2,96,769564,769564,true
989,train_single_demo,0.0005943874906,0.0005943874906,raw_action_units,0.984553496,0.984553496,5.485127449,"[0.9595034719, 1.0079903603, 1.0046105385, 0.9661095142]","[5.4342079163, 5.5365319252, 5.5285987854, 5.441172123]","[0.0001222373, 0.000118007, 0.0002730537, 0.0004434854]","[0.0002297509, 0.0001249039, 0.0001051992, 3.92583e-05, 3.26483e-05, 3.49557e-05, 0.0011076544]",0,0.0005943874518,raw_action_units,2,96,769564,769564,true
989,eval_same_demo_teacher_forced,0.000665054967,0.000665054967,raw_action_units,0.984099706,0.984099706,5.48181661,"[0.959145546, 1.0085355043, 1.004953146, 0.9637646675]","[5.4312262535, 5.5348587036, 5.5268034935, 5.4343762398]","[0.0001644492, 0.0001610323, 0.0002426708, 0.0008220021]","[7.56936e-05, 0.0001385755, 0.0001202936, 3.51095e-05, 5.17416e-05, 5.19853e-05, 0.0019593711]",0,0.0006650549448,raw_action_units,2,96,769564,769564,true
990,train_single_demo,0.0006745913415,0.0006745913415,raw_action_units,0.9843386014,0.9843386014,5.482647896,"[0.9594858289, 1.0089637041, 1.0051203966, 0.9637846947]","[5.4322090149, 5.5361537933, 5.5276870728, 5.4345397949]","[0.000132233, 0.000104882, 0.0002413052, 0.0005281588]","[0.0001845871, 0.0001305898, 0.0001004469, 4.4045e-05, 3.55273e-05, 5.08199e-05, 0.0012154971]",0,0.000674591311,raw_action_units,2,96,769564,769564,true
990,eval_same_demo_teacher_forced,0.0005274823634,0.0005274823634,raw_action_units,0.9851661921,0.9851661921,5.486630281,"[0.9605780244, 1.0091317892, 1.0056711435, 0.9652838111]","[5.4365577698, 5.5389785767, 5.5316963196, 5.4392876625]","[0.000108415, 9.89232e-05, 0.0002093566, 0.0006641964]","[9.86639e-05, 0.000119576, 0.0001077537, 3.31039e-05, 2.56419e-05, 2.26889e-05, 0.001484131]",0,0.0005274823468,raw_action_units,2,96,769564,769564,true
991,train_single_demo,0.0005536701453,0.0005536701453,raw_action_units,0.9850695729,0.9850695729,5.486339728,"[0.9605929255, 1.0086222887, 1.0056563616, 0.9654066563]","[5.4365181923, 5.5377907753, 5.5315361023, 5.439514637]","[0.0001199868, 0.0001240528, 0.000194041, 0.0005518866]","[0.000121928, 0.0001419666, 0.0001499834, 4.6733e-05, 5.29044e-05, 4.09155e-05, 0.0011780114]",0,0.0005536701175,raw_action_units,2,96,769564,769564,true
991,eval_same_demo_teacher_forced,0.0006258000309,0.0006258000309,raw_action_units,0.9841297468,0.9841297468,5.484243393,"[0.9597924352, 1.0070123672, 1.0052767992, 0.9644371867]","[5.4344558716, 5.5341830254, 5.5305953026, 5.4377384186]","[0.0001251459, 9.15245e-05, 0.0002172047, 0.0007538319]","[0.0001152786, 0.0001096676, 0.0001081515, 3.82793e-05, 2.79175e-05, 2.4315e-05, 0.0016548778]",0,0.0006257999866,raw_action_units,2,96,769564,769564,true
992,train_single_demo,0.0006478942426,0.0006478942426,raw_action_units,0.9841691256,0.9841691256,5.48448197,"[0.9598308206, 1.0073863268, 1.0053628683, 0.9640963674]","[5.434607029, 5.5350708961, 5.5309586525, 5.4372916222]","[0.0001111294, 0.0001096225, 0.0001106413, 0.000773468]","[8.83299e-05, 0.0001624385, 9.72192e-05, 2.95058e-05, 4.5305e-05, 3.12683e-05, 0.0014794404]",0,0.0006478942177,raw_action_units,2,96,769564,769564,true
992,eval_same_demo_teacher_forced,0.0006064696742,0.0006064696742,raw_action_units,0.9848722617,0.9848722617,5.486799876,"[0.9604148865, 1.0095709562, 1.0057172775, 0.9637861252]","[5.436756134, 5.5402011871, 5.5327973366, 5.4374446869]","[0.0001461877, 0.0001143558, 0.0002366034, 0.0006868011]","[9.87786e-05, 0.0001191729, 0.0001174523, 4.56873e-05, 4.57687e-05, 2.22203e-05, 0.0016228288]",0,0.0006064696548,raw_action_units,2,96,769564,769564,true
993,train_single_demo,0.0005985759975,0.0005985759975,raw_action_units,0.984826982,0.984826982,5.486437321,"[0.9604900479, 1.0091742277, 1.005789876, 0.9638536572]","[5.4366765022, 5.5391235352, 5.5325980186, 5.4373517036]","[0.0001297558, 0.0001036544, 0.0002099287, 0.0008824428]","[0.0001182361, 0.0001109073, 0.0001219018, 3.98423e-05, 3.41923e-05, 4.35538e-05, 0.0018514842]",0,0.0005985759642,raw_action_units,2,96,769564,769564,true
993,eval_same_demo_teacher_forced,0.0006913171771,0.0006913171771,raw_action_units,0.9838574926,0.9838574926,5.483161132,"[0.9599170089, 1.0064281225, 1.0053458214, 0.9637389779]","[5.4342465401, 5.5322375298, 5.5302600861, 5.4359002113]","[0.0001623401, 9.71566e-05, 0.0001966287, 0.0007697891]","[8.34318e-05, 0.000133053, 9.3674e-05, 4.02436e-05, 2.99223e-05, 2.68949e-05, 0.001738131]",0,0.0006913171549,raw_action_units,2,96,769564,769564,true
994,train_single_demo,0.0006491479968,0.0006491479968,raw_action_units,0.9838851293,0.9838851293,5.483540853,"[0.9599326253, 1.0066465139, 1.0053805113, 0.9635808468]","[5.4344997406, 5.5330586433, 5.5306801796, 5.43592453]","[0.0001262773, 0.0001022663, 0.0001615477, 0.0004851437]","[9.70932e-05, 0.0001231145, 0.0001257624, 3.92213e-05, 3.58787e-05, 2.69906e-05, 0.0010836003]",0,0.0006491479553,raw_action_units,2,96,769564,769564,true
994,eval_same_demo_teacher_forced,0.0007683599833,0.0007683599833,raw_action_units,0.9847934842,0.9847934842,5.486778577,"[0.9608415961, 1.0087440014, 1.0058666468, 0.9637217522]","[5.437538147, 5.5388336182, 5.5332169533, 5.437526226]","[0.0001588007, 0.0001233613, 0.0001887999, 0.0009077683]","[9.42075e-05, 0.0001511931, 0.0001047954, 5.07749e-05, 2.85009e-05, 3.96617e-05, 0.0019436443]",0,0.0007683599279,raw_action_units,2,96,769564,769564,true
995,train_single_demo,0.0006952611535,0.0006952611535,raw_action_units,0.9847865303,0.9847865303,5.486072381,"[0.960724771, 1.0086268187, 1.0058256388, 0.9639689326]","[5.4367070198, 5.5378222466, 5.5324215889, 5.4373393059]","[0.0001098501, 7.42661e-05, 0.0001557012, 0.0003930547]","[9.71649e-05, 0.0001147984, 0.0001394391, 3.14675e-05, 4.15519e-05, 2.42575e-05, 0.0008338467]",0,0.0006952611286,raw_action_units,2,96,769564,769564,true
995,eval_same_demo_teacher_forced,0.0006497652309,0.0006497652309,raw_action_units,0.9845284224,0.9845284224,5.483413061,"[0.9601734281, 1.0072145462, 1.0059994459, 0.9647264481]","[5.433827877, 5.5325865746, 5.5303969383, 5.4368400574]","[0.0001717515, 0.0001011267, 0.0002160918, 0.0006673755]","[9.54277e-05, 0.00013534, 0.0001072671, 4.05692e-05, 3.13128e-05, 3.79008e-05, 0.001575787]",0,0.0006497652004,raw_action_units,2,96,769564,769564,true
996,train_single_demo,0.0006074365325,0.0006074365325,raw_action_units,0.9845544696,0.9845544696,5.48407348,"[0.9602556229, 1.0072324276, 1.0061480999, 0.964581728]","[5.4345040321, 5.5333328247, 5.5312595367, 5.4371972084]","[0.0001117092, 9.01654e-05, 0.0001064371, 0.0001202194]","[0.000110944, 0.0001371156, 0.0001196736, 2.39351e-05, 3.30905e-05, 3.72882e-05, 0.0002878822]",0,0.0006074364896,raw_action_units,2,96,769564,769564,true
996,eval_same_demo_teacher_forced,0.0006158286512,0.0006158286512,raw_action_units,0.9845876892,0.9845876892,5.487024307,"[0.9601725936, 1.0077558756, 1.0065598488, 0.9638624191]","[5.4369091988, 5.5376677513, 5.5349755287, 5.4385447502]","[0.0002165206, 9.98555e-05, 0.0002327168, 0.0006749101]","[7.94145e-05, 0.0001488265, 0.0001011908, 3.14792e-05, 4.39049e-05, 3.01009e-05, 0.0017070886]",0,0.0006158286262,raw_action_units,2,96,769564,769564,true
997,train_single_demo,0.000573960812,0.000573960812,raw_action_units,0.9845264753,0.9845264753,5.486616294,"[0.9600729942, 1.0077676773, 1.0063766241, 0.9638885856]","[5.4365162849, 5.5373997688, 5.5343670845, 5.4381804466]","[0.0001392828, 0.0001058443, 0.0001755654, 0.0005519761]","[0.0001279088, 0.0001012461, 0.000125631, 2.78735e-05, 3.39827e-05, 5.70665e-05, 0.0012284614]",0,0.000573960776,raw_action_units,2,96,769564,769564,true
997,eval_same_demo_teacher_forced,0.000664784185,0.000664784185,raw_action_units,0.9840789239,0.9840789239,5.484149297,"[0.959485352, 1.0071204901, 1.0054415464, 0.9642681479]","[5.4339709282, 5.5343184471, 5.5310249329, 5.4372839928]","[0.0001632383, 0.0001006008, 0.0002940099, 0.0007055474]","[6.60698e-05, 0.0001232114, 9.14593e-05, 3.13972e-05, 4.6816e-05, 2.05275e-05, 0.0018314623]",0,0.0006647841517,raw_action_units,2,96,769564,769564,true
998,train_single_demo,0.0006880039582,0.0006880039582,raw_action_units,0.9842376312,0.9842376312,5.484645844,"[0.9596810937, 1.00728333, 1.0055395365, 0.9644465446]","[5.4345507622, 5.5347747803, 5.5312843323, 5.4379730225]","[0.0001161406, 0.0001101628, 0.0003286406, 0.0007968946]","[0.0001046341, 0.0001035956, 9.41592e-05, 3.88181e-05, 4.91003e-05, 4.58191e-05, 0.0019295911]",0,0.0006880039083,raw_action_units,2,96,769564,769564,true
998,eval_same_demo_teacher_forced,0.0006161790225,0.0006161790225,raw_action_units,0.9849324822,0.9849324822,5.487128258,"[0.9602828026, 1.0086648464, 1.0057584047, 0.9650238156]","[5.4365448952, 5.538254261, 5.5330071449, 5.4407062531]","[9.22504e-05, 0.0001069526, 0.0002937873, 0.0006180108]","[7.40573e-05, 0.0001303943, 7.81553e-05, 2.50929e-05, 2.70137e-05, 2.70056e-05, 0.001582533]",0,0.0006161789809,raw_action_units,2,96,769564,769564,true
999,train_single_demo,0.0005854284197,0.0005854284197,raw_action_units,0.9848294655,0.9848294655,5.486760298,"[0.9601971507, 1.0086826086, 1.0055636168, 0.9648745656]","[5.4362654686, 5.5381541252, 5.5326113701, 5.440009594]","[0.0001398345, 9.53593e-05, 0.0001206816, 0.000153908]","[0.0001027022, 0.0001340464, 0.0001408749, 3.50439e-05, 6.32169e-05, 2.88873e-05, 0.000387349]",0,0.0005854283726,raw_action_units,2,96,769564,769564,true
999,eval_same_demo_teacher_forced,0.0006766273485,0.0006766273485,raw_action_units,0.9845235745,0.9845235745,5.485701243,"[0.960172832, 1.0081008673, 1.0051254034, 0.9646951556]","[5.4359054565, 5.5368499756, 5.5314865112, 5.4385609627]","[0.0001100217, 9.55858e-05, 0.0002491736, 0.0009568171]","[7.09626e-05, 0.0001445913, 0.0001218982, 3.24438e-05, 3.34225e-05, 2.42382e-05, 0.0020427401]",0,0.0006766273152,raw_action_units,2,96,769564,769564,true
