run_id,model,split,trajectory_id,time_index,target_action_index,horizon,expert_action,pred_action,expert_action_norm,pred_action_norm,expert_gripper,pred_gripper,cosine_similarity,per_dimension_error,squared_error
20260529_wam_gru_no_future_single_demo_overfit_seed0,wam_gru_dinov2s_no_future,eval_same_demo_teacher_forced,datasets/libero_spatial/pick_up_the_black_bowl_from_table_center_and_place_it_on_the_plate_demo.hdf5:data/demo_0,3,4,0,"[0.5062500238418579, 0.17142857611179352, 0.02946428582072258, -0.020357143133878708, 0.007499999832361937, -0.0, -1.0]","[0.5631684064865112, 0.0917305201292038, 0.03636365011334419, -0.030993837863206863, 0.013682154938578606, 0.010776912793517113, -0.9799643754959106]",1.134467125,1.135116577,-1,-0.9799643755,0.9959978461,"[0.05691838264465332, -0.07969805598258972, 0.0068993642926216125, -0.010636694729328156, 0.006182155106216669, 0.010776912793517113, 0.020035624504089355]",0.001472572796
20260529_wam_gru_no_future_single_demo_overfit_seed0,wam_gru_dinov2s_no_future,eval_same_demo_teacher_forced,datasets/libero_spatial/pick_up_the_black_bowl_from_table_center_and_place_it_on_the_plate_demo.hdf5:data/demo_0,3,5,1,"[0.6053571701049805, 0.1741071492433548, 0.02946428582072258, -0.02250000089406967, 0.013928571715950966, -0.0, -1.0]","[0.5979011654853821, 0.10002662241458893, 0.03855385258793831, 0.002056717872619629, 0.027616804465651512, -0.017449311912059784, -1.027248740196228]",1.182513833,1.19385469,-1,-1.02724874,0.9974021912,"[-0.007456004619598389, -0.07408052682876587, 0.009089566767215729, 0.0245567187666893, 0.013688232749700546, -0.017449311912059784, -0.027248740196228027]",0.001066215569
20260529_wam_gru_no_future_single_demo_overfit_seed0,wam_gru_dinov2s_no_future,eval_same_demo_teacher_forced,datasets/libero_spatial/pick_up_the_black_bowl_from_table_center_and_place_it_on_the_plate_demo.hdf5:data/demo_0,3,6,2,"[0.6803571581840515, 0.16339285671710968, -0.0, -0.025714285671710968, 0.0053571430034935474, -0.0, -1.0]","[0.6334711909294128, 0.10603799670934677, 0.03810643032193184, 0.01584392413496971, 0.029357094317674637, 0.01568349450826645, -0.9869966506958008]",1.220767379,1.178771853,-1,-0.9869966507,0.9972569942,"[-0.04688596725463867, -0.05735486000776291, 0.03810643032193184, 0.04155820980668068, 0.023999951779842377, 0.01568349450826645, 0.013003349304199219]",0.001379730878
20260529_wam_gru_no_future_single_demo_overfit_seed0,wam_gru_dinov2s_no_future,eval_same_demo_teacher_forced,datasets/libero_spatial/pick_up_the_black_bowl_from_table_center_and_place_it_on_the_plate_demo.hdf5:data/demo_0,3,7,3,"[0.6991071701049805, 0.14464285969734192, -0.0, -0.017142856493592262, 0.0, -0.0, -1.0]","[0.6590362191200256, 0.10810738056898117, 0.021116314455866814, 0.01078939437866211, 0.029795721173286438, 0.0025822073221206665, -1.0133113861083984]",1.228806853,1.214196324,-1,-1.013311386,0.9983161092,"[-0.040070950984954834, -0.03653547912836075, 0.021116314455866814, 0.02793225087225437, 0.029795721173286438, 0.0025822073221206665, -0.013311386108398438]",0.0007483254303
20260529_wam_gru_no_future_single_demo_overfit_seed0,wam_gru_dinov2s_no_future,eval_same_demo_teacher_forced,datasets/libero_spatial/pick_up_the_black_bowl_from_table_center_and_place_it_on_the_plate_demo.hdf5:data/demo_0,4,5,0,"[0.6053571701049805, 0.1741071492433548, 0.02946428582072258, -0.02250000089406967, 0.013928571715950966, -0.0, -1.0]","[0.6086068749427795, 0.12308648228645325, 0.010082419961690903, -0.02956422045826912, 0.006323745474219322, 0.01081877015531063, -0.9764136075973511]",1.182513833,1.157613397,-1,-0.9764136076,0.9988493919,"[0.0032497048377990723, -0.05102066695690155, -0.019381865859031677, -0.007064219564199448, -0.007604826241731644, 0.01081877015531063, 0.023586392402648926]",0.0005386323319
20260529_wam_gru_no_future_single_demo_overfit_seed0,wam_gru_dinov2s_no_future,eval_same_demo_teacher_forced,datasets/libero_spatial/pick_up_the_black_bowl_from_table_center_and_place_it_on_the_plate_demo.hdf5:data/demo_0,4,6,1,"[0.6803571581840515, 0.16339285671710968, -0.0, -0.025714285671710968, 0.0053571430034935474, -0.0, -1.0]","[0.6406294107437134, 0.11700676381587982, 0.0011196881532669067, -0.0026764608919620514, 0.01155184768140316, -0.02033708244562149, -1.0145281553268433]",1.220767379,1.205785871,-1,-1.014528155,0.9984033108,"[-0.039727747440338135, -0.04638609290122986, 0.0011196881532669067, 0.023037824779748917, 0.006194704677909613, -0.02033708244562149, -0.014528155326843262]",0.0007035709568
20260529_wam_gru_no_future_single_demo_overfit_seed0,wam_gru_dinov2s_no_future,eval_same_demo_teacher_forced,datasets/libero_spatial/pick_up_the_black_bowl_from_table_center_and_place_it_on_the_plate_demo.hdf5:data/demo_0,4,7,2,"[0.6991071701049805, 0.14464285969734192, -0.0, -0.017142856493592262, 0.0, -0.0, -1.0]","[0.6729609370231628, 0.11443192511796951, -0.026025917381048203, 0.024040069431066513, 0.0227101631462574, 0.01391177624464035, -0.9870975017547607]",1.228806853,1.200956702,-1,-0.9870975018,0.9986211658,"[-0.026146233081817627, -0.030210934579372406, -0.026025917381048203, 0.041182927787303925, 0.0227101631462574, 0.01391177624464035, 0.012902498245239258]",0.0006922102184
20260529_wam_gru_no_future_single_demo_overfit_seed0,wam_gru_dinov2s_no_future,eval_same_demo_teacher_forced,datasets/libero_spatial/pick_up_the_black_bowl_from_table_center_and_place_it_on_the_plate_demo.hdf5:data/demo_0,4,8,3,"[0.7044642567634583, 0.11785714328289032, -0.02946428582072258, -0.003214285708963871, 0.0, -0.0, -1.0]","[0.6765321493148804, 0.10367495566606522, -0.057100072503089905, 0.013470202684402466, 0.012442264705896378, 0.0048239827156066895, -1.0165846347808838]",1.229243159,1.226991653,-1,-1.016584635,0.9991806149,"[-0.02793210744857788, -0.014182187616825104, -0.027635786682367325, 0.016684487462043762, 0.012442264705896378, 0.0048239827156066895, -0.01658463478088379]",0.0003537966695
20260529_wam_gru_no_future_single_demo_overfit_seed0,wam_gru_dinov2s_no_future,eval_same_demo_teacher_forced,datasets/libero_spatial/pick_up_the_black_bowl_from_table_center_and_place_it_on_the_plate_demo.hdf5:data/demo_0,5,6,0,"[0.6803571581840515, 0.16339285671710968, -0.0, -0.025714285671710968, 0.0053571430034935474, -0.0, -1.0]","[0.6526505947113037, 0.13503655791282654, -0.019197974354028702, -0.024004552513360977, 0.006703982129693031, 0.007228059694170952, -0.9143455028533936]",1.220767379,1.131926417,-1,-0.9143455029,0.9994784594,"[-0.027706563472747803, -0.028356298804283142, -0.019197974354028702, 0.0017097331583499908, 0.0013468391261994839, 0.007228059694170952, 0.08565449714660645]",0.001333424472
20260529_wam_gru_no_future_single_demo_overfit_seed0,wam_gru_dinov2s_no_future,eval_same_demo_teacher_forced,datasets/libero_spatial/pick_up_the_black_bowl_from_table_center_and_place_it_on_the_plate_demo.hdf5:data/demo_0,5,7,1,"[0.6991071701049805, 0.14464285969734192, -0.0, -0.017142856493592262, 0.0, -0.0, -1.0]","[0.671140730381012, 0.12403646111488342, -0.04248229041695595, -0.004575483500957489, -0.00937190093100071, -0.023778587579727173, -0.9431672692298889]",1.228806853,1.165271759,-1,-0.9431672692,0.9989469051,"[-0.027966439723968506, -0.020606398582458496, -0.04248229041695595, 0.012567372992634773, -0.00937190093100071, -0.023778587579727173, 0.056832730770111084]",0.001007520244
20260529_wam_gru_no_future_single_demo_overfit_seed0,wam_gru_dinov2s_no_future,eval_same_demo_teacher_forced,datasets/libero_spatial/pick_up_the_black_bowl_from_table_center_and_place_it_on_the_plate_demo.hdf5:data/demo_0,5,8,2,"[0.7044642567634583, 0.11785714328289032, -0.02946428582072258, -0.003214285708963871, 0.0, -0.0, -1.0]","[0.707828938961029, 0.11168264597654343, -0.10077774524688721, 0.02877822145819664, 0.008153054863214493, 0.008598264306783676, -0.9296928644180298]",1.229243159,1.178536534,-1,-0.9296928644,0.99700737,"[0.0033646821975708008, -0.006174497306346893, -0.07131345570087433, 0.031992506235837936, 0.008153054863214493, 0.008598264306783676, 0.07030713558197021]",0.001606010133
20260529_wam_gru_no_future_single_demo_overfit_seed0,wam_gru_dinov2s_no_future,eval_same_demo_teacher_forced,datasets/libero_spatial/pick_up_the_black_bowl_from_table_center_and_place_it_on_the_plate_demo.hdf5:data/demo_0,5,9,3,"[0.7232142686843872, 0.1205357164144516, -0.09642857313156128, 0.0, 0.0, -0.0, -1.0]","[0.6708478331565857, 0.09276610612869263, -0.13891832530498505, 0.014988973736763, -0.005439687520265579, 0.0057196244597435, -0.9598159790039062]",1.243730783,1.18299377,-1,-0.959815979,0.9987998605,"[-0.052366435527801514, -0.027769610285758972, -0.04248975217342377, 0.014988973736763, -0.005439687520265579, 0.0057196244597435, 0.04018402099609375]",0.00103150052
20260529_wam_gru_no_future_single_demo_overfit_seed0,wam_gru_dinov2s_no_future,eval_same_demo_teacher_forced,datasets/libero_spatial/pick_up_the_black_bowl_from_table_center_and_place_it_on_the_plate_demo.hdf5:data/demo_0,6,7,0,"[0.6991071701049805, 0.14464285969734192, -0.0, -0.017142856493592262, 0.0, -0.0, -1.0]","[0.6632424592971802, 0.14130587875843048, -0.015563655644655228, -0.024089712649583817, 0.013203306123614311, 0.004258325323462486, -0.8257799744606018]",1.228806853,1.06901145,-1,-0.8257799745,0.9974883795,"[-0.03586471080780029, -0.003336980938911438, -0.015563655644655228, -0.006946856155991554, 0.013203306123614311, 0.004258325323462486, 0.1742200255393982]",0.004590424709
20260529_wam_gru_no_future_single_demo_overfit_seed0,wam_gru_dinov2s_no_future,eval_same_demo_teacher_forced,datasets/libero_spatial/pick_up_the_black_bowl_from_table_center_and_place_it_on_the_plate_demo.hdf5:data/demo_0,6,8,1,"[0.7044642567634583, 0.11785714328289032, -0.02946428582072258, -0.003214285708963871, 0.0, -0.0, -1.0]","[0.6777841448783875, 0.12212607264518738, -0.04535292088985443, -0.01371067576110363, -0.015085229650139809, -0.019071362912654877, -0.8399998545646667]",1.229243159,1.087539434,-1,-0.8399998546,0.997305572,"[-0.0266801118850708, 0.004268929362297058, -0.01588863506913185, -0.010496390052139759, -0.015085229650139809, -0.019071362912654877, 0.16000014543533325]",0.003897714661
20260529_wam_gru_no_future_single_demo_overfit_seed0,wam_gru_dinov2s_no_future,eval_same_demo_teacher_forced,datasets/libero_spatial/pick_up_the_black_bowl_from_table_center_and_place_it_on_the_plate_demo.hdf5:data/demo_0,6,9,2,"[0.7232142686843872, 0.1205357164144516, -0.09642857313156128, 0.0, 0.0, -0.0, -1.0]","[0.7060289978981018, 0.10275088250637054, -0.11649101972579956, 0.03729711100459099, 0.014241594821214676, 0.01724359579384327, -0.8298265337944031]",1.243730783,1.101411939,-1,-0.8298265338,0.9957624078,"[-0.0171852707862854, -0.017784833908081055, -0.02006244659423828, 0.03729711100459099, 0.014241594821214676, 0.01724359579384327, 0.17017346620559692]",0.004552054685
20260529_wam_gru_no_future_single_demo_overfit_seed0,wam_gru_dinov2s_no_future,eval_same_demo_teacher_forced,datasets/libero_spatial/pick_up_the_black_bowl_from_table_center_and_place_it_on_the_plate_demo.hdf5:data/demo_0,6,10,3,"[0.6830357313156128, 0.09107142686843872, -0.16875000298023224, 0.0, 0.0, -0.0, -1.0]","[0.6565315127372742, 0.08593913912773132, -0.169160395860672, 0.004713788628578186, -0.00732828676700592, 0.0035805553197860718, -0.8596458435058594]",1.226094723,1.098232269,-1,-0.8596458435,0.9984523058,"[-0.026504218578338623, -0.0051322877407073975, -0.0004103928804397583, 0.004713788628578186, -0.00732828676700592, 0.0035805553197860718, 0.14035415649414062]",0.002931002062
20260529_wam_gru_no_future_single_demo_overfit_seed0,wam_gru_dinov2s_no_future,eval_same_demo_teacher_forced,datasets/libero_spatial/pick_up_the_black_bowl_from_table_center_and_place_it_on_the_plate_demo.hdf5:data/demo_0,7,8,0,"[0.7044642567634583, 0.11785714328289032, -0.02946428582072258, -0.003214285708963871, 0.0, -0.0, -1.0]","[0.6817624568939209, 0.14533045887947083, -0.06157420948147774, -0.016365457326173782, 0.0015171505510807037, -0.0006728563457727432, -0.8437967300415039]",1.229243159,1.096346617,-1,-0.84379673,0.9965811372,"[-0.022701799869537354, 0.027473315596580505, -0.03210992366075516, -0.013151171617209911, 0.0015171505510807037, -0.0006728563457727432, 0.1562032699584961]",0.003839481622
20260529_wam_gru_no_future_single_demo_overfit_seed0,wam_gru_dinov2s_no_future,eval_same_demo_teacher_forced,datasets/libero_spatial/pick_up_the_black_bowl_from_table_center_and_place_it_on_the_plate_demo.hdf5:data/demo_0,7,9,1,"[0.7232142686843872, 0.1205357164144516, -0.09642857313156128, 0.0, 0.0, -0.0, -1.0]","[0.6913540363311768, 0.11876952648162842, -0.1058148443698883, -0.010900748893618584, -0.02898901142179966, -0.017367921769618988, -0.848240852355957]",1.243730783,1.106366515,-1,-0.8482408524,0.9976274967,"[-0.03186023235321045, -0.0017661899328231812, -0.009386271238327026, -0.010900748893618584, -0.02898901142179966, -0.017367921769618988, 0.15175914764404297]",0.003628281178
20260529_wam_gru_no_future_single_demo_overfit_seed0,wam_gru_dinov2s_no_future,eval_same_demo_teacher_forced,datasets/libero_spatial/pick_up_the_black_bowl_from_table_center_and_place_it_on_the_plate_demo.hdf5:data/demo_0,7,10,2,"[0.6830357313156128, 0.09107142686843872, -0.16875000298023224, 0.0, 0.0, -0.0, -1.0]","[0.7235924601554871, 0.10921849310398102, -0.19023267924785614, 0.04364977404475212, -0.002974133938550949, 0.011154692620038986, -0.8470767140388489]",1.226094723,1.136345387,-1,-0.847076714,0.9928926826,"[0.04055672883987427, 0.018147066235542297, -0.0214826762676239, 0.04364977404475212, -0.002974133938550949, 0.011154692620038986, 0.15292328596115112]",0.003979968373
20260529_wam_gru_no_future_single_demo_overfit_seed0,wam_gru_dinov2s_no_future,eval_same_demo_teacher_forced,datasets/libero_spatial/pick_up_the_black_bowl_from_table_center_and_place_it_on_the_plate_demo.hdf5:data/demo_0,7,11,3,"[0.6723214387893677, 0.0803571417927742, -0.22232143580913544, 0.0, 0.0, -0.0, -1.0]","[0.6650607585906982, 0.09072063863277435, -0.24884818494319916, 0.0009350478649139404, -0.021804504096508026, 0.001932002604007721, -0.8724009990692139]",1.227965951,1.128727198,-1,-0.8724009991,0.9971943498,"[-0.007260680198669434, 0.010363496840000153, -0.02652674913406372, 0.0009350478649139404, -0.021804504096508026, 0.001932002604007721, 0.12759900093078613]",0.002517904853
20260529_wam_gru_no_future_single_demo_overfit_seed0,wam_gru_dinov2s_no_future,eval_same_demo_teacher_forced,datasets/libero_spatial/pick_up_the_black_bowl_from_table_center_and_place_it_on_the_plate_demo.hdf5:data/demo_0,8,9,0,"[0.7232142686843872, 0.1205357164144516, -0.09642857313156128, 0.0, 0.0, -0.0, -1.0]","[0.67527836561203, 0.14519882202148438, -0.11701488494873047, -0.013283107429742813, -0.0025946442037820816, -0.0019515175372362137, -0.8513854146003723]",1.243730783,1.102642417,-1,-0.8513854146,0.9979226589,"[-0.04793590307235718, 0.024663105607032776, -0.02058631181716919, -0.013283107429742813, -0.0025946442037820816, -0.0019515175372362137, 0.14861458539962769]",0.003657598747
20260529_wam_gru_no_future_single_demo_overfit_seed0,wam_gru_dinov2s_no_future,eval_same_demo_teacher_forced,datasets/libero_spatial/pick_up_the_black_bowl_from_table_center_and_place_it_on_the_plate_demo.hdf5:data/demo_0,8,10,1,"[0.6830357313156128, 0.09107142686843872, -0.16875000298023224, 0.0, 0.0, -0.0, -1.0]","[0.6809434294700623, 0.11357107758522034, -0.16397079825401306, -0.011289164423942566, -0.039528943598270416, -0.017292417585849762, -0.8499859571456909]",1.226094723,1.108121753,-1,-0.8499859571,0.9959118366,"[-0.002092301845550537, 0.022499650716781616, 0.004779204726219177, -0.011289164423942566, -0.039528943598270416, -0.017292417585849762, 0.15001404285430908]",0.003575239331
20260529_wam_gru_no_future_single_demo_overfit_seed0,wam_gru_dinov2s_no_future,eval_same_demo_teacher_forced,datasets/libero_spatial/pick_up_the_black_bowl_from_table_center_and_place_it_on_the_plate_demo.hdf5:data/demo_0,8,11,2,"[0.6723214387893677, 0.0803571417927742, -0.22232143580913544, 0.0, 0.0, -0.0, -1.0]","[0.701191246509552, 0.106156125664711, -0.25484156608581543, 0.041341330856084824, -0.013401385396718979, 0.007128089666366577, -0.855012059211731]",1.227965951,1.140555859,-1,-0.8550120592,0.9936177731,"[0.028869807720184326, 0.025798983871936798, -0.03252013027667999, 0.041341330856084824, -0.013401385396718979, 0.007128089666366577, 0.14498794078826904]",0.003645375371
20260529_wam_gru_no_future_single_demo_overfit_seed0,wam_gru_dinov2s_no_future,eval_same_demo_teacher_forced,datasets/libero_spatial/pick_up_the_black_bowl_from_table_center_and_place_it_on_the_plate_demo.hdf5:data/demo_0,8,12,3,"[0.6241071224212646, 0.04821428656578064, -0.30267858505249023, 0.0, 0.0, -0.0, -1.0]","[0.6369533538818359, 0.08813666552305222, -0.31953850388526917, -4.4129788875579834e-05, -0.027674373239278793, 0.00032954663038253784, -0.8832529187202454]",1.21796906,1.138632655,-1,-0.8832529187,0.9963424206,"[0.012846231460571289, 0.039922378957271576, -0.01685991883277893, -4.4129788875579834e-05, -0.027674373239278793, 0.00032954663038253784, 0.11674708127975464]",0.002348419977
20260529_wam_gru_no_future_single_demo_overfit_seed0,wam_gru_dinov2s_no_future,eval_same_demo_teacher_forced,datasets/libero_spatial/pick_up_the_black_bowl_from_table_center_and_place_it_on_the_plate_demo.hdf5:data/demo_0,9,10,0,"[0.6830357313156128, 0.09107142686843872, -0.16875000298023224, 0.0, 0.0, -0.0, -1.0]","[0.6791934370994568, 0.13948437571525574, -0.1652354896068573, -0.013781476765871048, -0.004049323499202728, -0.002567106857895851, -0.8906869292259216]",1.226094723,1.140876174,-1,-0.8906869292,0.9974011183,"[-0.003842294216156006, 0.04841294884681702, 0.003514513373374939, -0.013781476765871048, -0.004049323499202728, -0.002567106857895851, 0.10931307077407837]",0.002076170407
20260529_wam_gru_no_future_single_demo_overfit_seed0,wam_gru_dinov2s_no_future,eval_same_demo_teacher_forced,datasets/libero_spatial/pick_up_the_black_bowl_from_table_center_and_place_it_on_the_plate_demo.hdf5:data/demo_0,9,11,1,"[0.6723214387893677, 0.0803571417927742, -0.22232143580913544, 0.0, 0.0, -0.0, -1.0]","[0.6681573987007141, 0.10812534391880035, -0.22009539604187012, -0.012494893744587898, -0.03779468685388565, -0.015586048364639282, -0.8823997378349304]",1.227965951,1.13447082,-1,-0.8823997378,0.9972330332,"[-0.0041640400886535645, 0.027768202126026154, 0.00222603976726532, -0.012494893744587898, -0.03779468685388565, -0.015586048364639282, 0.11760026216506958]",0.002350096358
20260529_wam_gru_no_future_single_demo_overfit_seed0,wam_gru_dinov2s_no_future,eval_same_demo_teacher_forced,datasets/libero_spatial/pick_up_the_black_bowl_from_table_center_and_place_it_on_the_plate_demo.hdf5:data/demo_0,9,12,2,"[0.6241071224212646, 0.04821428656578064, -0.30267858505249023, 0.0, 0.0, -0.0, -1.0]","[0.6752319931983948, 0.09591194987297058, -0.30010077357292175, 0.03812329098582268, -0.02088896557688713, 0.0021795742213726044, -0.8863698244094849]",1.21796906,1.158768296,-1,-0.8863698244,0.9942617416,"[0.05112487077713013, 0.04769766330718994, 0.0025778114795684814, 0.03812329098582268, -0.02088896557688713, 0.0021795742213726044, 0.11363017559051514]",0.002814538078
20260529_wam_gru_no_future_single_demo_overfit_seed0,wam_gru_dinov2s_no_future,eval_same_demo_teacher_forced,datasets/libero_spatial/pick_up_the_black_bowl_from_table_center_and_place_it_on_the_plate_demo.hdf5:data/demo_0,9,13,3,"[0.5946428775787354, 0.04821428656578064, -0.39375001192092896, 0.0, -0.014999999664723873, -0.0, -1.0]","[0.6136544346809387, 0.07976561784744263, -0.37392646074295044, 0.0011925175786018372, -0.027064017951488495, -0.0003652051091194153, -0.9142947196960449]",1.229304194,1.165943503,-1,-0.9142947197,0.9981762767,"[0.01901155710220337, 0.03155133128166199, 0.019823551177978516, 0.0011925175786018372, -0.012064018286764622, -0.0003652051091194153, 0.08570528030395508]",0.001320341486
20260529_wam_gru_no_future_single_demo_overfit_seed0,wam_gru_dinov2s_no_future,eval_same_demo_teacher_forced,datasets/libero_spatial/pick_up_the_black_bowl_from_table_center_and_place_it_on_the_plate_demo.hdf5:data/demo_0,10,11,0,"[0.6723214387893677, 0.0803571417927742, -0.22232143580913544, 0.0, 0.0, -0.0, -1.0]","[0.6557859778404236, 0.15270759165287018, -0.21863698959350586, -0.011506322771310806, -0.01496662013232708, -0.007726246491074562, -0.9145371317863464]",1.227965951,1.156707048,-1,-0.9145371318,0.9971261024,"[-0.016535460948944092, 0.07235044986009598, 0.0036844462156295776, -0.011506322771310806, -0.01496662013232708, -0.007726246491074562, 0.08546286821365356]",0.001891653868
20260529_wam_gru_no_future_single_demo_overfit_seed0,wam_gru_dinov2s_no_future,eval_same_demo_teacher_forced,datasets/libero_spatial/pick_up_the_black_bowl_from_table_center_and_place_it_on_the_plate_demo.hdf5:data/demo_0,10,12,1,"[0.6241071224212646, 0.04821428656578064, -0.30267858505249023, 0.0, 0.0, -0.0, -1.0]","[0.6503320932388306, 0.1102762371301651, -0.28004205226898193, -0.014911886304616928, -0.04306379705667496, -0.011752665042877197, -0.9056017994880676]",1.21796906,1.155787945,-1,-0.9056017995,0.9956272244,"[0.026224970817565918, 0.06206195056438446, 0.0226365327835083, -0.014911886304616928, -0.04306379705667496, -0.011752665042877197, 0.09439820051193237]",0.002311121207
20260529_wam_gru_no_future_single_demo_overfit_seed0,wam_gru_dinov2s_no_future,eval_same_demo_teacher_forced,datasets/libero_spatial/pick_up_the_black_bowl_from_table_center_and_place_it_on_the_plate_demo.hdf5:data/demo_0,10,13,2,"[0.5946428775787354, 0.04821428656578064, -0.39375001192092896, 0.0, -0.014999999664723873, -0.0, -1.0]","[0.6439316868782043, 0.09925913065671921, -0.356010377407074, 0.043273311108350754, -0.02515518292784691, 0.0023811906576156616, -0.9034720063209534]",1.229304194,1.170477033,-1,-0.9034720063,0.9950315952,"[0.049288809299468994, 0.05104484409093857, 0.03773963451385498, 0.043273311108350754, -0.010155183263123035, 0.0023811906576156616, 0.09652799367904663]",0.002536896151
20260529_wam_gru_no_future_single_demo_overfit_seed0,wam_gru_dinov2s_no_future,eval_same_demo_teacher_forced,datasets/libero_spatial/pick_up_the_black_bowl_from_table_center_and_place_it_on_the_plate_demo.hdf5:data/demo_0,10,14,3,"[0.6133928298950195, 0.08571428805589676, -0.4419642984867096, 0.0, -0.017142856493592262, -0.0, -1.0]","[0.5835468769073486, 0.08115628361701965, -0.42746761441230774, 0.004150591790676117, -0.03198372945189476, 0.0050821080803871155, -0.9233062267303467]",1.256671786,1.176181197,-1,-0.9233062267,0.9997333288,"[-0.0298459529876709, -0.004558004438877106, 0.014496684074401855, 0.004150591790676117, -0.014840872958302498, 0.0050821080803871155, 0.07669377326965332]",0.001038136077
20260529_wam_gru_no_future_single_demo_overfit_seed0,wam_gru_dinov2s_no_future,eval_same_demo_teacher_forced,datasets/libero_spatial/pick_up_the_black_bowl_from_table_center_and_place_it_on_the_plate_demo.hdf5:data/demo_0,11,12,0,"[0.6241071224212646, 0.04821428656578064, -0.30267858505249023, 0.0, 0.0, -0.0, -1.0]","[0.6457448601722717, 0.13968250155448914, -0.2982887327671051, -0.00810505822300911, -0.016090551391243935, -0.011041292920708656, -0.9589282274246216]",1.21796906,1.202274323,-1,-0.9589282274,0.9963324666,"[0.02163773775100708, 0.0914682149887085, 0.004389852285385132, -0.00810505822300911, -0.016090551391243935, -0.011041292920708656, 0.04107177257537842]",0.001569613582
20260529_wam_gru_no_future_single_demo_overfit_seed0,wam_gru_dinov2s_no_future,eval_same_demo_teacher_forced,datasets/libero_spatial/pick_up_the_black_bowl_from_table_center_and_place_it_on_the_plate_demo.hdf5:data/demo_0,11,13,1,"[0.5946428775787354, 0.04821428656578064, -0.39375001192092896, 0.0, -0.014999999664723873, -0.0, -1.0]","[0.6226766109466553, 0.0940684825181961, -0.3637862801551819, -0.00626300647854805, -0.04464293271303177, -0.0063984692096710205, -0.9442303776741028]",1.229304194,1.192711115,-1,-0.9442303777,0.99777776,"[0.028033733367919922, 0.045854195952415466, 0.02996373176574707, -0.00626300647854805, -0.02964293211698532, -0.0063984692096710205, 0.05576962232589722]",0.001122206217
20260529_wam_gru_no_future_single_demo_overfit_seed0,wam_gru_dinov2s_no_future,eval_same_demo_teacher_forced,datasets/libero_spatial/pick_up_the_black_bowl_from_table_center_and_place_it_on_the_plate_demo.hdf5:data/demo_0,11,14,2,"[0.6133928298950195, 0.08571428805589676, -0.4419642984867096, 0.0, -0.017142856493592262, -0.0, -1.0]","[0.5996636152267456, 0.09231889247894287, -0.43731996417045593, 0.045586343854665756, -0.03561237081885338, -0.004628278315067291, -0.9389467239379883]",1.256671786,1.201813936,-1,-0.9389467239,0.998870194,"[-0.013729214668273926, 0.006604604423046112, 0.004644334316253662, 0.045586343854665756, -0.018469514325261116, -0.004628278315067291, 0.06105327606201172]",0.0009174062288
20260529_wam_gru_no_future_single_demo_overfit_seed0,wam_gru_dinov2s_no_future,eval_same_demo_teacher_forced,datasets/libero_spatial/pick_up_the_black_bowl_from_table_center_and_place_it_on_the_plate_demo.hdf5:data/demo_0,11,15,3,"[0.5732142925262451, 0.12857143580913544, -0.5089285969734192, 0.003214285708963871, -0.02678571455180645, -0.0, -1.0]","[0.543727695941925, 0.06831638514995575, -0.504381537437439, 0.010729391127824783, -0.034483179450035095, 0.004625298082828522, -0.9524788856506348]",1.266823292,1.20964849,-1,-0.9524788857,0.9988099337,"[-0.02948659658432007, -0.06025505065917969, 0.004547059535980225, 0.007515105418860912, -0.007697464898228645, 0.004625298082828522, 0.047521114349365234]",0.000988026266
20260529_wam_gru_no_future_single_demo_overfit_seed0,wam_gru_dinov2s_no_future,eval_same_demo_teacher_forced,datasets/libero_spatial/pick_up_the_black_bowl_from_table_center_and_place_it_on_the_plate_demo.hdf5:data/demo_0,12,13,0,"[0.5946428775787354, 0.04821428656578064, -0.39375001192092896, 0.0, -0.014999999664723873, -0.0, -1.0]","[0.6469221115112305, 0.10367909073829651, -0.38519877195358276, -0.002226743847131729, -0.013350889086723328, -0.011974582448601723, -1.0025722980499268]",1.229304194,1.258218408,-1,-1.002572298,0.9983175993,"[0.05227923393249512, 0.05546480417251587, 0.008551239967346191, -0.002226743847131729, 0.0016491105780005455, -0.011974582448601723, -0.002572298049926758]",0.0008628959768
20260529_wam_gru_no_future_single_demo_overfit_seed0,wam_gru_dinov2s_no_future,eval_same_demo_teacher_forced,datasets/libero_spatial/pick_up_the_black_bowl_from_table_center_and_place_it_on_the_plate_demo.hdf5:data/demo_0,12,14,1,"[0.6133928298950195, 0.08571428805589676, -0.4419642984867096, 0.0, -0.017142856493592262, -0.0, -1.0]","[0.5863732099533081, 0.06835855543613434, -0.45716798305511475, 0.009087041020393372, -0.044234663248062134, -0.00580887496471405, -0.9664332270622253]",1.256671786,1.222119093,-1,-0.9664332271,0.9993340969,"[-0.027019619941711426, -0.01735573261976242, -0.015203684568405151, 0.009087041020393372, -0.02709180675446987, -0.00580887496471405, 0.03356677293777466]",0.0004627778253
20260529_wam_gru_no_future_single_demo_overfit_seed0,wam_gru_dinov2s_no_future,eval_same_demo_teacher_forced,datasets/libero_spatial/pick_up_the_black_bowl_from_table_center_and_place_it_on_the_plate_demo.hdf5:data/demo_0,12,15,2,"[0.5732142925262451, 0.12857143580913544, -0.5089285969734192, 0.003214285708963871, -0.02678571455180645, -0.0, -1.0]","[0.5425103902816772, 0.07377553731203079, -0.5262599587440491, 0.03984467312693596, -0.048351023346185684, -0.013752054423093796, -0.9594773054122925]",1.266823292,1.225324869,-1,-0.9594773054,0.9980152845,"[-0.03070390224456787, -0.054795898497104645, -0.017331361770629883, 0.03663038834929466, -0.021565308794379234, -0.013752054423093796, 0.04052269458770752]",0.001126250252
20260529_wam_gru_no_future_single_demo_overfit_seed0,wam_gru_dinov2s_no_future,eval_same_demo_teacher_forced,datasets/libero_spatial/pick_up_the_black_bowl_from_table_center_and_place_it_on_the_plate_demo.hdf5:data/demo_0,12,16,3,"[0.5062500238418579, 0.13124999403953552, -0.5946428775787354, 0.013928571715950966, -0.04928571358323097, -0.0, -1.0]","[0.4923475384712219, 0.052476029843091965, -0.5846386551856995, 0.014824077486991882, -0.03726184368133545, 0.002413608133792877, -0.9596134424209595]",1.276612282,1.228590369,-1,-0.9596134424,0.9980952144,"[-0.013902485370635986, -0.07877396047115326, 0.010004222393035889, 0.0008955057710409164, 0.012023869901895523, 0.002413608133792877, 0.04038655757904053]",0.001182996552
20260529_wam_gru_no_future_single_demo_overfit_seed0,wam_gru_dinov2s_no_future,eval_same_demo_teacher_forced,datasets/libero_spatial/pick_up_the_black_bowl_from_table_center_and_place_it_on_the_plate_demo.hdf5:data/demo_0,13,14,0,"[0.6133928298950195, 0.08571428805589676, -0.4419642984867096, 0.0, -0.017142856493592262, -0.0, -1.0]","[0.6239635944366455, 0.11047369241714478, -0.45609432458877563, 0.003672610968351364, -0.01741986908018589, -0.011636154726147652, -1.0585719347000122]",1.256671786,1.315516591,-1,-1.058571935,0.9996850491,"[0.010570764541625977, 0.024759404361248016, -0.01413002610206604, 0.003672610968351364, -0.00027701258659362793, -0.011636154726147652, -0.05857193470001221]",0.0006434375537
20260529_wam_gru_no_future_single_demo_overfit_seed0,wam_gru_dinov2s_no_future,eval_same_demo_teacher_forced,datasets/libero_spatial/pick_up_the_black_bowl_from_table_center_and_place_it_on_the_plate_demo.hdf5:data/demo_0,13,15,1,"[0.5732142925262451, 0.12857143580913544, -0.5089285969734192, 0.003214285708963871, -0.02678571455180645, -0.0, -1.0]","[0.5476041436195374, 0.06064106523990631, -0.5220316648483276, 0.0164591446518898, -0.037278443574905396, -0.007851175963878632, -1.0112476348876953]",1.266823292,1.265072584,-1,-1.011247635,0.9981553555,"[-0.025610148906707764, -0.06793037056922913, -0.013103067874908447, 0.01324485894292593, -0.010492729023098946, -0.007851175963878632, -0.011247634887695312]",0.0008451113245
20260529_wam_gru_no_future_single_demo_overfit_seed0,wam_gru_dinov2s_no_future,eval_same_demo_teacher_forced,datasets/libero_spatial/pick_up_the_black_bowl_from_table_center_and_place_it_on_the_plate_demo.hdf5:data/demo_0,13,16,2,"[0.5062500238418579, 0.13124999403953552, -0.5946428775787354, 0.013928571715950966, -0.04928571358323097, -0.0, -1.0]","[0.48438167572021484, 0.07458546757698059, -0.5740379095077515, 0.03890059515833855, -0.04949552193284035, -0.012453172355890274, -0.9935965538024902]",1.276612282,1.249423981,-1,-0.9935965538,0.9986851811,"[-0.021868348121643066, -0.05666452646255493, 0.020604968070983887, 0.02497202344238758, -0.000209808349609375, -0.012453172355890274, 0.006403446197509766]",0.0007047699182
20260529_wam_gru_no_future_single_demo_overfit_seed0,wam_gru_dinov2s_no_future,eval_same_demo_teacher_forced,datasets/libero_spatial/pick_up_the_black_bowl_from_table_center_and_place_it_on_the_plate_demo.hdf5:data/demo_0,13,17,3,"[0.4312500059604645, 0.1339285671710968, -0.675000011920929, 0.023571427911520004, -0.07392857223749161, -0.0, -1.0]","[0.4488042891025543, 0.04742380976676941, -0.6399350762367249, 0.021262533962726593, -0.03430316597223282, 0.00695357471704483, -0.9675482511520386]",1.29056561,1.24539876,-1,-0.9675482512,0.9969956279,"[0.017554283142089844, -0.08650475740432739, 0.0350649356842041, -0.0023088939487934113, 0.03962540626525879, 0.00695357471704483, 0.032451748847961426]",0.001671106787
20260529_wam_gru_no_future_single_demo_overfit_seed0,wam_gru_dinov2s_no_future,eval_same_demo_teacher_forced,datasets/libero_spatial/pick_up_the_black_bowl_from_table_center_and_place_it_on_the_plate_demo.hdf5:data/demo_0,14,15,0,"[0.5732142925262451, 0.12857143580913544, -0.5089285969734192, 0.003214285708963871, -0.02678571455180645, -0.0, -1.0]","[0.6121485233306885, 0.10142326354980469, -0.5379967093467712, 0.011725302785634995, -0.022101642563939095, -0.014156999066472054, -1.1147555112838745]",1.266823292,1.384904027,-1,-1.114755511,0.9992537498,"[0.03893423080444336, -0.02714817225933075, -0.02906811237335205, 0.008511017076671124, 0.004684071987867355, -0.014156999066472054, -0.11475551128387451]",0.002365925815
20260529_wam_gru_no_future_single_demo_overfit_seed0,wam_gru_dinov2s_no_future,eval_same_demo_teacher_forced,datasets/libero_spatial/pick_up_the_black_bowl_from_table_center_and_place_it_on_the_plate_demo.hdf5:data/demo_0,14,16,1,"[0.5062500238418579, 0.13124999403953552, -0.5946428775787354, 0.013928571715950966, -0.04928571358323097, -0.0, -1.0]","[0.5221219062805176, 0.061865679919719696, -0.6011974811553955, 0.028010830283164978, -0.04364264756441116, -0.009133823215961456, -1.0889577865600586]",1.276612282,1.351472855,-1,-1.088957787,0.997759223,"[0.015871882438659668, -0.06938431411981583, -0.006554603576660156, 0.014082258567214012, 0.005643066018819809, -0.009133823215961456, -0.0889577865600586]",0.001905161771
20260529_wam_gru_no_future_single_demo_overfit_seed0,wam_gru_dinov2s_no_future,eval_same_demo_teacher_forced,datasets/libero_spatial/pick_up_the_black_bowl_from_table_center_and_place_it_on_the_plate_demo.hdf5:data/demo_0,14,17,2,"[0.4312500059604645, 0.1339285671710968, -0.675000011920929, 0.023571427911520004, -0.07392857223749161, -0.0, -1.0]","[0.45291751623153687, 0.06806652247905731, -0.6501669883728027, 0.04357306286692619, -0.05732211098074913, -0.024435322731733322, -1.0879724025726318]",1.29056561,1.349796176,-1,-1.087972403,0.9968634844,"[0.021667510271072388, -0.06586204469203949, 0.02483302354812622, 0.02000163495540619, 0.016606461256742477, -0.024435322731733322, -0.08797240257263184]",0.00206229114
20260529_wam_gru_no_future_single_demo_overfit_seed0,wam_gru_dinov2s_no_future,eval_same_demo_teacher_forced,datasets/libero_spatial/pick_up_the_black_bowl_from_table_center_and_place_it_on_the_plate_demo.hdf5:data/demo_0,14,18,3,"[0.4258928596973419, 0.14196428656578064, -0.75, 0.02678571455180645, -0.0803571417927742, -0.006428571417927742, -1.0]","[0.4143742322921753, 0.04287540912628174, -0.7194005250930786, 0.03057282418012619, -0.04550081491470337, 0.005240611732006073, -1.0488760471343994]",1.330884814,1.339498043,-1,-1.048876047,0.9959142804,"[-0.011518627405166626, -0.0990888774394989, 0.030599474906921387, 0.0037871096283197403, 0.03485632687807083, 0.011669183149933815, -0.048876047134399414]",0.002091707895
20260529_wam_gru_no_future_single_demo_overfit_seed0,wam_gru_dinov2s_no_future,eval_same_demo_teacher_forced,datasets/libero_spatial/pick_up_the_black_bowl_from_table_center_and_place_it_on_the_plate_demo.hdf5:data/demo_0,15,16,0,"[0.5062500238418579, 0.13124999403953552, -0.5946428775787354, 0.013928571715950966, -0.04928571358323097, -0.0, -1.0]","[0.5597370862960815, 0.10873737931251526, -0.6178959608078003, 0.006805505603551865, -0.032599709928035736, -0.01996983028948307, -1.146194338798523]",1.276612282,1.422038674,-1,-1.146194339,0.9986613989,"[0.05348706245422363, -0.022512614727020264, -0.02325308322906494, -0.007123066112399101, 0.016686003655195236, -0.01996983028948307, -0.14619433879852295]",0.003715589875
20260529_wam_gru_no_future_single_demo_overfit_seed0,wam_gru_dinov2s_no_future,eval_same_demo_teacher_forced,datasets/libero_spatial/pick_up_the_black_bowl_from_table_center_and_place_it_on_the_plate_demo.hdf5:data/demo_0,15,17,1,"[0.4312500059604645, 0.1339285671710968, -0.675000011920929, 0.023571427911520004, -0.07392857223749161, -0.0, -1.0]","[0.4918878972530365, 0.07074488699436188, -0.6849233508110046, 0.039260998368263245, -0.061949990689754486, -0.011149108409881592, -1.1332932710647583]",1.29056561,1.416310549,-1,-1.133293271,0.9971997142,"[0.06063789129257202, -0.06318368017673492, -0.009923338890075684, 0.01568957045674324, 0.011978581547737122, -0.011149108409881592, -0.1332932710647583]",0.003721236018
20260529_wam_gru_no_future_single_demo_overfit_seed0,wam_gru_dinov2s_no_future,eval_same_demo_teacher_forced,datasets/libero_spatial/pick_up_the_black_bowl_from_table_center_and_place_it_on_the_plate_demo.hdf5:data/demo_0,15,18,2,"[0.4258928596973419, 0.14196428656578064, -0.75, 0.02678571455180645, -0.0803571417927742, -0.006428571417927742, -1.0]","[0.4112987220287323, 0.07511907815933228, -0.7249112725257874, 0.05122167989611626, -0.0540764220058918, -0.02676064893603325, -1.1489309072494507]",1.330884814,1.423591375,-1,-1.148930907,0.9945641756,"[-0.01459413766860962, -0.06684520840644836, 0.025088727474212646, 0.024435965344309807, 0.0262807197868824, -0.020332077518105507, -0.14893090724945068]",0.004170330707
20260529_wam_gru_no_future_single_demo_overfit_seed0,wam_gru_dinov2s_no_future,eval_same_demo_teacher_forced,datasets/libero_spatial/pick_up_the_black_bowl_from_table_center_and_place_it_on_the_plate_demo.hdf5:data/demo_0,15,19,3,"[0.4124999940395355, 0.13124999403953552, -0.7982142567634583, 0.031071428209543228, -0.07928571105003357, -0.02250000089406967, -1.0]","[0.3689573407173157, 0.06434639543294907, -0.7957722544670105, 0.028885889798402786, -0.05686711519956589, -0.00466146320104599, -1.108508825302124]",1.353619814,1.416476369,-1,-1.108508825,0.9960814118,"[-0.04354265332221985, -0.06690359860658646, 0.002442002296447754, -0.002185538411140442, 0.022418595850467682, 0.01783853769302368, -0.10850882530212402]",0.002711109584
20260529_wam_gru_no_future_single_demo_overfit_seed0,wam_gru_dinov2s_no_future,eval_same_demo_teacher_forced,datasets/libero_spatial/pick_up_the_black_bowl_from_table_center_and_place_it_on_the_plate_demo.hdf5:data/demo_0,16,17,0,"[0.4312500059604645, 0.1339285671710968, -0.675000011920929, 0.023571427911520004, -0.07392857223749161, -0.0, -1.0]","[0.5126876831054688, 0.09660886973142624, -0.6767891645431519, 0.003069516271352768, -0.03481176495552063, -0.02947475202381611, -1.1038833856582642]",1.29056561,1.396736979,-1,-1.103883386,0.9971243739,"[0.08143767714500427, -0.03731969743967056, -0.0017891526222229004, -0.020501911640167236, 0.03911680728197098, -0.02947475202381611, -0.10388338565826416]",0.003091289895
20260529_wam_gru_no_future_single_demo_overfit_seed0,wam_gru_dinov2s_no_future,eval_same_demo_teacher_forced,datasets/libero_spatial/pick_up_the_black_bowl_from_table_center_and_place_it_on_the_plate_demo.hdf5:data/demo_0,16,18,1,"[0.4258928596973419, 0.14196428656578064, -0.75, 0.02678571455180645, -0.0803571417927742, -0.006428571417927742, -1.0]","[0.4370870888233185, 0.059832774102687836, -0.7496526837348938, 0.044779449701309204, -0.0795617625117302, -0.01829632744193077, -1.0706454515457153]",1.330884814,1.382590294,-1,-1.070645452,0.9973769188,"[0.011194229125976562, -0.0821315124630928, 0.00034731626510620117, 0.017993735149502754, 0.0007953792810440063, -0.011867756024003029, -0.07064545154571533]",0.001761006773
20260529_wam_gru_no_future_single_demo_overfit_seed0,wam_gru_dinov2s_no_future,eval_same_demo_teacher_forced,datasets/libero_spatial/pick_up_the_black_bowl_from_table_center_and_place_it_on_the_plate_demo.hdf5:data/demo_0,16,19,2,"[0.4124999940395355, 0.13124999403953552, -0.7982142567634583, 0.031071428209543228, -0.07928571105003357, -0.02250000089406967, -1.0]","[0.35559412837028503, 0.05496983975172043, -0.7851734161376953, 0.05575684830546379, -0.05654490366578102, -0.031742703169584274, -1.082732915878296]",1.353619814,1.38765645,-1,-1.082732916,0.9957076907,"[-0.05690586566925049, -0.0762801542878151, 0.01304084062576294, 0.024685420095920563, 0.022740807384252548, -0.009242702275514603, -0.0827329158782959]",0.002469097031
20260529_wam_gru_no_future_single_demo_overfit_seed0,wam_gru_dinov2s_no_future,eval_same_demo_teacher_forced,datasets/libero_spatial/pick_up_the_black_bowl_from_table_center_and_place_it_on_the_plate_demo.hdf5:data/demo_0,16,20,3,"[0.3080357015132904, 0.07232142984867096, -0.84375, 0.04821428656578064, -0.05892857164144516, -0.0535714291036129, -1.0]","[0.29841363430023193, 0.06303467601537704, -0.8549711108207703, 0.024880744516849518, -0.06423415243625641, -0.013253681361675262, -1.0371662378311157]",1.349332213,1.380084872,-1,-1.037166238,0.9992110729,"[-0.009622067213058472, -0.009286753833293915, -0.011221110820770264, -0.023333542048931122, -0.005305580794811249, 0.04031774774193764, -0.03716623783111572]",0.0005548849585
20260529_wam_gru_no_future_single_demo_overfit_seed0,wam_gru_dinov2s_no_future,eval_same_demo_teacher_forced,datasets/libero_spatial/pick_up_the_black_bowl_from_table_center_and_place_it_on_the_plate_demo.hdf5:data/demo_0,17,18,0,"[0.4258928596973419, 0.14196428656578064, -0.75, 0.02678571455180645, -0.0803571417927742, -0.006428571417927742, -1.0]","[0.3954314589500427, 0.13722476363182068, -0.7724989652633667, -0.0002123899757862091, -0.07263068109750748, -0.03316999226808548, -0.9992191791534424]",1.330884814,1.332953811,-1,-0.9992191792,0.9991667867,"[-0.030461400747299194, -0.004739522933959961, -0.0224989652633667, -0.02699810452759266, 0.007726460695266724, -0.026741420850157738, 0.0007808208465576172]",0.0004229817714
20260529_wam_gru_no_future_single_demo_overfit_seed0,wam_gru_dinov2s_no_future,eval_same_demo_teacher_forced,datasets/libero_spatial/pick_up_the_black_bowl_from_table_center_and_place_it_on_the_plate_demo.hdf5:data/demo_0,17,19,1,"[0.4124999940395355, 0.13124999403953552, -0.7982142567634583, 0.031071428209543228, -0.07928571105003357, -0.02250000089406967, -1.0]","[0.3712672293186188, 0.07929202914237976, -0.8264925479888916, 0.02753721922636032, -0.12178485095500946, -0.01562412828207016, -0.9488566517829895]",1.353619814,1.320370913,-1,-0.9488566518,0.9976009727,"[-0.04123276472091675, -0.05195796489715576, -0.02827829122543335, -0.003534208983182907, -0.04249913990497589, 0.006875872611999512, 0.0511433482170105]",0.001383002847
20260529_wam_gru_no_future_single_demo_overfit_seed0,wam_gru_dinov2s_no_future,eval_same_demo_teacher_forced,datasets/libero_spatial/pick_up_the_black_bowl_from_table_center_and_place_it_on_the_plate_demo.hdf5:data/demo_0,17,20,2,"[0.3080357015132904, 0.07232142984867096, -0.84375, 0.04821428656578064, -0.05892857164144516, -0.0535714291036129, -1.0]","[0.3057849705219269, 0.07280197739601135, -0.8804873824119568, 0.05838361009955406, -0.059707049280405045, -0.02366611734032631, -0.9830435514450073]",1.349332213,1.359400988,-1,-0.9830435514,0.9993078113,"[-0.0022507309913635254, 0.00048054754734039307, -0.03673738241195679, 0.010169323533773422, -0.0007784776389598846, 0.02990531176328659, 0.016956448554992676]",0.0003772574419
20260529_wam_gru_no_future_single_demo_overfit_seed0,wam_gru_dinov2s_no_future,eval_same_demo_teacher_forced,datasets/libero_spatial/pick_up_the_black_bowl_from_table_center_and_place_it_on_the_plate_demo.hdf5:data/demo_0,17,21,3,"[0.2276785671710968, 0.03482142835855484, -0.8812500238418579, 0.055714286863803864, -0.03857142850756645, -0.061071429401636124, -1.0]","[0.224333256483078, 0.08340221643447876, -0.9256532192230225, 0.02287321165204048, -0.08954903483390808, -0.02058110386133194, -0.9489800930023193]",1.355718613,1.350423694,-1,-0.948980093,0.996658802,"[-0.003345310688018799, 0.04858078807592392, -0.04440319538116455, -0.03284107521176338, -0.05097760632634163, 0.040490325540304184, 0.051019906997680664]",0.001751811127
20260529_wam_gru_no_future_single_demo_overfit_seed0,wam_gru_dinov2s_no_future,eval_same_demo_teacher_forced,datasets/libero_spatial/pick_up_the_black_bowl_from_table_center_and_place_it_on_the_plate_demo.hdf5:data/demo_0,18,19,0,"[0.4124999940395355, 0.13124999403953552, -0.7982142567634583, 0.031071428209543228, -0.07928571105003357, -0.02250000089406967, -1.0]","[0.30593156814575195, 0.13234516978263855, -0.8029483556747437, -0.0005782432854175568, -0.06074163317680359, -0.041025206446647644, -0.9041157364845276]",1.353619814,1.256436944,-1,-0.9041157365,0.9962314963,"[-0.10656842589378357, 0.0010951757431030273, -0.0047340989112854, -0.031649671494960785, 0.01854407787322998, -0.018525205552577972, 0.09588426351547241]",0.003180428175
20260529_wam_gru_no_future_single_demo_overfit_seed0,wam_gru_dinov2s_no_future,eval_same_demo_teacher_forced,datasets/libero_spatial/pick_up_the_black_bowl_from_table_center_and_place_it_on_the_plate_demo.hdf5:data/demo_0,18,20,1,"[0.3080357015132904, 0.07232142984867096, -0.84375, 0.04821428656578064, -0.05892857164144516, -0.0535714291036129, -1.0]","[0.27911844849586487, 0.0807933658361435, -0.8442361354827881, 0.021483954042196274, -0.1162230521440506, -0.02737557515501976, -0.8257609605789185]",1.349332213,1.222198606,-1,-0.8257609606,0.9940005541,"[-0.028917253017425537, 0.008471935987472534, -0.00048613548278808594, -0.026730332523584366, -0.05729448050260544, 0.02619585394859314, 0.17423903942108154]",0.005135835614
20260529_wam_gru_no_future_single_demo_overfit_seed0,wam_gru_dinov2s_no_future,eval_same_demo_teacher_forced,datasets/libero_spatial/pick_up_the_black_bowl_from_table_center_and_place_it_on_the_plate_demo.hdf5:data/demo_0,18,21,2,"[0.2276785671710968, 0.03482142835855484, -0.8812500238418579, 0.055714286863803864, -0.03857142850756645, -0.061071429401636124, -1.0]","[0.22538113594055176, 0.058930281549692154, -0.8912760615348816, 0.04245587810873985, -0.047831904143095016, -0.017670270055532455, -0.8517018556594849]",1.355718613,1.256360292,-1,-0.8517018557,0.9956107736,"[-0.002297431230545044, 0.024108853191137314, -0.010026037693023682, -0.01325840875506401, -0.009260475635528564, 0.04340115934610367, 0.14829814434051514]",0.003546368331
20260529_wam_gru_no_future_single_demo_overfit_seed0,wam_gru_dinov2s_no_future,eval_same_demo_teacher_forced,datasets/libero_spatial/pick_up_the_black_bowl_from_table_center_and_place_it_on_the_plate_demo.hdf5:data/demo_0,18,22,3,"[0.2008928507566452, 0.04553571343421936, -0.9321428537368774, 0.046071428805589676, -0.03857142850756645, -0.06535714119672775, -1.0]","[0.12054496258497238, 0.07187211513519287, -0.9225866198539734, 0.02254929393529892, -0.09474053233861923, -0.023030884563922882, -0.8062044382095337]",1.385353208,1.237272382,-1,-0.8062044382,0.9917245507,"[-0.08034788817167282, 0.02633640170097351, 0.009556233882904053, -0.023522134870290756, -0.05616910383105278, 0.04232625663280487, 0.1937955617904663]",0.007185314316
20260529_wam_gru_no_future_single_demo_overfit_seed0,wam_gru_dinov2s_no_future,eval_same_demo_teacher_forced,datasets/libero_spatial/pick_up_the_black_bowl_from_table_center_and_place_it_on_the_plate_demo.hdf5:data/demo_0,19,20,0,"[0.3080357015132904, 0.07232142984867096, -0.84375, 0.04821428656578064, -0.05892857164144516, -0.0535714291036129, -1.0]","[0.16812103986740112, 0.11314475536346436, -0.7999664545059204, 0.0031939856708049774, -0.05044782906770706, -0.06613679975271225, -0.7975224852561951]",1.349332213,1.150645137,-1,-0.7975224853,0.9913252592,"[-0.13991466164588928, 0.040823325514793396, 0.04378354549407959, -0.04502030089497566, 0.008480742573738098, -0.01256537064909935, 0.20247751474380493]",0.009487633593
20260529_wam_gru_no_future_single_demo_overfit_seed0,wam_gru_dinov2s_no_future,eval_same_demo_teacher_forced,datasets/libero_spatial/pick_up_the_black_bowl_from_table_center_and_place_it_on_the_plate_demo.hdf5:data/demo_0,19,21,1,"[0.2276785671710968, 0.03482142835855484, -0.8812500238418579, 0.055714286863803864, -0.03857142850756645, -0.061071429401636124, -1.0]","[0.12352151423692703, 0.0783827155828476, -0.8436761498451233, -0.009065397083759308, -0.0930541381239891, -0.0324709415435791, -0.7776764035224915]",1.355718613,1.160933733,-1,-0.7776764035,0.9893171787,"[-0.10415705293416977, 0.043561287224292755, 0.03757387399673462, -0.06477968394756317, -0.05448270961642265, 0.028600487858057022, 0.22232359647750854]",0.0102240881
20260529_wam_gru_no_future_single_demo_overfit_seed0,wam_gru_dinov2s_no_future,eval_same_demo_teacher_forced,datasets/libero_spatial/pick_up_the_black_bowl_from_table_center_and_place_it_on_the_plate_demo.hdf5:data/demo_0,19,22,2,"[0.2008928507566452, 0.04553571343421936, -0.9321428537368774, 0.046071428805589676, -0.03857142850756645, -0.06535714119672775, -1.0]","[0.09475251287221909, 0.04551195353269577, -0.8507339358329773, 0.02323884889483452, -0.047964613884687424, -0.024037089198827744, -0.8275865316390991]",1.385353208,1.19294405,-1,-0.8275865316,0.9960927367,"[-0.10614033788442612, -2.3759901523590088e-05, 0.08140891790390015, -0.022832579910755157, -0.009393185377120972, 0.04132005199790001, 0.17241346836090088]",0.007133784704
20260529_wam_gru_no_future_single_demo_overfit_seed0,wam_gru_dinov2s_no_future,eval_same_demo_teacher_forced,datasets/libero_spatial/pick_up_the_black_bowl_from_table_center_and_place_it_on_the_plate_demo.hdf5:data/demo_0,19,23,3,"[0.0669642835855484, 0.008035714738070965, -0.9375, 0.04178571328520775, -0.04821428656578064, -0.0771428570151329, -1.0]","[-0.005103856325149536, 0.07202650606632233, -0.8869816064834595, 0.0027439072728157043, -0.10293436050415039, -0.020871810615062714, -0.8048014044761658]",1.376036644,1.204447627,-1,-0.8048014045,0.991496861,"[-0.07206813991069794, 0.06399079412221909, 0.05051839351654053, -0.039041806012392044, -0.05472007393836975, 0.05627104640007019, 0.19519859552383423]",0.00823260285
20260529_wam_gru_no_future_single_demo_overfit_seed0,wam_gru_dinov2s_no_future,eval_same_demo_teacher_forced,datasets/libero_spatial/pick_up_the_black_bowl_from_table_center_and_place_it_on_the_plate_demo.hdf5:data/demo_0,20,21,0,"[0.2276785671710968, 0.03482142835855484, -0.8812500238418579, 0.055714286863803864, -0.03857142850756645, -0.061071429401636124, -1.0]","[0.14840242266654968, 0.07250961661338806, -0.893921971321106, 0.00792236253619194, -0.0432034432888031, -0.06998708844184875, -0.8616318702697754]",1.355718613,1.255234718,-1,-0.8616318703,0.9943295717,"[-0.07927614450454712, 0.03768818825483322, -0.012671947479248047, -0.04779192432761192, -0.0046320147812366486, -0.008915659040212631, 0.1383681297302246]",0.004199491348
20260529_wam_gru_no_future_single_demo_overfit_seed0,wam_gru_dinov2s_no_future,eval_same_demo_teacher_forced,datasets/libero_spatial/pick_up_the_black_bowl_from_table_center_and_place_it_on_the_plate_demo.hdf5:data/demo_0,20,22,1,"[0.2008928507566452, 0.04553571343421936, -0.9321428537368774, 0.046071428805589676, -0.03857142850756645, -0.06535714119672775, -1.0]","[0.10191886126995087, 0.06152073293924332, -0.9169215559959412, 0.004488784819841385, -0.0946941077709198, -0.050070323050022125, -0.8387778401374817]",1.385353208,1.252980351,-1,-0.8387778401,0.9931256175,"[-0.09897398948669434, 0.015985019505023956, 0.01522129774093628, -0.04158264398574829, -0.05612267926335335, 0.015286818146705627, 0.1612221598625183]",0.005912600551
20260529_wam_gru_no_future_single_demo_overfit_seed0,wam_gru_dinov2s_no_future,eval_same_demo_teacher_forced,datasets/libero_spatial/pick_up_the_black_bowl_from_table_center_and_place_it_on_the_plate_demo.hdf5:data/demo_0,20,23,2,"[0.0669642835855484, 0.008035714738070965, -0.9375, 0.04178571328520775, -0.04821428656578064, -0.0771428570151329, -1.0]","[0.04326527565717697, 0.022255966439843178, -0.9412315487861633, 0.019417431205511093, -0.05311885103583336, -0.02370138093829155, -0.9063956141471863]",1.376036644,1.30904448,-1,-0.9063956141,0.9976593852,"[-0.02369900792837143, 0.014220251701772213, -0.00373154878616333, -0.022368282079696655, -0.004904564470052719, 0.053441476076841354, 0.09360438585281372]",0.001845707069
20260529_wam_gru_no_future_single_demo_overfit_seed0,wam_gru_dinov2s_no_future,eval_same_demo_teacher_forced,datasets/libero_spatial/pick_up_the_black_bowl_from_table_center_and_place_it_on_the_plate_demo.hdf5:data/demo_0,20,24,3,"[0.0, 0.0, -0.9375, 0.03214285895228386, -0.04714285582304001, -0.06321428716182709, -1.0]","[-0.044632017612457275, 0.04054030030965805, -0.9696642756462097, 0.02237682044506073, -0.10805979371070862, -0.022981755435466766, -0.8909019827842712]",1.373374701,1.322987676,-1,-0.8909019828,0.9946452379,"[-0.044632017612457275, 0.04054030030965805, -0.03216427564620972, -0.00976603850722313, -0.06091693788766861, 0.04023253172636032, 0.10909801721572876]",0.003142479574
20260529_wam_gru_no_future_single_demo_overfit_seed0,wam_gru_dinov2s_no_future,eval_same_demo_teacher_forced,datasets/libero_spatial/pick_up_the_black_bowl_from_table_center_and_place_it_on_the_plate_demo.hdf5:data/demo_0,21,22,0,"[0.2008928507566452, 0.04553571343421936, -0.9321428537368774, 0.046071428805589676, -0.03857142850756645, -0.06535714119672775, -1.0]","[0.11616925150156021, 0.05333495885133743, -0.9504167437553406, 0.014984410256147385, -0.048031099140644073, -0.06494318693876266, -0.931823194026947]",1.385353208,1.339654922,-1,-0.931823194,0.9969857931,"[-0.08472359925508499, 0.0077992454171180725, -0.018273890018463135, -0.03108701854944229, -0.009459670633077621, 0.0004139542579650879, 0.06817680597305298]",0.00189671258
20260529_wam_gru_no_future_single_demo_overfit_seed0,wam_gru_dinov2s_no_future,eval_same_demo_teacher_forced,datasets/libero_spatial/pick_up_the_black_bowl_from_table_center_and_place_it_on_the_plate_demo.hdf5:data/demo_0,21,23,1,"[0.0669642835855484, 0.008035714738070965, -0.9375, 0.04178571328520775, -0.04821428656578064, -0.0771428570151329, -1.0]","[0.0686023011803627, 0.05756969749927521, -0.9583846926689148, 0.008127275854349136, -0.09913831949234009, -0.045950502157211304, -0.8880355358123779]",1.376036644,1.314204931,-1,-0.8880355358,0.9954920411,"[0.0016380175948143005, 0.04953398182988167, -0.020884692668914795, -0.03365843743085861, -0.05092403292655945, 0.0311923548579216, 0.11196446418762207]",0.002875374397
20260529_wam_gru_no_future_single_demo_overfit_seed0,wam_gru_dinov2s_no_future,eval_same_demo_teacher_forced,datasets/libero_spatial/pick_up_the_black_bowl_from_table_center_and_place_it_on_the_plate_demo.hdf5:data/demo_0,21,24,2,"[0.0, 0.0, -0.9375, 0.03214285895228386, -0.04714285582304001, -0.06321428716182709, -1.0]","[0.00035880599170923233, 0.02856803871691227, -0.9831011891365051, 0.022821899503469467, -0.052402425557374954, -0.017294321209192276, -0.9438419342041016]",1.373374701,1.364444137,-1,-0.9438419342,0.9978138804,"[0.00035880599170923233, 0.02856803871691227, -0.04560118913650513, -0.009320959448814392, -0.005259569734334946, 0.04591996595263481, 0.05615806579589844]",0.001181806438
20260529_wam_gru_no_future_single_demo_overfit_seed0,wam_gru_dinov2s_no_future,eval_same_demo_teacher_forced,datasets/libero_spatial/pick_up_the_black_bowl_from_table_center_and_place_it_on_the_plate_demo.hdf5:data/demo_0,21,25,3,"[-0.0803571417927742, 0.0, -0.9375, 0.019285714253783226, -0.051428571343421936, -0.04500000178813934, -1.0]","[-0.07477736473083496, 0.039427194744348526, -0.995337724685669, 0.023497197777032852, -0.09478718787431717, -0.0226290300488472, -0.9165359735488892]",1.37492013,1.359386086,-1,-0.9165359735,0.9962402582,"[0.0055797770619392395, 0.039427194744348526, -0.057837724685668945, 0.004211483523249626, -0.04335861653089523, 0.022370971739292145, 0.08346402645111084]",0.002042178763
20260529_wam_gru_no_future_single_demo_overfit_seed0,wam_gru_dinov2s_no_future,eval_same_demo_teacher_forced,datasets/libero_spatial/pick_up_the_black_bowl_from_table_center_and_place_it_on_the_plate_demo.hdf5:data/demo_0,22,23,0,"[0.0669642835855484, 0.008035714738070965, -0.9375, 0.04178571328520775, -0.04821428656578064, -0.0771428570151329, -1.0]","[0.036704033613204956, 0.045648664236068726, -0.9723494648933411, 0.023369725793600082, -0.05392078310251236, -0.056361980736255646, -0.9864722490310669]",1.376036644,1.388759255,-1,-0.986472249,0.9988566041,"[-0.030260249972343445, 0.037612948566675186, -0.034849464893341064, -0.018415987491607666, -0.00570649653673172, 0.02078087627887726, 0.013527750968933105]",0.0006473513204
20260529_wam_gru_no_future_single_demo_overfit_seed0,wam_gru_dinov2s_no_future,eval_same_demo_teacher_forced,datasets/libero_spatial/pick_up_the_black_bowl_from_table_center_and_place_it_on_the_plate_demo.hdf5:data/demo_0,22,24,1,"[0.0, 0.0, -0.9375, 0.03214285895228386, -0.04714285582304001, -0.06321428716182709, -1.0]","[-0.00807853601872921, 0.05837303400039673, -0.9584758877754211, -0.0015616081655025482, -0.08633976429700851, -0.04514395445585251, -0.9652948975563049]",1.373374701,1.365077972,-1,-0.9652948976,0.9978538156,"[-0.00807853601872921, 0.05837303400039673, -0.020975887775421143, -0.03370446711778641, -0.039196908473968506, 0.01807033270597458, 0.03470510244369507]",0.001159433159
20260529_wam_gru_no_future_single_demo_overfit_seed0,wam_gru_dinov2s_no_future,eval_same_demo_teacher_forced,datasets/libero_spatial/pick_up_the_black_bowl_from_table_center_and_place_it_on_the_plate_demo.hdf5:data/demo_0,22,25,2,"[-0.0803571417927742, 0.0, -0.9375, 0.019285714253783226, -0.051428571343421936, -0.04500000178813934, -1.0]","[-0.06815832108259201, 0.06226358190178871, -0.9760582447052002, 0.025850486010313034, -0.05180176720023155, -0.014145787805318832, -1.0126214027404785]",1.37492013,1.410732388,-1,-1.012621403,0.9986120462,"[0.01219882071018219, 0.06226358190178871, -0.038558244705200195, 0.006564771756529808, -0.0003731958568096161, 0.03085421398282051, -0.012621402740478516]",0.0009524029447
20260529_wam_gru_no_future_single_demo_overfit_seed0,wam_gru_dinov2s_no_future,eval_same_demo_teacher_forced,datasets/libero_spatial/pick_up_the_black_bowl_from_table_center_and_place_it_on_the_plate_demo.hdf5:data/demo_0,22,26,3,"[-0.1607142835855484, 0.0026785715017467737, -0.9375, 0.0010714285308495164, -0.062142856419086456, -0.034285712987184525, -1.0]","[-0.12002202868461609, 0.06543317437171936, -0.9768067598342896, 0.011656887829303741, -0.07596994936466217, -0.024122022092342377, -0.9861621856689453]",1.381948233,1.397083879,-1,-0.9861621857,0.9980556369,"[0.04069225490093231, 0.06275460124015808, -0.03930675983428955, 0.01058545894920826, -0.013827092945575714, 0.010163690894842148, 0.013837814331054688]",0.001105292467
20260529_wam_gru_no_future_single_demo_overfit_seed0,wam_gru_dinov2s_no_future,eval_same_demo_teacher_forced,datasets/libero_spatial/pick_up_the_black_bowl_from_table_center_and_place_it_on_the_plate_demo.hdf5:data/demo_0,23,24,0,"[0.0, 0.0, -0.9375, 0.03214285895228386, -0.04714285582304001, -0.06321428716182709, -1.0]","[-0.004672840237617493, 0.014507049694657326, -1.000921607017517, 0.03855964168906212, -0.0503842830657959, -0.0491325706243515, -1.1240692138671875]",1.373374701,1.507331252,-1,-1.124069214,0.99952811,"[-0.004672840237617493, 0.014507049694657326, -0.06342160701751709, 0.006416782736778259, -0.00324142724275589, 0.014081716537475586, -0.1240692138671875]",0.002842533868
20260529_wam_gru_no_future_single_demo_overfit_seed0,wam_gru_dinov2s_no_future,eval_same_demo_teacher_forced,datasets/libero_spatial/pick_up_the_black_bowl_from_table_center_and_place_it_on_the_plate_demo.hdf5:data/demo_0,23,25,1,"[-0.0803571417927742, 0.0, -0.9375, 0.019285714253783226, -0.051428571343421936, -0.04500000178813934, -1.0]","[-0.06698234379291534, 0.053905658423900604, -0.9762220978736877, 6.687641143798828e-05, -0.07825963199138641, -0.04327300563454628, -1.1341888904571533]",1.37492013,1.501593709,-1,-1.13418889,0.9981504679,"[0.013374797999858856, 0.053905658423900604, -0.038722097873687744, -0.019218837842345238, -0.026831060647964478, 0.0017269961535930634, -0.13418889045715332]",0.00338328816
20260529_wam_gru_no_future_single_demo_overfit_seed0,wam_gru_dinov2s_no_future,eval_same_demo_teacher_forced,datasets/libero_spatial/pick_up_the_black_bowl_from_table_center_and_place_it_on_the_plate_demo.hdf5:data/demo_0,23,26,2,"[-0.1607142835855484, 0.0026785715017467737, -0.9375, 0.0010714285308495164, -0.062142856419086456, -0.034285712987184525, -1.0]","[-0.11740732938051224, 0.0826340988278389, -0.9910147786140442, 0.03023179993033409, -0.06605152785778046, -0.024122145026922226, -1.1494488716125488]",1.381948233,1.52637291,-1,-1.149448872,0.9967816472,"[0.04330695420503616, 0.07995552569627762, -0.05351477861404419, 0.02916037105023861, -0.003908671438694, 0.010163567960262299, -0.14944887161254883]",0.004919439554
20260529_wam_gru_no_future_single_demo_overfit_seed0,wam_gru_dinov2s_no_future,eval_same_demo_teacher_forced,datasets/libero_spatial/pick_up_the_black_bowl_from_table_center_and_place_it_on_the_plate_demo.hdf5:data/demo_0,23,27,3,"[-0.21964286267757416, 0.05089285597205162, -0.9375, 0.0, -0.07392857223749161, -0.02142857201397419, -1.0]","[-0.13686491549015045, 0.07134614884853363, -0.9567263722419739, 0.01573605090379715, -0.06311514973640442, -0.008606784045696259, -1.123808741569519]",1.391281366,1.485395193,-1,-1.123808742,0.9964579344,"[0.0827779471874237, 0.02045329287648201, -0.019226372241973877, 0.01573605090379715, 0.010813422501087189, 0.012821787968277931, -0.12380874156951904]",0.003356819507
20260529_wam_gru_no_future_single_demo_overfit_seed0,wam_gru_dinov2s_no_future,eval_same_demo_teacher_forced,datasets/libero_spatial/pick_up_the_black_bowl_from_table_center_and_place_it_on_the_plate_demo.hdf5:data/demo_0,24,25,0,"[-0.0803571417927742, 0.0, -0.9375, 0.019285714253783226, -0.051428571343421936, -0.04500000178813934, -1.0]","[-0.08973236382007599, 0.029357997700572014, -0.9518113136291504, 0.022528361529111862, -0.052777230739593506, -0.04083937406539917, -1.0945945978164673]",1.37492013,1.45532012,-1,-1.094594598,0.9990833998,"[-0.009375222027301788, 0.029357997700572014, -0.01431131362915039, 0.003242647275328636, -0.0013486593961715698, 0.004160627722740173, -0.09459459781646729]",0.001447483199
20260529_wam_gru_no_future_single_demo_overfit_seed0,wam_gru_dinov2s_no_future,eval_same_demo_teacher_forced,datasets/libero_spatial/pick_up_the_black_bowl_from_table_center_and_place_it_on_the_plate_demo.hdf5:data/demo_0,24,26,1,"[-0.1607142835855484, 0.0026785715017467737, -0.9375, 0.0010714285308495164, -0.062142856419086456, -0.034285712987184525, -1.0]","[-0.1643521934747696, 0.0667097419500351, -0.9309886693954468, -0.016771584749221802, -0.057034872472286224, -0.02146705985069275, -1.0985016822814941]",1.381948233,1.452206254,-1,-1.098501682,0.9976503849,"[-0.0036379098892211914, 0.06403116881847382, 0.006511330604553223, -0.017843013629317284, 0.005107983946800232, 0.012818653136491776, -0.09850168228149414]",0.002052426804
20260529_wam_gru_no_future_single_demo_overfit_seed0,wam_gru_dinov2s_no_future,eval_same_demo_teacher_forced,datasets/libero_spatial/pick_up_the_black_bowl_from_table_center_and_place_it_on_the_plate_demo.hdf5:data/demo_0,24,27,2,"[-0.21964286267757416, 0.05089285597205162, -0.9375, 0.0, -0.07392857223749161, -0.02142857201397419, -1.0]","[-0.183188334107399, 0.11050067842006683, -0.8974192142486572, 0.030089732259511948, -0.06916654109954834, -0.01628890261054039, -1.0830472707748413]",1.391281366,1.42480731,-1,-1.083047271,0.9966665506,"[0.03645452857017517, 0.05960782244801521, 0.04008078575134277, 0.030089732259511948, 0.004762031137943268, 0.0051396694034338, -0.08304727077484131]",0.002048546914
20260529_wam_gru_no_future_single_demo_overfit_seed0,wam_gru_dinov2s_no_future,eval_same_demo_teacher_forced,datasets/libero_spatial/pick_up_the_black_bowl_from_table_center_and_place_it_on_the_plate_demo.hdf5:data/demo_0,24,28,3,"[-0.22232143580913544, 0.09910714626312256, -0.9375, 0.0, -0.0803571417927742, -0.011785713955760002, -1.0]","[-0.1751287281513214, 0.11571499705314636, -0.873020350933075, 0.0010969899594783783, -0.044064439833164215, -0.0105900838971138, -1.0557429790496826]",1.394543529,1.386676908,-1,-1.055742979,0.9971491098,"[0.047192707657814026, 0.016607850790023804, 0.06447964906692505, 0.0010969899594783783, 0.036292701959609985, 0.001195630058646202, -0.05574297904968262]",0.001583952806
20260529_wam_gru_no_future_single_demo_overfit_seed0,wam_gru_dinov2s_no_future,eval_same_demo_teacher_forced,datasets/libero_spatial/pick_up_the_black_bowl_from_table_center_and_place_it_on_the_plate_demo.hdf5:data/demo_0,25,26,0,"[-0.1607142835855484, 0.0026785715017467737, -0.9375, 0.0010714285308495164, -0.062142856419086456, -0.034285712987184525, -1.0]","[-0.1564256101846695, 0.063619464635849, -0.9293093681335449, 0.004825737327337265, -0.06640315055847168, -0.030681053176522255, -1.064517855644226]",1.381948233,1.425027966,-1,-1.064517856,0.9984382391,"[0.004288673400878906, 0.06094089150428772, 0.008190631866455078, 0.0037543089129030704, -0.004260294139385223, 0.0036046598106622696, -0.06451785564422607]",0.001143866335
20260529_wam_gru_no_future_single_demo_overfit_seed0,wam_gru_dinov2s_no_future,eval_same_demo_teacher_forced,datasets/libero_spatial/pick_up_the_black_bowl_from_table_center_and_place_it_on_the_plate_demo.hdf5:data/demo_0,25,27,1,"[-0.21964286267757416, 0.05089285597205162, -0.9375, 0.0, -0.07392857223749161, -0.02142857201397419, -1.0]","[-0.2107333391904831, 0.08527104556560516, -0.8917534947395325, -0.02893771044909954, -0.048081472516059875, -0.011068545281887054, -1.0399576425552368]",1.391281366,1.389851689,-1,-1.039957643,0.9983034134,"[0.008909523487091064, 0.03437818959355354, 0.04574650526046753, -0.02893771044909954, 0.025847099721431732, 0.010360026732087135, -0.039957642555236816]",0.0009376271046
20260529_wam_gru_no_future_single_demo_overfit_seed0,wam_gru_dinov2s_no_future,eval_same_demo_teacher_forced,datasets/libero_spatial/pick_up_the_black_bowl_from_table_center_and_place_it_on_the_plate_demo.hdf5:data/demo_0,25,28,2,"[-0.22232143580913544, 0.09910714626312256, -0.9375, 0.0, -0.0803571417927742, -0.011785713955760002, -1.0]","[-0.2004118263721466, 0.13531236350536346, -0.838258683681488, 0.017255332320928574, -0.06781040132045746, -0.007336493581533432, -1.0306118726730347]",1.394543529,1.352132559,-1,-1.030611873,0.9970160127,"[0.02190960943698883, 0.036205217242240906, 0.09924131631851196, 0.017255332320928574, 0.012546740472316742, 0.00444922037422657, -0.030611872673034668]",0.001864533871
20260529_wam_gru_no_future_single_demo_overfit_seed0,wam_gru_dinov2s_no_future,eval_same_demo_teacher_forced,datasets/libero_spatial/pick_up_the_black_bowl_from_table_center_and_place_it_on_the_plate_demo.hdf5:data/demo_0,25,29,3,"[-0.21160714328289032, 0.1607142835855484, -0.8812500238418579, 0.0, -0.08464285731315613, -0.002142857061699033, -1.0]","[-0.1680375039577484, 0.13831861317157745, -0.8161581158638, -0.0032298490405082703, -0.036911651492118835, -0.015473775565624237, -1.0055140256881714]",1.361755252,1.313831568,-1,-1.005514026,0.9980893135,"[0.04356963932514191, -0.022395670413970947, 0.06509190797805786, -0.0032298490405082703, 0.04773120582103729, -0.013330918736755848, -0.005514025688171387]",0.00130480784
20260529_wam_gru_no_future_single_demo_overfit_seed0,wam_gru_dinov2s_no_future,eval_same_demo_teacher_forced,datasets/libero_spatial/pick_up_the_black_bowl_from_table_center_and_place_it_on_the_plate_demo.hdf5:data/demo_0,26,27,0,"[-0.21964286267757416, 0.05089285597205162, -0.9375, 0.0, -0.07392857223749161, -0.02142857201397419, -1.0]","[-0.12513010203838348, 0.07484354078769684, -0.9383323192596436, 0.004060056060552597, -0.06860150396823883, -0.017946841195225716, -1.1814082860946655]",1.391281366,1.517398119,-1,-1.181408286,0.9937076569,"[0.09451276063919067, 0.023950684815645218, -0.0008323192596435547, 0.004060056060552597, 0.005327068269252777, 0.003481730818748474, -0.18140828609466553]",0.006067562848
20260529_wam_gru_no_future_single_demo_overfit_seed0,wam_gru_dinov2s_no_future,eval_same_demo_teacher_forced,datasets/libero_spatial/pick_up_the_black_bowl_from_table_center_and_place_it_on_the_plate_demo.hdf5:data/demo_0,26,28,1,"[-0.22232143580913544, 0.09910714626312256, -0.9375, 0.0, -0.0803571417927742, -0.011785713955760002, -1.0]","[-0.17670421302318573, 0.10686811804771423, -0.8789898753166199, -0.0015968531370162964, -0.06052449345588684, -0.004324913024902344, -1.1404876708984375]",1.394543529,1.455906868,-1,-1.140487671,0.994585216,"[0.04561722278594971, 0.007760971784591675, 0.05851012468338013, -0.0015968531370162964, 0.01983264833688736, 0.007460800930857658, -0.1404876708984375]",0.003678990062
20260529_wam_gru_no_future_single_demo_overfit_seed0,wam_gru_dinov2s_no_future,eval_same_demo_teacher_forced,datasets/libero_spatial/pick_up_the_black_bowl_from_table_center_and_place_it_on_the_plate_demo.hdf5:data/demo_0,26,29,2,"[-0.21160714328289032, 0.1607142835855484, -0.8812500238418579, 0.0, -0.08464285731315613, -0.002142857061699033, -1.0]","[-0.16192589700222015, 0.1542966514825821, -0.837120532989502, 0.013644780963659286, -0.06635147333145142, -0.0021883994340896606, -1.0985206365585327]",1.361755252,1.40076375,-1,-1.098520637,0.996549964,"[0.049681246280670166, -0.006417632102966309, 0.04412949085235596, 0.013644780963659286, 0.018291383981704712, -4.554237239062786e-05, -0.09852063655853271]",0.002097699558
20260529_wam_gru_no_future_single_demo_overfit_seed0,wam_gru_dinov2s_no_future,eval_same_demo_teacher_forced,datasets/libero_spatial/pick_up_the_black_bowl_from_table_center_and_place_it_on_the_plate_demo.hdf5:data/demo_0,26,30,3,"[-0.12857143580913544, 0.18214285373687744, -0.7607142925262451, -0.006428571417927742, -0.07821428775787354, -0.0, -1.0]","[-0.13356932997703552, 0.1467476338148117, -0.7928779125213623, 0.007431097328662872, -0.02235531061887741, -0.004257135093212128, -1.0464422702789307]",1.278495908,1.328023195,-1,-1.04644227,0.9984253645,"[-0.0049978941679000854, -0.035395219922065735, -0.03216361999511719, 0.013859668746590614, 0.055858977138996124, -0.004257135093212128, -0.046442270278930664]",0.001114231767
20260529_wam_gru_no_future_single_demo_overfit_seed0,wam_gru_dinov2s_no_future,eval_same_demo_teacher_forced,datasets/libero_spatial/pick_up_the_black_bowl_from_table_center_and_place_it_on_the_plate_demo.hdf5:data/demo_0,27,28,0,"[-0.22232143580913544, 0.09910714626312256, -0.9375, 0.0, -0.0803571417927742, -0.011785713955760002, -1.0]","[-0.11002056300640106, 0.10882838070392609, -0.9471315741539001, 0.00028051063418388367, -0.08814278990030289, -0.011638546362519264, -1.228825330734253]",1.394543529,1.561705112,-1,-1.228825331,0.9914416075,"[0.11230087280273438, 0.009721234440803528, -0.009631574153900146, 0.00028051063418388367, -0.0077856481075286865, 0.00014716759324073792, -0.22882533073425293]",0.009317214601
20260529_wam_gru_no_future_single_demo_overfit_seed0,wam_gru_dinov2s_no_future,eval_same_demo_teacher_forced,datasets/libero_spatial/pick_up_the_black_bowl_from_table_center_and_place_it_on_the_plate_demo.hdf5:data/demo_0,27,29,1,"[-0.21160714328289032, 0.1607142835855484, -0.8812500238418579, 0.0, -0.08464285731315613, -0.002142857061699033, -1.0]","[-0.13892199099063873, 0.12482480704784393, -0.8708468675613403, 0.017402149736881256, -0.0801769271492958, 0.00011146068572998047, -1.1708333492279053]",1.361755252,1.473375916,-1,-1.170833349,0.9940858483,"[0.07268515229225159, -0.03588947653770447, 0.010403156280517578, 0.017402149736881256, 0.004465930163860321, 0.0022543177474290133, -0.17083334922790527]",0.005170186516
20260529_wam_gru_no_future_single_demo_overfit_seed0,wam_gru_dinov2s_no_future,eval_same_demo_teacher_forced,datasets/libero_spatial/pick_up_the_black_bowl_from_table_center_and_place_it_on_the_plate_demo.hdf5:data/demo_0,27,30,2,"[-0.12857143580913544, 0.18214285373687744, -0.7607142925262451, -0.006428571417927742, -0.07821428775787354, -0.0, -1.0]","[-0.11160115152597427, 0.17983444035053253, -0.8513216376304626, 0.026996400207281113, -0.057913120836019516, 0.001340385526418686, -1.1059041023254395]",1.278495908,1.413029432,-1,-1.105904102,0.999127984,"[0.016970284283161163, -0.0023084133863449097, -0.09060734510421753, 0.033424973487854004, 0.02030116692185402, 0.001340385526418686, -0.10590410232543945]",0.003035693197
20260529_wam_gru_no_future_single_demo_overfit_seed0,wam_gru_dinov2s_no_future,eval_same_demo_teacher_forced,datasets/libero_spatial/pick_up_the_black_bowl_from_table_center_and_place_it_on_the_plate_demo.hdf5:data/demo_0,27,31,3,"[-0.06964285671710968, 0.19285714626312256, -0.6723214387893677, -0.010714286006987095, -0.06321428716182709, -0.0, -1.0]","[-0.10875596106052399, 0.153293177485466, -0.7907258868217468, 0.01383187249302864, -0.025315143167972565, -0.004290886223316193, -1.0201833248138428]",1.223997951,1.304683447,-1,-1.020183325,0.9959079623,"[-0.03911310434341431, -0.039563968777656555, -0.11840444803237915, 0.02454615756869316, 0.03789914399385452, -0.004290886223316193, -0.020183324813842773]",0.00279705599
20260529_wam_gru_no_future_single_demo_overfit_seed0,wam_gru_dinov2s_no_future,eval_same_demo_teacher_forced,datasets/libero_spatial/pick_up_the_black_bowl_from_table_center_and_place_it_on_the_plate_demo.hdf5:data/demo_0,28,29,0,"[-0.21160714328289032, 0.1607142835855484, -0.8812500238418579, 0.0, -0.08464285731315613, -0.002142857061699033, -1.0]","[-0.12033246457576752, 0.13413439691066742, -0.8843385577201843, -0.00717342272400856, -0.0762224867939949, -0.01189483143389225, -1.1250489950180054]",1.361755252,1.444390774,-1,-1.125048995,0.9954056144,"[0.0912746787071228, -0.02657988667488098, -0.003088533878326416, -0.00717342272400856, 0.008420370519161224, -0.009751974605023861, -0.12504899501800537]",0.003557401011
20260529_wam_gru_no_future_single_demo_overfit_seed0,wam_gru_dinov2s_no_future,eval_same_demo_teacher_forced,datasets/libero_spatial/pick_up_the_black_bowl_from_table_center_and_place_it_on_the_plate_demo.hdf5:data/demo_0,28,30,1,"[-0.12857143580913544, 0.18214285373687744, -0.7607142925262451, -0.006428571417927742, -0.07821428775787354, -0.0, -1.0]","[-0.15586145222187042, 0.14010100066661835, -0.8040534257888794, 0.013523682951927185, -0.08516515046358109, 0.007389962673187256, -1.024719476699829]",1.278495908,1.322105765,-1,-1.024719477,0.998934865,"[-0.027290016412734985, -0.042041853070259094, -0.04333913326263428, 0.019952254369854927, -0.00695086270570755, 0.007389962673187256, -0.0247194766998291]",0.0007860876503
20260529_wam_gru_no_future_single_demo_overfit_seed0,wam_gru_dinov2s_no_future,eval_same_demo_teacher_forced,datasets/libero_spatial/pick_up_the_black_bowl_from_table_center_and_place_it_on_the_plate_demo.hdf5:data/demo_0,28,31,2,"[-0.06964285671710968, 0.19285714626312256, -0.6723214387893677, -0.010714286006987095, -0.06321428716182709, -0.0, -1.0]","[-0.1061941459774971, 0.1874696910381317, -0.7734383344650269, 0.02369004115462303, -0.05290357396006584, -0.0010767392814159393, -0.907053530216217]",1.223997951,1.21273911,-1,-0.9070535302,0.9927939773,"[-0.03655128926038742, -0.005387455224990845, -0.10111689567565918, 0.03440432623028755, 0.010310713201761246, -0.0010767392814159393, 0.09294646978378296]",0.003074260196
20260529_wam_gru_no_future_single_demo_overfit_seed0,wam_gru_dinov2s_no_future,eval_same_demo_teacher_forced,datasets/libero_spatial/pick_up_the_black_bowl_from_table_center_and_place_it_on_the_plate_demo.hdf5:data/demo_0,28,32,3,"[-0.06160714104771614, 0.17946428060531616, -0.6214285492897034, -0.011785713955760002, -0.0503571443259716, -0.0, -1.0]","[-0.1337217539548874, 0.15722444653511047, -0.7056006193161011, 0.007784530520439148, -0.018337450921535492, 0.007522575557231903, -0.7961087226867676]",1.193671227,1.083843112,-1,-0.7961087227,0.9830901623,"[-0.07211461663246155, -0.02223983407020569, -0.0841720700263977, 0.01957024447619915, 0.03201969340443611, 0.007522575557231903, 0.20389127731323242]",0.007973794825
20260529_wam_gru_no_future_single_demo_overfit_seed0,wam_gru_dinov2s_no_future,eval_same_demo_teacher_forced,datasets/libero_spatial/pick_up_the_black_bowl_from_table_center_and_place_it_on_the_plate_demo.hdf5:data/demo_0,29,30,0,"[-0.12857143580913544, 0.18214285373687744, -0.7607142925262451, -0.006428571417927742, -0.07821428775787354, -0.0, -1.0]","[-0.16071942448616028, 0.15360257029533386, -0.7626060843467712, -0.01470363512635231, -0.0485517755150795, -0.016127953305840492, -0.8980258703231812]",1.278495908,1.200115204,-1,-0.8980258703,0.9976161718,"[-0.03214798867702484, -0.02854028344154358, -0.001891791820526123, -0.008275063708424568, 0.029662512242794037, -0.016127953305840492, 0.10197412967681885]",0.001922684954
20260529_wam_gru_no_future_single_demo_overfit_seed0,wam_gru_dinov2s_no_future,eval_same_demo_teacher_forced,datasets/libero_spatial/pick_up_the_black_bowl_from_table_center_and_place_it_on_the_plate_demo.hdf5:data/demo_0,29,31,1,"[-0.06964285671710968, 0.19285714626312256, -0.6723214387893677, -0.010714286006987095, -0.06321428716182709, -0.0, -1.0]","[-0.21717466413974762, 0.15109802782535553, -0.6934540271759033, -0.015345798805356026, -0.05047491937875748, -0.0024397894740104675, -0.7517582178115845]",1.223997951,1.057735085,-1,-0.7517582178,0.9775516391,"[-0.14753180742263794, -0.04175911843776703, -0.021132588386535645, -0.004631512798368931, 0.01273936778306961, -0.0024397894740104675, 0.24824178218841553]",0.01225281693
20260529_wam_gru_no_future_single_demo_overfit_seed0,wam_gru_dinov2s_no_future,eval_same_demo_teacher_forced,datasets/libero_spatial/pick_up_the_black_bowl_from_table_center_and_place_it_on_the_plate_demo.hdf5:data/demo_0,29,32,2,"[-0.06160714104771614, 0.17946428060531616, -0.6214285492897034, -0.011785713955760002, -0.0503571443259716, -0.0, -1.0]","[-0.16046740114688873, 0.16549153625965118, -0.6327480673789978, -0.00201207771897316, -0.05692596361041069, -0.00021257251501083374, -0.6094918847084045]",1.193671227,0.9100727439,-1,-0.6094918847,0.962118268,"[-0.09886026382446289, -0.013972744345664978, -0.011319518089294434, 0.009773636236786842, -0.006568819284439087, -0.00021257251501083374, 0.39050811529159546]",0.02324743383
20260529_wam_gru_no_future_single_demo_overfit_seed0,wam_gru_dinov2s_no_future,eval_same_demo_teacher_forced,datasets/libero_spatial/pick_up_the_black_bowl_from_table_center_and_place_it_on_the_plate_demo.hdf5:data/demo_0,29,33,3,"[-0.07500000298023224, 0.16875000298023224, -0.5973214507102966, -0.011785713955760002, -0.04178571328520775, -0.0, -1.0]","[-0.18632592260837555, 0.14872251451015472, -0.5563244819641113, -0.01711912453174591, -0.025601357221603394, 0.02403319627046585, -0.5030529499053955]",1.180160761,0.7879854441,-1,-0.5030529499,0.9416644573,"[-0.11132591962814331, -0.020027488470077515, 0.0409969687461853, -0.0053334105759859085, 0.016184356063604355, 0.02403319627046585, 0.4969470500946045]",0.03747138008
20260529_wam_gru_no_future_single_demo_overfit_seed0,wam_gru_dinov2s_no_future,eval_same_demo_teacher_forced,datasets/libero_spatial/pick_up_the_black_bowl_from_table_center_and_place_it_on_the_plate_demo.hdf5:data/demo_0,30,31,0,"[-0.06964285671710968, 0.19285714626312256, -0.6723214387893677, -0.010714286006987095, -0.06321428716182709, -0.0, -1.0]","[-0.15308509767055511, 0.16753515601158142, -0.723833441734314, -0.01944609358906746, -0.05218593776226044, -0.013597631826996803, -0.741858720779419]",1.223997951,1.062581182,-1,-0.7418587208,0.9803084135,"[-0.08344224095344543, -0.025321990251541138, -0.05151200294494629, -0.008731807582080364, 0.01102834939956665, -0.013597631826996803, 0.25814127922058105]",0.01103956904
20260529_wam_gru_no_future_single_demo_overfit_seed0,wam_gru_dinov2s_no_future,eval_same_demo_teacher_forced,datasets/libero_spatial/pick_up_the_black_bowl_from_table_center_and_place_it_on_the_plate_demo.hdf5:data/demo_0,30,32,1,"[-0.06160714104771614, 0.17946428060531616, -0.6214285492897034, -0.011785713955760002, -0.0503571443259716, -0.0, -1.0]","[-0.17938320338726044, 0.15122872591018677, -0.644895613193512, -0.014221996068954468, -0.06259854137897491, -0.017922598868608475, -0.5288031101226807]",1.193671227,0.8689152002,-1,-0.5288031101,0.9362435937,"[-0.1177760660648346, -0.028235554695129395, -0.023467063903808594, -0.0024362821131944656, -0.012241397053003311, -0.017922598868608475, 0.47119688987731934]",0.03396037966
20260529_wam_gru_no_future_single_demo_overfit_seed0,wam_gru_dinov2s_no_future,eval_same_demo_teacher_forced,datasets/libero_spatial/pick_up_the_black_bowl_from_table_center_and_place_it_on_the_plate_demo.hdf5:data/demo_0,30,33,2,"[-0.07500000298023224, 0.16875000298023224, -0.5973214507102966, -0.011785713955760002, -0.04178571328520775, -0.0, -1.0]","[-0.15751419961452484, 0.15348577499389648, -0.6059063673019409, 0.006039377301931381, -0.053478699177503586, 0.008575439453125, -0.3182702958583832]",1.180160761,0.7209418416,-1,-0.3182702959,0.8463162184,"[-0.0825141966342926, -0.015264227986335754, -0.008584916591644287, 0.017825091257691383, -0.011692985892295837, 0.008575439453125, 0.6817296743392944]",0.06748551875
20260529_wam_gru_no_future_single_demo_overfit_seed0,wam_gru_dinov2s_no_future,eval_same_demo_teacher_forced,datasets/libero_spatial/pick_up_the_black_bowl_from_table_center_and_place_it_on_the_plate_demo.hdf5:data/demo_0,30,34,3,"[-0.1339285671710968, 0.15000000596046448, -0.5598214268684387, -0.018214285373687744, -0.035357143729925156, -0.0, -1.0]","[-0.20876458287239075, 0.11946482956409454, -0.5054764747619629, -0.01217997819185257, -0.024550601840019226, 0.027587585151195526, -0.15341104567050934]",1.164224505,0.581728518,-1,-0.1534110457,0.713691771,"[-0.07483601570129395, -0.030535176396369934, 0.05434495210647583, 0.0060343071818351746, 0.01080654188990593, 0.027587585151195526, 0.8465889692306519]",0.1038733348
20260529_wam_gru_no_future_single_demo_overfit_seed0,wam_gru_dinov2s_no_future,eval_same_demo_teacher_forced,datasets/libero_spatial/pick_up_the_black_bowl_from_table_center_and_place_it_on_the_plate_demo.hdf5:data/demo_0,31,32,0,"[-0.06160714104771614, 0.17946428060531616, -0.6214285492897034, -0.011785713955760002, -0.0503571443259716, -0.0, -1.0]","[-0.1110551506280899, 0.17006081342697144, -0.6768255829811096, -0.019599903374910355, -0.06103120744228363, -0.012277299538254738, -0.6273704767227173]",1.193671227,0.9472065568,-1,-0.6273704767,0.9628373981,"[-0.049448009580373764, -0.009403467178344727, -0.05539703369140625, -0.007814189419150352, -0.010674063116312027, -0.012277299538254738, 0.3726295232772827]",0.02068297938
20260529_wam_gru_no_future_single_demo_overfit_seed0,wam_gru_dinov2s_no_future,eval_same_demo_teacher_forced,datasets/libero_spatial/pick_up_the_black_bowl_from_table_center_and_place_it_on_the_plate_demo.hdf5:data/demo_0,31,33,1,"[-0.07500000298023224, 0.16875000298023224, -0.5973214507102966, -0.011785713955760002, -0.04178571328520775, -0.0, -1.0]","[-0.12482025474309921, 0.13757656514644623, -0.6127345561981201, -0.0095390435308218, -0.06281676143407822, -0.02359640970826149, -0.39671590924263]",1.180160761,0.7562593818,-1,-0.3967159092,0.8941437602,"[-0.049820251762866974, -0.03117343783378601, -0.015413105487823486, 0.002246670424938202, -0.021031048148870468, -0.02359640970826149, 0.6032841205596924]",0.05266389623
20260529_wam_gru_no_future_single_demo_overfit_seed0,wam_gru_dinov2s_no_future,eval_same_demo_teacher_forced,datasets/libero_spatial/pick_up_the_black_bowl_from_table_center_and_place_it_on_the_plate_demo.hdf5:data/demo_0,31,34,2,"[-0.1339285671710968, 0.15000000596046448, -0.5598214268684387, -0.018214285373687744, -0.035357143729925156, -0.0, -1.0]","[-0.12154418975114822, 0.13203638792037964, -0.5751548409461975, 0.02346068248152733, -0.04291490092873573, 0.007187847048044205, -0.1538429707288742]",1.164224505,0.6237957478,-1,-0.1538429707,0.7063806057,"[0.012384377419948578, -0.01796361804008484, -0.015333414077758789, 0.04167496785521507, -0.007557757198810577, 0.007187847048044205, 0.8461570143699646]",0.1026483625
20260529_wam_gru_no_future_single_demo_overfit_seed0,wam_gru_dinov2s_no_future,eval_same_demo_teacher_forced,datasets/libero_spatial/pick_up_the_black_bowl_from_table_center_and_place_it_on_the_plate_demo.hdf5:data/demo_0,31,35,3,"[-0.20357142388820648, 0.13928571343421936, -0.5089285969734192, -0.027857143431901932, -0.02678571455180645, -0.0, 1.0]","[-0.1863204538822174, 0.08703260868787766, -0.4821949899196625, -0.0071722716093063354, -0.02910495549440384, 0.024905599653720856, 0.035043541342020035]",1.149497151,0.5268290639,1,0.03504354134,0.5473645329,"[0.017250970005989075, -0.052253104746341705, 0.026733607053756714, 0.020684871822595596, -0.0023192409425973892, 0.024905599653720856, -0.9649564623832703]",0.1337053031
20260529_wam_gru_no_future_single_demo_overfit_seed0,wam_gru_dinov2s_no_future,eval_same_demo_teacher_forced,datasets/libero_spatial/pick_up_the_black_bowl_from_table_center_and_place_it_on_the_plate_demo.hdf5:data/demo_0,32,33,0,"[-0.07500000298023224, 0.16875000298023224, -0.5973214507102966, -0.011785713955760002, -0.04178571328520775, -0.0, -1.0]","[-0.1012885570526123, 0.17273050546646118, -0.5990272760391235, -0.023221317678689957, -0.050311870872974396, -0.009665513411164284, -0.4007352590560913]",1.180160761,0.750121057,-1,-0.4007352591,0.9010515809,"[-0.026288554072380066, 0.003980502486228943, -0.0017058253288269043, -0.011435603722929955, -0.008526157587766647, -0.009665513411164284, 0.5992647409439087]",0.05144642666
20260529_wam_gru_no_future_single_demo_overfit_seed0,wam_gru_dinov2s_no_future,eval_same_demo_teacher_forced,datasets/libero_spatial/pick_up_the_black_bowl_from_table_center_and_place_it_on_the_plate_demo.hdf5:data/demo_0,32,34,1,"[-0.1339285671710968, 0.15000000596046448, -0.5598214268684387, -0.018214285373687744, -0.035357143729925156, -0.0, -1.0]","[-0.10696930438280106, 0.10345657169818878, -0.5491334795951843, 0.002743881195783615, -0.05950493365526199, -0.018358685076236725, -0.12502144277095795]",1.164224505,0.5858404636,-1,-0.1250214428,0.6807960272,"[0.026959262788295746, -0.046543434262275696, 0.010687947273254395, 0.02095816656947136, -0.024147789925336838, -0.018358685076236725, 0.8749785423278809]",0.1099934429
20260529_wam_gru_no_future_single_demo_overfit_seed0,wam_gru_dinov2s_no_future,eval_same_demo_teacher_forced,datasets/libero_spatial/pick_up_the_black_bowl_from_table_center_and_place_it_on_the_plate_demo.hdf5:data/demo_0,32,35,2,"[-0.20357142388820648, 0.13928571343421936, -0.5089285969734192, -0.027857143431901932, -0.02678571455180645, -0.0, 1.0]","[-0.11674793809652328, 0.10358719527721405, -0.495756059885025, 0.04190349206328392, -0.030739452689886093, 0.01234278455376625, 0.15516558289527893]",1.149497151,0.5450357795,1,0.1551655829,0.7107880116,"[0.0868234857916832, -0.03569851815700531, 0.013172537088394165, 0.06976063549518585, -0.003953738138079643, 0.01234278455376625, -0.8448344469070435]",0.1039665714
20260529_wam_gru_no_future_single_demo_overfit_seed0,wam_gru_dinov2s_no_future,eval_same_demo_teacher_forced,datasets/libero_spatial/pick_up_the_black_bowl_from_table_center_and_place_it_on_the_plate_demo.hdf5:data/demo_0,32,36,3,"[-0.2276785671710968, 0.09642857313156128, -0.4044642746448517, -0.03321428596973419, -0.011785713955760002, -0.0, 1.0]","[-0.18725048005580902, 0.05431131646037102, -0.41749855875968933, -0.006882071495056152, -0.027254808694124222, 0.008093364536762238, 0.3564565181732178]",1.107235074,0.5832961798,1,0.3564565182,0.8883536458,"[0.04042808711528778, -0.04211725667119026, -0.013034284114837646, 0.02633221447467804, -0.01546909473836422, 0.008093364536762238, -0.6435434818267822]",0.05981779844
20260529_wam_gru_no_future_single_demo_overfit_seed0,wam_gru_dinov2s_no_future,eval_same_demo_teacher_forced,datasets/libero_spatial/pick_up_the_black_bowl_from_table_center_and_place_it_on_the_plate_demo.hdf5:data/demo_0,33,34,0,"[-0.1339285671710968, 0.15000000596046448, -0.5598214268684387, -0.018214285373687744, -0.035357143729925156, -0.0, -1.0]","[-0.13945326209068298, 0.19504517316818237, -0.49257129430770874, -0.03131959214806557, -0.030065806582570076, -0.01893715001642704, -0.15043967962265015]",1.164224505,0.5700805783,-1,-0.1504396796,0.7168259621,"[-0.005524694919586182, 0.045045167207717896, 0.06725013256072998, -0.013105306774377823, 0.00529133714735508, -0.01893715001642704, 0.8495603203773499]",0.1041276008
20260529_wam_gru_no_future_single_demo_overfit_seed0,wam_gru_dinov2s_no_future,eval_same_demo_teacher_forced,datasets/libero_spatial/pick_up_the_black_bowl_from_table_center_and_place_it_on_the_plate_demo.hdf5:data/demo_0,33,35,1,"[-0.20357142388820648, 0.13928571343421936, -0.5089285969734192, -0.027857143431901932, -0.02678571455180645, -0.0, 1.0]","[-0.13859395682811737, 0.10513551533222198, -0.4588441550731659, 0.005496397614479065, -0.037731729447841644, -0.01521158218383789, 0.17310835421085358]",1.149497151,0.5219688416,1,0.1731083542,0.7505686879,"[0.06497746706008911, -0.034150198101997375, 0.050084441900253296, 0.033353541046381, -0.010946014896035194, -0.01521158218383789, -0.8268916606903076]",0.09901574999
20260529_wam_gru_no_future_single_demo_overfit_seed0,wam_gru_dinov2s_no_future,eval_same_demo_teacher_forced,datasets/libero_spatial/pick_up_the_black_bowl_from_table_center_and_place_it_on_the_plate_demo.hdf5:data/demo_0,33,36,2,"[-0.2276785671710968, 0.09642857313156128, -0.4044642746448517, -0.03321428596973419, -0.011785713955760002, -0.0, 1.0]","[-0.1487976759672165, 0.08642874658107758, -0.3691764175891876, 0.02492561563849449, -0.021358776837587357, 0.020039144903421402, 0.4306933879852295]",1.107235074,0.5940351486,1,0.430693388,0.9451324344,"[0.07888089120388031, -0.009999826550483704, 0.03528785705566406, 0.058139901608228683, -0.009573062881827354, 0.020039144903421402, -0.5693066120147705]",0.04793584347
20260529_wam_gru_no_future_single_demo_overfit_seed0,wam_gru_dinov2s_no_future,eval_same_demo_teacher_forced,datasets/libero_spatial/pick_up_the_black_bowl_from_table_center_and_place_it_on_the_plate_demo.hdf5:data/demo_0,33,37,3,"[-0.21160714328289032, 0.01875000074505806, -0.3321428596973419, -0.031071428209543228, 0.0, -0.007499999832361937, 1.0]","[-0.18782898783683777, 0.050351519137620926, -0.2932436168193817, -0.030651241540908813, -0.022785983979701996, 0.003063969314098358, 0.6265193223953247]",1.075392842,0.719584167,1,0.6265193224,0.989276588,"[0.02377815544605255, 0.031601518392562866, 0.038899242877960205, 0.00042018666863441467, -0.022785983979701996, 0.010563969612121582, -0.3734806776046753]",0.02045657299
20260529_wam_gru_no_future_single_demo_overfit_seed0,wam_gru_dinov2s_no_future,eval_same_demo_teacher_forced,datasets/libero_spatial/pick_up_the_black_bowl_from_table_center_and_place_it_on_the_plate_demo.hdf5:data/demo_0,34,35,0,"[-0.20357142388820648, 0.13928571343421936, -0.5089285969734192, -0.027857143431901932, -0.02678571455180645, -0.0, 1.0]","[-0.14187370240688324, 0.1921789050102234, -0.4098051190376282, -0.030140716582536697, -0.014025852084159851, -0.016052836552262306, -0.0498330183327198]",1.149497151,0.4783799052,1,-0.04983301833,0.3920612633,"[0.06169772148132324, 0.05289319157600403, 0.09912347793579102, -0.0022835731506347656, 0.012759862467646599, -0.016052836552262306, -1.049833059310913]",0.1598578691
20260529_wam_gru_no_future_single_demo_overfit_seed0,wam_gru_dinov2s_no_future,eval_same_demo_teacher_forced,datasets/libero_spatial/pick_up_the_black_bowl_from_table_center_and_place_it_on_the_plate_demo.hdf5:data/demo_0,34,36,1,"[-0.2276785671710968, 0.09642857313156128, -0.4044642746448517, -0.03321428596973419, -0.011785713955760002, -0.0, 1.0]","[-0.1396104395389557, 0.11148017644882202, -0.38191428780555725, 0.0031065158545970917, -0.025722192600369453, -0.011844940483570099, 0.2476755976676941]",1.107235074,0.4898287952,1,0.2476755977,0.8202779889,"[0.08806812763214111, 0.015051603317260742, 0.022549986839294434, 0.036320801824331284, -0.013936478644609451, -0.011844940483570099, -0.7523244023323059]",0.08230525255
20260529_wam_gru_no_future_single_demo_overfit_seed0,wam_gru_dinov2s_no_future,eval_same_demo_teacher_forced,datasets/libero_spatial/pick_up_the_black_bowl_from_table_center_and_place_it_on_the_plate_demo.hdf5:data/demo_0,34,37,2,"[-0.21160714328289032, 0.01875000074505806, -0.3321428596973419, -0.031071428209543228, 0.0, -0.007499999832361937, 1.0]","[-0.13422517478466034, 0.07481228560209274, -0.2679609954357147, 0.019775759428739548, -0.02248513326048851, 0.016313057392835617, 0.4799111783504486]",1.075392842,0.5717463493,1,0.4799111784,0.9725616574,"[0.07738196849822998, 0.05606228485703468, 0.0641818642616272, 0.050847187638282776, -0.02248513326048851, 0.02381305769085884, -0.520088791847229]",0.04105724022
20260529_wam_gru_no_future_single_demo_overfit_seed0,wam_gru_dinov2s_no_future,eval_same_demo_teacher_forced,datasets/libero_spatial/pick_up_the_black_bowl_from_table_center_and_place_it_on_the_plate_demo.hdf5:data/demo_0,34,38,3,"[-0.16875000298023224, 0.0, -0.2544642984867096, -0.020357143133878708, 0.0, -0.02142857201397419, 1.0]","[-0.16296802461147308, 0.05914273485541344, -0.2146536111831665, -0.049160830676555634, -0.017451312392950058, -0.0016776099801063538, 0.6678915619850159]",1.045993447,0.7245246172,1,0.667891562,0.9910309315,"[0.005781978368759155, 0.05914273485541344, 0.03981068730354309, -0.028803687542676926, -0.017451312392950058, 0.019750962033867836, -0.33210843801498413]",0.01670521311
20260529_wam_gru_no_future_single_demo_overfit_seed0,wam_gru_dinov2s_no_future,eval_same_demo_teacher_forced,datasets/libero_spatial/pick_up_the_black_bowl_from_table_center_and_place_it_on_the_plate_demo.hdf5:data/demo_0,35,36,0,"[-0.2276785671710968, 0.09642857313156128, -0.4044642746448517, -0.03321428596973419, -0.011785713955760002, -0.0, 1.0]","[-0.19560828804969788, 0.07931829988956451, -0.3875143826007843, -0.008558962494134903, -0.015712516382336617, -0.00788850523531437, 0.5426539778709412]",1.107235074,0.6996978521,1,0.5426539779,0.9707168341,"[0.032070279121398926, -0.017110273241996765, 0.016949892044067383, 0.02465532347559929, -0.003926802426576614, -0.00788850523531437, -0.45734602212905884]",0.03020849638
20260529_wam_gru_no_future_single_demo_overfit_seed0,wam_gru_dinov2s_no_future,eval_same_demo_teacher_forced,datasets/libero_spatial/pick_up_the_black_bowl_from_table_center_and_place_it_on_the_plate_demo.hdf5:data/demo_0,35,37,1,"[-0.21160714328289032, 0.01875000074505806, -0.3321428596973419, -0.031071428209543228, 0.0, -0.007499999832361937, 1.0]","[-0.21663473546504974, 0.019062519073486328, -0.3575141727924347, -0.020326703786849976, -0.02318926341831684, 0.00014088302850723267, 0.808503270149231]",1.075392842,0.9108999968,1,0.8085032701,0.9943885207,"[-0.005027592182159424, 0.00031251832842826843, -0.025371313095092773, 0.010744724422693253, -0.02318926341831684, 0.007640882860869169, -0.19149672985076904]",0.005435950123
20260529_wam_gru_no_future_single_demo_overfit_seed0,wam_gru_dinov2s_no_future,eval_same_demo_teacher_forced,datasets/libero_spatial/pick_up_the_black_bowl_from_table_center_and_place_it_on_the_plate_demo.hdf5:data/demo_0,35,38,2,"[-0.16875000298023224, 0.0, -0.2544642984867096, -0.020357143133878708, 0.0, -0.02142857201397419, 1.0]","[-0.16614575684070587, 0.00034719082759693265, -0.2534524202346802, 0.007772576063871384, -0.01846054568886757, 0.00638401135802269, 0.9083960056304932]",1.045993447,0.9578454494,1,0.9083960056,0.9987350106,"[0.002604246139526367, 0.00034719082759693265, 0.001011878252029419, 0.02812971919775009, -0.01846054568886757, 0.02781258337199688, -0.09160399436950684]",0.00147211866
20260529_wam_gru_no_future_single_demo_overfit_seed0,wam_gru_dinov2s_no_future,eval_same_demo_teacher_forced,datasets/libero_spatial/pick_up_the_black_bowl_from_table_center_and_place_it_on_the_plate_demo.hdf5:data/demo_0,35,39,3,"[-0.1607142835855484, 0.0, -0.21160714328289032, -0.010714286006987095, 0.0, -0.035357143729925156, 1.0]","[-0.19340993463993073, -0.036885712295770645, -0.21275989711284637, -0.029600098729133606, -0.03383170813322067, -0.01623944193124771, 1.017011046409607]",1.035360575,1.058598399,1,1.017011046,0.9981538653,"[-0.032695651054382324, -0.036885712295770645, -0.0011527538299560547, -0.018885813653469086, -0.03383170813322067, 0.019117701798677444, 0.017011046409606934]",0.0006552873529
20260529_wam_gru_no_future_single_demo_overfit_seed0,wam_gru_dinov2s_no_future,eval_same_demo_teacher_forced,datasets/libero_spatial/pick_up_the_black_bowl_from_table_center_and_place_it_on_the_plate_demo.hdf5:data/demo_0,36,37,0,"[-0.21160714328289032, 0.01875000074505806, -0.3321428596973419, -0.031071428209543228, 0.0, -0.007499999832361937, 1.0]","[-0.1901378035545349, -0.028350261971354485, -0.39557817578315735, 0.0007057897746562958, -0.02092644013464451, -0.024613896384835243, 1.0087344646453857]",1.075392842,1.100921273,1,1.008734465,0.9966768622,"[0.021469339728355408, -0.047100260853767395, -0.06343531608581543, 0.031777217984199524, -0.02092644013464451, -0.01711389608681202, 0.008734464645385742]",0.001217184355
20260529_wam_gru_no_future_single_demo_overfit_seed0,wam_gru_dinov2s_no_future,eval_same_demo_teacher_forced,datasets/libero_spatial/pick_up_the_black_bowl_from_table_center_and_place_it_on_the_plate_demo.hdf5:data/demo_0,36,38,1,"[-0.16875000298023224, 0.0, -0.2544642984867096, -0.020357143133878708, 0.0, -0.02142857201397419, 1.0]","[-0.22748412191867828, -0.09174281358718872, -0.3548908829689026, -0.011547401547431946, -0.03325844556093216, -0.016823995858430862, 1.2429113388061523]",1.045993447,1.316231132,1,1.242911339,0.9966827035,"[-0.058734118938446045, -0.09174281358718872, -0.100426584482193, 0.008809741586446762, -0.03325844556093216, 0.004604576155543327, 0.24291133880615234]",0.01173754223
20260529_wam_gru_no_future_single_demo_overfit_seed0,wam_gru_dinov2s_no_future,eval_same_demo_teacher_forced,datasets/libero_spatial/pick_up_the_black_bowl_from_table_center_and_place_it_on_the_plate_demo.hdf5:data/demo_0,36,39,2,"[-0.1607142835855484, 0.0, -0.21160714328289032, -0.010714286006987095, 0.0, -0.035357143729925156, 1.0]","[-0.16518808901309967, -0.08015862107276917, -0.2732575535774231, 0.024157296866178513, -0.012477647513151169, -0.030423615127801895, 1.2927170991897583]",1.035360575,1.334602714,1,1.292717099,0.9971849322,"[-0.0044738054275512695, -0.08015862107276917, -0.061650410294532776, 0.03487158194184303, -0.012477647513151169, 0.0049335286021232605, 0.2927170991897583]",0.01390364952
20260529_wam_gru_no_future_single_demo_overfit_seed0,wam_gru_dinov2s_no_future,eval_same_demo_teacher_forced,datasets/libero_spatial/pick_up_the_black_bowl_from_table_center_and_place_it_on_the_plate_demo.hdf5:data/demo_0,36,40,3,"[-0.14464285969734192, -0.05624999850988388, -0.13660714030265808, 0.0, 0.0, -0.04714285582304001, 1.0]","[-0.1977159082889557, -0.15678170323371887, -0.22156476974487305, 0.009920328855514526, -0.023239346221089363, -0.02911599725484848, 1.3542522192001343]",1.022237539,1.395796657,1,1.354252219,0.9975284934,"[-0.05307304859161377, -0.10053170472383499, -0.08495762944221497, 0.009920328855514526, -0.023239346221089363, 0.01802685856819153, 0.3542522192001343]",0.02094274759
20260529_wam_gru_no_future_single_demo_overfit_seed0,wam_gru_dinov2s_no_future,eval_same_demo_teacher_forced,datasets/libero_spatial/pick_up_the_black_bowl_from_table_center_and_place_it_on_the_plate_demo.hdf5:data/demo_0,37,38,0,"[-0.16875000298023224, 0.0, -0.2544642984867096, -0.020357143133878708, 0.0, -0.02142857201397419, 1.0]","[-0.17615821957588196, -0.07921501994132996, -0.2963636517524719, -0.0015536583960056305, -0.014565030112862587, -0.04453679174184799, 1.1290022134780884]",1.045993447,1.184053302,1,1.129002213,0.9972683787,"[-0.007408216595649719, -0.07921501994132996, -0.04189935326576233, 0.018803484737873077, -0.014565030112862587, -0.023108219727873802, 0.12900221347808838]",0.003689532634
20260529_wam_gru_no_future_single_demo_overfit_seed0,wam_gru_dinov2s_no_future,eval_same_demo_teacher_forced,datasets/libero_spatial/pick_up_the_black_bowl_from_table_center_and_place_it_on_the_plate_demo.hdf5:data/demo_0,37,39,1,"[-0.1607142835855484, 0.0, -0.21160714328289032, -0.010714286006987095, 0.0, -0.035357143729925156, 1.0]","[-0.197377011179924, -0.13695260882377625, -0.2334362119436264, 0.007273294031620026, -0.019653061404824257, -0.03831095993518829, 1.2410451173782349]",1.035360575,1.286198258,1,1.241045117,0.9938129187,"[-0.03666272759437561, -0.13695260882377625, -0.021829068660736084, 0.017987579107284546, -0.019653061404824257, -0.002953816205263138, 0.24104511737823486]",0.0113425646
20260529_wam_gru_no_future_single_demo_overfit_seed0,wam_gru_dinov2s_no_future,eval_same_demo_teacher_forced,datasets/libero_spatial/pick_up_the_black_bowl_from_table_center_and_place_it_on_the_plate_demo.hdf5:data/demo_0,37,40,2,"[-0.14464285969734192, -0.05624999850988388, -0.13660714030265808, 0.0, 0.0, -0.04714285582304001, 1.0]","[-0.14743731915950775, -0.10079745948314667, -0.16028311848640442, 0.03170626983046532, -0.0037839822471141815, -0.04759083315730095, 1.2622790336608887]",1.022237539,1.286165357,1,1.262279034,0.998971343,"[-0.0027944594621658325, -0.04454746097326279, -0.023675978183746338, 0.03170626983046532, -0.0037839822471141815, -0.00044797733426094055, 0.26227903366088867]",0.0103375623
20260529_wam_gru_no_future_single_demo_overfit_seed0,wam_gru_dinov2s_no_future,eval_same_demo_teacher_forced,datasets/libero_spatial/pick_up_the_black_bowl_from_table_center_and_place_it_on_the_plate_demo.hdf5:data/demo_0,37,41,3,"[-0.12321428209543228, -0.11249999701976776, -0.06428571790456772, 0.0, 0.011785713955760002, -0.0503571443259716, 1.0]","[-0.15191413462162018, -0.16806340217590332, -0.09244990348815918, 0.017022915184497833, -0.001878693699836731, -0.0368376150727272, 1.276779294013977]",1.017175198,1.300648212,1,1.276779294,0.9993903637,"[-0.028699852526187897, -0.05556340515613556, -0.02816418558359146, 0.017022915184497833, -0.013664407655596733, 0.0135195292532444, 0.27677929401397705]",0.01171003468
20260529_wam_gru_no_future_single_demo_overfit_seed0,wam_gru_dinov2s_no_future,eval_same_demo_teacher_forced,datasets/libero_spatial/pick_up_the_black_bowl_from_table_center_and_place_it_on_the_plate_demo.hdf5:data/demo_0,38,39,0,"[-0.1607142835855484, 0.0, -0.21160714328289032, -0.010714286006987095, 0.0, -0.035357143729925156, 1.0]","[-0.14518313109874725, -0.06385272741317749, -0.1718214750289917, -0.01523737981915474, 0.005321500822901726, -0.05221419781446457, 1.0973150730133057]",1.035360575,1.123283148,1,1.097315073,0.9965718389,"[0.015531152486801147, -0.06385272741317749, 0.03978566825389862, -0.0045230938121676445, 0.005321500822901726, -0.016857054084539413, 0.09731507301330566]",0.002243492752
20260529_wam_gru_no_future_single_demo_overfit_seed0,wam_gru_dinov2s_no_future,eval_same_demo_teacher_forced,datasets/libero_spatial/pick_up_the_black_bowl_from_table_center_and_place_it_on_the_plate_demo.hdf5:data/demo_0,38,40,1,"[-0.14464285969734192, -0.05624999850988388, -0.13660714030265808, 0.0, 0.0, -0.04714285582304001, 1.0]","[-0.143275186419487, -0.11437086760997772, -0.0760670155286789, 0.015511997044086456, 0.002398839220404625, -0.04373503476381302, 1.1250144243240356]",1.022237539,1.143333435,1,1.125014424,0.99646312,"[0.0013676732778549194, -0.05812086910009384, 0.06054012477397919, 0.015511997044086456, 0.002398839220404625, 0.0034078210592269897, 0.12501442432403564]",0.00327594392
20260529_wam_gru_no_future_single_demo_overfit_seed0,wam_gru_dinov2s_no_future,eval_same_demo_teacher_forced,datasets/libero_spatial/pick_up_the_black_bowl_from_table_center_and_place_it_on_the_plate_demo.hdf5:data/demo_0,38,41,2,"[-0.12321428209543228, -0.11249999701976776, -0.06428571790456772, 0.0, 0.011785713955760002, -0.0503571443259716, 1.0]","[-0.11889374256134033, -0.08593009412288666, -0.02113090083003044, 0.024096857756376266, 0.009948398917913437, -0.04326748475432396, 1.1335744857788086]",1.017175198,1.144337773,1,1.133574486,0.997898221,"[0.0043205395340919495, 0.026569902896881104, 0.04315481707453728, 0.024096857756376266, -0.0018373150378465652, 0.007089659571647644, 0.1335744857788086]",0.003009058069
20260529_wam_gru_no_future_single_demo_overfit_seed0,wam_gru_dinov2s_no_future,eval_same_demo_teacher_forced,datasets/libero_spatial/pick_up_the_black_bowl_from_table_center_and_place_it_on_the_plate_demo.hdf5:data/demo_0,38,42,3,"[-0.13124999403953552, -0.1339285671710968, -0.01607142947614193, 0.0, 0.018214285373687744, -0.04928571358323097, 1.0]","[-0.10302538424730301, -0.10504688322544098, 0.058006733655929565, 0.01514800637960434, 0.02733413130044937, -0.03529030829668045, 1.1325409412384033]",1.018912435,1.144502044,1,1.132540941,0.9959605932,"[0.028224609792232513, 0.028881683945655823, 0.07407816499471664, 0.01514800637960434, 0.009119845926761627, 0.013995405286550522, 0.13254094123840332]",0.003599137533
20260529_wam_gru_no_future_single_demo_overfit_seed0,wam_gru_dinov2s_no_future,eval_same_demo_teacher_forced,datasets/libero_spatial/pick_up_the_black_bowl_from_table_center_and_place_it_on_the_plate_demo.hdf5:data/demo_0,39,40,0,"[-0.14464285969734192, -0.05624999850988388, -0.13660714030265808, 0.0, 0.0, -0.04714285582304001, 1.0]","[-0.11515223979949951, -0.04006364941596985, -0.1278621256351471, -0.015982571989297867, 0.004324441775679588, -0.048123739659786224, 1.0521608591079712]",1.022237539,1.068104148,1,1.052160859,0.9990381598,"[0.029490619897842407, 0.016186349093914032, 0.008745014667510986, -0.015982571989297867, 0.004324441775679588, -0.0009808838367462158, 0.05216085910797119]",0.0006005758187
20260529_wam_gru_no_future_single_demo_overfit_seed0,wam_gru_dinov2s_no_future,eval_same_demo_teacher_forced,datasets/libero_spatial/pick_up_the_black_bowl_from_table_center_and_place_it_on_the_plate_demo.hdf5:data/demo_0,39,41,1,"[-0.12321428209543228, -0.11249999701976776, -0.06428571790456772, 0.0, 0.011785713955760002, -0.0503571443259716, 1.0]","[-0.11074038594961166, -0.09359376132488251, -0.04396583512425423, 0.013276591897010803, 0.008490582928061485, -0.04120025783777237, 1.060575008392334]",1.017175198,1.072250605,1,1.060575008,0.9991597533,"[0.012473896145820618, 0.018906235694885254, 0.020319882780313492, 0.013276591897010803, -0.003295131027698517, 0.009156886488199234, 0.060575008392333984]",0.0006951781688
20260529_wam_gru_no_future_single_demo_overfit_seed0,wam_gru_dinov2s_no_future,eval_same_demo_teacher_forced,datasets/libero_spatial/pick_up_the_black_bowl_from_table_center_and_place_it_on_the_plate_demo.hdf5:data/demo_0,39,42,2,"[-0.13124999403953552, -0.1339285671710968, -0.01607142947614193, 0.0, 0.018214285373687744, -0.04928571358323097, 1.0]","[-0.08176271617412567, -0.07158869504928589, 0.01092005055397749, 0.027887415140867233, 0.010319028049707413, -0.04756825789809227, 1.0744565725326538]",1.018912435,1.081449509,1,1.074456573,0.9956713319,"[0.04948727786540985, 0.06233987212181091, 0.026991479098796844, 0.027887415140867233, -0.007895257323980331, 0.0017174556851387024, 0.07445657253265381]",0.001921509276
20260529_wam_gru_no_future_single_demo_overfit_seed0,wam_gru_dinov2s_no_future,eval_same_demo_teacher_forced,datasets/libero_spatial/pick_up_the_black_bowl_from_table_center_and_place_it_on_the_plate_demo.hdf5:data/demo_0,39,43,3,"[-0.1205357164144516, -0.12857143580913544, -0.0, 0.0, 0.03321428596973419, -0.04285714402794838, 1.0]","[-0.0719379410147667, -0.07139813899993896, 0.07766133546829224, 0.014579325914382935, 0.021854177117347717, -0.03272291272878647, 1.063454031944275]",1.016857624,1.071913958,1,1.063454032,0.9939900637,"[0.048597775399684906, 0.05717329680919647, 0.07766133546829224, 0.014579325914382935, -0.011360108852386475, 0.010134231299161911, 0.0634540319442749]",0.002304648515
20260529_wam_gru_no_future_single_demo_overfit_seed0,wam_gru_dinov2s_no_future,eval_same_demo_teacher_forced,datasets/libero_spatial/pick_up_the_black_bowl_from_table_center_and_place_it_on_the_plate_demo.hdf5:data/demo_0,40,41,0,"[-0.12321428209543228, -0.11249999701976776, -0.06428571790456772, 0.0, 0.011785713955760002, -0.0503571443259716, 1.0]","[-0.11112244427204132, -0.0406661182641983, -0.0844094306230545, -0.016135890036821365, 0.011045997962355614, -0.04704808443784714, 1.0364762544631958]",1.017175198,1.047857761,1,1.036476254,0.9970107079,"[0.01209183782339096, 0.07183387875556946, -0.020123712718486786, -0.016135890036821365, -0.0007397159934043884, 0.003309059888124466, 0.0364762544631958]",0.00104480912
20260529_wam_gru_no_future_single_demo_overfit_seed0,wam_gru_dinov2s_no_future,eval_same_demo_teacher_forced,datasets/libero_spatial/pick_up_the_black_bowl_from_table_center_and_place_it_on_the_plate_demo.hdf5:data/demo_0,40,42,1,"[-0.13124999403953552, -0.1339285671710968, -0.01607142947614193, 0.0, 0.018214285373687744, -0.04928571358323097, 1.0]","[-0.10050027072429657, -0.08860839903354645, 0.003428872674703598, 0.010433882474899292, 0.018612047657370567, -0.042137257754802704, 1.0432530641555786]",1.018912435,1.052887082,1,1.043253064,0.9980162382,"[0.030749723315238953, 0.045320168137550354, 0.019500302150845528, 0.010433882474899292, 0.0003977622836828232, 0.007148455828428268, 0.04325306415557861]",0.0007729538484
20260529_wam_gru_no_future_single_demo_overfit_seed0,wam_gru_dinov2s_no_future,eval_same_demo_teacher_forced,datasets/libero_spatial/pick_up_the_black_bowl_from_table_center_and_place_it_on_the_plate_demo.hdf5:data/demo_0,40,43,2,"[-0.1205357164144516, -0.12857143580913544, -0.0, 0.0, 0.03321428596973419, -0.04285714402794838, 1.0]","[-0.07115504890680313, -0.06434903293848038, 0.06085452809929848, 0.024245183914899826, 0.01882210746407509, -0.043975021690130234, 1.0539135932922363]",1.016857624,1.061375022,1,1.053913593,0.994446516,"[0.04938066750764847, 0.06422240287065506, 0.06085452809929848, 0.024245183914899826, -0.014392178505659103, -0.0011178776621818542, 0.05391359329223633]",0.001995589817
20260529_wam_gru_no_future_single_demo_overfit_seed0,wam_gru_dinov2s_no_future,eval_same_demo_teacher_forced,datasets/libero_spatial/pick_up_the_black_bowl_from_table_center_and_place_it_on_the_plate_demo.hdf5:data/demo_0,40,44,3,"[-0.10446428507566452, -0.10446428507566452, 0.02142857201397419, 0.0, 0.04285714402794838, -0.035357143729925156, 1.0]","[-0.05776922404766083, -0.05993204936385155, 0.1296353042125702, 0.010920450091362, 0.031902797520160675, -0.03058742731809616, 1.0424200296401978]",1.012606382,1.054725766,1,1.04242003,0.9924347997,"[0.04669506102800369, 0.04453223571181297, 0.10820673406124115, 0.010920450091362, -0.010954346507787704, 0.004769716411828995, 0.042420029640197754]",0.002561958507
20260529_wam_gru_no_future_single_demo_overfit_seed0,wam_gru_dinov2s_no_future,eval_same_demo_teacher_forced,datasets/libero_spatial/pick_up_the_black_bowl_from_table_center_and_place_it_on_the_plate_demo.hdf5:data/demo_0,41,42,0,"[-0.13124999403953552, -0.1339285671710968, -0.01607142947614193, 0.0, 0.018214285373687744, -0.04928571358323097, 1.0]","[-0.11571019887924194, -0.06064711511135101, -0.017704952508211136, -0.015522841364145279, 0.024874409660696983, -0.04250181466341019, 1.0456485748291016]",1.018912435,1.055190682,1,1.045648575,0.9968779087,"[0.015539795160293579, 0.07328145205974579, -0.0016335230320692062, -0.015522841364145279, 0.006660124287009239, 0.0067838989198207855, 0.04564857482910156]",0.001147064962
20260529_wam_gru_no_future_single_demo_overfit_seed0,wam_gru_dinov2s_no_future,eval_same_demo_teacher_forced,datasets/libero_spatial/pick_up_the_black_bowl_from_table_center_and_place_it_on_the_plate_demo.hdf5:data/demo_0,41,43,1,"[-0.1205357164144516, -0.12857143580913544, -0.0, 0.0, 0.03321428596973419, -0.04285714402794838, 1.0]","[-0.09467703849077225, -0.09564562141895294, 0.0836593508720398, 0.005003988742828369, 0.03284045308828354, -0.04048758000135422, 1.052676796913147]",1.016857624,1.065824509,1,1.052676797,0.9957743287,"[0.025858677923679352, 0.032925814390182495, 0.0836593508720398, 0.005003988742828369, -0.0003738328814506531, 0.002369564026594162, 0.05267679691314697]",0.001651043887
20260529_wam_gru_no_future_single_demo_overfit_seed0,wam_gru_dinov2s_no_future,eval_same_demo_teacher_forced,datasets/libero_spatial/pick_up_the_black_bowl_from_table_center_and_place_it_on_the_plate_demo.hdf5:data/demo_0,41,44,2,"[-0.10446428507566452, -0.10446428507566452, 0.02142857201397419, 0.0, 0.04285714402794838, -0.035357143729925156, 1.0]","[-0.06583329290151596, -0.06810486316680908, 0.1491079330444336, 0.022244703024625778, 0.035895202308893204, -0.03275570645928383, 1.0486890077590942]",1.012606382,1.064805269,1,1.048689008,0.9910444021,"[0.03863099217414856, 0.03635942190885544, 0.12767936289310455, 0.022244703024625778, -0.006961941719055176, 0.002601437270641327, 0.04868900775909424]",0.003148151794
20260529_wam_gru_no_future_single_demo_overfit_seed0,wam_gru_dinov2s_no_future,eval_same_demo_teacher_forced,datasets/libero_spatial/pick_up_the_black_bowl_from_table_center_and_place_it_on_the_plate_demo.hdf5:data/demo_0,41,45,3,"[-0.06428571790456772, -0.04821428656578064, 0.15267856419086456, 0.0, 0.04928571358323097, -0.024642856791615486, 1.0]","[-0.041421014815568924, -0.05617706850171089, 0.21623653173446655, 0.006168566644191742, 0.05571869760751724, -0.030314557254314423, 1.0311272144317627]",1.016269803,1.057787657,1,1.031127214,0.9981476665,"[0.022864703088998795, -0.007962781935930252, 0.06355796754360199, 0.006168566644191742, 0.00643298402428627, -0.0056717004626989365, 0.031127214431762695]",0.0008151888615
20260529_wam_gru_no_future_single_demo_overfit_seed0,wam_gru_dinov2s_no_future,eval_same_demo_teacher_forced,datasets/libero_spatial/pick_up_the_black_bowl_from_table_center_and_place_it_on_the_plate_demo.hdf5:data/demo_0,42,43,0,"[-0.1205357164144516, -0.12857143580913544, -0.0, 0.0, 0.03321428596973419, -0.04285714402794838, 1.0]","[-0.10573050379753113, -0.07678355276584625, 0.036342717707157135, -0.012655097991228104, 0.03678422421216965, -0.0401090607047081, 1.0316812992095947]",1.016857624,1.042057395,1,1.031681299,0.9977487326,"[0.014805212616920471, 0.051787883043289185, 0.036342717707157135, -0.012655097991228104, 0.0035699382424354553, 0.00274808332324028, 0.03168129920959473]",0.0007723035524
20260529_wam_gru_no_future_single_demo_overfit_seed0,wam_gru_dinov2s_no_future,eval_same_demo_teacher_forced,datasets/libero_spatial/pick_up_the_black_bowl_from_table_center_and_place_it_on_the_plate_demo.hdf5:data/demo_0,42,44,1,"[-0.10446428507566452, -0.10446428507566452, 0.02142857201397419, 0.0, 0.04285714402794838, -0.035357143729925156, 1.0]","[-0.08283133804798126, -0.0946808010339737, 0.13203072547912598, -0.000992901623249054, 0.04167642444372177, -0.03830013424158096, 1.0200181007385254]",1.012606382,1.037737608,1,1.020018101,0.9940156937,"[0.021632947027683258, 0.009783484041690826, 0.11060215532779694, -0.000992901623249054, -0.0011807195842266083, -0.0029429905116558075, 0.02001810073852539]",0.001886900514
20260529_wam_gru_no_future_single_demo_overfit_seed0,wam_gru_dinov2s_no_future,eval_same_demo_teacher_forced,datasets/libero_spatial/pick_up_the_black_bowl_from_table_center_and_place_it_on_the_plate_demo.hdf5:data/demo_0,42,45,2,"[-0.06428571790456772, -0.04821428656578064, 0.15267856419086456, 0.0, 0.04928571358323097, -0.024642856791615486, 1.0]","[-0.044571779668331146, -0.07177069783210754, 0.20640911161899567, 0.020763035863637924, 0.04254430904984474, -0.027958031743764877, 1.0069373846054077]",1.016269803,1.03280592,1,1.006937385,0.9980503321,"[0.019713938236236572, -0.023556411266326904, 0.053730547428131104, 0.020763035863637924, -0.0067414045333862305, -0.003315174952149391, 0.006937384605407715]",0.0006237405469
20260529_wam_gru_no_future_single_demo_overfit_seed0,wam_gru_dinov2s_no_future,eval_same_demo_teacher_forced,datasets/libero_spatial/pick_up_the_black_bowl_from_table_center_and_place_it_on_the_plate_demo.hdf5:data/demo_0,42,46,3,"[-0.010714286006987095, -0.02142857201397419, 0.23035714030265808, 0.0, 0.056785713881254196, -0.019285714253783226, 1.0]","[-0.018379367887973785, -0.04286247119307518, 0.2680526673793793, -0.00024832040071487427, 0.06135989725589752, -0.02728927880525589, 0.9769808053970337]",1.028219342,1.016380072,1,0.9769808054,0.99884516,"[-0.0076650818809866905, -0.02143389917910099, 0.03769552707672119, -0.00024832040071487427, 0.004574183374643326, -0.008003564551472664, -0.02301919460296631]",0.0003648633428
20260529_wam_gru_no_future_single_demo_overfit_seed0,wam_gru_dinov2s_no_future,eval_same_demo_teacher_forced,datasets/libero_spatial/pick_up_the_black_bowl_from_table_center_and_place_it_on_the_plate_demo.hdf5:data/demo_0,43,44,0,"[-0.10446428507566452, -0.10446428507566452, 0.02142857201397419, 0.0, 0.04285714402794838, -0.035357143729925156, 1.0]","[-0.10054594278335571, -0.0747675895690918, 0.0867914929986, -0.012045327574014664, 0.03893321752548218, -0.03546186536550522, 1.0158452987670898]",1.012606382,1.028636336,1,1.015845299,0.9974440932,"[0.003918342292308807, 0.029696695506572723, 0.06536292284727097, -0.012045327574014664, -0.003923926502466202, -0.00010472163558006287, 0.015845298767089844]",0.0007973043248
20260529_wam_gru_no_future_single_demo_overfit_seed0,wam_gru_dinov2s_no_future,eval_same_demo_teacher_forced,datasets/libero_spatial/pick_up_the_black_bowl_from_table_center_and_place_it_on_the_plate_demo.hdf5:data/demo_0,43,45,1,"[-0.06428571790456772, -0.04821428656578064, 0.15267856419086456, 0.0, 0.04928571358323097, -0.024642856791615486, 1.0]","[-0.06779629737138748, -0.08994163572788239, 0.18629874289035797, -0.0076518431305885315, 0.048930369317531586, -0.034769974648952484, 1.0026772022247314]",1.016269803,1.027821183,1,1.002677202,0.9986028671,"[-0.003510579466819763, -0.041727349162101746, 0.03362017869949341, -0.0076518431305885315, -0.0003553442656993866, -0.010127117857336998, 0.0026772022247314453]",0.0004360307357
20260529_wam_gru_no_future_single_demo_overfit_seed0,wam_gru_dinov2s_no_future,eval_same_demo_teacher_forced,datasets/libero_spatial/pick_up_the_black_bowl_from_table_center_and_place_it_on_the_plate_demo.hdf5:data/demo_0,43,46,2,"[-0.010714286006987095, -0.02142857201397419, 0.23035714030265808, 0.0, 0.056785713881254196, -0.019285714253783226, 1.0]","[-0.027434727177023888, -0.06648487597703934, 0.265371173620224, 0.021535050123929977, 0.05138472095131874, -0.023796308785676956, 0.9870404601097107]",1.028219342,1.026408315,1,0.9870404601,0.9980036616,"[-0.016720440238714218, -0.0450563058257103, 0.03501403331756592, 0.021535050123929977, -0.005400992929935455, -0.00451059453189373, -0.012959539890289307]",0.0006024072645
20260529_wam_gru_no_future_single_demo_overfit_seed0,wam_gru_dinov2s_no_future,eval_same_demo_teacher_forced,datasets/libero_spatial/pick_up_the_black_bowl_from_table_center_and_place_it_on_the_plate_demo.hdf5:data/demo_0,43,47,3,"[0.0, 0.0, 0.3348214328289032, 0.0, 0.05892857164144516, -0.017142856493592262, 1.0]","[0.003864843398332596, -0.029476415365934372, 0.3238840103149414, -0.0036817267537117004, 0.07097204029560089, -0.026879481971263885, 0.9499922394752502]",1.056348324,1.006996989,1,0.9499922395,0.999378562,"[0.003864843398332596, -0.029476415365934372, -0.010937422513961792, -0.0036817267537117004, 0.012043468654155731, -0.009736625477671623, -0.050007760524749756]",0.0005368002458
20260529_wam_gru_no_future_single_demo_overfit_seed0,wam_gru_dinov2s_no_future,eval_same_demo_teacher_forced,datasets/libero_spatial/pick_up_the_black_bowl_from_table_center_and_place_it_on_the_plate_demo.hdf5:data/demo_0,44,45,0,"[-0.06428571790456772, -0.04821428656578064, 0.15267856419086456, 0.0, 0.04928571358323097, -0.024642856791615486, 1.0]","[-0.09656712412834167, -0.072435662150383, 0.13964533805847168, -0.013177279382944107, 0.0474390834569931, -0.03223057836294174, 1.0116945505142212]",1.016269803,1.03007853,1,1.011694551,0.9990546703,"[-0.032281406223773956, -0.024221375584602356, -0.013033226132392883, -0.013177279382944107, -0.0018466301262378693, -0.007587721571326256, 0.011694550514221191]",0.0003100023023
20260529_wam_gru_no_future_single_demo_overfit_seed0,wam_gru_dinov2s_no_future,eval_same_demo_teacher_forced,datasets/libero_spatial/pick_up_the_black_bowl_from_table_center_and_place_it_on_the_plate_demo.hdf5:data/demo_0,44,46,1,"[-0.010714286006987095, -0.02142857201397419, 0.23035714030265808, 0.0, 0.056785713881254196, -0.019285714253783226, 1.0]","[-0.052832864224910736, -0.08356498181819916, 0.25262928009033203, -0.00892627239227295, 0.05648542195558548, -0.032750699669122696, 1.0050387382507324]",1.028219342,1.04309237,1,1.005038738,0.9971114397,"[-0.042118579149246216, -0.06213641166687012, 0.02227213978767395, -0.00892627239227295, -0.00030029192566871643, -0.01346498541533947, 0.005038738250732422]",0.0009167742683
20260529_wam_gru_no_future_single_demo_overfit_seed0,wam_gru_dinov2s_no_future,eval_same_demo_teacher_forced,datasets/libero_spatial/pick_up_the_black_bowl_from_table_center_and_place_it_on_the_plate_demo.hdf5:data/demo_0,44,47,2,"[0.0, 0.0, 0.3348214328289032, 0.0, 0.05892857164144516, -0.017142856493592262, 1.0]","[-0.015279872342944145, -0.054186392575502396, 0.3324843943119049, 0.021859388798475266, 0.06499363481998444, -0.015532027930021286, 0.986897349357605]",1.056348324,1.045287132,1,0.9868973494,0.9983056784,"[-0.015279872342944145, -0.054186392575502396, -0.002337038516998291, 0.021859388798475266, 0.006065063178539276, 0.0016108285635709763, -0.01310265064239502]",0.0005519990809
20260529_wam_gru_no_future_single_demo_overfit_seed0,wam_gru_dinov2s_no_future,eval_same_demo_teacher_forced,datasets/libero_spatial/pick_up_the_black_bowl_from_table_center_and_place_it_on_the_plate_demo.hdf5:data/demo_0,44,48,3,"[0.0, 0.0, 0.43392857909202576, 0.0, 0.07392857223749161, -0.010714286006987095, 1.0]","[0.026055827736854553, -0.01668943092226982, 0.39229586720466614, -0.004300400614738464, 0.08846689760684967, -0.029327139258384705, 0.9536781907081604]",1.092645526,1.035886288,1,0.9536781907,0.9990321398,"[0.026055827736854553, -0.01668943092226982, -0.04163271188735962, -0.004300400614738464, 0.014538325369358063, -0.018612854182720184, -0.0463218092918396]",0.000773247215
20260529_wam_gru_no_future_single_demo_overfit_seed0,wam_gru_dinov2s_no_future,eval_same_demo_teacher_forced,datasets/libero_spatial/pick_up_the_black_bowl_from_table_center_and_place_it_on_the_plate_demo.hdf5:data/demo_0,45,46,0,"[-0.010714286006987095, -0.02142857201397419, 0.23035714030265808, 0.0, 0.056785713881254196, -0.019285714253783226, 1.0]","[-0.07538571208715439, -0.06998515129089355, 0.22144043445587158, -0.011757124215364456, 0.06508876383304596, -0.030112052336335182, 1.003109097480774]",1.028219342,1.034952283,1,1.003109097,0.9967540503,"[-0.06467142701148987, -0.048556581139564514, -0.008916705846786499, -0.011757124215364456, 0.008303049951791763, -0.010826338082551956, 0.0031090974807739258]",0.0009933842812
20260529_wam_gru_no_future_single_demo_overfit_seed0,wam_gru_dinov2s_no_future,eval_same_demo_teacher_forced,datasets/libero_spatial/pick_up_the_black_bowl_from_table_center_and_place_it_on_the_plate_demo.hdf5:data/demo_0,45,47,1,"[0.0, 0.0, 0.3348214328289032, 0.0, 0.05892857164144516, -0.017142856493592262, 1.0]","[-0.030724333599209785, -0.06587184965610504, 0.33002135157585144, -0.0164678692817688, 0.06809363514184952, -0.032770514488220215, 0.9948731660842896]",1.056348324,1.053542376,1,0.9948731661,0.997338593,"[-0.030724333599209785, -0.06587184965610504, -0.004800081253051758, -0.0164678692817688, 0.009165063500404358, -0.015627657994627953, -0.005126833915710449]",0.0008474033675
20260529_wam_gru_no_future_single_demo_overfit_seed0,wam_gru_dinov2s_no_future,eval_same_demo_teacher_forced,datasets/libero_spatial/pick_up_the_black_bowl_from_table_center_and_place_it_on_the_plate_demo.hdf5:data/demo_0,45,48,2,"[0.0, 0.0, 0.43392857909202576, 0.0, 0.07392857223749161, -0.010714286006987095, 1.0]","[0.02143934927880764, -0.03679555654525757, 0.4166974127292633, 0.016265075653791428, 0.08301879465579987, -0.005034830421209335, 0.9593348503112793]",1.092645526,1.050217032,1,0.9593348503,0.9989788532,"[0.02143934927880764, -0.03679555654525757, -0.01723116636276245, 0.016265075653791428, 0.009090222418308258, 0.0056794555857777596, -0.0406651496887207]",0.0005919382093
20260529_wam_gru_no_future_single_demo_overfit_seed0,wam_gru_dinov2s_no_future,eval_same_demo_teacher_forced,datasets/libero_spatial/pick_up_the_black_bowl_from_table_center_and_place_it_on_the_plate_demo.hdf5:data/demo_0,45,49,3,"[0.08571428805589676, 0.0, 0.5330356955528259, 0.0, 0.1039285734295845, -0.007499999832361937, 1.0]","[0.06870545446872711, 0.006088506430387497, 0.4763629138469696, -0.008295774459838867, 0.10705704987049103, -0.019541092216968536, 0.919508695602417]",1.141197324,1.043593407,1,0.9195086956,0.9997003078,"[-0.017008833587169647, 0.006088506430387497, -0.05667278170585632, -0.008295774459838867, 0.0031284764409065247, -0.012041091918945312, -0.08049130439758301]",0.001462945715
20260529_wam_gru_no_future_single_demo_overfit_seed0,wam_gru_dinov2s_no_future,eval_same_demo_teacher_forced,datasets/libero_spatial/pick_up_the_black_bowl_from_table_center_and_place_it_on_the_plate_demo.hdf5:data/demo_0,46,47,0,"[0.0, 0.0, 0.3348214328289032, 0.0, 0.05892857164144516, -0.017142856493592262, 1.0]","[-0.04305369406938553, -0.05133204162120819, 0.2828594446182251, -0.00563112273812294, 0.07927436381578445, -0.02346769906580448, 1.0011134147644043]",1.056348324,1.045750022,1,1.001113415,0.9965766668,"[-0.04305369406938553, -0.05133204162120819, -0.0519619882106781, -0.00563112273812294, 0.020345792174339294, -0.006324842572212219, 0.0011134147644042969]",0.001096507418
20260529_wam_gru_no_future_single_demo_overfit_seed0,wam_gru_dinov2s_no_future,eval_same_demo_teacher_forced,datasets/libero_spatial/pick_up_the_black_bowl_from_table_center_and_place_it_on_the_plate_demo.hdf5:data/demo_0,46,48,1,"[0.0, 0.0, 0.43392857909202576, 0.0, 0.07392857223749161, -0.010714286006987095, 1.0]","[9.53285489231348e-05, -0.034463271498680115, 0.385643869638443, -0.024391047656536102, 0.08074959367513657, -0.028798338025808334, 0.9883049726486206]",1.092645526,1.065176249,1,0.9883049726,0.9983375072,"[9.53285489231348e-05, -0.034463271498680115, -0.048284709453582764, -0.024391047656536102, 0.0068210214376449585, -0.018084052950143814, -0.011695027351379395]",0.000660627964
20260529_wam_gru_no_future_single_demo_overfit_seed0,wam_gru_dinov2s_no_future,eval_same_demo_teacher_forced,datasets/libero_spatial/pick_up_the_black_bowl_from_table_center_and_place_it_on_the_plate_demo.hdf5:data/demo_0,46,49,2,"[0.08571428805589676, 0.0, 0.5330356955528259, 0.0, 0.1039285734295845, -0.007499999832361937, 1.0]","[0.05577272176742554, -0.011123641394078732, 0.4700275957584381, 0.012762840837240219, 0.09339390695095062, -0.002527903765439987, 0.9425391554832458]",1.141197324,1.058976889,1,0.9425391555,0.999242723,"[-0.029941566288471222, -0.011123641394078732, -0.06300809979438782, 0.012762840837240219, -0.01053466647863388, 0.004972096066921949, -0.05746084451675415]",0.001227227622
20260529_wam_gru_no_future_single_demo_overfit_seed0,wam_gru_dinov2s_no_future,eval_same_demo_teacher_forced,datasets/libero_spatial/pick_up_the_black_bowl_from_table_center_and_place_it_on_the_plate_demo.hdf5:data/demo_0,46,50,3,"[0.16607142984867096, 0.03214285895228386, 0.6214285492897034, 0.0, 0.11464285850524902, -0.006428571417927742, 1.0]","[0.10156910866498947, 0.037104424089193344, 0.5199874639511108, -0.009774059057235718, 0.12365628778934479, -0.013316579163074493, 0.8998091816902161]",1.194977283,1.052283406,1,0.8998091817,0.9982597828,"[-0.06450232118368149, 0.004961565136909485, -0.10144108533859253, -0.009774059057235718, 0.009013429284095764, -0.006888007745146751, -0.10019081830978394]",0.003533982905
20260529_wam_gru_no_future_single_demo_overfit_seed0,wam_gru_dinov2s_no_future,eval_same_demo_teacher_forced,datasets/libero_spatial/pick_up_the_black_bowl_from_table_center_and_place_it_on_the_plate_demo.hdf5:data/demo_0,47,48,0,"[0.0, 0.0, 0.43392857909202576, 0.0, 0.07392857223749161, -0.010714286006987095, 1.0]","[-0.0014919936656951904, -0.0013230573385953903, 0.37155261635780334, -0.00459100678563118, 0.08888973295688629, -0.02015026845037937, 0.990583062171936]",1.092645526,1.061903238,1,0.9905830622,0.9985468984,"[-0.0014919936656951904, -0.0013230573385953903, -0.06237596273422241, -0.00459100678563118, 0.014961160719394684, -0.009435982443392277, -0.009416937828063965]",0.0006167668034
20260529_wam_gru_no_future_single_demo_overfit_seed0,wam_gru_dinov2s_no_future,eval_same_demo_teacher_forced,datasets/libero_spatial/pick_up_the_black_bowl_from_table_center_and_place_it_on_the_plate_demo.hdf5:data/demo_0,47,49,1,"[0.08571428805589676, 0.0, 0.5330356955528259, 0.0, 0.1039285734295845, -0.007499999832361937, 1.0]","[0.04811973124742508, 0.019357934594154358, 0.47325870394706726, -0.025829844176769257, 0.08638196438550949, -0.025993525981903076, 0.9922927618026733]",1.141197324,1.104587555,1,0.9922927618,0.9978590608,"[-0.03759455680847168, 0.019357934594154358, -0.05977699160575867, -0.025829844176769257, -0.017546609044075012, -0.018493525683879852, -0.00770723819732666]",0.0009625493549
20260529_wam_gru_no_future_single_demo_overfit_seed0,wam_gru_dinov2s_no_future,eval_same_demo_teacher_forced,datasets/libero_spatial/pick_up_the_black_bowl_from_table_center_and_place_it_on_the_plate_demo.hdf5:data/demo_0,47,50,2,"[0.16607142984867096, 0.03214285895228386, 0.6214285492897034, 0.0, 0.11464285850524902, -0.006428571417927742, 1.0]","[0.11624204367399216, 0.05442631617188454, 0.5466951727867126, 0.010647248476743698, 0.11101776361465454, 0.0052182115614414215, 0.9454841613769531]",1.194977283,1.105330706,1,0.9454841614,0.998575747,"[-0.0498293861746788, 0.022283457219600677, -0.07473337650299072, 0.010647248476743698, -0.0036250948905944824, 0.011646782979369164, -0.054515838623046875]",0.001685532625
20260529_wam_gru_no_future_single_demo_overfit_seed0,wam_gru_dinov2s_no_future,eval_same_demo_teacher_forced,datasets/libero_spatial/pick_up_the_black_bowl_from_table_center_and_place_it_on_the_plate_demo.hdf5:data/demo_0,47,51,3,"[0.22232143580913544, 0.05624999850988388, 0.6723214387893677, 0.0, 0.1403571367263794, -0.007499999832361937, 1.0]","[0.16474470496177673, 0.09968768060207367, 0.5912817716598511, -0.009971216320991516, 0.13603034615516663, -0.0065657272934913635, 0.9150789976119995]",1.234651089,1.114768505,1,0.9150789976,0.9982824326,"[-0.057576730847358704, 0.04343768209218979, -0.0810396671295166, -0.009971216320991516, -0.0043267905712127686, 0.000934272538870573, -0.08492100238800049]",0.002728562104
20260529_wam_gru_no_future_single_demo_overfit_seed0,wam_gru_dinov2s_no_future,eval_same_demo_teacher_forced,datasets/libero_spatial/pick_up_the_black_bowl_from_table_center_and_place_it_on_the_plate_demo.hdf5:data/demo_0,48,49,0,"[0.08571428805589676, 0.0, 0.5330356955528259, 0.0, 0.1039285734295845, -0.007499999832361937, 1.0]","[0.049472689628601074, 0.04234077036380768, 0.4855343997478485, 0.0006387494504451752, 0.110826775431633, -0.006113195791840553, 0.9872366189956665]",1.141197324,1.107673407,1,0.987236619,0.9982392788,"[-0.036241598427295685, 0.04234077036380768, -0.04750129580497742, 0.0006387494504451752, 0.006898202002048492, 0.0013868040405213833, -0.012763381004333496]",0.000796483946
20260529_wam_gru_no_future_single_demo_overfit_seed0,wam_gru_dinov2s_no_future,eval_same_demo_teacher_forced,datasets/libero_spatial/pick_up_the_black_bowl_from_table_center_and_place_it_on_the_plate_demo.hdf5:data/demo_0,48,50,1,"[0.16607142984867096, 0.03214285895228386, 0.6214285492897034, 0.0, 0.11464285850524902, -0.006428571417927742, 1.0]","[0.09744724631309509, 0.0691118985414505, 0.5774593353271484, -0.029570214450359344, 0.10544263571500778, -0.01733812317252159, 0.9831249117851257]",1.194977283,1.151763558,1,0.9831249118,0.9972736835,"[-0.06862418353557587, 0.03696903958916664, -0.04396921396255493, -0.029570214450359344, -0.009200222790241241, -0.01090955175459385, -0.016875088214874268]",0.001338872709
20260529_wam_gru_no_future_single_demo_overfit_seed0,wam_gru_dinov2s_no_future,eval_same_demo_teacher_forced,datasets/libero_spatial/pick_up_the_black_bowl_from_table_center_and_place_it_on_the_plate_demo.hdf5:data/demo_0,48,51,2,"[0.22232143580913544, 0.05624999850988388, 0.6723214387893677, 0.0, 0.1403571367263794, -0.007499999832361937, 1.0]","[0.17727404832839966, 0.11329558491706848, 0.6440736055374146, 0.02468619868159294, 0.13622863590717316, 0.010263226926326752, 0.9552723169326782]",1.234651089,1.179368854,1,0.9552723169,0.9979507923,"[-0.04504738748073578, 0.0570455864071846, -0.028247833251953125, 0.02468619868159294, -0.004128500819206238, 0.017763227224349976, -0.04472768306732178]",0.001289136708
20260529_wam_gru_no_future_single_demo_overfit_seed0,wam_gru_dinov2s_no_future,eval_same_demo_teacher_forced,datasets/libero_spatial/pick_up_the_black_bowl_from_table_center_and_place_it_on_the_plate_demo.hdf5:data/demo_0,48,52,3,"[0.24910713732242584, 0.1205357164144516, 0.7419642806053162, 0.0, 0.15321429073810577, -0.008571428246796131, 1.0]","[0.2128787636756897, 0.16523228585720062, 0.671670138835907, -0.011363863945007324, 0.1569652110338211, -0.0019175335764884949, 0.9250428080558777]",1.284773231,1.185004234,1,0.9250428081,0.9986522198,"[-0.036228373646736145, 0.04469656944274902, -0.07029414176940918, -0.011363863945007324, 0.003750920295715332, 0.006653894670307636, -0.07495719194412231]",0.002008229494
20260529_wam_gru_no_future_single_demo_overfit_seed0,wam_gru_dinov2s_no_future,eval_same_demo_teacher_forced,datasets/libero_spatial/pick_up_the_black_bowl_from_table_center_and_place_it_on_the_plate_demo.hdf5:data/demo_0,49,50,0,"[0.16607142984867096, 0.03214285895228386, 0.6214285492897034, 0.0, 0.11464285850524902, -0.006428571417927742, 1.0]","[0.10209981352090836, 0.08772021532058716, 0.5740492343902588, 0.0009125731885433197, 0.11745813488960266, 0.0013115759938955307, 0.9537992477416992]",1.194977283,1.127467871,1,0.9537992477,0.9973756075,"[-0.0639716163277626, 0.0555773563683033, -0.04737931489944458, 0.0009125731885433197, 0.0028152763843536377, 0.007740147411823273, -0.04620075225830078]",0.001661312534
20260529_wam_gru_no_future_single_demo_overfit_seed0,wam_gru_dinov2s_no_future,eval_same_demo_teacher_forced,datasets/libero_spatial/pick_up_the_black_bowl_from_table_center_and_place_it_on_the_plate_demo.hdf5:data/demo_0,49,51,1,"[0.22232143580913544, 0.05624999850988388, 0.6723214387893677, 0.0, 0.1403571367263794, -0.007499999832361937, 1.0]","[0.1583024561405182, 0.1087011843919754, 0.6508429646492004, -0.022990696132183075, 0.10009104758501053, -0.013485323637723923, 0.9514600038528442]",1.234651089,1.173233509,1,0.9514600039,0.9972108006,"[-0.06401897966861725, 0.05245118588209152, -0.021478474140167236, -0.022990696132183075, -0.040266089141368866, -0.005985323805361986, -0.04853999614715576]",0.001693252474
20260529_wam_gru_no_future_single_demo_overfit_seed0,wam_gru_dinov2s_no_future,eval_same_demo_teacher_forced,datasets/libero_spatial/pick_up_the_black_bowl_from_table_center_and_place_it_on_the_plate_demo.hdf5:data/demo_0,49,52,2,"[0.24910713732242584, 0.1205357164144516, 0.7419642806053162, 0.0, 0.15321429073810577, -0.008571428246796131, 1.0]","[0.24084259569644928, 0.1670997589826584, 0.6989877820014954, 0.044954027980566025, 0.15624897181987762, 0.010838191956281662, 0.9637657999992371]",1.284773231,1.236894488,1,0.9637658,0.9982661009,"[-0.008264541625976562, 0.04656404256820679, -0.0429764986038208, 0.044954027980566025, 0.0030346810817718506, 0.01940961927175522, -0.03623420000076294]",0.001114745275
20260529_wam_gru_no_future_single_demo_overfit_seed0,wam_gru_dinov2s_no_future,eval_same_demo_teacher_forced,datasets/libero_spatial/pick_up_the_black_bowl_from_table_center_and_place_it_on_the_plate_demo.hdf5:data/demo_0,49,53,3,"[0.23035714030265808, 0.19017857313156128, 0.7526785731315613, 0.0, 0.15857142210006714, -0.0, 1.0]","[0.2596016526222229, 0.22294357419013977, 0.7192186713218689, -0.006175115704536438, 0.16023312509059906, 0.006372533738613129, 0.9415881037712097]",1.296496153,1.24366951,1,0.9415881038,0.9988367558,"[0.02924451231956482, 0.03276500105857849, -0.03345990180969238, -0.006175115704536438, 0.0016617029905319214, 0.006372533738613129, -0.05841189622879028]",0.0009345433791
20260529_wam_gru_no_future_single_demo_overfit_seed0,wam_gru_dinov2s_no_future,eval_same_demo_teacher_forced,datasets/libero_spatial/pick_up_the_black_bowl_from_table_center_and_place_it_on_the_plate_demo.hdf5:data/demo_0,50,51,0,"[0.22232143580913544, 0.05624999850988388, 0.6723214387893677, 0.0, 0.1403571367263794, -0.007499999832361937, 1.0]","[0.16979603469371796, 0.1628721058368683, 0.6101533770561218, 0.001507241278886795, 0.11805818974971771, -0.0014148447662591934, 0.9286987781524658]",1.234651089,1.141958237,1,0.9286987782,0.9946732521,"[-0.05252540111541748, 0.1066221073269844, -0.06216806173324585, 0.001507241278886795, -0.022298946976661682, 0.006085155066102743, -0.07130122184753418]",0.00337320962
20260529_wam_gru_no_future_single_demo_overfit_seed0,wam_gru_dinov2s_no_future,eval_same_demo_teacher_forced,datasets/libero_spatial/pick_up_the_black_bowl_from_table_center_and_place_it_on_the_plate_demo.hdf5:data/demo_0,50,52,1,"[0.24910713732242584, 0.1205357164144516, 0.7419642806053162, 0.0, 0.15321429073810577, -0.008571428246796131, 1.0]","[0.2196875959634781, 0.17741873860359192, 0.6526337265968323, -0.01525384932756424, 0.10603446513414383, -0.00834372267127037, 0.9311398863792419]",1.284773231,1.176536441,1,0.9311398864,0.9974973202,"[-0.029419541358947754, 0.05688302218914032, -0.08933055400848389, -0.01525384932756424, -0.047179825603961945, 0.00022770557552576065, -0.06886011362075806]",0.002754502697
20260529_wam_gru_no_future_single_demo_overfit_seed0,wam_gru_dinov2s_no_future,eval_same_demo_teacher_forced,datasets/libero_spatial/pick_up_the_black_bowl_from_table_center_and_place_it_on_the_plate_demo.hdf5:data/demo_0,50,53,2,"[0.23035714030265808, 0.19017857313156128, 0.7526785731315613, 0.0, 0.15857142210006714, -0.0, 1.0]","[0.2943289577960968, 0.22830256819725037, 0.6779880523681641, 0.044102828949689865, 0.15798181295394897, -0.00494743138551712, 0.9520261287689209]",1.296496153,1.237619042,1,0.9520261288,0.9962826967,"[0.06397181749343872, 0.03812399506568909, -0.07469052076339722, 0.044102828949689865, -0.0005896091461181641, -0.00494743138551712, -0.0479738712310791]",0.002199411858
20260529_wam_gru_no_future_single_demo_overfit_seed0,wam_gru_dinov2s_no_future,eval_same_demo_teacher_forced,datasets/libero_spatial/pick_up_the_black_bowl_from_table_center_and_place_it_on_the_plate_demo.hdf5:data/demo_0,50,54,3,"[0.2571428716182709, 0.24910713732242584, 0.7633928656578064, 0.0, 0.15535713732242584, -0.0, 1.0]","[0.3016563951969147, 0.2921859622001648, 0.6882300972938538, -0.0007402151823043823, 0.14441151916980743, 0.006846494972705841, 0.9256177544593811]",1.31722486,1.23600173,1,0.9256177545,0.9973620176,"[0.0445135235786438, 0.04307882487773895, -0.07516276836395264, -0.0007402151823043823, -0.010945618152618408, 0.006846494972705841, -0.0743822455406189]",0.002169518266
20260529_wam_gru_no_future_single_demo_overfit_seed0,wam_gru_dinov2s_no_future,eval_same_demo_teacher_forced,datasets/libero_spatial/pick_up_the_black_bowl_from_table_center_and_place_it_on_the_plate_demo.hdf5:data/demo_0,51,52,0,"[0.24910713732242584, 0.1205357164144516, 0.7419642806053162, 0.0, 0.15321429073810577, -0.008571428246796131, 1.0]","[0.23023182153701782, 0.21097181737422943, 0.66889888048172, 0.004851933568716049, 0.13309644162654877, 0.004491468891501427, 0.9255191087722778]",1.284773231,1.191337705,1,0.9255191088,0.9963120222,"[-0.01887531578540802, 0.09043610095977783, -0.07306540012359619, 0.004851933568716049, -0.020117849111557007, 0.013062897138297558, -0.07448089122772217]",0.00285997591
20260529_wam_gru_no_future_single_demo_overfit_seed0,wam_gru_dinov2s_no_future,eval_same_demo_teacher_forced,datasets/libero_spatial/pick_up_the_black_bowl_from_table_center_and_place_it_on_the_plate_demo.hdf5:data/demo_0,51,53,1,"[0.23035714030265808, 0.19017857313156128, 0.7526785731315613, 0.0, 0.15857142210006714, -0.0, 1.0]","[0.27269282937049866, 0.24341483414173126, 0.6846510767936707, -0.016220122575759888, 0.12019584327936172, 0.0058935657143592834, 0.9209132790565491]",1.296496153,1.210448384,1,0.9209132791,0.9968537092,"[0.042335689067840576, 0.05323626101016998, -0.06802749633789062, -0.016220122575759888, -0.038375578820705414, 0.0058935657143592834, -0.07908672094345093]",0.00246848166
20260529_wam_gru_no_future_single_demo_overfit_seed0,wam_gru_dinov2s_no_future,eval_same_demo_teacher_forced,datasets/libero_spatial/pick_up_the_black_bowl_from_table_center_and_place_it_on_the_plate_demo.hdf5:data/demo_0,51,54,2,"[0.2571428716182709, 0.24910713732242584, 0.7633928656578064, 0.0, 0.15535713732242584, -0.0, 1.0]","[0.34652626514434814, 0.2805747985839844, 0.6954988241195679, 0.031106960028409958, 0.15527492761611938, -0.00525500625371933, 0.9320744276046753]",1.31722486,1.25554347,1,0.9320744276,0.9953460693,"[0.08938339352607727, 0.03146766126155853, -0.06789404153823853, 0.031106960028409958, -8.220970630645752e-05, -0.00525500625371933, -0.06792557239532471]",0.002742621815
20260529_wam_gru_no_future_single_demo_overfit_seed0,wam_gru_dinov2s_no_future,eval_same_demo_teacher_forced,datasets/libero_spatial/pick_up_the_black_bowl_from_table_center_and_place_it_on_the_plate_demo.hdf5:data/demo_0,51,55,3,"[0.2919642925262451, 0.35357141494750977, 0.7633928656578064, 0.0, 0.15535713732242584, -0.0, 1.0]","[0.3540651202201843, 0.3548595905303955, 0.6957640051841736, -0.01440344750881195, 0.14654462039470673, 0.00990092009305954, 0.8932439088821411]",1.348020911,1.247012615,1,0.8932439089,0.9970229864,"[0.06210082769393921, 0.0012881755828857422, -0.06762886047363281, -0.01440344750881195, -0.008812516927719116, 0.00990092009305954, -0.10675609111785889]",0.002887406852
20260529_wam_gru_no_future_single_demo_overfit_seed0,wam_gru_dinov2s_no_future,eval_same_demo_teacher_forced,datasets/libero_spatial/pick_up_the_black_bowl_from_table_center_and_place_it_on_the_plate_demo.hdf5:data/demo_0,52,53,0,"[0.23035714030265808, 0.19017857313156128, 0.7526785731315613, 0.0, 0.15857142210006714, -0.0, 1.0]","[0.2898401618003845, 0.2606159448623657, 0.7068434357643127, 0.00026474520564079285, 0.14155669510364532, 0.005736013874411583, 0.9229257702827454]",1.296496153,1.234268546,1,0.9229257703,0.9959408045,"[0.05948302149772644, 0.07043737173080444, -0.045835137367248535, 0.00026474520564079285, -0.017014726996421814, 0.005736013874411583, -0.07707422971725464]",0.002409060718
20260529_wam_gru_no_future_single_demo_overfit_seed0,wam_gru_dinov2s_no_future,eval_same_demo_teacher_forced,datasets/libero_spatial/pick_up_the_black_bowl_from_table_center_and_place_it_on_the_plate_demo.hdf5:data/demo_0,52,54,1,"[0.2571428716182709, 0.24910713732242584, 0.7633928656578064, 0.0, 0.15535713732242584, -0.0, 1.0]","[0.3321121633052826, 0.3018072843551636, 0.7033496499061584, -0.01890626549720764, 0.12100193649530411, 0.018082156777381897, 0.9195796847343445]",1.31722486,1.24781394,1,0.9195796847,0.9952796698,"[0.07496929168701172, 0.05270014703273773, -0.06004321575164795, -0.01890626549720764, -0.034355200827121735, 0.018082156777381897, -0.08042031526565552]",0.0029050007
20260529_wam_gru_no_future_single_demo_overfit_seed0,wam_gru_dinov2s_no_future,eval_same_demo_teacher_forced,datasets/libero_spatial/pick_up_the_black_bowl_from_table_center_and_place_it_on_the_plate_demo.hdf5:data/demo_0,52,55,2,"[0.2919642925262451, 0.35357141494750977, 0.7633928656578064, 0.0, 0.15535713732242584, -0.0, 1.0]","[0.40038472414016724, 0.332639217376709, 0.6982000470161438, 0.0189567469060421, 0.14816220104694366, -0.003952000290155411, 0.9175304174423218]",1.348020911,1.273824573,1,0.9175304174,0.9947103858,"[0.10842043161392212, -0.02093219757080078, -0.0651928186416626, 0.0189567469060421, -0.007194936275482178, -0.003952000290155411, -0.08246958255767822]",0.003381603863
20260529_wam_gru_no_future_single_demo_overfit_seed0,wam_gru_dinov2s_no_future,eval_same_demo_teacher_forced,datasets/libero_spatial/pick_up_the_black_bowl_from_table_center_and_place_it_on_the_plate_demo.hdf5:data/demo_0,52,56,3,"[0.3589285612106323, 0.42053571343421936, 0.7553571462631226, 0.0, 0.15321429073810577, -0.0, 1.0]","[0.41019946336746216, 0.4128658175468445, 0.6880804300308228, -0.020558446645736694, 0.14806225895881653, 0.01709485799074173, 0.8716152906417847]",1.378302932,1.262745857,1,0.8716152906,0.9968156219,"[0.051270902156829834, -0.007669895887374878, -0.0672767162322998, -0.020558446645736694, -0.005152031779289246, 0.01709485799074173, -0.12838470935821533]",0.003491107374
20260529_wam_gru_no_future_single_demo_overfit_seed0,wam_gru_dinov2s_no_future,eval_same_demo_teacher_forced,datasets/libero_spatial/pick_up_the_black_bowl_from_table_center_and_place_it_on_the_plate_demo.hdf5:data/demo_0,53,54,0,"[0.2571428716182709, 0.24910713732242584, 0.7633928656578064, 0.0, 0.15535713732242584, -0.0, 1.0]","[0.3134448528289795, 0.29274284839630127, 0.7453182339668274, -0.0036091916263103485, 0.15663740038871765, -0.0022662971168756485, 0.9678159952163696]",1.31722486,1.304096103,1,0.9678159952,0.9981708527,"[0.05630198121070862, 0.04363571107387543, -0.018074631690979004, -0.0036091916263103485, 0.001280263066291809, -0.0022662971168756485, -0.03218400478363037]",0.0009223274537
20260529_wam_gru_no_future_single_demo_overfit_seed0,wam_gru_dinov2s_no_future,eval_same_demo_teacher_forced,datasets/libero_spatial/pick_up_the_black_bowl_from_table_center_and_place_it_on_the_plate_demo.hdf5:data/demo_0,53,55,1,"[0.2919642925262451, 0.35357141494750977, 0.7633928656578064, 0.0, 0.15535713732242584, -0.0, 1.0]","[0.3546793460845947, 0.34176504611968994, 0.7496681213378906, -0.010881759226322174, 0.12905055284500122, 0.017766207456588745, 0.9923888444900513]",1.348020911,1.344071031,1,0.9923888445,0.9985016584,"[0.06271505355834961, -0.011806368827819824, -0.013724744319915771, -0.010881759226322174, -0.02630658447742462, 0.017766207456588745, -0.0076111555099487305]",0.0007778505096
20260529_wam_gru_no_future_single_demo_overfit_seed0,wam_gru_dinov2s_no_future,eval_same_demo_teacher_forced,datasets/libero_spatial/pick_up_the_black_bowl_from_table_center_and_place_it_on_the_plate_demo.hdf5:data/demo_0,53,56,2,"[0.3589285612106323, 0.42053571343421936, 0.7553571462631226, 0.0, 0.15321429073810577, -0.0, 1.0]","[0.42507028579711914, 0.3872752785682678, 0.7314510941505432, 0.018484141677618027, 0.1627078801393509, 0.0038072429597377777, 0.9847558736801147]",1.378302932,1.36464715,1,0.9847558737,0.9982602596,"[0.06614172458648682, -0.03326043486595154, -0.023906052112579346, 0.018484141677618027, 0.009493589401245117, 0.0038072429597377777, -0.015244126319885254]",0.0009615934105
20260529_wam_gru_no_future_single_demo_overfit_seed0,wam_gru_dinov2s_no_future,eval_same_demo_teacher_forced,datasets/libero_spatial/pick_up_the_black_bowl_from_table_center_and_place_it_on_the_plate_demo.hdf5:data/demo_0,53,57,3,"[0.4285714328289032, 0.4955357015132904, 0.7366071343421936, -0.007499999832361937, 0.16500000655651093, -0.0, 1.0]","[0.4388359487056732, 0.44100749492645264, 0.7274032831192017, -0.012045323848724365, 0.15927593410015106, 0.01951875537633896, 0.962810218334198]",1.413895488,1.367142439,1,0.9628102183,0.9992769957,"[0.01026451587677002, -0.05452820658683777, -0.009203851222991943, -0.004545324016362429, -0.005724072456359863, 0.01951875537633896, -0.037189781665802]",0.0007115547196
20260529_wam_gru_no_future_single_demo_overfit_seed0,wam_gru_dinov2s_no_future,eval_same_demo_teacher_forced,datasets/libero_spatial/pick_up_the_black_bowl_from_table_center_and_place_it_on_the_plate_demo.hdf5:data/demo_0,54,55,0,"[0.2919642925262451, 0.35357141494750977, 0.7633928656578064, 0.0, 0.15535713732242584, -0.0, 1.0]","[0.3254547119140625, 0.32399699091911316, 0.7663664817810059, -0.006274554878473282, 0.1647559106349945, -0.00691070593893528, 1.0117521286010742]",1.348020911,1.359811187,1,1.011752129,0.9994055033,"[0.03349041938781738, -0.029574424028396606, 0.002973616123199463, -0.006274554878473282, 0.009398773312568665, -0.00691070593893528, 0.011752128601074219]",0.000331239251
20260529_wam_gru_no_future_single_demo_overfit_seed0,wam_gru_dinov2s_no_future,eval_same_demo_teacher_forced,datasets/libero_spatial/pick_up_the_black_bowl_from_table_center_and_place_it_on_the_plate_demo.hdf5:data/demo_0,54,56,1,"[0.3589285612106323, 0.42053571343421936, 0.7553571462631226, 0.0, 0.15321429073810577, -0.0, 1.0]","[0.37421783804893494, 0.3725600242614746, 0.7823804020881653, -0.0072511956095695496, 0.1283954679965973, 0.01751941442489624, 1.0661637783050537]",1.378302932,1.429863334,1,1.066163778,0.9984879494,"[0.015289276838302612, -0.04797568917274475, 0.027023255825042725, -0.0072511956095695496, -0.024818822741508484, 0.01751941442489624, 0.06616377830505371]",0.001231259084
20260529_wam_gru_no_future_single_demo_overfit_seed0,wam_gru_dinov2s_no_future,eval_same_demo_teacher_forced,datasets/libero_spatial/pick_up_the_black_bowl_from_table_center_and_place_it_on_the_plate_demo.hdf5:data/demo_0,54,57,2,"[0.4285714328289032, 0.4955357015132904, 0.7366071343421936, -0.007499999832361937, 0.16500000655651093, -0.0, 1.0]","[0.4321741461753845, 0.43138882517814636, 0.7597042322158813, 0.01837494596838951, 0.18026739358901978, 0.009891215711832047, 1.0485893487930298]",1.413895488,1.443084478,1,1.048589349,0.9982427955,"[0.0036027133464813232, -0.06414687633514404, 0.023097097873687744, 0.025874946266412735, 0.01526738703250885, 0.009891215711832047, 0.048589348793029785]",0.001146091963
20260529_wam_gru_no_future_single_demo_overfit_seed0,wam_gru_dinov2s_no_future,eval_same_demo_teacher_forced,datasets/libero_spatial/pick_up_the_black_bowl_from_table_center_and_place_it_on_the_plate_demo.hdf5:data/demo_0,54,58,3,"[0.4794642925262451, 0.5383928418159485, 0.7339285612106323, -0.012857142835855484, 0.17464286088943481, -0.0, 1.0]","[0.4534713327884674, 0.4671720266342163, 0.7555158138275146, -0.003950655460357666, 0.17003290355205536, 0.023562677204608917, 1.0453357696533203]",1.445361376,1.454956651,1,1.04533577,0.9978997111,"[-0.02599295973777771, -0.07122081518173218, 0.021587252616882324, 0.008906487375497818, -0.004609957337379456, 0.023562677204608917, 0.04533576965332031]",0.001275022514
20260529_wam_gru_no_future_single_demo_overfit_seed0,wam_gru_dinov2s_no_future,eval_same_demo_teacher_forced,datasets/libero_spatial/pick_up_the_black_bowl_from_table_center_and_place_it_on_the_plate_demo.hdf5:data/demo_0,55,56,0,"[0.3589285612106323, 0.42053571343421936, 0.7553571462631226, 0.0, 0.15321429073810577, -0.0, 1.0]","[0.352591335773468, 0.36139360070228577, 0.7854804992675781, -0.008634794503450394, 0.17489416897296906, -0.016485268250107765, 1.043520450592041]",1.378302932,1.411302567,1,1.043520451,0.9984405637,"[-0.006337225437164307, -0.059142112731933594, 0.030123353004455566, -0.008634794503450394, 0.02167987823486328, -0.016485268250107765, 0.043520450592041016]",0.00102224818
20260529_wam_gru_no_future_single_demo_overfit_seed0,wam_gru_dinov2s_no_future,eval_same_demo_teacher_forced,datasets/libero_spatial/pick_up_the_black_bowl_from_table_center_and_place_it_on_the_plate_demo.hdf5:data/demo_0,55,57,1,"[0.4285714328289032, 0.4955357015132904, 0.7366071343421936, -0.007499999832361937, 0.16500000655651093, -0.0, 1.0]","[0.3909095823764801, 0.4200369715690613, 0.785335898399353, -0.00950264185667038, 0.13550667464733124, 0.011310338973999023, 1.0939710140228271]",1.413895488,1.470151901,1,1.093971014,0.9961127639,"[-0.037661850452423096, -0.07549872994422913, 0.048728764057159424, -0.002002642024308443, -0.029493331909179688, 0.011310338973999023, 0.09397101402282715]",0.002760758158
20260529_wam_gru_no_future_single_demo_overfit_seed0,wam_gru_dinov2s_no_future,eval_same_demo_teacher_forced,datasets/libero_spatial/pick_up_the_black_bowl_from_table_center_and_place_it_on_the_plate_demo.hdf5:data/demo_0,55,58,2,"[0.4794642925262451, 0.5383928418159485, 0.7339285612106323, -0.012857142835855484, 0.17464286088943481, -0.0, 1.0]","[0.45151472091674805, 0.4774380028247833, 0.7649020552635193, 0.011603441089391708, 0.19129811227321625, 0.008686009794473648, 1.0571445226669312]",1.445361376,1.473515272,1,1.057144523,0.9979152083,"[-0.02794957160949707, -0.06095483899116516, 0.030973494052886963, 0.024460583925247192, 0.016655251383781433, 0.008686009794473648, 0.05714452266693115]",0.001381812734
20260529_wam_gru_no_future_single_demo_overfit_seed0,wam_gru_dinov2s_no_future,eval_same_demo_teacher_forced,datasets/libero_spatial/pick_up_the_black_bowl_from_table_center_and_place_it_on_the_plate_demo.hdf5:data/demo_0,55,59,3,"[0.5491071343421936, 0.5758928656578064, 0.7124999761581421, -0.018214285373687744, 0.1842857152223587, -0.0, 1.0]","[0.4695033133029938, 0.503434419631958, 0.7505333423614502, -0.012860536575317383, 0.17586272954940796, 0.031826846301555634, 1.0436604022979736]",1.474828959,1.469187856,1,1.043660402,0.9963032007,"[-0.07960382103919983, -0.07245844602584839, 0.038033366203308105, 0.005353748798370361, -0.008422985672950745, 0.031826846301555634, 0.04366040229797363]",0.002293188591
20260529_wam_gru_no_future_single_demo_overfit_seed0,wam_gru_dinov2s_no_future,eval_same_demo_teacher_forced,datasets/libero_spatial/pick_up_the_black_bowl_from_table_center_and_place_it_on_the_plate_demo.hdf5:data/demo_0,56,57,0,"[0.4285714328289032, 0.4955357015132904, 0.7366071343421936, -0.007499999832361937, 0.16500000655651093, -0.0, 1.0]","[0.39934486150741577, 0.43194708228111267, 0.7648064494132996, -0.013722706586122513, 0.16787458956241608, -0.005842218175530434, 1.0460140705108643]",1.413895488,1.433015466,1,1.046014071,0.9981428385,"[-0.029226571321487427, -0.06358861923217773, 0.028199315071105957, -0.006222706753760576, 0.0028745830059051514, -0.005842218175530434, 0.04601407051086426]",0.001127331168
20260529_wam_gru_no_future_single_demo_overfit_seed0,wam_gru_dinov2s_no_future,eval_same_demo_teacher_forced,datasets/libero_spatial/pick_up_the_black_bowl_from_table_center_and_place_it_on_the_plate_demo.hdf5:data/demo_0,56,58,1,"[0.4794642925262451, 0.5383928418159485, 0.7339285612106323, -0.012857142835855484, 0.17464286088943481, -0.0, 1.0]","[0.42532750964164734, 0.48016679286956787, 0.7529801726341248, -0.012202136218547821, 0.13488498330116272, 0.015355721116065979, 1.0970803499221802]",1.445361376,1.483444214,1,1.09708035,0.9961580634,"[-0.05413678288459778, -0.058226048946380615, 0.01905161142349243, 0.000655006617307663, -0.039757877588272095, 0.015355721116065979, 0.09708034992218018]",0.002560791094
20260529_wam_gru_no_future_single_demo_overfit_seed0,wam_gru_dinov2s_no_future,eval_same_demo_teacher_forced,datasets/libero_spatial/pick_up_the_black_bowl_from_table_center_and_place_it_on_the_plate_demo.hdf5:data/demo_0,56,59,2,"[0.5491071343421936, 0.5758928656578064, 0.7124999761581421, -0.018214285373687744, 0.1842857152223587, -0.0, 1.0]","[0.4850732684135437, 0.5273503065109253, 0.7308024764060974, 0.00034723803400993347, 0.1756323277950287, 0.016898903995752335, 1.0599454641342163]",1.474828959,1.483941913,1,1.059945464,0.99748528,"[-0.0640338659286499, -0.048542559146881104, 0.018302500247955322, 0.018561523407697678, -0.008653387427330017, 0.016898903995752335, 0.05994546413421631]",0.001584305661
20260529_wam_gru_no_future_single_demo_overfit_seed0,wam_gru_dinov2s_no_future,eval_same_demo_teacher_forced,datasets/libero_spatial/pick_up_the_black_bowl_from_table_center_and_place_it_on_the_plate_demo.hdf5:data/demo_0,56,60,3,"[0.5598214268684387, 0.581250011920929, 0.6991071701049805, -0.020357143133878708, 0.1778571456670761, -0.0, 1.0]","[0.5042161345481873, 0.5511416792869568, 0.6990805864334106, -0.020605936646461487, 0.16327227652072906, 0.03159869462251663, 1.0526975393295288]",1.473787665,1.477483511,1,1.052697539,0.9981693029,"[-0.055605292320251465, -0.030108332633972168, -2.658367156982422e-05, -0.00024879351258277893, -0.014584869146347046, 0.03159869462251663, 0.05269753932952881]",0.001140964217
20260529_wam_gru_no_future_single_demo_overfit_seed0,wam_gru_dinov2s_no_future,eval_same_demo_teacher_forced,datasets/libero_spatial/pick_up_the_black_bowl_from_table_center_and_place_it_on_the_plate_demo.hdf5:data/demo_0,57,58,0,"[0.4794642925262451, 0.5383928418159485, 0.7339285612106323, -0.012857142835855484, 0.17464286088943481, -0.0, 1.0]","[0.43896615505218506, 0.49252238869667053, 0.7216439247131348, -0.016064386814832687, 0.15926028788089752, -0.0045954082161188126, 1.0715008974075317]",1.445361376,1.459382296,1,1.071500897,0.9978479147,"[-0.04049813747406006, -0.045870453119277954, -0.012284636497497559, -0.0032072439789772034, -0.015382573008537292, -0.0045954082161188126, 0.07150089740753174]",0.001325073768
20260529_wam_gru_no_future_single_demo_overfit_seed0,wam_gru_dinov2s_no_future,eval_same_demo_teacher_forced,datasets/libero_spatial/pick_up_the_black_bowl_from_table_center_and_place_it_on_the_plate_demo.hdf5:data/demo_0,57,59,1,"[0.5491071343421936, 0.5758928656578064, 0.7124999761581421, -0.018214285373687744, 0.1842857152223587, -0.0, 1.0]","[0.4492248296737671, 0.5178368091583252, 0.6985193490982056, -0.021076679229736328, 0.13534271717071533, 0.011839643120765686, 1.1252809762954712]",1.474828959,1.497680426,1,1.125280976,0.9929239154,"[-0.09988230466842651, -0.0580560564994812, -0.013980627059936523, -0.002862393856048584, -0.04894299805164337, 0.011839643120765686, 0.1252809762954712]",0.004540220834
20260529_wam_gru_no_future_single_demo_overfit_seed0,wam_gru_dinov2s_no_future,eval_same_demo_teacher_forced,datasets/libero_spatial/pick_up_the_black_bowl_from_table_center_and_place_it_on_the_plate_demo.hdf5:data/demo_0,57,60,2,"[0.5598214268684387, 0.581250011920929, 0.6991071701049805, -0.020357143133878708, 0.1778571456670761, -0.0, 1.0]","[0.5033702850341797, 0.574627161026001, 0.6666154861450195, -8.754804730415344e-05, 0.1572715789079666, 0.01687067374587059, 1.0885001420974731]",1.473787665,1.495929718,1,1.088500142,0.9971089959,"[-0.05645114183425903, -0.0066228508949279785, -0.03249168395996094, 0.020269595086574554, -0.020585566759109497, 0.01687067374587059, 0.08850014209747314]",0.001891116961
20260529_wam_gru_no_future_single_demo_overfit_seed0,wam_gru_dinov2s_no_future,eval_same_demo_teacher_forced,datasets/libero_spatial/pick_up_the_black_bowl_from_table_center_and_place_it_on_the_plate_demo.hdf5:data/demo_0,57,61,3,"[0.5678571462631226, 0.5866071581840515, 0.675000011920929, -0.02250000089406967, 0.1703571379184723, -0.0, 1.0]","[0.5230244398117065, 0.5866488218307495, 0.6233122944831848, -0.02023155987262726, 0.1390136480331421, 0.027245886623859406, 1.075966238975525]",1.466875076,1.477974772,1,1.075966239,0.9972188473,"[-0.044832706451416016, 4.166364669799805e-05, -0.05168771743774414, 0.0022684410214424133, -0.0313434898853302, 0.027245886623859406, 0.0759662389755249]",0.001740337349
20260529_wam_gru_no_future_single_demo_overfit_seed0,wam_gru_dinov2s_no_future,eval_same_demo_teacher_forced,datasets/libero_spatial/pick_up_the_black_bowl_from_table_center_and_place_it_on_the_plate_demo.hdf5:data/demo_0,58,59,0,"[0.5491071343421936, 0.5758928656578064, 0.7124999761581421, -0.018214285373687744, 0.1842857152223587, -0.0, 1.0]","[0.46651536226272583, 0.49282070994377136, 0.7272327542304993, -0.01751815900206566, 0.17642362415790558, 0.0008285399526357651, 1.044070839881897]",1.474828959,1.452891231,1,1.04407084,0.9963917136,"[-0.08259177207946777, -0.08307215571403503, 0.014732778072357178, 0.0006961263716220856, -0.007862091064453125, 0.0008285399526357651, 0.04407083988189697]",0.002277808497
20260529_wam_gru_no_future_single_demo_overfit_seed0,wam_gru_dinov2s_no_future,eval_same_demo_teacher_forced,datasets/libero_spatial/pick_up_the_black_bowl_from_table_center_and_place_it_on_the_plate_demo.hdf5:data/demo_0,58,60,1,"[0.5598214268684387, 0.581250011920929, 0.6991071701049805, -0.020357143133878708, 0.1778571456670761, -0.0, 1.0]","[0.4747357666492462, 0.5187959671020508, 0.6841210126876831, -0.016299225389957428, 0.12504680454730988, 0.006245210766792297, 1.0903959274291992]",1.473787665,1.472226024,1,1.090395927,0.9948431849,"[-0.0850856602191925, -0.062454044818878174, -0.014986157417297363, 0.00405791774392128, -0.052810341119766235, 0.006245210766792297, 0.09039592742919922]",0.003197212238
20260529_wam_gru_no_future_single_demo_overfit_seed0,wam_gru_dinov2s_no_future,eval_same_demo_teacher_forced,datasets/libero_spatial/pick_up_the_black_bowl_from_table_center_and_place_it_on_the_plate_demo.hdf5:data/demo_0,58,61,2,"[0.5678571462631226, 0.5866071581840515, 0.675000011920929, -0.02250000089406967, 0.1703571379184723, -0.0, 1.0]","[0.5195100903511047, 0.5872709155082703, 0.640358030796051, 0.019035737961530685, 0.15883909165859222, 0.018743041902780533, 1.0754953622817993]",1.466875076,1.485755801,1,1.075495362,0.9974556565,"[-0.04834705591201782, 0.00066375732421875, -0.03464198112487793, 0.04153573885560036, -0.011518046259880066, 0.018743041902780533, 0.07549536228179932]",0.001635239809
20260529_wam_gru_no_future_single_demo_overfit_seed0,wam_gru_dinov2s_no_future,eval_same_demo_teacher_forced,datasets/libero_spatial/pick_up_the_black_bowl_from_table_center_and_place_it_on_the_plate_demo.hdf5:data/demo_0,58,62,3,"[0.5866071581840515, 0.6000000238418579, 0.6026785969734192, -0.01607142947614193, 0.15000000596046448, -0.0, 1.0]","[0.5148972272872925, 0.5860750079154968, 0.6052698493003845, -0.010552197694778442, 0.1315433830022812, 0.030127666890621185, 1.0682073831558228]",1.445713639,1.460939527,1,1.068207383,0.9973859191,"[-0.07170993089675903, -0.013925015926361084, 0.002591252326965332, 0.005519231781363487, -0.01845662295818329, 0.030127666890621185, 0.06820738315582275]",0.001610566862
20260529_wam_gru_no_future_single_demo_overfit_seed0,wam_gru_dinov2s_no_future,eval_same_demo_teacher_forced,datasets/libero_spatial/pick_up_the_black_bowl_from_table_center_and_place_it_on_the_plate_demo.hdf5:data/demo_0,59,60,0,"[0.5598214268684387, 0.581250011920929, 0.6991071701049805, -0.020357143133878708, 0.1778571456670761, -0.0, 1.0]","[0.48657119274139404, 0.5434517860412598, 0.6725510358810425, -0.02249510958790779, 0.1624363213777542, 0.0024734195321798325, 1.0560427904129028]",1.473787665,1.458266139,1,1.05604279,0.9975227714,"[-0.07325023412704468, -0.03779822587966919, -0.02655613422393799, -0.0021379664540290833, -0.0154208242893219, 0.0024734195321798325, 0.05604279041290283]",0.001555545139
20260529_wam_gru_no_future_single_demo_overfit_seed0,wam_gru_dinov2s_no_future,eval_same_demo_teacher_forced,datasets/libero_spatial/pick_up_the_black_bowl_from_table_center_and_place_it_on_the_plate_demo.hdf5:data/demo_0,59,61,1,"[0.5678571462631226, 0.5866071581840515, 0.675000011920929, -0.02250000089406967, 0.1703571379184723, -0.0, 1.0]","[0.5033126473426819, 0.5540074110031128, 0.637347936630249, -0.022534728050231934, 0.10630599409341812, -0.00031019747257232666, 1.120288610458374]",1.466875076,1.494428277,1,1.12028861,0.9944211245,"[-0.06454449892044067, -0.03259974718093872, -0.03765207529067993, -3.472715616226196e-05, -0.06405114382505417, -0.00031019747257232666, 0.12028861045837402]",0.003602629993
20260529_wam_gru_no_future_single_demo_overfit_seed0,wam_gru_dinov2s_no_future,eval_same_demo_teacher_forced,datasets/libero_spatial/pick_up_the_black_bowl_from_table_center_and_place_it_on_the_plate_demo.hdf5:data/demo_0,59,62,2,"[0.5866071581840515, 0.6000000238418579, 0.6026785969734192, -0.01607142947614193, 0.15000000596046448, -0.0, 1.0]","[0.535420835018158, 0.6184325814247131, 0.588021993637085, 0.012704174965620041, 0.14196866750717163, 0.02854076400399208, 1.0872825384140015]",1.445713639,1.489368558,1,1.087282538,0.9975398183,"[-0.051186323165893555, 0.018432557582855225, -0.014656603336334229, 0.02877560444176197, -0.008031338453292847, 0.02854076400399208, 0.08728253841400146]",0.001785709872
20260529_wam_gru_no_future_single_demo_overfit_seed0,wam_gru_dinov2s_no_future,eval_same_demo_teacher_forced,datasets/libero_spatial/pick_up_the_black_bowl_from_table_center_and_place_it_on_the_plate_demo.hdf5:data/demo_0,59,63,3,"[0.6000000238418579, 0.6187499761581421, 0.5142857432365417, -0.010714286006987095, 0.12214285880327225, -0.0, 1.0]","[0.5400382876396179, 0.6052967309951782, 0.537513792514801, -0.014116629958152771, 0.11316010355949402, 0.02334468811750412, 1.087082862854004]",1.422102332,1.463641167,1,1.087082863,0.9974029064,"[-0.05996173620223999, -0.013453245162963867, 0.023228049278259277, -0.003402343951165676, -0.008982755243778229, 0.02334468811750412, 0.0870828628540039]",0.001790943788
20260529_wam_gru_no_future_single_demo_overfit_seed0,wam_gru_dinov2s_no_future,eval_same_demo_teacher_forced,datasets/libero_spatial/pick_up_the_black_bowl_from_table_center_and_place_it_on_the_plate_demo.hdf5:data/demo_0,60,61,0,"[0.5678571462631226, 0.5866071581840515, 0.675000011920929, -0.02250000089406967, 0.1703571379184723, -0.0, 1.0]","[0.5505285263061523, 0.6184283494949341, 0.5566787123680115, -0.030939433723688126, 0.13129127025604248, -0.006396764889359474, 1.0394388437271118]",1.466875076,1.447098851,1,1.039438844,0.9957329631,"[-0.017328619956970215, 0.03182119131088257, -0.11832129955291748, -0.008439432829618454, -0.03906586766242981, -0.006396764889359474, 0.039438843727111816]",0.002643786604
20260529_wam_gru_no_future_single_demo_overfit_seed0,wam_gru_dinov2s_no_future,eval_same_demo_teacher_forced,datasets/libero_spatial/pick_up_the_black_bowl_from_table_center_and_place_it_on_the_plate_demo.hdf5:data/demo_0,60,62,1,"[0.5866071581840515, 0.6000000238418579, 0.6026785969734192, -0.01607142947614193, 0.15000000596046448, -0.0, 1.0]","[0.521891713142395, 0.6262599229812622, 0.4809000790119171, -0.034564971923828125, 0.10363482683897018, -0.006332121789455414, 1.0574140548706055]",1.445713639,1.42335403,1,1.057414055,0.9939166903,"[-0.0647154450416565, 0.026259899139404297, -0.12177851796150208, -0.018493542447686195, -0.04636517912149429, -0.006332121789455414, 0.05741405487060547]",0.003647984238
20260529_wam_gru_no_future_single_demo_overfit_seed0,wam_gru_dinov2s_no_future,eval_same_demo_teacher_forced,datasets/libero_spatial/pick_up_the_black_bowl_from_table_center_and_place_it_on_the_plate_demo.hdf5:data/demo_0,60,63,2,"[0.6000000238418579, 0.6187499761581421, 0.5142857432365417, -0.010714286006987095, 0.12214285880327225, -0.0, 1.0]","[0.5697389245033264, 0.658370316028595, 0.4155327379703522, -0.00209205225110054, 0.0847102701663971, 0.006232190877199173, 1.0248664617538452]",1.422102332,1.410067916,1,1.024866462,0.9964530468,"[-0.030261099338531494, 0.03962033987045288, -0.09875300526618958, 0.008622233755886555, -0.03743258863687515, 0.006232190877199173, 0.024866461753845215]",0.002052912023
20260529_wam_gru_no_future_single_demo_overfit_seed0,wam_gru_dinov2s_no_future,eval_same_demo_teacher_forced,datasets/libero_spatial/pick_up_the_black_bowl_from_table_center_and_place_it_on_the_plate_demo.hdf5:data/demo_0,60,64,3,"[0.5892857313156128, 0.6455357074737549, 0.4258928596973419, -0.009642857126891613, 0.09107142686843872, -0.0, 1.0]","[0.5560017228126526, 0.650348424911499, 0.3382570147514343, -0.036196112632751465, 0.05734062194824219, 0.021861739456653595, 0.9813051223754883]",1.397764564,1.347050309,1,0.9813051224,0.9976341128,"[-0.033284008502960205, 0.004812717437744141, -0.08763584494590759, -0.026553254574537277, -0.03373080492019653, 0.021861739456653595, -0.01869487762451172]",0.001640186529
20260529_wam_gru_no_future_single_demo_overfit_seed0,wam_gru_dinov2s_no_future,eval_same_demo_teacher_forced,datasets/libero_spatial/pick_up_the_black_bowl_from_table_center_and_place_it_on_the_plate_demo.hdf5:data/demo_0,61,62,0,"[0.5866071581840515, 0.6000000238418579, 0.6026785969734192, -0.01607142947614193, 0.15000000596046448, -0.0, 1.0]","[0.5650844573974609, 0.6561171412467957, 0.4814029335975647, -0.03826091066002846, 0.10790024697780609, -0.003420228138566017, 1.0335477590560913]",1.445713639,1.436279178,1,1.033547759,0.9947907925,"[-0.021522700786590576, 0.056117117404937744, -0.12127566337585449, -0.022189481183886528, -0.042099758982658386, -0.003420228138566017, 0.03354775905609131]",0.003103151219
20260529_wam_gru_no_future_single_demo_overfit_seed0,wam_gru_dinov2s_no_future,eval_same_demo_teacher_forced,datasets/libero_spatial/pick_up_the_black_bowl_from_table_center_and_place_it_on_the_plate_demo.hdf5:data/demo_0,61,63,1,"[0.6000000238418579, 0.6187499761581421, 0.5142857432365417, -0.010714286006987095, 0.12214285880327225, -0.0, 1.0]","[0.5430707335472107, 0.651532769203186, 0.41831812262535095, -0.03344687819480896, 0.08303900808095932, 0.002336360514163971, 1.046096682548523]",1.422102332,1.413063645,1,1.046096683,0.99561584,"[-0.05692929029464722, 0.032782793045043945, -0.0959676206111908, -0.02273259311914444, -0.03910385072231293, 0.002336360514163971, 0.04609668254852295]",0.002528812038
20260529_wam_gru_no_future_single_demo_overfit_seed0,wam_gru_dinov2s_no_future,eval_same_demo_teacher_forced,datasets/libero_spatial/pick_up_the_black_bowl_from_table_center_and_place_it_on_the_plate_demo.hdf5:data/demo_0,61,64,2,"[0.5892857313156128, 0.6455357074737549, 0.4258928596973419, -0.009642857126891613, 0.09107142686843872, -0.0, 1.0]","[0.5685885548591614, 0.6823168992996216, 0.337725967168808, 0.004417475312948227, 0.05379850044846535, 0.005986247211694717, 1.036889910697937]",1.397764564,1.407479405,1,1.036889911,0.9968373775,"[-0.020697176456451416, 0.0367811918258667, -0.08816689252853394, 0.01406033243983984, -0.03727292641997337, 0.005986247211694717, 0.03688991069793701]",0.001791184884
20260529_wam_gru_no_future_single_demo_overfit_seed0,wam_gru_dinov2s_no_future,eval_same_demo_teacher_forced,datasets/libero_spatial/pick_up_the_black_bowl_from_table_center_and_place_it_on_the_plate_demo.hdf5:data/demo_0,61,65,3,"[0.5651785731315613, 0.6723214387893677, 0.32946428656578064, -0.017142856493592262, 0.05464285612106323, -0.0, 1.0]","[0.5661500692367554, 0.6820083260536194, 0.2450179159641266, -0.03500965237617493, 0.04067414999008179, 0.0036335214972496033, 1.0014958381652832]",1.372322559,1.360728621,1,1.001495838,0.9979592562,"[0.0009714961051940918, 0.009686887264251709, -0.08444637060165405, -0.017866795882582664, -0.013968706130981445, 0.0036335214972496033, 0.0014958381652832031]",0.001107965247
20260529_wam_gru_no_future_single_demo_overfit_seed0,wam_gru_dinov2s_no_future,eval_same_demo_teacher_forced,datasets/libero_spatial/pick_up_the_black_bowl_from_table_center_and_place_it_on_the_plate_demo.hdf5:data/demo_0,62,63,0,"[0.6000000238418579, 0.6187499761581421, 0.5142857432365417, -0.010714286006987095, 0.12214285880327225, -0.0, 1.0]","[0.5676850080490112, 0.6751375794410706, 0.41992077231407166, -0.04013936594128609, 0.08815071731805801, -0.0005932096391916275, 1.032474398612976]",1.422102332,1.424709082,1,1.032474399,0.9960026145,"[-0.03231501579284668, 0.05638760328292847, -0.09436497092247009, -0.029425080865621567, -0.03399214148521423, -0.0005932096391916275, 0.032474398612976074]",0.002314972924
20260529_wam_gru_no_future_single_demo_overfit_seed0,wam_gru_dinov2s_no_future,eval_same_demo_teacher_forced,datasets/libero_spatial/pick_up_the_black_bowl_from_table_center_and_place_it_on_the_plate_demo.hdf5:data/demo_0,62,64,1,"[0.5892857313156128, 0.6455357074737549, 0.4258928596973419, -0.009642857126891613, 0.09107142686843872, -0.0, 1.0]","[0.5462438464164734, 0.6620354056358337, 0.362056165933609, -0.03044503927230835, 0.05726005882024765, 0.004487819969654083, 1.0466917753219604]",1.397764564,1.402692914,1,1.046691775,0.9974619746,"[-0.043041884899139404, 0.016499698162078857, -0.06383669376373291, -0.020802181214094162, -0.03381136804819107, 0.004487819969654083, 0.04669177532196045]",0.001425166964
20260529_wam_gru_no_future_single_demo_overfit_seed0,wam_gru_dinov2s_no_future,eval_same_demo_teacher_forced,datasets/libero_spatial/pick_up_the_black_bowl_from_table_center_and_place_it_on_the_plate_demo.hdf5:data/demo_0,62,65,2,"[0.5651785731315613, 0.6723214387893677, 0.32946428656578064, -0.017142856493592262, 0.05464285612106323, -0.0, 1.0]","[0.5705873370170593, 0.6986231803894043, 0.2705705761909485, 0.007229100912809372, 0.02927534654736519, 0.0017132796347141266, 1.0301438570022583]",1.372322559,1.396052122,1,1.030143857,0.9984927177,"[0.005408763885498047, 0.02630174160003662, -0.05889371037483215, 0.024371957406401634, -0.025367509573698044, 0.0017132796347141266, 0.0301438570022583]",0.0009055137052
20260529_wam_gru_no_future_single_demo_overfit_seed0,wam_gru_dinov2s_no_future,eval_same_demo_teacher_forced,datasets/libero_spatial/pick_up_the_black_bowl_from_table_center_and_place_it_on_the_plate_demo.hdf5:data/demo_0,62,66,3,"[0.5410714149475098, 0.7098214030265808, 0.14464285969734192, -0.029999999329447746, 0.0, -0.0, 1.0]","[0.5716328024864197, 0.6977325677871704, 0.17060960829257965, -0.038915179669857025, 0.016532137989997864, -0.006479911506175995, 0.9928497076034546]",1.348490357,1.352879405,1,0.9928497076,0.999402225,"[0.030561387538909912, -0.0120888352394104, 0.025966748595237732, -0.008915180340409279, 0.016532137989997864, -0.006479911506175995, -0.00715029239654541]",0.0003143311769
20260529_wam_gru_no_future_single_demo_overfit_seed0,wam_gru_dinov2s_no_future,eval_same_demo_teacher_forced,datasets/libero_spatial/pick_up_the_black_bowl_from_table_center_and_place_it_on_the_plate_demo.hdf5:data/demo_0,63,64,0,"[0.5892857313156128, 0.6455357074737549, 0.4258928596973419, -0.009642857126891613, 0.09107142686843872, -0.0, 1.0]","[0.5802549719810486, 0.6670223474502563, 0.4034896492958069, -0.038863662630319595, 0.08922206610441208, -0.001636618748307228, 1.000025749206543]",1.397764564,1.397835374,1,1.000025749,0.9995123744,"[-0.009030759334564209, 0.021486639976501465, -0.022403210401535034, -0.029220804572105408, -0.0018493607640266418, -0.001636618748307228, 2.574920654296875e-05]",0.0002721555356
20260529_wam_gru_no_future_single_demo_overfit_seed0,wam_gru_dinov2s_no_future,eval_same_demo_teacher_forced,datasets/libero_spatial/pick_up_the_black_bowl_from_table_center_and_place_it_on_the_plate_demo.hdf5:data/demo_0,63,65,1,"[0.5651785731315613, 0.6723214387893677, 0.32946428656578064, -0.017142856493592262, 0.05464285612106323, -0.0, 1.0]","[0.5585846304893494, 0.6469129920005798, 0.3227112591266632, -0.02978040650486946, 0.04989885538816452, 0.00245463103055954, 1.0140644311904907]",1.372322559,1.366149783,1,1.014064431,0.9997113347,"[-0.006593942642211914, -0.025408446788787842, -0.006753027439117432, -0.012637550011277199, -0.004744000732898712, 0.00245463103055954, 0.014064431190490723]",0.000160102747
20260529_wam_gru_no_future_single_demo_overfit_seed0,wam_gru_dinov2s_no_future,eval_same_demo_teacher_forced,datasets/libero_spatial/pick_up_the_black_bowl_from_table_center_and_place_it_on_the_plate_demo.hdf5:data/demo_0,63,66,2,"[0.5410714149475098, 0.7098214030265808, 0.14464285969734192, -0.029999999329447746, 0.0, -0.0, 1.0]","[0.5779030919075012, 0.6897506713867188, 0.2427579015493393, 0.020510118454694748, 0.029685024172067642, 0.004173759371042252, 1.0323400497436523]",1.348490357,1.391296029,1,1.03234005,0.996255815,"[0.036831676959991455, -0.02007073163986206, 0.09811504185199738, 0.050510115921497345, 0.029685024172067642, 0.004173759371042252, 0.032340049743652344]",0.002268819837
20260529_wam_gru_no_future_single_demo_overfit_seed0,wam_gru_dinov2s_no_future,eval_same_demo_teacher_forced,datasets/libero_spatial/pick_up_the_black_bowl_from_table_center_and_place_it_on_the_plate_demo.hdf5:data/demo_0,63,67,3,"[0.5330356955528259, 0.731249988079071, -0.0, -0.03642857074737549, -0.006428571417927742, -0.0, 1.0]","[0.5629514455795288, 0.6842177510261536, 0.14867174625396729, -0.03381321579217911, 0.014800265431404114, -0.0052793994545936584, 0.9902030229568481]",1.349156022,1.337558985,1,0.990203023,0.9928910732,"[0.02991575002670288, -0.04703223705291748, 0.14867174625396729, 0.0026153549551963806, 0.021228836849331856, -0.0052793994545936584, -0.009796977043151855]",0.00368451816
20260529_wam_gru_no_future_single_demo_overfit_seed0,wam_gru_dinov2s_no_future,eval_same_demo_teacher_forced,datasets/libero_spatial/pick_up_the_black_bowl_from_table_center_and_place_it_on_the_plate_demo.hdf5:data/demo_0,64,65,0,"[0.5651785731315613, 0.6723214387893677, 0.32946428656578064, -0.017142856493592262, 0.05464285612106323, -0.0, 1.0]","[0.5933263301849365, 0.6841326355934143, 0.3040531277656555, -0.042879361659288406, 0.061879269778728485, -0.0023247990757226944, 0.995488166809082]",1.372322559,1.381735086,1,0.9954881668,0.999412179,"[0.028147757053375244, 0.01181119680404663, -0.025411158800125122, -0.025736505165696144, 0.007236413657665253, -0.0023247990757226944, -0.004511833190917969]",0.0003311460314
20260529_wam_gru_no_future_single_demo_overfit_seed0,wam_gru_dinov2s_no_future,eval_same_demo_teacher_forced,datasets/libero_spatial/pick_up_the_black_bowl_from_table_center_and_place_it_on_the_plate_demo.hdf5:data/demo_0,64,66,1,"[0.5410714149475098, 0.7098214030265808, 0.14464285969734192, -0.029999999329447746, 0.0, -0.0, 1.0]","[0.5727699398994446, 0.674688458442688, 0.21787706017494202, -0.03301849216222763, 0.02514440380036831, -0.00226043164730072, 1.037400484085083]",1.348490357,1.381545305,1,1.037400484,0.9977040291,"[0.031698524951934814, -0.03513294458389282, 0.0732342004776001, -0.0030184928327798843, 0.02514440380036831, -0.00226043164730072, 0.03740048408508301]",0.00137823238
20260529_wam_gru_no_future_single_demo_overfit_seed0,wam_gru_dinov2s_no_future,eval_same_demo_teacher_forced,datasets/libero_spatial/pick_up_the_black_bowl_from_table_center_and_place_it_on_the_plate_demo.hdf5:data/demo_0,64,67,2,"[0.5330356955528259, 0.731249988079071, -0.0, -0.03642857074737549, -0.006428571417927742, -0.0, 1.0]","[0.5902686715126038, 0.6854615807533264, 0.141540989279747, 0.005167659372091293, 0.0020052380859851837, 0.00029401108622550964, 1.043400526046753]",1.349156022,1.388172865,1,1.043400526,0.9926400185,"[0.05723297595977783, -0.04578840732574463, 0.141540989279747, 0.04159623011946678, 0.008433809503912926, 0.00029401108622550964, 0.04340052604675293]",0.004155872855
20260529_wam_gru_no_future_single_demo_overfit_seed0,wam_gru_dinov2s_no_future,eval_same_demo_teacher_forced,datasets/libero_spatial/pick_up_the_black_bowl_from_table_center_and_place_it_on_the_plate_demo.hdf5:data/demo_0,64,68,3,"[0.5169642567634583, 0.7446428537368774, -0.0, -0.04392857104539871, -0.03642857074737549, -0.0, 1.0]","[0.5792021155357361, 0.6727452278137207, 0.04501424729824066, -0.03634059429168701, -0.008471358567476273, -0.010427303612232208, 1.0005658864974976]",1.35092628,1.338925242,1,1.000565886,0.9967178702,"[0.06223785877227783, -0.07189762592315674, 0.04501424729824066, 0.0075879767537117004, 0.027957212179899216, -0.010427303612232208, 0.0005658864974975586]",0.001716761966
20260529_wam_gru_no_future_single_demo_overfit_seed0,wam_gru_dinov2s_no_future,eval_same_demo_teacher_forced,datasets/libero_spatial/pick_up_the_black_bowl_from_table_center_and_place_it_on_the_plate_demo.hdf5:data/demo_0,65,66,0,"[0.5410714149475098, 0.7098214030265808, 0.14464285969734192, -0.029999999329447746, 0.0, -0.0, 1.0]","[0.5858359932899475, 0.7114980816841125, 0.1974138766527176, -0.03209257498383522, 0.04085230082273483, -0.013048002496361732, 1.0163955688476562]",1.348490357,1.387203813,1,1.016395569,0.9985553026,"[0.044764578342437744, 0.0016766786575317383, 0.05277101695537567, -0.002092575654387474, 0.04085230082273483, -0.013048002496361732, 0.01639556884765625]",0.0009862590814
20260529_wam_gru_no_future_single_demo_overfit_seed0,wam_gru_dinov2s_no_future,eval_same_demo_teacher_forced,datasets/libero_spatial/pick_up_the_black_bowl_from_table_center_and_place_it_on_the_plate_demo.hdf5:data/demo_0,65,67,1,"[0.5330356955528259, 0.731249988079071, -0.0, -0.03642857074737549, -0.006428571417927742, -0.0, 1.0]","[0.551796019077301, 0.6812629699707031, 0.109322190284729, -0.019380420446395874, 0.008005579933524132, -0.016676537692546844, 1.0407737493515015]",1.349156022,1.365458608,1,1.040773749,0.995392561,"[0.018760323524475098, -0.04998701810836792, 0.109322190284729, 0.017048150300979614, 0.014434151351451874, -0.016676537692546844, 0.040773749351501465]",0.002463083249
20260529_wam_gru_no_future_single_demo_overfit_seed0,wam_gru_dinov2s_no_future,eval_same_demo_teacher_forced,datasets/libero_spatial/pick_up_the_black_bowl_from_table_center_and_place_it_on_the_plate_demo.hdf5:data/demo_0,65,68,2,"[0.5169642567634583, 0.7446428537368774, -0.0, -0.04392857104539871, -0.03642857074737549, -0.0, 1.0]","[0.5551247000694275, 0.7026225924491882, 0.027082230895757675, 0.021096471697092056, -0.019532766193151474, -0.013437781482934952, 1.0952134132385254]",1.35092628,1.415300369,1,1.095213413,0.996450901,"[0.03816044330596924, -0.04202026128768921, 0.027082230895757675, 0.06502504646778107, 0.016895804554224014, -0.013437781482934952, 0.09521341323852539]",0.002530751983
20260529_wam_gru_no_future_single_demo_overfit_seed0,wam_gru_dinov2s_no_future,eval_same_demo_teacher_forced,datasets/libero_spatial/pick_up_the_black_bowl_from_table_center_and_place_it_on_the_plate_demo.hdf5:data/demo_0,65,69,3,"[0.5223214030265808, 0.7098214030265808, -0.08839285373687744, -0.04714285582304001, -0.051428571343421936, -0.008571428246796131, 1.0]","[0.5206242799758911, 0.6655554175376892, -0.06916048377752304, -0.028685972094535828, -0.02811882272362709, -0.02281520515680313, 1.0635045766830444]",1.337692142,1.360872149,1,1.063504577,0.9981007576,"[-0.0016971230506896973, -0.0442659854888916, 0.0192323699593544, 0.01845688372850418, 0.023309748619794846, -0.014243776910007, 0.06350457668304443]",0.001064565615
20260529_wam_gru_no_future_single_demo_overfit_seed0,wam_gru_dinov2s_no_future,eval_same_demo_teacher_forced,datasets/libero_spatial/pick_up_the_black_bowl_from_table_center_and_place_it_on_the_plate_demo.hdf5:data/demo_0,66,67,0,"[0.5330356955528259, 0.731249988079071, -0.0, -0.03642857074737549, -0.006428571417927742, -0.0, 1.0]","[0.5649867057800293, 0.7261713743209839, 0.10267932713031769, -0.036901120096445084, 0.018130986019968987, -0.01966349221765995, 1.0166343450546265]",1.349156022,1.375754476,1,1.016634345,0.9967273474,"[0.03195101022720337, -0.005078613758087158, 0.10267932713031769, -0.00047254934906959534, 0.02455955743789673, -0.01966349221765995, 0.016634345054626465]",0.00183663622
20260529_wam_gru_no_future_single_demo_overfit_seed0,wam_gru_dinov2s_no_future,eval_same_demo_teacher_forced,datasets/libero_spatial/pick_up_the_black_bowl_from_table_center_and_place_it_on_the_plate_demo.hdf5:data/demo_0,66,68,1,"[0.5169642567634583, 0.7446428537368774, -0.0, -0.04392857104539871, -0.03642857074737549, -0.0, 1.0]","[0.5321441888809204, 0.6778995990753174, 0.02118528261780739, -0.010225847363471985, -0.0032248590141534805, -0.016123011708259583, 1.0424911975860596]",1.35092628,1.352899432,1,1.042491198,0.9974191189,"[0.015179932117462158, -0.06674325466156006, 0.02118528261780739, 0.03370272368192673, 0.03320371359586716, -0.016123011708259583, 0.04249119758605957]",0.001348246122
20260529_wam_gru_no_future_single_demo_overfit_seed0,wam_gru_dinov2s_no_future,eval_same_demo_teacher_forced,datasets/libero_spatial/pick_up_the_black_bowl_from_table_center_and_place_it_on_the_plate_demo.hdf5:data/demo_0,66,69,2,"[0.5223214030265808, 0.7098214030265808, -0.08839285373687744, -0.04714285582304001, -0.051428571343421936, -0.008571428246796131, 1.0]","[0.5269258618354797, 0.6921302080154419, -0.060289498418569565, 0.013243597000837326, -0.031230103224515915, -0.019321132451295853, 1.0942955017089844]",1.337692142,1.399762988,1,1.094295502,0.9972407818,"[0.004604458808898926, -0.017691195011138916, 0.028103355318307877, 0.060386452823877335, 0.02019846811890602, -0.010749704204499722, 0.09429550170898438]",0.002026525559
20260529_wam_gru_no_future_single_demo_overfit_seed0,wam_gru_dinov2s_no_future,eval_same_demo_teacher_forced,datasets/libero_spatial/pick_up_the_black_bowl_from_table_center_and_place_it_on_the_plate_demo.hdf5:data/demo_0,66,70,3,"[0.5249999761581421, 0.675000011920929, -0.13124999403953552, -0.046071428805589676, -0.05785714462399483, -0.018214285373687744, 1.0]","[0.48406970500946045, 0.6419739127159119, -0.1614813208580017, -0.03238190710544586, -0.04389142245054245, -0.030385740101337433, 1.0723589658737183]",1.324491739,1.351437092,1,1.072358966,0.9975641966,"[-0.04093027114868164, -0.03302609920501709, -0.030231326818466187, 0.013689521700143814, 0.013965722173452377, -0.012171454727649689, 0.07235896587371826]",0.001349478844
20260529_wam_gru_no_future_single_demo_overfit_seed0,wam_gru_dinov2s_no_future,eval_same_demo_teacher_forced,datasets/libero_spatial/pick_up_the_black_bowl_from_table_center_and_place_it_on_the_plate_demo.hdf5:data/demo_0,67,68,0,"[0.5169642567634583, 0.7446428537368774, -0.0, -0.04392857104539871, -0.03642857074737549, -0.0, 1.0]","[0.5458810329437256, 0.6934142708778381, 0.008698005229234695, -0.028581012040376663, -0.0036846864968538284, -0.011083254590630531, 1.030442476272583]",1.35092628,1.357074142,1,1.030442476,0.9984029531,"[0.028916776180267334, -0.05122858285903931, 0.008698005229234695, 0.015347559005022049, 0.03274388611316681, -0.011083254590630531, 0.030442476272583008]",0.0008419280057
20260529_wam_gru_no_future_single_demo_overfit_seed0,wam_gru_dinov2s_no_future,eval_same_demo_teacher_forced,datasets/libero_spatial/pick_up_the_black_bowl_from_table_center_and_place_it_on_the_plate_demo.hdf5:data/demo_0,67,69,1,"[0.5223214030265808, 0.7098214030265808, -0.08839285373687744, -0.04714285582304001, -0.051428571343421936, -0.008571428246796131, 1.0]","[0.5126991868019104, 0.6517294049263, -0.06389254331588745, -0.015142913907766342, -0.02440575696527958, -0.029871433973312378, 1.0521032810211182]",1.337692142,1.341764688,1,1.052103281,0.9975001812,"[-0.00962221622467041, -0.05809199810028076, 0.02450031042098999, 0.031999941915273666, 0.027022814378142357, -0.02130000665783882, 0.052103281021118164]",0.001284314902
20260529_wam_gru_no_future_single_demo_overfit_seed0,wam_gru_dinov2s_no_future,eval_same_demo_teacher_forced,datasets/libero_spatial/pick_up_the_black_bowl_from_table_center_and_place_it_on_the_plate_demo.hdf5:data/demo_0,67,70,2,"[0.5249999761581421, 0.675000011920929, -0.13124999403953552, -0.046071428805589676, -0.05785714462399483, -0.018214285373687744, 1.0]","[0.5004034638404846, 0.6524785161018372, -0.1469593048095703, -0.005758944898843765, -0.05089296028017998, -0.031393494457006454, 1.0745762586593628]",1.324491739,1.362369895,1,1.074576259,0.9979680777,"[-0.02459651231765747, -0.022521495819091797, -0.01570931077003479, 0.04031248390674591, 0.00696418434381485, -0.01317920908331871, 0.07457625865936279]",0.001252556336
20260529_wam_gru_no_future_single_demo_overfit_seed0,wam_gru_dinov2s_no_future,eval_same_demo_teacher_forced,datasets/libero_spatial/pick_up_the_black_bowl_from_table_center_and_place_it_on_the_plate_demo.hdf5:data/demo_0,67,71,3,"[0.5169642567634583, 0.6455357074737549, -0.18214285373687744, -0.04821428656578064, -0.06321428716182709, -0.028928572311997414, 1.0]","[0.44215863943099976, 0.6051157116889954, -0.24569803476333618, -0.03783649206161499, -0.052497588098049164, -0.0380731001496315, 1.023941159248352]",1.313126802,1.294654131,1,1.023941159,0.996527493,"[-0.0748056173324585, -0.04041999578475952, -0.06355518102645874, 0.01037779450416565, 0.010716699063777924, -0.009144527837634087, 0.02394115924835205]",0.001735466532
20260529_wam_gru_no_future_single_demo_overfit_seed0,wam_gru_dinov2s_no_future,eval_same_demo_teacher_forced,datasets/libero_spatial/pick_up_the_black_bowl_from_table_center_and_place_it_on_the_plate_demo.hdf5:data/demo_0,68,69,0,"[0.5223214030265808, 0.7098214030265808, -0.08839285373687744, -0.04714285582304001, -0.051428571343421936, -0.008571428246796131, 1.0]","[0.5619863271713257, 0.6695665121078491, -0.11229017376899719, -0.025021526962518692, -0.022835837677121162, -0.02266680635511875, 1.0173898935317993]",1.337692142,1.34666276,1,1.017389894,0.9984755516,"[0.03966492414474487, -0.04025489091873169, -0.02389732003211975, 0.022121328860521317, 0.028592733666300774, -0.01409537810832262, 0.017389893531799316]",0.0007961185765
20260529_wam_gru_no_future_single_demo_overfit_seed0,wam_gru_dinov2s_no_future,eval_same_demo_teacher_forced,datasets/libero_spatial/pick_up_the_black_bowl_from_table_center_and_place_it_on_the_plate_demo.hdf5:data/demo_0,68,70,1,"[0.5249999761581421, 0.675000011920929, -0.13124999403953552, -0.046071428805589676, -0.05785714462399483, -0.018214285373687744, 1.0]","[0.5112160444259644, 0.6427760124206543, -0.19144803285598755, -0.024600278586149216, -0.05683975666761398, -0.03706695884466171, 1.0101984739303589]",1.324491739,1.317902088,1,1.010198474,0.9983586669,"[-0.013783931732177734, -0.03222399950027466, -0.060198038816452026, 0.02147115021944046, 0.0010173879563808441, -0.01885267347097397, 0.010198473930358887]",0.0008248091908
20260529_wam_gru_no_future_single_demo_overfit_seed0,wam_gru_dinov2s_no_future,eval_same_demo_teacher_forced,datasets/libero_spatial/pick_up_the_black_bowl_from_table_center_and_place_it_on_the_plate_demo.hdf5:data/demo_0,68,71,2,"[0.5169642567634583, 0.6455357074737549, -0.18214285373687744, -0.04821428656578064, -0.06321428716182709, -0.028928572311997414, 1.0]","[0.49649778008461, 0.592480480670929, -0.27931204438209534, -0.021388616412878036, -0.09069884568452835, -0.049740809947252274, 0.997958779335022]",1.313126802,1.297165394,1,0.9979587793,0.9957926273,"[-0.020466476678848267, -0.05305522680282593, -0.0971691906452179, 0.026825670152902603, -0.027484558522701263, -0.02081223763525486, -0.0020412206649780273]",0.002083988395
20260529_wam_gru_no_future_single_demo_overfit_seed0,wam_gru_dinov2s_no_future,eval_same_demo_teacher_forced,datasets/libero_spatial/pick_up_the_black_bowl_from_table_center_and_place_it_on_the_plate_demo.hdf5:data/demo_0,68,72,3,"[0.5062500238418579, 0.5919643044471741, -0.26249998807907104, -0.04285714402794838, -0.06750000268220901, -0.04285714402794838, 1.0]","[0.4347367286682129, 0.5612854957580566, -0.3816998302936554, -0.03443577140569687, -0.08785547316074371, -0.03483022004365921, 0.921495258808136]",1.297631145,1.228414893,1,0.9214952588,0.9930410385,"[-0.07151329517364502, -0.03067880868911743, -0.11919984221458435, 0.00842137262225151, -0.0203554704785347, 0.00802692398428917, -0.07850474119186401]",0.00385380513
20260529_wam_gru_no_future_single_demo_overfit_seed0,wam_gru_dinov2s_no_future,eval_same_demo_teacher_forced,datasets/libero_spatial/pick_up_the_black_bowl_from_table_center_and_place_it_on_the_plate_demo.hdf5:data/demo_0,69,70,0,"[0.5249999761581421, 0.675000011920929, -0.13124999403953552, -0.046071428805589676, -0.05785714462399483, -0.018214285373687744, 1.0]","[0.5196033120155334, 0.6367417573928833, -0.16294361650943756, -0.025123361498117447, -0.032628536224365234, -0.02388119138777256, 1.0289292335510254]",1.324491739,1.327757359,1,1.028929234,0.9987401962,"[-0.005396664142608643, -0.038258254528045654, -0.03169362246990204, 0.02094806730747223, 0.025228608399629593, -0.005666906014084816, 0.02892923355102539]",0.0006345174625
20260529_wam_gru_no_future_single_demo_overfit_seed0,wam_gru_dinov2s_no_future,eval_same_demo_teacher_forced,datasets/libero_spatial/pick_up_the_black_bowl_from_table_center_and_place_it_on_the_plate_demo.hdf5:data/demo_0,69,71,1,"[0.5169642567634583, 0.6455357074737549, -0.18214285373687744, -0.04821428656578064, -0.06321428716182709, -0.028928572311997414, 1.0]","[0.4736188054084778, 0.5878062844276428, -0.23696063458919525, -0.02771081030368805, -0.06719750910997391, -0.03412964940071106, 1.0315779447555542]",1.313126802,1.302529335,1,1.031577945,0.9972038865,"[-0.04334545135498047, -0.05772942304611206, -0.05481778085231781, 0.02050347626209259, -0.00398322194814682, -0.005201077088713646, 0.0315779447555542]",0.001382425777
20260529_wam_gru_no_future_single_demo_overfit_seed0,wam_gru_dinov2s_no_future,eval_same_demo_teacher_forced,datasets/libero_spatial/pick_up_the_black_bowl_from_table_center_and_place_it_on_the_plate_demo.hdf5:data/demo_0,69,72,2,"[0.5062500238418579, 0.5919643044471741, -0.26249998807907104, -0.04285714402794838, -0.06750000268220901, -0.04285714402794838, 1.0]","[0.4561714828014374, 0.5604716539382935, -0.3123328387737274, -0.0001224316656589508, -0.0772780328989029, -0.05148400738835335, 1.0482840538024902]",1.297631145,1.314265847,1,1.048284054,0.997058332,"[-0.05007854104042053, -0.031492650508880615, -0.04983285069465637, 0.04273471236228943, -0.009778030216693878, -0.008626863360404968, 0.048284053802490234]",0.001472942531
20260529_wam_gru_no_future_single_demo_overfit_seed0,wam_gru_dinov2s_no_future,eval_same_demo_teacher_forced,datasets/libero_spatial/pick_up_the_black_bowl_from_table_center_and_place_it_on_the_plate_demo.hdf5:data/demo_0,69,73,3,"[0.5008928775787354, 0.5491071343421936, -0.3241071403026581, -0.027857143431901932, -0.06750000268220901, -0.05249999836087227, 1.0]","[0.3707013726234436, 0.5142279267311096, -0.40532365441322327, -0.024400189518928528, -0.0772700384259224, -0.036784298717975616, 0.9931824207305908]",1.290560365,1.249186754,1,0.9931824207,0.9927266836,"[-0.13019150495529175, -0.034879207611083984, -0.08121651411056519, 0.003456953912973404, -0.009770035743713379, 0.015715699642896652, -0.00681757926940918]",0.003594767768
20260529_wam_gru_no_future_single_demo_overfit_seed0,wam_gru_dinov2s_no_future,eval_same_demo_teacher_forced,datasets/libero_spatial/pick_up_the_black_bowl_from_table_center_and_place_it_on_the_plate_demo.hdf5:data/demo_0,70,71,0,"[0.5169642567634583, 0.6455357074737549, -0.18214285373687744, -0.04821428656578064, -0.06321428716182709, -0.028928572311997414, 1.0]","[0.4661557078361511, 0.6585439443588257, -0.2259610891342163, -0.03571653738617897, -0.06890982389450073, -0.03803328424692154, 1.0226441621780396]",1.313126802,1.324881673,1,1.022644162,0.9984719753,"[-0.05080854892730713, 0.0130082368850708, -0.04381823539733887, 0.01249774917960167, -0.005695536732673645, -0.009104711934924126, 0.02264416217803955]",0.0007792925462
20260529_wam_gru_no_future_single_demo_overfit_seed0,wam_gru_dinov2s_no_future,eval_same_demo_teacher_forced,datasets/libero_spatial/pick_up_the_black_bowl_from_table_center_and_place_it_on_the_plate_demo.hdf5:data/demo_0,70,72,1,"[0.5062500238418579, 0.5919643044471741, -0.26249998807907104, -0.04285714402794838, -0.06750000268220901, -0.04285714402794838, 1.0]","[0.44381818175315857, 0.5872423648834229, -0.30641424655914307, -0.03939865529537201, -0.0829402282834053, -0.04456222802400589, 1.0596872568130493]",1.297631145,1.330064654,1,1.059687257,0.9975050092,"[-0.06243184208869934, -0.004721939563751221, -0.04391425848007202, 0.0034584887325763702, -0.015440225601196289, -0.0017050839960575104, 0.059687256813049316]",0.001380618662
20260529_wam_gru_no_future_single_demo_overfit_seed0,wam_gru_dinov2s_no_future,eval_same_demo_teacher_forced,datasets/libero_spatial/pick_up_the_black_bowl_from_table_center_and_place_it_on_the_plate_demo.hdf5:data/demo_0,70,73,2,"[0.5008928775787354, 0.5491071343421936, -0.3241071403026581, -0.027857143431901932, -0.06750000268220901, -0.05249999836087227, 1.0]","[0.4359210729598999, 0.5623912811279297, -0.37448593974113464, 0.010225195437669754, -0.08233803510665894, -0.049107033759355545, 1.078504204750061]",1.290560365,1.348709702,1,1.078504205,0.99672544,"[-0.06497180461883545, 0.013284146785736084, -0.05037879943847656, 0.038082338869571686, -0.01483803242444992, 0.0033929646015167236, 0.07850420475006104]",0.002111525973
20260529_wam_gru_no_future_single_demo_overfit_seed0,wam_gru_dinov2s_no_future,eval_same_demo_teacher_forced,datasets/libero_spatial/pick_up_the_black_bowl_from_table_center_and_place_it_on_the_plate_demo.hdf5:data/demo_0,70,74,3,"[0.46071428060531616, 0.5169642567634583, -0.3642857074737549, -0.019285714253783226, -0.06964285671710968, -0.056785713881254196, 1.0]","[0.35256052017211914, 0.5003549456596375, -0.44866275787353516, -0.019163936376571655, -0.10409212112426758, -0.045399583876132965, 1.0313009023666382]",1.27305162,1.285611749,1,1.031300902,0.9935138822,"[-0.10815376043319702, -0.0166093111038208, -0.08437705039978027, 0.00012177787721157074, -0.0344492644071579, 0.011386130005121231, 0.031300902366638184]",0.00305553549
20260529_wam_gru_no_future_single_demo_overfit_seed0,wam_gru_dinov2s_no_future,eval_same_demo_teacher_forced,datasets/libero_spatial/pick_up_the_black_bowl_from_table_center_and_place_it_on_the_plate_demo.hdf5:data/demo_0,71,72,0,"[0.5062500238418579, 0.5919643044471741, -0.26249998807907104, -0.04285714402794838, -0.06750000268220901, -0.04285714402794838, 1.0]","[0.48194974660873413, 0.6319507360458374, -0.30251991748809814, -0.041842762380838394, -0.0848911702632904, -0.043148867785930634, 0.9709662199020386]",1.297631145,1.294893861,1,0.9709662199,0.9985330105,"[-0.02430027723312378, 0.03998643159866333, -0.0400199294090271, 0.0010143816471099854, -0.01739116758108139, -0.00029172375798225403, -0.029033780097961426]",0.0007053628215
20260529_wam_gru_no_future_single_demo_overfit_seed0,wam_gru_dinov2s_no_future,eval_same_demo_teacher_forced,datasets/libero_spatial/pick_up_the_black_bowl_from_table_center_and_place_it_on_the_plate_demo.hdf5:data/demo_0,71,73,1,"[0.5008928775787354, 0.5491071343421936, -0.3241071403026581, -0.027857143431901932, -0.06750000268220901, -0.05249999836087227, 1.0]","[0.45489028096199036, 0.574030876159668, -0.38759586215019226, -0.03862880915403366, -0.09935111552476883, -0.04011403024196625, 1.00327467918396]",1.290560365,1.306215644,1,1.003274679,0.9976812005,"[-0.046002596616744995, 0.024923741817474365, -0.06348872184753418, -0.010771665722131729, -0.031851112842559814, 0.012385968118906021, 0.003274679183959961]",0.001151843928
20260529_wam_gru_no_future_single_demo_overfit_seed0,wam_gru_dinov2s_no_future,eval_same_demo_teacher_forced,datasets/libero_spatial/pick_up_the_black_bowl_from_table_center_and_place_it_on_the_plate_demo.hdf5:data/demo_0,71,74,2,"[0.46071428060531616, 0.5169642567634583, -0.3642857074737549, -0.019285714253783226, -0.06964285671710968, -0.056785713881254196, 1.0]","[0.4403132200241089, 0.5113495588302612, -0.4508814513683319, -0.003754887729883194, -0.12134581804275513, -0.05636588856577873, 0.967458188533783]",1.27305162,1.269858122,1,0.9674581885,0.9963163733,"[-0.020401060581207275, -0.0056146979331970215, -0.08659574389457703, 0.015530826523900032, -0.05170296132564545, 0.00041982531547546387, -0.03254181146621704]",0.001702871406
20260529_wam_gru_no_future_single_demo_overfit_seed0,wam_gru_dinov2s_no_future,eval_same_demo_teacher_forced,datasets/libero_spatial/pick_up_the_black_bowl_from_table_center_and_place_it_on_the_plate_demo.hdf5:data/demo_0,71,75,3,"[0.3723214268684387, 0.44732141494750977, -0.4285714328289032, -0.002142857061699033, -0.08142857253551483, -0.06428571790456772, 1.0]","[0.3816520571708679, 0.4602563977241516, -0.5259479880332947, -0.012145385146141052, -0.1356355994939804, -0.057126082479953766, 0.9248564839363098]",1.238208771,1.22934258,1,0.9248564839,0.9939578772,"[0.0093306303024292, 0.012934982776641846, -0.09737655520439148, -0.010002528317272663, -0.054207026958465576, 0.007159635424613953, -0.07514351606369019]",0.002638975391
20260529_wam_gru_no_future_single_demo_overfit_seed0,wam_gru_dinov2s_no_future,eval_same_demo_teacher_forced,datasets/libero_spatial/pick_up_the_black_bowl_from_table_center_and_place_it_on_the_plate_demo.hdf5:data/demo_0,72,73,0,"[0.5008928775787354, 0.5491071343421936, -0.3241071403026581, -0.027857143431901932, -0.06750000268220901, -0.05249999836087227, 1.0]","[0.4522632360458374, 0.5758137106895447, -0.3086146116256714, -0.03969602659344673, -0.07607556879520416, -0.043516211211681366, 0.9543874263763428]",1.290560365,1.245575666,1,0.9543874264,0.9988586903,"[-0.04862964153289795, 0.026706576347351074, 0.015492528676986694, -0.0118388831615448, -0.008575566112995148, 0.008983787149190903, -0.04561257362365723]",0.0008132880903
20260529_wam_gru_no_future_single_demo_overfit_seed0,wam_gru_dinov2s_no_future,eval_same_demo_teacher_forced,datasets/libero_spatial/pick_up_the_black_bowl_from_table_center_and_place_it_on_the_plate_demo.hdf5:data/demo_0,72,74,1,"[0.46071428060531616, 0.5169642567634583, -0.3642857074737549, -0.019285714253783226, -0.06964285671710968, -0.056785713881254196, 1.0]","[0.41832926869392395, 0.49750661849975586, -0.3893432915210724, -0.04538801312446594, -0.10178788751363754, -0.03800531104207039, 0.9925616979598999]",1.27305162,1.254250526,1,0.992561698,0.9985682964,"[-0.04238501191139221, -0.019457638263702393, -0.025057584047317505, -0.026102298870682716, -0.03214503079652786, 0.018780402839183807, -0.007438302040100098]",0.0007036622846
20260529_wam_gru_no_future_single_demo_overfit_seed0,wam_gru_dinov2s_no_future,eval_same_demo_teacher_forced,datasets/libero_spatial/pick_up_the_black_bowl_from_table_center_and_place_it_on_the_plate_demo.hdf5:data/demo_0,72,75,2,"[0.3723214268684387, 0.44732141494750977, -0.4285714328289032, -0.002142857061699033, -0.08142857253551483, -0.06428571790456772, 1.0]","[0.40939727425575256, 0.4302934408187866, -0.4482274353504181, 0.022216524928808212, -0.10168218612670898, -0.052640315145254135, 0.9359177350997925]",1.238208771,1.201337695,1,0.9359177351,0.9980043173,"[0.03707584738731384, -0.017027974128723145, -0.019656002521514893, 0.024359382688999176, -0.020253613591194153, 0.011645402759313583, -0.06408226490020752]",0.001042381278
20260529_wam_gru_no_future_single_demo_overfit_seed0,wam_gru_dinov2s_no_future,eval_same_demo_teacher_forced,datasets/libero_spatial/pick_up_the_black_bowl_from_table_center_and_place_it_on_the_plate_demo.hdf5:data/demo_0,72,76,3,"[0.30000001192092896, 0.3910714387893677, -0.4928571283817291, 0.0, -0.10285714268684387, -0.07071428745985031, 1.0]","[0.33806589245796204, 0.3848875164985657, -0.5024930238723755, 0.012202773243188858, -0.13178575038909912, -0.056380949914455414, 0.9238292574882507]",1.225326538,1.178593159,1,0.9238292575,0.9977879524,"[0.03806588053703308, -0.006183922290802002, -0.009635895490646362, 0.012202773243188858, -0.02892860770225525, 0.014333337545394897, -0.07617074251174927]",0.001224757289
20260529_wam_gru_no_future_single_demo_overfit_seed0,wam_gru_dinov2s_no_future,eval_same_demo_teacher_forced,datasets/libero_spatial/pick_up_the_black_bowl_from_table_center_and_place_it_on_the_plate_demo.hdf5:data/demo_0,73,74,0,"[0.46071428060531616, 0.5169642567634583, -0.3642857074737549, -0.019285714253783226, -0.06964285671710968, -0.056785713881254196, 1.0]","[0.41472387313842773, 0.5270699262619019, -0.39217525720596313, -0.021286461502313614, -0.0901792049407959, -0.05504245311021805, 0.9624429941177368]",1.27305162,1.241576195,1,0.9624429941,0.9987841845,"[-0.04599040746688843, 0.010105669498443604, -0.027889549732208252, -0.002000747248530388, -0.020536348223686218, 0.001743260771036148, -0.037557005882263184]",0.0006906259223
20260529_wam_gru_no_future_single_demo_overfit_seed0,wam_gru_dinov2s_no_future,eval_same_demo_teacher_forced,datasets/libero_spatial/pick_up_the_black_bowl_from_table_center_and_place_it_on_the_plate_demo.hdf5:data/demo_0,73,75,1,"[0.3723214268684387, 0.44732141494750977, -0.4285714328289032, -0.002142857061699033, -0.08142857253551483, -0.06428571790456772, 1.0]","[0.37105944752693176, 0.42940306663513184, -0.45894894003868103, -0.018378619104623795, -0.1354212611913681, -0.0572952963411808, 0.9775891900062561]",1.238208771,1.228961468,1,0.97758919,0.9983932972,"[-0.001261979341506958, -0.01791834831237793, -0.030377507209777832, -0.01623576134443283, -0.05399268865585327, 0.006990421563386917, -0.022410809993743896]",0.0007107676356
20260529_wam_gru_no_future_single_demo_overfit_seed0,wam_gru_dinov2s_no_future,eval_same_demo_teacher_forced,datasets/libero_spatial/pick_up_the_black_bowl_from_table_center_and_place_it_on_the_plate_demo.hdf5:data/demo_0,73,76,2,"[0.30000001192092896, 0.3910714387893677, -0.4928571283817291, 0.0, -0.10285714268684387, -0.07071428745985031, 1.0]","[0.3581816852092743, 0.4065496623516083, -0.5423439741134644, 0.0506175272166729, -0.11496099829673767, -0.06665785610675812, 0.9698453545570374]",1.225326538,1.244401455,1,0.9698453546,0.9969360232,"[0.05818167328834534, 0.0154782235622406, -0.04948684573173523, 0.0506175272166729, -0.012103855609893799, 0.004056431353092194, -0.030154645442962646]",0.001386860618
20260529_wam_gru_no_future_single_demo_overfit_seed0,wam_gru_dinov2s_no_future,eval_same_demo_teacher_forced,datasets/libero_spatial/pick_up_the_black_bowl_from_table_center_and_place_it_on_the_plate_demo.hdf5:data/demo_0,73,77,3,"[0.21160714328289032, 0.3080357015132904, -0.5785714387893677, 0.0, -0.1339285671710968, -0.07392857223749161, 1.0]","[0.27080225944519043, 0.34159788489341736, -0.6024580597877502, 0.02035566419363022, -0.14981962740421295, -0.06907735019922256, 0.9694091081619263]",1.223850846,1.233030677,1,0.9694091082,0.9977657795,"[0.05919511616230011, 0.03356218338012695, -0.02388662099838257, 0.02035566419363022, -0.01589106023311615, 0.004851222038269043, -0.03059089183807373]",0.0009753240156
20260529_wam_gru_no_future_single_demo_overfit_seed0,wam_gru_dinov2s_no_future,eval_same_demo_teacher_forced,datasets/libero_spatial/pick_up_the_black_bowl_from_table_center_and_place_it_on_the_plate_demo.hdf5:data/demo_0,74,75,0,"[0.3723214268684387, 0.44732141494750977, -0.4285714328289032, -0.002142857061699033, -0.08142857253551483, -0.06428571790456772, 1.0]","[0.3427325487136841, 0.4789527952671051, -0.4658474326133728, -0.018290210515260696, -0.09583362936973572, -0.06770800799131393, 1.021828293800354]",1.238208771,1.273621321,1,1.021828294,0.9990590811,"[-0.02958887815475464, 0.03163138031959534, -0.037275999784469604, -0.016147352755069733, -0.014405056834220886, -0.003422290086746216, 0.021828293800354004]",0.0006031392841
20260529_wam_gru_no_future_single_demo_overfit_seed0,wam_gru_dinov2s_no_future,eval_same_demo_teacher_forced,datasets/libero_spatial/pick_up_the_black_bowl_from_table_center_and_place_it_on_the_plate_demo.hdf5:data/demo_0,74,76,1,"[0.30000001192092896, 0.3910714387893677, -0.4928571283817291, 0.0, -0.10285714268684387, -0.07071428745985031, 1.0]","[0.29393425583839417, 0.38601577281951904, -0.5046617388725281, -0.007483724504709244, -0.14406265318393707, -0.0622776597738266, 1.0392792224884033]",1.225326538,1.262885213,1,1.039279222,0.9993023276,"[-0.00606575608253479, -0.005055665969848633, -0.01180461049079895, -0.007483724504709244, -0.0412055104970932, 0.008436627686023712, 0.03927922248840332]",0.000509948004
20260529_wam_gru_no_future_single_demo_overfit_seed0,wam_gru_dinov2s_no_future,eval_same_demo_teacher_forced,datasets/libero_spatial/pick_up_the_black_bowl_from_table_center_and_place_it_on_the_plate_demo.hdf5:data/demo_0,74,77,2,"[0.21160714328289032, 0.3080357015132904, -0.5785714387893677, 0.0, -0.1339285671710968, -0.07392857223749161, 1.0]","[0.28283900022506714, 0.3685387074947357, -0.5951334238052368, 0.030078690499067307, -0.12056247889995575, -0.07122641801834106, 1.0063024759292603]",1.223850846,1.266159654,1,1.006302476,0.9973059893,"[0.07123185694217682, 0.06050300598144531, -0.01656198501586914, 0.030078690499067307, 0.013366088271141052, 0.002702154219150543, 0.006302475929260254]",0.001448470517
20260529_wam_gru_no_future_single_demo_overfit_seed0,wam_gru_dinov2s_no_future,eval_same_demo_teacher_forced,datasets/libero_spatial/pick_up_the_black_bowl_from_table_center_and_place_it_on_the_plate_demo.hdf5:data/demo_0,74,78,3,"[0.1741071492433548, 0.23303571343421936, -0.637499988079071, 0.0, -0.1435714215040207, -0.07392857223749161, 1.0]","[0.20807582139968872, 0.29488733410835266, -0.6402100920677185, 0.01765396073460579, -0.1449769288301468, -0.0655796006321907, 1.0065134763717651]",1.231707573,1.256512284,1,1.006513476,0.9984500408,"[0.03396867215633392, 0.0618516206741333, -0.002710103988647461, 0.01765396073460579, -0.0014055073261260986, 0.008348971605300903, 0.006513476371765137]",0.000773229578
20260529_wam_gru_no_future_single_demo_overfit_seed0,wam_gru_dinov2s_no_future,eval_same_demo_teacher_forced,datasets/libero_spatial/pick_up_the_black_bowl_from_table_center_and_place_it_on_the_plate_demo.hdf5:data/demo_0,75,76,0,"[0.30000001192092896, 0.3910714387893677, -0.4928571283817291, 0.0, -0.10285714268684387, -0.07071428745985031, 1.0]","[0.2980974316596985, 0.40522003173828125, -0.5471976399421692, -0.007398489862680435, -0.10997289419174194, -0.07360843569040298, 1.0376791954040527]",1.225326538,1.283290863,1,1.037679195,0.999577105,"[-0.0019025802612304688, 0.014148592948913574, -0.054340511560440063, -0.007398489862680435, -0.007115751504898071, -0.0028941482305526733, 0.037679195404052734]",0.0006700232625
20260529_wam_gru_no_future_single_demo_overfit_seed0,wam_gru_dinov2s_no_future,eval_same_demo_teacher_forced,datasets/libero_spatial/pick_up_the_black_bowl_from_table_center_and_place_it_on_the_plate_demo.hdf5:data/demo_0,75,77,1,"[0.21160714328289032, 0.3080357015132904, -0.5785714387893677, 0.0, -0.1339285671710968, -0.07392857223749161, 1.0]","[0.23196516931056976, 0.31447702646255493, -0.5868103504180908, 0.00873740017414093, -0.15384741127490997, -0.0757194459438324, 1.0625056028366089]",1.223850846,1.286641717,1,1.062505603,0.9996937513,"[0.020358026027679443, 0.006441324949264526, -0.008238911628723145, 0.00873740017414093, -0.01991884410381317, -0.0017908737063407898, 0.06250560283660889]",0.0007010114496
20260529_wam_gru_no_future_single_demo_overfit_seed0,wam_gru_dinov2s_no_future,eval_same_demo_teacher_forced,datasets/libero_spatial/pick_up_the_black_bowl_from_table_center_and_place_it_on_the_plate_demo.hdf5:data/demo_0,75,78,2,"[0.1741071492433548, 0.23303571343421936, -0.637499988079071, 0.0, -0.1435714215040207, -0.07392857223749161, 1.0]","[0.22076435387134552, 0.2909931540489197, -0.6640435457229614, 0.03593159839510918, -0.12979820370674133, -0.07793211936950684, 1.0620379447937012]",1.231707573,1.313965201,1,1.062037945,0.9985108376,"[0.04665720462799072, 0.05795744061470032, -0.02654355764389038, 0.03593159839510918, 0.013773217797279358, -0.004003547132015228, 0.06203794479370117]",0.001655148109
20260529_wam_gru_no_future_single_demo_overfit_seed0,wam_gru_dinov2s_no_future,eval_same_demo_teacher_forced,datasets/libero_spatial/pick_up_the_black_bowl_from_table_center_and_place_it_on_the_plate_demo.hdf5:data/demo_0,75,79,3,"[0.13660714030265808, 0.17142857611179352, -0.7071428298950195, 0.007499999832361937, -0.1574999988079071, -0.07392857223749161, 1.0]","[0.1406983733177185, 0.21469983458518982, -0.7203671336174011, 0.021168529987335205, -0.15642429888248444, -0.07071440666913986, 1.0533517599105835]",1.256355166,1.313121438,1,1.05335176,0.9994282722,"[0.004091233015060425, 0.0432712584733963, -0.013224303722381592, 0.013668529689311981, 0.0010756999254226685, 0.0032141655683517456, 0.053351759910583496]",0.0007298213313
20260529_wam_gru_no_future_single_demo_overfit_seed0,wam_gru_dinov2s_no_future,eval_same_demo_teacher_forced,datasets/libero_spatial/pick_up_the_black_bowl_from_table_center_and_place_it_on_the_plate_demo.hdf5:data/demo_0,76,77,0,"[0.21160714328289032, 0.3080357015132904, -0.5785714387893677, 0.0, -0.1339285671710968, -0.07392857223749161, 1.0]","[0.2532891035079956, 0.3398924767971039, -0.6341049075126648, -0.014198008924722672, -0.12907814979553223, -0.08739783614873886, 1.0488065481185913]",1.223850846,1.306241751,1,1.048806548,0.9994255304,"[0.041681960225105286, 0.03185677528381348, -0.05553346872329712, -0.014198008924722672, 0.004850417375564575, -0.013469263911247253, 0.04880654811859131]",0.001232116716
20260529_wam_gru_no_future_single_demo_overfit_seed0,wam_gru_dinov2s_no_future,eval_same_demo_teacher_forced,datasets/libero_spatial/pick_up_the_black_bowl_from_table_center_and_place_it_on_the_plate_demo.hdf5:data/demo_0,76,78,1,"[0.1741071492433548, 0.23303571343421936, -0.637499988079071, 0.0, -0.1435714215040207, -0.07392857223749161, 1.0]","[0.1878126561641693, 0.2609409689903259, -0.68064284324646, 0.022057346999645233, -0.16884537041187286, -0.09207487851381302, 1.0757982730865479]",1.231707573,1.327197671,1,1.075798273,0.9997217655,"[0.013705506920814514, 0.027905255556106567, -0.043142855167388916, 0.022057346999645233, -0.025273948907852173, -0.01814630627632141, 0.07579827308654785]",0.00143254525
20260529_wam_gru_no_future_single_demo_overfit_seed0,wam_gru_dinov2s_no_future,eval_same_demo_teacher_forced,datasets/libero_spatial/pick_up_the_black_bowl_from_table_center_and_place_it_on_the_plate_demo.hdf5:data/demo_0,76,79,2,"[0.13660714030265808, 0.17142857611179352, -0.7071428298950195, 0.007499999832361937, -0.1574999988079071, -0.07392857223749161, 1.0]","[0.1510060578584671, 0.21853405237197876, -0.7413933873176575, 0.037940021604299545, -0.1503952145576477, -0.07028666138648987, 1.0548126697540283]",1.256355166,1.327347875,1,1.05481267,0.9992341399,"[0.014398917555809021, 0.04710547626018524, -0.03425055742263794, 0.03044002130627632, 0.007104784250259399, 0.0036419108510017395, 0.05481266975402832]",0.001084874268
20260529_wam_gru_no_future_single_demo_overfit_seed0,wam_gru_dinov2s_no_future,eval_same_demo_teacher_forced,datasets/libero_spatial/pick_up_the_black_bowl_from_table_center_and_place_it_on_the_plate_demo.hdf5:data/demo_0,76,80,3,"[0.09107142686843872, 0.1071428582072258, -0.7607142925262451, 0.023571427911520004, -0.1703571379184723, -0.07928571105003357, 1.0]","[0.1075490415096283, 0.16119301319122314, -0.7883834838867188, 0.02541819028556347, -0.16622208058834076, -0.07944796234369278, 1.0614864826202393]",1.278406501,1.349236727,1,1.061486483,0.9992050529,"[0.016477614641189575, 0.054050154983997345, -0.027669191360473633, 0.0018467623740434647, 0.004135057330131531, -0.0001622512936592102, 0.06148648262023926]",0.001108519733
20260529_wam_gru_no_future_single_demo_overfit_seed0,wam_gru_dinov2s_no_future,eval_same_demo_teacher_forced,datasets/libero_spatial/pick_up_the_black_bowl_from_table_center_and_place_it_on_the_plate_demo.hdf5:data/demo_0,77,78,0,"[0.1741071492433548, 0.23303571343421936, -0.637499988079071, 0.0, -0.1435714215040207, -0.07392857223749161, 1.0]","[0.20918743312358856, 0.2775081396102905, -0.6411598920822144, -0.010428626090288162, -0.1411876380443573, -0.084804467856884, 1.00394606590271]",1.231707573,1.251798034,1,1.003946066,0.9990054965,"[0.035080283880233765, 0.04447242617607117, -0.0036599040031433105, -0.010428626090288162, 0.002383783459663391, -0.010875895619392395, 0.003946065902709961]",0.0004957304918
20260529_wam_gru_no_future_single_demo_overfit_seed0,wam_gru_dinov2s_no_future,eval_same_demo_teacher_forced,datasets/libero_spatial/pick_up_the_black_bowl_from_table_center_and_place_it_on_the_plate_demo.hdf5:data/demo_0,77,79,1,"[0.13660714030265808, 0.17142857611179352, -0.7071428298950195, 0.007499999832361937, -0.1574999988079071, -0.07392857223749161, 1.0]","[0.15739154815673828, 0.197883740067482, -0.6809300780296326, 0.007544040679931641, -0.1761864721775055, -0.08129625022411346, 1.0064960718154907]",1.256355166,1.256319165,1,1.006496072,0.9992825389,"[0.0207844078540802, 0.026455163955688477, 0.026212751865386963, 4.4040847569704056e-05, -0.01868647336959839, -0.007367677986621857, 0.006496071815490723]",0.0003235205077
20260529_wam_gru_no_future_single_demo_overfit_seed0,wam_gru_dinov2s_no_future,eval_same_demo_teacher_forced,datasets/libero_spatial/pick_up_the_black_bowl_from_table_center_and_place_it_on_the_plate_demo.hdf5:data/demo_0,77,80,2,"[0.09107142686843872, 0.1071428582072258, -0.7607142925262451, 0.023571427911520004, -0.1703571379184723, -0.07928571105003357, 1.0]","[0.139191672205925, 0.14140421152114868, -0.7238308787345886, 0.027039941400289536, -0.16725054383277893, -0.07802377641201019, 0.9525288343429565]",1.278406501,1.226948857,1,0.9525288343,0.9985722899,"[0.04812024533748627, 0.03426135331392288, 0.036883413791656494, 0.0034685134887695312, 0.0031065940856933594, 0.0012619346380233765, -0.04747116565704346]",0.001018081442
20260529_wam_gru_no_future_single_demo_overfit_seed0,wam_gru_dinov2s_no_future,eval_same_demo_teacher_forced,datasets/libero_spatial/pick_up_the_black_bowl_from_table_center_and_place_it_on_the_plate_demo.hdf5:data/demo_0,77,81,3,"[0.03482142835855484, 0.05089285597205162, -0.7982142567634583, 0.03750000149011612, -0.1875, -0.0867857113480568, 1.0]","[0.09416821599006653, 0.0913703441619873, -0.7552597522735596, 0.029478255659341812, -0.15976077318191528, -0.07262208312749863, 0.9521329402923584]",1.298092008,1.235255837,1,0.9521329403,0.9980096221,"[0.05934678763151169, 0.040477488189935684, 0.04295450448989868, -0.008021745830774307, 0.027739226818084717, 0.014163628220558167, -0.0478670597076416]",0.001475890866
20260529_wam_gru_no_future_single_demo_overfit_seed0,wam_gru_dinov2s_no_future,eval_same_demo_teacher_forced,datasets/libero_spatial/pick_up_the_black_bowl_from_table_center_and_place_it_on_the_plate_demo.hdf5:data/demo_0,78,79,0,"[0.13660714030265808, 0.17142857611179352, -0.7071428298950195, 0.007499999832361937, -0.1574999988079071, -0.07392857223749161, 1.0]","[0.14885957539081573, 0.19007550179958344, -0.6977987885475159, 0.0023799054324626923, -0.14655156433582306, -0.09018296748399734, 0.9931713342666626]",1.256355166,1.249486446,1,0.9931713343,0.9996830821,"[0.012252435088157654, 0.018646925687789917, 0.009344041347503662, -0.005120094399899244, 0.010948434472084045, -0.016254395246505737, -0.006828665733337402]",0.0001488658163
20260529_wam_gru_no_future_single_demo_overfit_seed0,wam_gru_dinov2s_no_future,eval_same_demo_teacher_forced,datasets/libero_spatial/pick_up_the_black_bowl_from_table_center_and_place_it_on_the_plate_demo.hdf5:data/demo_0,78,80,1,"[0.09107142686843872, 0.1071428582072258, -0.7607142925262451, 0.023571427911520004, -0.1703571379184723, -0.07928571105003357, 1.0]","[0.09511476010084152, 0.11014747619628906, -0.7282372117042542, 0.026436448097229004, -0.19588002562522888, -0.082663893699646, 0.977754533290863]",1.278406501,1.246360302,1,0.9777545333,0.9996173978,"[0.0040433332324028015, 0.003004617989063263, 0.03247708082199097, 0.0028650201857089996, -0.025522887706756592, -0.0033781826496124268, -0.022245466709136963]",0.0003208623384
20260529_wam_gru_no_future_single_demo_overfit_seed0,wam_gru_dinov2s_no_future,eval_same_demo_teacher_forced,datasets/libero_spatial/pick_up_the_black_bowl_from_table_center_and_place_it_on_the_plate_demo.hdf5:data/demo_0,78,81,2,"[0.03482142835855484, 0.05089285597205162, -0.7982142567634583, 0.03750000149011612, -0.1875, -0.0867857113480568, 1.0]","[0.0726587325334549, 0.06735343486070633, -0.7658644914627075, 0.04866502806544304, -0.1638016700744629, -0.07973301410675049, 0.9577573537826538]",1.298092008,1.244676709,1,0.9577573538,0.9992522001,"[0.037837304174900055, 0.01646057888865471, 0.03234976530075073, 0.01116502657532692, 0.02369832992553711, 0.007052697241306305, -0.04224264621734619]",0.0007527956623
20260529_wam_gru_no_future_single_demo_overfit_seed0,wam_gru_dinov2s_no_future,eval_same_demo_teacher_forced,datasets/libero_spatial/pick_up_the_black_bowl_from_table_center_and_place_it_on_the_plate_demo.hdf5:data/demo_0,78,82,3,"[0.0, 0.010714286006987095, -0.7794643044471741, 0.04500000178813934, -0.19499999284744263, -0.08785714209079742, 1.0]","[0.016368485987186432, 0.01976815238595009, -0.7761832475662231, 0.037371959537267685, -0.15894031524658203, -0.0681157186627388, 0.958213210105896]",1.286642313,1.246029735,1,0.9582132101,0.9993121028,"[0.016368485987186432, 0.009053866378962994, 0.0032810568809509277, -0.007628042250871658, 0.036059677600860596, 0.019741423428058624, -0.041786789894104004]",0.0005507160095
20260529_wam_gru_no_future_single_demo_overfit_seed0,wam_gru_dinov2s_no_future,eval_same_demo_teacher_forced,datasets/libero_spatial/pick_up_the_black_bowl_from_table_center_and_place_it_on_the_plate_demo.hdf5:data/demo_0,79,80,0,"[0.09107142686843872, 0.1071428582072258, -0.7607142925262451, 0.023571427911520004, -0.1703571379184723, -0.07928571105003357, 1.0]","[0.10656052082777023, 0.13258445262908936, -0.7646345496177673, 0.01583109423518181, -0.16900987923145294, -0.09846246987581253, 0.9603837728500366]",1.278406501,1.254769564,1,0.9603837729,0.9992697835,"[0.015489093959331512, 0.025441594421863556, -0.003920257091522217, -0.007740333676338196, 0.0013472586870193481, -0.01917675882577896, -0.03961622714996338]",0.0004144966661
20260529_wam_gru_no_future_single_demo_overfit_seed0,wam_gru_dinov2s_no_future,eval_same_demo_teacher_forced,datasets/libero_spatial/pick_up_the_black_bowl_from_table_center_and_place_it_on_the_plate_demo.hdf5:data/demo_0,79,81,1,"[0.03482142835855484, 0.05089285597205162, -0.7982142567634583, 0.03750000149011612, -0.1875, -0.0867857113480568, 1.0]","[0.0481749102473259, 0.061282649636268616, -0.7826685309410095, 0.0444217324256897, -0.21215899288654327, -0.0921553522348404, 0.8975563645362854]",1.298092008,1.216441989,1,0.8975563645,0.9984039068,"[0.013353481888771057, 0.010389793664216995, 0.01554572582244873, 0.006921730935573578, -0.024658992886543274, -0.0053696408867836, -0.1024436354637146]",0.001672491548
20260529_wam_gru_no_future_single_demo_overfit_seed0,wam_gru_dinov2s_no_future,eval_same_demo_teacher_forced,datasets/libero_spatial/pick_up_the_black_bowl_from_table_center_and_place_it_on_the_plate_demo.hdf5:data/demo_0,79,82,2,"[0.0, 0.010714286006987095, -0.7794643044471741, 0.04500000178813934, -0.19499999284744263, -0.08785714209079742, 1.0]","[0.033034391701221466, -0.004282674286514521, -0.8178946375846863, 0.0457206629216671, -0.18596704304218292, -0.08962638676166534, 0.8562277555465698]",1.286642313,1.20328474,1,0.8562277555,0.9946388006,"[0.033034391701221466, -0.014996960759162903, -0.03843033313751221, 0.0007206611335277557, 0.009032949805259705, -0.00176924467086792, -0.14377224445343018]",0.003364110598
20260529_wam_gru_no_future_single_demo_overfit_seed0,wam_gru_dinov2s_no_future,eval_same_demo_teacher_forced,datasets/libero_spatial/pick_up_the_black_bowl_from_table_center_and_place_it_on_the_plate_demo.hdf5:data/demo_0,79,83,3,"[0.0, 0.0, -0.7741071581840515, 0.051428571343421936, -0.1971428543329239, -0.09107142686843872, 1.0]","[-0.04234471172094345, -0.058404725044965744, -0.8285437822341919, 0.035912059247493744, -0.19591756165027618, -0.08066601306200027, 0.822320282459259]",1.284151912,1.189150929,1,0.8223202825,0.989829123,"[-0.04234471172094345, -0.058404725044965744, -0.05443662405014038, -0.015516512095928192, 0.001225292682647705, 0.010405413806438446, -0.17767971754074097]",0.005726878066
20260529_wam_gru_no_future_single_demo_overfit_seed0,wam_gru_dinov2s_no_future,eval_same_demo_teacher_forced,datasets/libero_spatial/pick_up_the_black_bowl_from_table_center_and_place_it_on_the_plate_demo.hdf5:data/demo_0,80,81,0,"[0.03482142835855484, 0.05089285597205162, -0.7982142567634583, 0.03750000149011612, -0.1875, -0.0867857113480568, 1.0]","[0.01552656665444374, 0.059778377413749695, -0.7663745284080505, 0.02948954328894615, -0.17640112340450287, -0.08986134082078934, 1.0097013711929321]",1.298092008,1.284797072,1,1.009701371,0.9995264411,"[-0.0192948617041111, 0.008885521441698074, 0.031839728355407715, -0.008010458201169968, 0.011098876595497131, -0.003075629472732544, 0.009701371192932129]",0.0002508487378
20260529_wam_gru_no_future_single_demo_overfit_seed0,wam_gru_dinov2s_no_future,eval_same_demo_teacher_forced,datasets/libero_spatial/pick_up_the_black_bowl_from_table_center_and_place_it_on_the_plate_demo.hdf5:data/demo_0,80,82,1,"[0.0, 0.010714286006987095, -0.7794643044471741, 0.04500000178813934, -0.19499999284744263, -0.08785714209079742, 1.0]","[-0.03267338126897812, -0.015489831566810608, -0.7882395386695862, 0.0135246142745018, -0.20095552504062653, -0.07394585013389587, 0.984722375869751]",1.286642313,1.279977083,1,0.9847223759,0.9990161657,"[-0.03267338126897812, -0.026204116642475128, -0.00877523422241211, -0.03147538751363754, -0.005955532193183899, 0.01391129195690155, -0.015277624130249023]",0.0004691869544
20260529_wam_gru_no_future_single_demo_overfit_seed0,wam_gru_dinov2s_no_future,eval_same_demo_teacher_forced,datasets/libero_spatial/pick_up_the_black_bowl_from_table_center_and_place_it_on_the_plate_demo.hdf5:data/demo_0,80,83,2,"[0.0, 0.0, -0.7741071581840515, 0.051428571343421936, -0.1971428543329239, -0.09107142686843872, 1.0]","[-0.043164052069187164, -0.06658942252397537, -0.7777877449989319, 0.058896105736494064, -0.17277951538562775, -0.08125565946102142, 0.9688994288444519]",1.284151912,1.260928631,1,0.9688994288,0.9976889491,"[-0.043164052069187164, -0.06658942252397537, -0.003680586814880371, 0.007467534393072128, 0.024363338947296143, 0.009815767407417297, -0.031100571155548096]",0.001146252151
20260529_wam_gru_no_future_single_demo_overfit_seed0,wam_gru_dinov2s_no_future,eval_same_demo_teacher_forced,datasets/libero_spatial/pick_up_the_black_bowl_from_table_center_and_place_it_on_the_plate_demo.hdf5:data/demo_0,80,84,3,"[0.0, 0.0, -0.7848214507102966, 0.055714286863803864, -0.1907142847776413, -0.08571428805589676, 1.0]","[-0.09691731631755829, -0.1025829166173935, -0.7991232872009277, 0.03206916153430939, -0.16424202919006348, -0.0712314024567604, 0.9521549344062805]",1.289483428,1.2641958,1,0.9521549344,0.9928719401,"[-0.09691731631755829, -0.1025829166173935, -0.014301836490631104, -0.023645125329494476, 0.02647225558757782, 0.014482885599136353, -0.04784506559371948]",0.003411363112
20260529_wam_gru_no_future_single_demo_overfit_seed0,wam_gru_dinov2s_no_future,eval_same_demo_teacher_forced,datasets/libero_spatial/pick_up_the_black_bowl_from_table_center_and_place_it_on_the_plate_demo.hdf5:data/demo_0,81,82,0,"[0.0, 0.010714286006987095, -0.7794643044471741, 0.04500000178813934, -0.19499999284744263, -0.08785714209079742, 1.0]","[-0.02528175711631775, 0.021963225677609444, -0.815528929233551, 0.021679189056158066, -0.20102863013744354, -0.09196913987398148, 1.000796914100647]",1.286642313,1.310398459,1,1.000796914,0.9993773699,"[-0.02528175711631775, 0.011248939670622349, -0.03606462478637695, -0.023320812731981277, -0.0060286372900009155, -0.0041119977831840515, 0.0007969141006469727]",0.0003805873275
20260529_wam_gru_no_future_single_demo_overfit_seed0,wam_gru_dinov2s_no_future,eval_same_demo_teacher_forced,datasets/libero_spatial/pick_up_the_black_bowl_from_table_center_and_place_it_on_the_plate_demo.hdf5:data/demo_0,81,83,1,"[0.0, 0.0, -0.7741071581840515, 0.051428571343421936, -0.1971428543329239, -0.09107142686843872, 1.0]","[-0.06179220229387283, -0.05984272062778473, -0.8769049048423767, 0.002254921942949295, -0.214482381939888, -0.07860718667507172, 1.0361331701278687]",1.284151912,1.379173875,1,1.03613317,0.9962967634,"[-0.06179220229387283, -0.05984272062778473, -0.1027977466583252, -0.04917364940047264, -0.01733952760696411, 0.012464240193367004, 0.03613317012786865]",0.003163782181
20260529_wam_gru_no_future_single_demo_overfit_seed0,wam_gru_dinov2s_no_future,eval_same_demo_teacher_forced,datasets/libero_spatial/pick_up_the_black_bowl_from_table_center_and_place_it_on_the_plate_demo.hdf5:data/demo_0,81,84,2,"[0.0, 0.0, -0.7848214507102966, 0.055714286863803864, -0.1907142847776413, -0.08571428805589676, 1.0]","[-0.06397632509469986, -0.12422258406877518, -0.828463077545166, 0.07789558172225952, -0.17989042401313782, -0.07926107943058014, 1.0868451595306396]",1.289483428,1.389898658,1,1.08684516,0.9945492148,"[-0.06397632509469986, -0.12422258406877518, -0.043641626834869385, 0.022181294858455658, 0.010823860764503479, 0.00645320862531662, 0.08684515953063965]",0.004231672268
20260529_wam_gru_no_future_single_demo_overfit_seed0,wam_gru_dinov2s_no_future,eval_same_demo_teacher_forced,datasets/libero_spatial/pick_up_the_black_bowl_from_table_center_and_place_it_on_the_plate_demo.hdf5:data/demo_0,81,85,3,"[-0.0535714291036129, -0.02678571455180645, -0.7955357432365417, 0.06321428716182709, -0.18642857670783997, -0.07500000298023224, 1.0]","[-0.12920859456062317, -0.1502503603696823, -0.8630921244621277, 0.039400555193424225, -0.1736927479505539, -0.06469161063432693, 1.0687127113342285]",1.296472549,1.400803924,1,1.068712711,0.9944385886,"[-0.07563716173171997, -0.12346464395523071, -0.06755638122558594, -0.023813731968402863, 0.012735828757286072, 0.010308392345905304, 0.06871271133422852]",0.004440765362
20260529_wam_gru_no_future_single_demo_overfit_seed0,wam_gru_dinov2s_no_future,eval_same_demo_teacher_forced,datasets/libero_spatial/pick_up_the_black_bowl_from_table_center_and_place_it_on_the_plate_demo.hdf5:data/demo_0,82,83,0,"[0.0, 0.0, -0.7741071581840515, 0.051428571343421936, -0.1971428543329239, -0.09107142686843872, 1.0]","[-0.07120399922132492, -0.05195377767086029, -0.7927534580230713, 0.018384169787168503, -0.19242538511753082, -0.10212930291891098, 0.9821672439575195]",1.284151912,1.284007668,1,0.982167244,0.9970672131,"[-0.07120399922132492, -0.05195377767086029, -0.018646299839019775, -0.03304440155625343, 0.004717469215393066, -0.01105787605047226, -0.01783275604248047]",0.001381622744
20260529_wam_gru_no_future_single_demo_overfit_seed0,wam_gru_dinov2s_no_future,eval_same_demo_teacher_forced,datasets/libero_spatial/pick_up_the_black_bowl_from_table_center_and_place_it_on_the_plate_demo.hdf5:data/demo_0,82,84,1,"[0.0, 0.0, -0.7848214507102966, 0.055714286863803864, -0.1907142847776413, -0.08571428805589676, 1.0]","[-0.08847170323133469, -0.1018923968076706, -0.8494837880134583, 0.033544689416885376, -0.21213872730731964, -0.0803861990571022, 1.0146559476852417]",1.289483428,1.349795818,1,1.014655948,0.9942700863,"[-0.08847170323133469, -0.1018923968076706, -0.06466233730316162, -0.022169597446918488, -0.021424442529678345, 0.005328088998794556, 0.0146559476852417]",0.003369171871
20260529_wam_gru_no_future_single_demo_overfit_seed0,wam_gru_dinov2s_no_future,eval_same_demo_teacher_forced,datasets/libero_spatial/pick_up_the_black_bowl_from_table_center_and_place_it_on_the_plate_demo.hdf5:data/demo_0,82,85,2,"[-0.0535714291036129, -0.02678571455180645, -0.7955357432365417, 0.06321428716182709, -0.18642857670783997, -0.07500000298023224, 1.0]","[-0.11433962732553482, -0.15023279190063477, -0.800713300704956, 0.10244052112102509, -0.1845199018716812, -0.05987365171313286, 1.0889003276824951]",1.296472549,1.38225019,1,1.088900328,0.9940639734,"[-0.06076819822192192, -0.12344707548618317, -0.005177557468414307, 0.039226233959198, 0.0019086748361587524, 0.01512635126709938, 0.08890032768249512]",0.004090453964
20260529_wam_gru_no_future_single_demo_overfit_seed0,wam_gru_dinov2s_no_future,eval_same_demo_teacher_forced,datasets/libero_spatial/pick_up_the_black_bowl_from_table_center_and_place_it_on_the_plate_demo.hdf5:data/demo_0,82,86,3,"[-0.12321428209543228, -0.11517857015132904, -0.8276785612106323, 0.07821428775787354, -0.17142857611179352, -0.06642857193946838, 1.0]","[-0.18944565951824188, -0.1880246251821518, -0.8135236501693726, 0.05362202227115631, -0.171869158744812, -0.0512874498963356, 1.0906765460968018]",1.324166775,1.399172544,1,1.090676546,0.996404171,"[-0.0662313774228096, -0.07284605503082275, 0.014154911041259766, -0.024592265486717224, -0.00044058263301849365, 0.015141122043132782, 0.09067654609680176]",0.002707138425
20260529_wam_gru_no_future_single_demo_overfit_seed0,wam_gru_dinov2s_no_future,eval_same_demo_teacher_forced,datasets/libero_spatial/pick_up_the_black_bowl_from_table_center_and_place_it_on_the_plate_demo.hdf5:data/demo_0,83,84,0,"[0.0, 0.0, -0.7848214507102966, 0.055714286863803864, -0.1907142847776413, -0.08571428805589676, 1.0]","[-0.10180433094501495, -0.06815171241760254, -0.7863829731941223, 0.030978869646787643, -0.18634828925132751, -0.09531194716691971, 0.9795384407043457]",1.289483428,1.279715657,1,0.9795384407,0.9951347113,"[-0.10180433094501495, -0.06815171241760254, -0.0015615224838256836, -0.02473541721701622, 0.004365995526313782, -0.00959765911102295, -0.020461559295654297]",0.002307558665
20260529_wam_gru_no_future_single_demo_overfit_seed0,wam_gru_dinov2s_no_future,eval_same_demo_teacher_forced,datasets/libero_spatial/pick_up_the_black_bowl_from_table_center_and_place_it_on_the_plate_demo.hdf5:data/demo_0,83,85,1,"[-0.0535714291036129, -0.02678571455180645, -0.7955357432365417, 0.06321428716182709, -0.18642857670783997, -0.07500000298023224, 1.0]","[-0.12227054685354233, -0.10791511833667755, -0.7903193235397339, 0.07279910147190094, -0.19072072207927704, -0.08397983014583588, 0.9981429576873779]",1.296472549,1.302388787,1,0.9981429577,0.9965981245,"[-0.06869912147521973, -0.08112940192222595, 0.005216419696807861, 0.009584814310073853, -0.004292145371437073, -0.008979827165603638, -0.0018570423126220703]",0.001646162593
20260529_wam_gru_no_future_single_demo_overfit_seed0,wam_gru_dinov2s_no_future,eval_same_demo_teacher_forced,datasets/libero_spatial/pick_up_the_black_bowl_from_table_center_and_place_it_on_the_plate_demo.hdf5:data/demo_0,83,86,2,"[-0.12321428209543228, -0.11517857015132904, -0.8276785612106323, 0.07821428775787354, -0.17142857611179352, -0.06642857193946838, 1.0]","[-0.14575313031673431, -0.15344028174877167, -0.7736210823059082, 0.10096721351146698, -0.1633942425251007, -0.04542212560772896, 0.9579542279243469]",1.324166775,1.264875054,1,0.9579542279,0.998755157,"[-0.022538848221302032, -0.03826171159744263, 0.05405747890472412, 0.022752925753593445, 0.00803433358669281, 0.021006446331739426, -0.042045772075653076]",0.001097933273
20260529_wam_gru_no_future_single_demo_overfit_seed0,wam_gru_dinov2s_no_future,eval_same_demo_teacher_forced,datasets/libero_spatial/pick_up_the_black_bowl_from_table_center_and_place_it_on_the_plate_demo.hdf5:data/demo_0,83,87,3,"[-0.2008928507566452, -0.18482142686843872, -0.8196428418159485, 0.08571428805589676, -0.1639285683631897, -0.055714286863803864, 1.0]","[-0.2241736799478531, -0.21683847904205322, -0.7590737342834473, 0.07829492539167404, -0.16500960290431976, -0.043509699404239655, 0.8962467908859253]",1.335535407,1.229624033,1,0.8962467909,0.998481214,"[-0.023280829191207886, -0.0320170521736145, 0.06056910753250122, -0.007419362664222717, -0.001081034541130066, 0.012204587459564209, -0.10375320911407471]",0.002315085847
20260529_wam_gru_no_future_single_demo_overfit_seed0,wam_gru_dinov2s_no_future,eval_same_demo_teacher_forced,datasets/libero_spatial/pick_up_the_black_bowl_from_table_center_and_place_it_on_the_plate_demo.hdf5:data/demo_0,84,85,0,"[-0.0535714291036129, -0.02678571455180645, -0.7955357432365417, 0.06321428716182709, -0.18642857670783997, -0.07500000298023224, 1.0]","[-0.10609649121761322, -0.10415475070476532, -0.7975636720657349, 0.058995213359594345, -0.17686660587787628, -0.08284150809049606, 1.0585659742355347]",1.296472549,1.349221706,1,1.058565974,0.9972653985,"[-0.05252506211400032, -0.07736903429031372, -0.0020279288291931152, -0.004219073802232742, 0.009561970829963684, -0.007841505110263824, 0.05856597423553467]",0.001764236717
20260529_wam_gru_no_future_single_demo_overfit_seed0,wam_gru_dinov2s_no_future,eval_same_demo_teacher_forced,datasets/libero_spatial/pick_up_the_black_bowl_from_table_center_and_place_it_on_the_plate_demo.hdf5:data/demo_0,84,86,1,"[-0.12321428209543228, -0.11517857015132904, -0.8276785612106323, 0.07821428775787354, -0.17142857611179352, -0.06642857193946838, 1.0]","[-0.14212094247341156, -0.14411523938179016, -0.7569217085838318, 0.06020902097225189, -0.19858478009700775, -0.07526704668998718, 1.092578649520874]",1.324166775,1.362480164,1,1.09257865,0.9959970713,"[-0.01890666037797928, -0.02893666923046112, 0.07075685262680054, -0.018005266785621643, -0.027156203985214233, -0.008838474750518799, 0.09257864952087402]",0.002273128135
20260529_wam_gru_no_future_single_demo_overfit_seed0,wam_gru_dinov2s_no_future,eval_same_demo_teacher_forced,datasets/libero_spatial/pick_up_the_black_bowl_from_table_center_and_place_it_on_the_plate_demo.hdf5:data/demo_0,84,87,2,"[-0.2008928507566452, -0.18482142686843872, -0.8196428418159485, 0.08571428805589676, -0.1639285683631897, -0.055714286863803864, 1.0]","[-0.1765996366739273, -0.19686110317707062, -0.7690945863723755, 0.12530158460140228, -0.17201432585716248, -0.03264318034052849, 1.0643577575683594]",1.335535407,1.35670948,1,1.064357758,0.9974755049,"[0.024293214082717896, -0.012039676308631897, 0.050548255443573, 0.039587296545505524, -0.008085757493972778, 0.023071106523275375, 0.06435775756835938]",0.001370995888
20260529_wam_gru_no_future_single_demo_overfit_seed0,wam_gru_dinov2s_no_future,eval_same_demo_teacher_forced,datasets/libero_spatial/pick_up_the_black_bowl_from_table_center_and_place_it_on_the_plate_demo.hdf5:data/demo_0,84,88,3,"[-0.2946428656578064, -0.2517857253551483, -0.8089285492897034, 0.09000000357627869, -0.1607142835855484, -0.05249999836087227, 1.0]","[-0.2516893148422241, -0.23648184537887573, -0.7682062387466431, 0.10545122623443604, -0.18684622645378113, -0.06490331143140793, 1.067200779914856]",1.356930733,1.377887249,1,1.06720078,0.9976228476,"[0.042953550815582275, 0.015303879976272583, 0.0407223105430603, 0.015451222658157349, -0.026131942868232727, -0.01240331307053566, 0.06720077991485596]",0.001332704094
20260529_wam_gru_no_future_single_demo_overfit_seed0,wam_gru_dinov2s_no_future,eval_same_demo_teacher_forced,datasets/libero_spatial/pick_up_the_black_bowl_from_table_center_and_place_it_on_the_plate_demo.hdf5:data/demo_0,85,86,0,"[-0.12321428209543228, -0.11517857015132904, -0.8276785612106323, 0.07821428775787354, -0.17142857611179352, -0.06642857193946838, 1.0]","[-0.11492154002189636, -0.11330948024988174, -0.7899807691574097, 0.08445517718791962, -0.17488925158977509, -0.09213494509458542, 1.0444667339324951]",1.324166775,1.336874723,1,1.044466734,0.9988643527,"[0.00829274207353592, 0.0018690899014472961, 0.037697792053222656, 0.0062408894300460815, -0.0034606754779815674, -0.025706373155117035, 0.04446673393249512]",0.0005974885426
20260529_wam_gru_no_future_single_demo_overfit_seed0,wam_gru_dinov2s_no_future,eval_same_demo_teacher_forced,datasets/libero_spatial/pick_up_the_black_bowl_from_table_center_and_place_it_on_the_plate_demo.hdf5:data/demo_0,85,87,1,"[-0.2008928507566452, -0.18482142686843872, -0.8196428418159485, 0.08571428805589676, -0.1639285683631897, -0.055714286863803864, 1.0]","[-0.20069251954555511, -0.15082283318042755, -0.7796810865402222, 0.102205291390419, -0.17151527106761932, -0.07892782241106033, 1.0329002141952515]",1.335535407,1.33562851,1,1.032900214,0.9986815453,"[0.0002003312110900879, 0.03399859368801117, 0.03996175527572632, 0.016491003334522247, -0.0075867027044296265, -0.02321353554725647, 0.032900214195251465]",0.0006719556986
20260529_wam_gru_no_future_single_demo_overfit_seed0,wam_gru_dinov2s_no_future,eval_same_demo_teacher_forced,datasets/libero_spatial/pick_up_the_black_bowl_from_table_center_and_place_it_on_the_plate_demo.hdf5:data/demo_0,85,88,2,"[-0.2946428656578064, -0.2517857253551483, -0.8089285492897034, 0.09000000357627869, -0.1607142835855484, -0.05249999836087227, 1.0]","[-0.20190328359603882, -0.1835051327943802, -0.8160329461097717, 0.11456657946109772, -0.1797742396593094, -0.05621681734919548, 0.9177154302597046]",1.356930733,1.277166843,1,0.9177154303,0.9957582355,"[0.09273958206176758, 0.06828059256076813, -0.007104396820068359, 0.02456657588481903, -0.019059956073760986, -0.0037168189883232117, -0.08228456974029541]",0.003009243635
20260529_wam_gru_no_future_single_demo_overfit_seed0,wam_gru_dinov2s_no_future,eval_same_demo_teacher_forced,datasets/libero_spatial/pick_up_the_black_bowl_from_table_center_and_place_it_on_the_plate_demo.hdf5:data/demo_0,85,89,3,"[-0.2919642925262451, -0.25982141494750977, -0.7580357193946838, 0.08892857283353806, -0.16607142984867096, -0.0535714291036129, 1.0]","[-0.22406920790672302, -0.19991150498390198, -0.7488805651664734, 0.078264981508255, -0.14943331480026245, -0.051756106317043304, 0.7926053404808044]",1.3288064,1.144705772,1,0.7926053405,0.994150281,"[0.0678950846195221, 0.05990990996360779, 0.00915515422821045, -0.01066359132528305, 0.01663811504840851, 0.0018153227865695953, -0.20739465951919556]",0.007384161931
20260529_wam_gru_no_future_single_demo_overfit_seed0,wam_gru_dinov2s_no_future,eval_same_demo_teacher_forced,datasets/libero_spatial/pick_up_the_black_bowl_from_table_center_and_place_it_on_the_plate_demo.hdf5:data/demo_0,86,87,0,"[-0.2008928507566452, -0.18482142686843872, -0.8196428418159485, 0.08571428805589676, -0.1639285683631897, -0.055714286863803864, 1.0]","[-0.168914332985878, -0.13656146824359894, -0.7936795353889465, 0.0826570987701416, -0.16143107414245605, -0.07437662035226822, 1.0778495073318481]",1.335535407,1.370143056,1,1.077849507,0.9974718094,"[0.03197851777076721, 0.04825995862483978, 0.025963306427001953, -0.0030571892857551575, 0.0024974942207336426, -0.018662333488464355, 0.07784950733184814]",0.001492879237
20260529_wam_gru_no_future_single_demo_overfit_seed0,wam_gru_dinov2s_no_future,eval_same_demo_teacher_forced,datasets/libero_spatial/pick_up_the_black_bowl_from_table_center_and_place_it_on_the_plate_demo.hdf5:data/demo_0,86,88,1,"[-0.2946428656578064, -0.2517857253551483, -0.8089285492897034, 0.09000000357627869, -0.1607142835855484, -0.05249999836087227, 1.0]","[-0.2340928018093109, -0.161507248878479, -0.7448592782020569, 0.0945701152086258, -0.15725700557231903, -0.06143847852945328, 1.076673150062561]",1.356930733,1.353651524,1,1.07667315,0.9940380454,"[0.06055006384849548, 0.09027847647666931, 0.06406927108764648, 0.004570111632347107, 0.00345727801322937, -0.008938480168581009, 0.07667315006256104]",0.003130413359
20260529_wam_gru_no_future_single_demo_overfit_seed0,wam_gru_dinov2s_no_future,eval_same_demo_teacher_forced,datasets/libero_spatial/pick_up_the_black_bowl_from_table_center_and_place_it_on_the_plate_demo.hdf5:data/demo_0,86,89,2,"[-0.2919642925262451, -0.25982141494750977, -0.7580357193946838, 0.08892857283353806, -0.16607142984867096, -0.0535714291036129, 1.0]","[-0.24868835508823395, -0.1855263113975525, -0.7535133957862854, 0.07905817031860352, -0.16107869148254395, -0.044371869415044785, 0.9136737585067749]",1.3288064,1.238149166,1,0.9136737585,0.9979171753,"[0.04327593743801117, 0.07429510354995728, 0.0045223236083984375, -0.00987040251493454, 0.004992738366127014, 0.009199559688568115, -0.0863262414932251]",0.002153175185
20260529_wam_gru_no_future_single_demo_overfit_seed0,wam_gru_dinov2s_no_future,eval_same_demo_teacher_forced,datasets/libero_spatial/pick_up_the_black_bowl_from_table_center_and_place_it_on_the_plate_demo.hdf5:data/demo_0,86,90,3,"[-0.2785714268684387, -0.21160714328289032, -0.6964285969734192, 0.07285714149475098, -0.17249999940395355, -0.05464285612106323, 1.0]","[-0.23885521292686462, -0.18960264325141907, -0.685426652431488, 0.06931091845035553, -0.13355398178100586, -0.06288500875234604, 0.7736365795135498]",1.282748103,1.089917183,1,0.7736365795,0.9936210513,"[0.0397162139415741, 0.022004500031471252, 0.011001944541931152, -0.0035462230443954468, 0.03894601762294769, -0.008242152631282806, -0.2263634204864502]",0.00786004588
20260529_wam_gru_no_future_single_demo_overfit_seed0,wam_gru_dinov2s_no_future,eval_same_demo_teacher_forced,datasets/libero_spatial/pick_up_the_black_bowl_from_table_center_and_place_it_on_the_plate_demo.hdf5:data/demo_0,87,88,0,"[-0.2946428656578064, -0.2517857253551483, -0.8089285492897034, 0.09000000357627869, -0.1607142835855484, -0.05249999836087227, 1.0]","[-0.22078324854373932, -0.18764308094978333, -0.8407269716262817, 0.06289452314376831, -0.18906386196613312, -0.06853567808866501, 1.1627278327941895]",1.356930733,1.478888512,1,1.162727833,0.9940245152,"[0.07385961711406708, 0.06414264440536499, -0.03179842233657837, -0.027105480432510376, -0.028349578380584717, -0.01603567972779274, 0.16272783279418945]",0.00555093633
20260529_wam_gru_no_future_single_demo_overfit_seed0,wam_gru_dinov2s_no_future,eval_same_demo_teacher_forced,datasets/libero_spatial/pick_up_the_black_bowl_from_table_center_and_place_it_on_the_plate_demo.hdf5:data/demo_0,87,89,1,"[-0.2919642925262451, -0.25982141494750977, -0.7580357193946838, 0.08892857283353806, -0.16607142984867096, -0.0535714291036129, 1.0]","[-0.2325204461812973, -0.20393341779708862, -0.7723104357719421, 0.08403538912534714, -0.21413327753543854, -0.07462131977081299, 1.2665830850601196]",1.3288064,1.534546852,1,1.266583085,0.9905902147,"[0.059443846344947815, 0.05588799715042114, -0.0142747163772583, -0.004893183708190918, -0.04806184768676758, -0.02104989066720009, 0.26658308506011963]",0.01152919047
20260529_wam_gru_no_future_single_demo_overfit_seed0,wam_gru_dinov2s_no_future,eval_same_demo_teacher_forced,datasets/libero_spatial/pick_up_the_black_bowl_from_table_center_and_place_it_on_the_plate_demo.hdf5:data/demo_0,87,90,2,"[-0.2785714268684387, -0.21160714328289032, -0.6964285969734192, 0.07285714149475098, -0.17249999940395355, -0.05464285612106323, 1.0]","[-0.25938427448272705, -0.21314473450183868, -0.757824182510376, 0.09208877384662628, -0.17590804398059845, -0.04101444408297539, 1.2260396480560303]",1.282748103,1.493749499,1,1.226039648,0.9970567226,"[0.01918715238571167, -0.0015375912189483643, -0.06139558553695679, 0.019231632351875305, -0.0034080445766448975, 0.013628412038087845, 0.22603964805603027]",0.007971579209
20260529_wam_gru_no_future_single_demo_overfit_seed0,wam_gru_dinov2s_no_future,eval_same_demo_teacher_forced,datasets/libero_spatial/pick_up_the_black_bowl_from_table_center_and_place_it_on_the_plate_demo.hdf5:data/demo_0,87,91,3,"[-0.28125, -0.2142857164144516, -0.6723214387893677, 0.06964285671710968, -0.17464286088943481, -0.05785714462399483, 1.0]","[-0.26767802238464355, -0.22884225845336914, -0.7235178351402283, 0.07650221884250641, -0.18611009418964386, -0.06075061112642288, 1.2098586559295654]",1.271115184,1.468140483,1,1.209858656,0.9977424741,"[0.013571977615356445, -0.014556542038917542, -0.051196396350860596, 0.0068593621253967285, -0.011467233300209045, -0.002893466502428055, 0.20985865592956543]",0.006749247666
20260529_wam_gru_no_future_single_demo_overfit_seed0,wam_gru_dinov2s_no_future,eval_same_demo_teacher_forced,datasets/libero_spatial/pick_up_the_black_bowl_from_table_center_and_place_it_on_the_plate_demo.hdf5:data/demo_0,88,89,0,"[-0.2919642925262451, -0.25982141494750977, -0.7580357193946838, 0.08892857283353806, -0.16607142984867096, -0.0535714291036129, 1.0]","[-0.2502095103263855, -0.21051602065563202, -0.8281722664833069, 0.08202309906482697, -0.17775271832942963, -0.05617373436689377, 1.1602885723114014]",1.3288064,1.476665139,1,1.160288572,0.9966580272,"[0.04175478219985962, 0.04930539429187775, -0.07013654708862305, -0.00690547376871109, -0.011681288480758667, -0.0026023052632808685, 0.16028857231140137]",0.004996707197
20260529_wam_gru_no_future_single_demo_overfit_seed0,wam_gru_dinov2s_no_future,eval_same_demo_teacher_forced,datasets/libero_spatial/pick_up_the_black_bowl_from_table_center_and_place_it_on_the_plate_demo.hdf5:data/demo_0,88,90,1,"[-0.2785714268684387, -0.21160714328289032, -0.6964285969734192, 0.07285714149475098, -0.17249999940395355, -0.05464285612106323, 1.0]","[-0.2789103388786316, -0.22493895888328552, -0.7387792468070984, 0.0655907392501831, -0.21364666521549225, -0.06436219811439514, 1.214346170425415]",1.282748103,1.484220147,1,1.21434617,0.9975931048,"[-0.0003389120101928711, -0.013331815600395203, -0.0423506498336792, -0.007266402244567871, -0.041146665811538696, -0.00971934199333191, 0.21434617042541504]",0.007108003832
20260529_wam_gru_no_future_single_demo_overfit_seed0,wam_gru_dinov2s_no_future,eval_same_demo_teacher_forced,datasets/libero_spatial/pick_up_the_black_bowl_from_table_center_and_place_it_on_the_plate_demo.hdf5:data/demo_0,88,91,2,"[-0.28125, -0.2142857164144516, -0.6723214387893677, 0.06964285671710968, -0.17464286088943481, -0.05785714462399483, 1.0]","[-0.3039902448654175, -0.22773121297359467, -0.7312922477722168, 0.10153216123580933, -0.17909418046474457, -0.0529671274125576, 1.1730356216430664]",1.271115184,1.449227929,1,1.173035622,0.9990625978,"[-0.02274024486541748, -0.013445496559143066, -0.05897080898284912, 0.031889304518699646, -0.004451319575309753, 0.004890017211437225, 0.1730356216430664]",0.005025347229
20260529_wam_gru_no_future_single_demo_overfit_seed0,wam_gru_dinov2s_no_future,eval_same_demo_teacher_forced,datasets/libero_spatial/pick_up_the_black_bowl_from_table_center_and_place_it_on_the_plate_demo.hdf5:data/demo_0,88,92,3,"[-0.2705357074737549, -0.2544642984867096, -0.6348214149475098, 0.06750000268220901, -0.17571428418159485, -0.06642857193946838, 1.0]","[-0.31379204988479614, -0.2360132336616516, -0.6970290541648865, 0.0866345763206482, -0.1744072139263153, -0.060030676424503326, 1.178476095199585]",1.257292509,1.438871145,1,1.178476095,0.9985150099,"[-0.04325634241104126, 0.018451064825057983, -0.06220763921737671, 0.01913457363843918, 0.001307070255279541, 0.006397895514965057, 0.17847609519958496]",0.005477690604
20260529_wam_gru_no_future_single_demo_overfit_seed0,wam_gru_dinov2s_no_future,eval_same_demo_teacher_forced,datasets/libero_spatial/pick_up_the_black_bowl_from_table_center_and_place_it_on_the_plate_demo.hdf5:data/demo_0,89,90,0,"[-0.2785714268684387, -0.21160714328289032, -0.6964285969734192, 0.07285714149475098, -0.17249999940395355, -0.05464285612106323, 1.0]","[-0.2908160090446472, -0.21788308024406433, -0.8011503219604492, 0.06374070048332214, -0.16975586116313934, -0.05276942998170853, 1.1017506122589111]",1.282748103,1.422465324,1,1.101750612,0.9994294643,"[-0.012244582176208496, -0.006275936961174011, -0.10472172498703003, -0.009116441011428833, 0.002744138240814209, 0.0018734261393547058, 0.10175061225891113]",0.00308618485
20260529_wam_gru_no_future_single_demo_overfit_seed0,wam_gru_dinov2s_no_future,eval_same_demo_teacher_forced,datasets/libero_spatial/pick_up_the_black_bowl_from_table_center_and_place_it_on_the_plate_demo.hdf5:data/demo_0,89,91,1,"[-0.28125, -0.2142857164144516, -0.6723214387893677, 0.06964285671710968, -0.17464286088943481, -0.05785714462399483, 1.0]","[-0.3066885471343994, -0.2136385291814804, -0.7162871360778809, 0.057368241250514984, -0.1994357407093048, -0.0628688782453537, 1.1598918437957764]",1.271115184,1.430081725,1,1.159891844,0.9989916682,"[-0.025438547134399414, 0.0006471872329711914, -0.043965697288513184, -0.012274615466594696, -0.024792879819869995, -0.0050117336213588715, 0.15989184379577637]",0.004133770708
20260529_wam_gru_no_future_single_demo_overfit_seed0,wam_gru_dinov2s_no_future,eval_same_demo_teacher_forced,datasets/libero_spatial/pick_up_the_black_bowl_from_table_center_and_place_it_on_the_plate_demo.hdf5:data/demo_0,89,92,2,"[-0.2705357074737549, -0.2544642984867096, -0.6348214149475098, 0.06750000268220901, -0.17571428418159485, -0.06642857193946838, 1.0]","[-0.3268890380859375, -0.2057095766067505, -0.6724515557289124, 0.07442457973957062, -0.15719455480575562, -0.04944969341158867, 1.1203571557998657]",1.257292509,1.374503016,1,1.120357156,0.9975709915,"[-0.05635333061218262, 0.048754721879959106, -0.03763014078140259, 0.006924577057361603, 0.018519729375839233, 0.016978878527879715, 0.12035715579986572]",0.003161972389
20260529_wam_gru_no_future_single_demo_overfit_seed0,wam_gru_dinov2s_no_future,eval_same_demo_teacher_forced,datasets/libero_spatial/pick_up_the_black_bowl_from_table_center_and_place_it_on_the_plate_demo.hdf5:data/demo_0,89,93,3,"[-0.2678571343421936, -0.24910713732242584, -0.6053571701049805, 0.062142856419086456, -0.16607142984867096, -0.06750000268220901, 1.0]","[-0.3432084619998932, -0.20420479774475098, -0.6204544305801392, 0.0744275450706482, -0.1484505534172058, -0.056397445499897, 1.1271169185638428]",1.239458323,1.358530641,1,1.127116919,0.9968858957,"[-0.07535132765769958, 0.044902339577674866, -0.015097260475158691, 0.012284688651561737, 0.01762087643146515, 0.011102557182312012, 0.12711691856384277]",0.003523622407
20260529_wam_gru_no_future_single_demo_overfit_seed0,wam_gru_dinov2s_no_future,eval_same_demo_teacher_forced,datasets/libero_spatial/pick_up_the_black_bowl_from_table_center_and_place_it_on_the_plate_demo.hdf5:data/demo_0,90,91,0,"[-0.28125, -0.2142857164144516, -0.6723214387893677, 0.06964285671710968, -0.17464286088943481, -0.05785714462399483, 1.0]","[-0.30244678258895874, -0.2307555228471756, -0.7577821016311646, 0.04378160461783409, -0.16766206920146942, -0.04969804733991623, 1.0276548862457275]",1.271115184,1.344443321,1,1.027654886,0.9987722635,"[-0.02119678258895874, -0.016469806432724, -0.08546066284179688, -0.02586125209927559, 0.006980791687965393, 0.008159097284078598, 0.02765488624572754]",0.001367568853
20260529_wam_gru_no_future_single_demo_overfit_seed0,wam_gru_dinov2s_no_future,eval_same_demo_teacher_forced,datasets/libero_spatial/pick_up_the_black_bowl_from_table_center_and_place_it_on_the_plate_demo.hdf5:data/demo_0,90,92,1,"[-0.2705357074737549, -0.2544642984867096, -0.6348214149475098, 0.06750000268220901, -0.17571428418159485, -0.06642857193946838, 1.0]","[-0.3077654242515564, -0.20679904520511627, -0.6953675150871277, 0.05361361801624298, -0.20453794300556183, -0.0558013953268528, 1.0943681001663208]",1.257292509,1.366194367,1,1.0943681,0.9983971715,"[-0.037229716777801514, 0.04766525328159332, -0.06054610013961792, -0.013886384665966034, -0.02882365882396698, 0.010627176612615585, 0.0943681001663208]",0.002480824012
20260529_wam_gru_no_future_single_demo_overfit_seed0,wam_gru_dinov2s_no_future,eval_same_demo_teacher_forced,datasets/libero_spatial/pick_up_the_black_bowl_from_table_center_and_place_it_on_the_plate_demo.hdf5:data/demo_0,90,93,2,"[-0.2678571343421936, -0.24910713732242584, -0.6053571701049805, 0.062142856419086456, -0.16607142984867096, -0.06750000268220901, 1.0]","[-0.2978197932243347, -0.1856110394001007, -0.6245282888412476, 0.07323743402957916, -0.15475019812583923, -0.05438956245779991, 1.1252639293670654]",1.239458323,1.345983744,1,1.125263929,0.9969838262,"[-0.029962658882141113, 0.06349609792232513, -0.01917111873626709, 0.011094577610492706, 0.011321231722831726, 0.013110440224409103, 0.12526392936706543]",0.003058748785
20260529_wam_gru_no_future_single_demo_overfit_seed0,wam_gru_dinov2s_no_future,eval_same_demo_teacher_forced,datasets/libero_spatial/pick_up_the_black_bowl_from_table_center_and_place_it_on_the_plate_demo.hdf5:data/demo_0,90,94,3,"[-0.23839285969734192, -0.18482142686843872, -0.5491071343421936, 0.04500000178813934, -0.14678572118282318, -0.06535714119672775, 1.0]","[-0.34916025400161743, -0.18857264518737793, -0.5760138034820557, 0.052138470113277435, -0.146699920296669, -0.049506984651088715, 1.1652320623397827]",1.191784978,1.368839025,1,1.165232062,0.997160852,"[-0.11076739430427551, -0.003751218318939209, -0.02690666913986206, 0.007138468325138092, 8.58008861541748e-05, 0.015850156545639038, 0.16523206233978271]",0.00580161158
20260529_wam_gru_no_future_single_demo_overfit_seed0,wam_gru_dinov2s_no_future,eval_same_demo_teacher_forced,datasets/libero_spatial/pick_up_the_black_bowl_from_table_center_and_place_it_on_the_plate_demo.hdf5:data/demo_0,91,92,0,"[-0.2705357074737549, -0.2544642984867096, -0.6348214149475098, 0.06750000268220901, -0.17571428418159485, -0.06642857193946838, 1.0]","[-0.29693055152893066, -0.19128736853599548, -0.7108399271965027, 0.059688907116651535, -0.15553270280361176, -0.042597346007823944, 0.9456183910369873]",1.257292509,1.246520758,1,0.945618391,0.9954235554,"[-0.02639484405517578, 0.06317692995071411, -0.07601851224899292, -0.00781109556555748, 0.020181581377983093, 0.02383122593164444, -0.054381608963012695]",0.002065774519
20260529_wam_gru_no_future_single_demo_overfit_seed0,wam_gru_dinov2s_no_future,eval_same_demo_teacher_forced,datasets/libero_spatial/pick_up_the_black_bowl_from_table_center_and_place_it_on_the_plate_demo.hdf5:data/demo_0,91,93,1,"[-0.2678571343421936, -0.24910713732242584, -0.6053571701049805, 0.062142856419086456, -0.16607142984867096, -0.06750000268220901, 1.0]","[-0.3041120767593384, -0.17223137617111206, -0.6139480471611023, 0.07224316149950027, -0.17559878528118134, -0.051273591816425323, 0.8884368538856506]",1.239458323,1.151990891,1,0.8884368539,0.9956052899,"[-0.036254942417144775, 0.07687576115131378, -0.008590877056121826, 0.010100305080413818, -0.009527355432510376, 0.01622641086578369, -0.11156314611434937]",0.002885789378
20260529_wam_gru_no_future_single_demo_overfit_seed0,wam_gru_dinov2s_no_future,eval_same_demo_teacher_forced,datasets/libero_spatial/pick_up_the_black_bowl_from_table_center_and_place_it_on_the_plate_demo.hdf5:data/demo_0,91,94,2,"[-0.23839285969734192, -0.18482142686843872, -0.5491071343421936, 0.04500000178813934, -0.14678572118282318, -0.06535714119672775, 1.0]","[-0.29677629470825195, -0.14482039213180542, -0.5619727969169617, 0.06658883392810822, -0.14046624302864075, -0.06219332292675972, 0.8139322400093079]",1.191784978,1.056116104,1,0.81393224,0.9912979603,"[-0.058383435010910034, 0.0400010347366333, -0.012865662574768066, 0.021588832139968872, 0.006319478154182434, 0.003163818269968033, -0.18606775999069214]",0.005758781452
20260529_wam_gru_no_future_single_demo_overfit_seed0,wam_gru_dinov2s_no_future,eval_same_demo_teacher_forced,datasets/libero_spatial/pick_up_the_black_bowl_from_table_center_and_place_it_on_the_plate_demo.hdf5:data/demo_0,91,95,3,"[-0.2544642984867096, -0.010714286006987095, -0.4660714268684387, 0.008571428246796131, -0.14678572118282318, -0.0535714291036129, 1.0]","[-0.30516570806503296, -0.11637406051158905, -0.5011444687843323, 0.036156896501779556, -0.136604905128479, -0.05782777816057205, 0.7735741138458252]",1.14305687,0.9897191525,1,0.7735741138,0.980728507,"[-0.050701409578323364, -0.10565977543592453, -0.035073041915893555, 0.027585469186306, 0.010180816054344177, -0.004256349056959152, -0.2264258861541748]",0.009588020854
20260529_wam_gru_no_future_single_demo_overfit_seed0,wam_gru_dinov2s_no_future,eval_same_demo_teacher_forced,datasets/libero_spatial/pick_up_the_black_bowl_from_table_center_and_place_it_on_the_plate_demo.hdf5:data/demo_0,92,93,0,"[-0.2678571343421936, -0.24910713732242584, -0.6053571701049805, 0.062142856419086456, -0.16607142984867096, -0.06750000268220901, 1.0]","[-0.2931886911392212, -0.14776167273521423, -0.6450200080871582, 0.052941154688596725, -0.14680993556976318, -0.05836290866136551, 0.9023217558860779]",1.239458323,1.168670535,1,0.9023217559,0.9939402938,"[-0.025331556797027588, 0.10134546458721161, -0.039662837982177734, -0.00920170173048973, 0.019261494278907776, 0.009137094020843506, -0.09767824411392212]",0.003223704873
20260529_wam_gru_no_future_single_demo_overfit_seed0,wam_gru_dinov2s_no_future,eval_same_demo_teacher_forced,datasets/libero_spatial/pick_up_the_black_bowl_from_table_center_and_place_it_on_the_plate_demo.hdf5:data/demo_0,92,94,1,"[-0.23839285969734192, -0.18482142686843872, -0.5491071343421936, 0.04500000178813934, -0.14678572118282318, -0.06535714119672775, 1.0]","[-0.2936326563358307, -0.14390826225280762, -0.5680177807807922, 0.05848260223865509, -0.14694535732269287, -0.04912471026182175, 0.7936921715736389]",1.191784978,1.04256773,1,0.7936921716,0.9896076322,"[-0.05523979663848877, 0.040913164615631104, -0.018910646438598633, 0.013482600450515747, -0.00015963613986968994, 0.016232430934906006, -0.20630782842636108]",0.006870165002
20260529_wam_gru_no_future_single_demo_overfit_seed0,wam_gru_dinov2s_no_future,eval_same_demo_teacher_forced,datasets/libero_spatial/pick_up_the_black_bowl_from_table_center_and_place_it_on_the_plate_demo.hdf5:data/demo_0,92,95,2,"[-0.2544642984867096, -0.010714286006987095, -0.4660714268684387, 0.008571428246796131, -0.14678572118282318, -0.0535714291036129, 1.0]","[-0.26967719197273254, -0.10904675722122192, -0.49543496966362, 0.05576757714152336, -0.12061932682991028, -0.0642625093460083, 0.6517838835716248]",1.14305687,0.8812966347,1,0.6517838836,0.9669805765,"[-0.01521289348602295, -0.0983324721455574, -0.029363542795181274, 0.047196149826049805, 0.026166394352912903, -0.010691080242395401, -0.34821611642837524]",0.01929197647
20260529_wam_gru_no_future_single_demo_overfit_seed0,wam_gru_dinov2s_no_future,eval_same_demo_teacher_forced,datasets/libero_spatial/pick_up_the_black_bowl_from_table_center_and_place_it_on_the_plate_demo.hdf5:data/demo_0,92,96,3,"[-0.2705357074737549, 0.0, -0.4178571403026581, 0.0, -0.13928571343421936, -0.051428571343421936, 1.0]","[-0.2595638036727905, -0.06970418989658356, -0.43593230843544006, 0.016687408089637756, -0.11309407651424408, -0.059781573712825775, 0.5474418997764587]",1.126871586,0.7606604099,1,0.5474418998,0.9550622106,"[0.010971903800964355, -0.06970418989658356, -0.018075168132781982, 0.016687408089637756, 0.02619163691997528, -0.008353002369403839, -0.45255810022354126]",0.03016412072
20260529_wam_gru_no_future_single_demo_overfit_seed0,wam_gru_dinov2s_no_future,eval_same_demo_teacher_forced,datasets/libero_spatial/pick_up_the_black_bowl_from_table_center_and_place_it_on_the_plate_demo.hdf5:data/demo_0,93,94,0,"[-0.23839285969734192, -0.18482142686843872, -0.5491071343421936, 0.04500000178813934, -0.14678572118282318, -0.06535714119672775, 1.0]","[-0.297435998916626, -0.11985553801059723, -0.5870699286460876, 0.047116320580244064, -0.1313842386007309, -0.06428232043981552, 0.8727802038192749]",1.191784978,1.110334992,1,0.8727802038,0.9928429723,"[-0.05904313921928406, 0.06496588885784149, -0.03796279430389404, 0.002116318792104721, 0.015401482582092285, 0.0010748207569122314, -0.1272197961807251]",0.003653649939
20260529_wam_gru_no_future_single_demo_overfit_seed0,wam_gru_dinov2s_no_future,eval_same_demo_teacher_forced,datasets/libero_spatial/pick_up_the_black_bowl_from_table_center_and_place_it_on_the_plate_demo.hdf5:data/demo_0,93,95,1,"[-0.2544642984867096, -0.010714286006987095, -0.4660714268684387, 0.008571428246796131, -0.14678572118282318, -0.0535714291036129, 1.0]","[-0.2864510118961334, -0.12395481765270233, -0.5070639252662659, 0.0545128732919693, -0.12236941605806351, -0.0533929318189621, 0.7136927247047424]",1.14305687,0.9405779243,1,0.7136927247,0.9724647403,"[-0.03198671340942383, -0.11324053257703781, -0.04099249839782715, 0.04594144597649574, 0.024416305124759674, 0.0001784972846508026, -0.28630727529525757]",0.01431508642
20260529_wam_gru_no_future_single_demo_overfit_seed0,wam_gru_dinov2s_no_future,eval_same_demo_teacher_forced,datasets/libero_spatial/pick_up_the_black_bowl_from_table_center_and_place_it_on_the_plate_demo.hdf5:data/demo_0,93,96,2,"[-0.2705357074737549, 0.0, -0.4178571403026581, 0.0, -0.13928571343421936, -0.051428571343421936, 1.0]","[-0.2654676139354706, -0.08586108684539795, -0.43763425946235657, 0.039962541311979294, -0.10189133882522583, -0.062062110751867294, 0.4875728487968445]",1.126871586,0.723136723,1,0.4875728488,0.9322128296,"[0.005068093538284302, -0.08586108684539795, -0.019777119159698486, 0.039962541311979294, 0.03739437460899353, -0.010633539408445358, -0.5124271512031555]",0.03906842321
20260529_wam_gru_no_future_single_demo_overfit_seed0,wam_gru_dinov2s_no_future,eval_same_demo_teacher_forced,datasets/libero_spatial/pick_up_the_black_bowl_from_table_center_and_place_it_on_the_plate_demo.hdf5:data/demo_0,93,97,3,"[-0.27321428060531616, 0.02946428582072258, -0.34017857909202576, 0.0, -0.11464285850524902, -0.04714285582304001, 1.0]","[-0.2305465042591095, -0.038228075951337814, -0.3671343922615051, 0.007975559681653976, -0.09458425641059875, -0.0557529553771019, 0.32247450947761536]",1.098453999,0.5527284145,1,0.3224745095,0.860911727,"[0.042667776346206665, -0.0676923617720604, -0.02695581316947937, 0.007975559681653976, 0.02005860209465027, -0.00861009955406189, -0.677525520324707]",0.06667289883
20260529_wam_gru_no_future_single_demo_overfit_seed0,wam_gru_dinov2s_no_future,eval_same_demo_teacher_forced,datasets/libero_spatial/pick_up_the_black_bowl_from_table_center_and_place_it_on_the_plate_demo.hdf5:data/demo_0,94,95,0,"[-0.2544642984867096, -0.010714286006987095, -0.4660714268684387, 0.008571428246796131, -0.14678572118282318, -0.0535714291036129, 1.0]","[-0.28415125608444214, -0.09743375331163406, -0.5335639119148254, 0.030461739748716354, -0.12862835824489594, -0.056143470108509064, 0.8241527676582336]",1.14305687,1.036715388,1,0.8241527677,0.9859133959,"[-0.029686957597732544, -0.08671946823596954, -0.06749248504638672, 0.021890312433242798, 0.018157362937927246, -0.002572041004896164, -0.17584723234176636]",0.006384936627
20260529_wam_gru_no_future_single_demo_overfit_seed0,wam_gru_dinov2s_no_future,eval_same_demo_teacher_forced,datasets/libero_spatial/pick_up_the_black_bowl_from_table_center_and_place_it_on_the_plate_demo.hdf5:data/demo_0,94,96,1,"[-0.2705357074737549, 0.0, -0.4178571403026581, 0.0, -0.13928571343421936, -0.051428571343421936, 1.0]","[-0.27363044023513794, -0.109657421708107, -0.45829978585243225, 0.04405910521745682, -0.11429272592067719, -0.03835998475551605, 0.6376112103462219]",1.126871586,0.8485049605,1,0.6376112103,0.9632673264,"[-0.0030947327613830566, -0.109657421708107, -0.04044264554977417, 0.04405910521745682, 0.024992987513542175, 0.013068586587905884, -0.3623887896537781]",0.02110460214
20260529_wam_gru_no_future_single_demo_overfit_seed0,wam_gru_dinov2s_no_future,eval_same_demo_teacher_forced,datasets/libero_spatial/pick_up_the_black_bowl_from_table_center_and_place_it_on_the_plate_demo.hdf5:data/demo_0,94,97,2,"[-0.27321428060531616, 0.02946428582072258, -0.34017857909202576, 0.0, -0.11464285850524902, -0.04714285582304001, 1.0]","[-0.23434944450855255, -0.07760471105575562, -0.3790990114212036, 0.029701855033636093, -0.08698070049285889, -0.05984086915850639, 0.3670784533023834]",1.098453999,0.5928183198,1,0.3670784533,0.8762100935,"[0.03886483609676361, -0.1070690006017685, -0.038920432329177856, 0.029701855033636093, 0.027662158012390137, -0.012698013335466385, -0.632921576499939]",0.05955534428
20260529_wam_gru_no_future_single_demo_overfit_seed0,wam_gru_dinov2s_no_future,eval_same_demo_teacher_forced,datasets/libero_spatial/pick_up_the_black_bowl_from_table_center_and_place_it_on_the_plate_demo.hdf5:data/demo_0,94,98,3,"[-0.22499999403953552, 0.05089285597205162, -0.27589285373687744, 0.0, -0.0803571417927742, -0.04392857104539871, 1.0]","[-0.19765715301036835, -0.0208749957382679, -0.3082214295864105, 0.004973702132701874, -0.07776927947998047, -0.056807152926921844, 0.16018666326999664]",1.066639066,0.4116602838,1,0.1601866633,0.6772552729,"[0.027342841029167175, -0.07176785171031952, -0.03232857584953308, 0.004973702132701874, 0.0025878623127937317, -0.012878581881523132, -0.8398133516311646]",0.101775296
20260529_wam_gru_no_future_single_demo_overfit_seed0,wam_gru_dinov2s_no_future,eval_same_demo_teacher_forced,datasets/libero_spatial/pick_up_the_black_bowl_from_table_center_and_place_it_on_the_plate_demo.hdf5:data/demo_0,95,96,0,"[-0.2705357074737549, 0.0, -0.4178571403026581, 0.0, -0.13928571343421936, -0.051428571343421936, 1.0]","[-0.2727230191230774, -0.05389726161956787, -0.45319926738739014, 0.027271028608083725, -0.11482895165681839, -0.057449810206890106, 0.7487918734550476]",1.126871586,0.9276806712,1,0.7487918735,0.9861460328,"[-0.0021873116493225098, -0.05389726161956787, -0.035342127084732056, 0.027271028608083725, 0.02445676177740097, -0.00602123886346817, -0.2512081265449524]",0.009806054644
20260529_wam_gru_no_future_single_demo_overfit_seed0,wam_gru_dinov2s_no_future,eval_same_demo_teacher_forced,datasets/libero_spatial/pick_up_the_black_bowl_from_table_center_and_place_it_on_the_plate_demo.hdf5:data/demo_0,95,97,1,"[-0.27321428060531616, 0.02946428582072258, -0.34017857909202576, 0.0, -0.11464285850524902, -0.04714285582304001, 1.0]","[-0.24901430308818817, -0.06859554350376129, -0.3919171094894409, 0.019599229097366333, -0.09446550160646439, -0.038884345442056656, 0.4947625994682312]",1.098453999,0.6898712516,1,0.4947625995,0.9326578379,"[0.02419997751712799, -0.09805983304977417, -0.05173853039741516, 0.019599229097366333, 0.020177356898784637, 0.008258510380983353, -0.5052374005317688]",0.0384289287
20260529_wam_gru_no_future_single_demo_overfit_seed0,wam_gru_dinov2s_no_future,eval_same_demo_teacher_forced,datasets/libero_spatial/pick_up_the_black_bowl_from_table_center_and_place_it_on_the_plate_demo.hdf5:data/demo_0,95,98,2,"[-0.22499999403953552, 0.05089285597205162, -0.27589285373687744, 0.0, -0.0803571417927742, -0.04392857104539871, 1.0]","[-0.1869119256734848, -0.03257746621966362, -0.30004048347473145, 0.02022736892104149, -0.0719519555568695, -0.060017179697752, 0.15577509999275208]",1.066639066,0.3993442357,1,0.1557751,0.6746460795,"[0.03808806836605072, -0.08347032219171524, -0.024147629737854004, 0.02022736892104149, 0.008405186235904694, -0.016088608652353287, -0.8442249298095703]",0.1032079309
20260529_wam_gru_no_future_single_demo_overfit_seed0,wam_gru_dinov2s_no_future,eval_same_demo_teacher_forced,datasets/libero_spatial/pick_up_the_black_bowl_from_table_center_and_place_it_on_the_plate_demo.hdf5:data/demo_0,95,99,3,"[-0.1339285671710968, 0.0535714291036129, -0.19285714626312256, 0.0, -0.040714286267757416, -0.04500000178813934, -1.0]","[-0.14193624258041382, 0.01597430929541588, -0.23553748428821564, -0.0015657655894756317, -0.05428416281938553, -0.05615181475877762, -0.10456489026546478]",1.03038013,0.3048197031,-1,-0.1045648903,0.5558837056,"[-0.008007675409317017, -0.03759711980819702, -0.04268033802509308, -0.0015657655894756317, -0.013569876551628113, -0.011151812970638275, 0.895435094833374]",0.115059182
20260529_wam_gru_no_future_single_demo_overfit_seed0,wam_gru_dinov2s_no_future,eval_same_demo_teacher_forced,datasets/libero_spatial/pick_up_the_black_bowl_from_table_center_and_place_it_on_the_plate_demo.hdf5:data/demo_0,96,97,0,"[-0.27321428060531616, 0.02946428582072258, -0.34017857909202576, 0.0, -0.11464285850524902, -0.04714285582304001, 1.0]","[-0.2517280578613281, -0.0011280309408903122, -0.33279934525489807, 0.012207414954900742, -0.0915006697177887, -0.05986811965703964, 0.6238637566566467]",1.098453999,0.7585744858,1,0.6238637567,0.9830430746,"[0.021486222743988037, -0.030592316761612892, 0.0073792338371276855, 0.012207414954900742, 0.023142188787460327, -0.012725263833999634, -0.37613624334335327]",0.0205395706
20260529_wam_gru_no_future_single_demo_overfit_seed0,wam_gru_dinov2s_no_future,eval_same_demo_teacher_forced,datasets/libero_spatial/pick_up_the_black_bowl_from_table_center_and_place_it_on_the_plate_demo.hdf5:data/demo_0,96,98,1,"[-0.22499999403953552, 0.05089285597205162, -0.27589285373687744, 0.0, -0.0803571417927742, -0.04392857104539871, 1.0]","[-0.20764581859111786, -0.02786286175251007, -0.27219176292419434, -0.009050102904438972, -0.0630074068903923, -0.03717702627182007, 0.25064748525619507]",1.066639066,0.4315548837,1,0.2506474853,0.8206188083,"[0.017354175448417664, -0.07875572144985199, 0.0037010908126831055, -0.009050102904438972, 0.017349734902381897, 0.006751544773578644, -0.7493525147438049]",0.08121072501
20260529_wam_gru_no_future_single_demo_overfit_seed0,wam_gru_dinov2s_no_future,eval_same_demo_teacher_forced,datasets/libero_spatial/pick_up_the_black_bowl_from_table_center_and_place_it_on_the_plate_demo.hdf5:data/demo_0,96,99,2,"[-0.1339285671710968, 0.0535714291036129, -0.19285714626312256, 0.0, -0.040714286267757416, -0.04500000178813934, -1.0]","[-0.11527516692876816, 0.025473618879914284, -0.16457974910736084, 0.0019295774400234222, -0.04139037802815437, -0.05416601523756981, -0.2110016644001007]",1.03038013,0.300327003,-1,-0.2110016644,0.8520509005,"[0.018653400242328644, -0.028097810223698616, 0.02827739715576172, 0.0019295774400234222, -0.0006760917603969574, -0.009166013449430466, 0.7889983654022217]",0.08922051638
20260529_wam_gru_no_future_single_demo_overfit_seed0,wam_gru_dinov2s_no_future,eval_same_demo_teacher_forced,datasets/libero_spatial/pick_up_the_black_bowl_from_table_center_and_place_it_on_the_plate_demo.hdf5:data/demo_0,96,100,3,"[0.0, 0.06964285671710968, -0.03214285895228386, 0.0, 0.0, -0.06857142597436905, -1.0]","[-0.05128923058509827, 0.05910925939679146, -0.10796576738357544, -0.010708503425121307, -0.018213555216789246, -0.05570551007986069, -0.5593317747116089]",1.005278707,0.5780853033,-1,-0.5593317747,0.9821067452,"[-0.05128923058509827, -0.010533597320318222, -0.07582290470600128, -0.010708503425121307, -0.018213555216789246, 0.012865915894508362, 0.4406682252883911]",0.02904158458
20260529_wam_gru_no_future_single_demo_overfit_seed0,wam_gru_dinov2s_no_future,eval_same_demo_teacher_forced,datasets/libero_spatial/pick_up_the_black_bowl_from_table_center_and_place_it_on_the_plate_demo.hdf5:data/demo_0,97,98,0,"[-0.22499999403953552, 0.05089285597205162, -0.27589285373687744, 0.0, -0.0803571417927742, -0.04392857104539871, 1.0]","[-0.2109433263540268, -0.0005093496292829514, -0.20909683406352997, -0.019520733505487442, -0.07405229657888412, -0.07978258281946182, 0.5250973105430603]",1.066639066,0.6133319736,1,0.5250973105,0.9777951241,"[0.014056667685508728, -0.05140220373868942, 0.06679601967334747, -0.019520733505487442, 0.006304845213890076, -0.03585401177406311, -0.4749026894569397]",0.03350576386
20260529_wam_gru_no_future_single_demo_overfit_seed0,wam_gru_dinov2s_no_future,eval_same_demo_teacher_forced,datasets/libero_spatial/pick_up_the_black_bowl_from_table_center_and_place_it_on_the_plate_demo.hdf5:data/demo_0,97,99,1,"[-0.1339285671710968, 0.0535714291036129, -0.19285714626312256, 0.0, -0.040714286267757416, -0.04500000178813934, -1.0]","[-0.128386452794075, 0.0016864687204360962, -0.15107326209545135, -0.010454310104250908, -0.06963647156953812, -0.05134343355894089, 0.09334999322891235]",1.03038013,0.2358345985,-1,0.09334999323,-0.1719503999,"[0.0055421143770217896, -0.051884960383176804, 0.041783884167671204, -0.010454310104250908, -0.0289221853017807, -0.006343431770801544, 1.0933499336242676]",0.1715526879
20260529_wam_gru_no_future_single_demo_overfit_seed0,wam_gru_dinov2s_no_future,eval_same_demo_teacher_forced,datasets/libero_spatial/pick_up_the_black_bowl_from_table_center_and_place_it_on_the_plate_demo.hdf5:data/demo_0,97,100,2,"[0.0, 0.06964285671710968, -0.03214285895228386, 0.0, 0.0, -0.06857142597436905, -1.0]","[-0.019658511504530907, 0.06381496787071228, -0.022647645324468613, 0.007733847945928574, -0.013545837253332138, -0.0570865236222744, -0.3156978189945221]",1.005278707,0.3288449645,-1,-0.315697819,0.9824663401,"[-0.019658511504530907, -0.0058278888463974, 0.009495213627815247, 0.007733847945928574, -0.013545837253332138, 0.01148490235209465, 0.6843022108078003]",0.0670221895
20260529_wam_gru_no_future_single_demo_overfit_seed0,wam_gru_dinov2s_no_future,eval_same_demo_teacher_forced,datasets/libero_spatial/pick_up_the_black_bowl_from_table_center_and_place_it_on_the_plate_demo.hdf5:data/demo_0,97,101,3,"[0.0535714291036129, 0.08571428805589676, -0.0, 0.0, 0.007499999832361937, -0.0771428570151329, -1.0]","[0.026107367128133774, 0.07161088287830353, 0.010839888826012611, -0.0008615925908088684, 0.003255508840084076, -0.056704871356487274, -0.6439909934997559]",1.00807941,0.6510594487,-1,-0.6439909935,0.9994009137,"[-0.027464061975479126, -0.014103405177593231, 0.010839888826012611, -0.0008615925908088684, -0.004244490992277861, 0.02043798565864563, 0.35600900650024414]",0.01832136698
20260529_wam_gru_no_future_single_demo_overfit_seed0,wam_gru_dinov2s_no_future,eval_same_demo_teacher_forced,datasets/libero_spatial/pick_up_the_black_bowl_from_table_center_and_place_it_on_the_plate_demo.hdf5:data/demo_0,98,99,0,"[-0.1339285671710968, 0.0535714291036129, -0.19285714626312256, 0.0, -0.040714286267757416, -0.04500000178813934, -1.0]","[-0.15141133964061737, 0.015548991039395332, -0.09844034910202026, -0.037695396691560745, -0.06432382762432098, -0.09138777107000351, 0.4214807152748108]",1.03038013,0.4737234414,-1,0.4214807153,-0.7675506473,"[-0.01748277246952057, -0.03802243620157242, 0.0944167971611023, -0.037695396691560745, -0.023609541356563568, -0.046387769281864166, 1.421480655670166]",0.2907719016
20260529_wam_gru_no_future_single_demo_overfit_seed0,wam_gru_dinov2s_no_future,eval_same_demo_teacher_forced,datasets/libero_spatial/pick_up_the_black_bowl_from_table_center_and_place_it_on_the_plate_demo.hdf5:data/demo_0,98,100,1,"[0.0, 0.06964285671710968, -0.03214285895228386, 0.0, 0.0, -0.06857142597436905, -1.0]","[-0.06290595978498459, 0.02454303205013275, -0.052356917411088943, 0.008405491709709167, -0.06553161889314651, -0.07357723265886307, -0.03589215129613876]",1.005278707,0.1355273724,-1,-0.0358921513,0.3253720403,"[-0.06290595978498459, -0.04509982466697693, -0.020214058458805084, 0.008405491709709167, -0.06553161889314651, -0.0050058066844940186, 0.964107871055603]",0.1343276948
20260529_wam_gru_no_future_single_demo_overfit_seed0,wam_gru_dinov2s_no_future,eval_same_demo_teacher_forced,datasets/libero_spatial/pick_up_the_black_bowl_from_table_center_and_place_it_on_the_plate_demo.hdf5:data/demo_0,98,101,2,"[0.0535714291036129, 0.08571428805589676, -0.0, 0.0, 0.007499999832361937, -0.0771428570151329, -1.0]","[0.09287341684103012, 0.11428391933441162, 0.06176746264100075, 0.030790667980909348, 0.009321797639131546, -0.05596913769841194, -0.40724942088127136]",1.00807941,0.4421776831,-1,-0.4072494209,0.9566076994,"[0.03930198773741722, 0.028569631278514862, 0.06176746264100075, 0.030790667980909348, 0.0018217978067696095, 0.021173719316720963, 0.5927505493164062]",0.0512755774
20260529_wam_gru_no_future_single_demo_overfit_seed0,wam_gru_dinov2s_no_future,eval_same_demo_teacher_forced,datasets/libero_spatial/pick_up_the_black_bowl_from_table_center_and_place_it_on_the_plate_demo.hdf5:data/demo_0,98,102,3,"[0.16607142984867096, 0.11785714328289032, 0.06160714104771614, -0.006428571417927742, 0.04928571358323097, -0.09321428835391998, -1.0]","[0.11398828774690628, 0.08284930884838104, 0.07180840522050858, -0.0020187832415103912, 0.006329342722892761, -0.05025599151849747, -0.7389792203903198]",1.027825236,0.7574126124,-1,-0.7389792204,0.9982267022,"[-0.05208314210176468, -0.03500783443450928, 0.010201264172792435, 0.004409788176417351, -0.04295637086033821, 0.042958296835422516, 0.2610207796096802]",0.01084060315
