epoch,split,total_loss,action_loss,action_loss_units,future_loss,future_latent_cosine_error,future_latent_mse,future_latent_cosine_error_by_horizon,future_latent_mse_by_horizon,action_mse_by_horizon,action_mse_by_dimension,spike_loss,action_mse,action_mse_units,steps,samples,parameter_count,trainable_parameter_count,lower_is_better
0,train_single_demo,0.376727581,0.376727581,raw_action_units,1.006680489,1.006680489,5.486219724,"[1.0316056013, 0.9869239926, 1.0041974783, 1.0039952993]","[5.5401206017, 5.4493308067, 5.4725494385, 5.4828763008]","[0.1318638027, 0.1052202508, 0.0831165463, 0.0789683834]","[0.0579644553, 0.08875826, 0.1371250451, 0.0146393953, 0.0188225079, 0.0321267955, 0.3491092622]",0,0.3767275583,raw_action_units,2,96,769564,769564,true
0,eval_same_demo_teacher_forced,0.2229564091,0.2229564091,raw_action_units,0.994131128,0.994131128,5.448048274,"[1.0218538046, 0.9709784389, 0.9863622785, 0.9973300099]","[5.5042452812, 5.4079728127, 5.4285597801, 5.4514141083]","[0.0822476372, 0.0749442875, 0.0411102474, 0.0592464618]","[0.0470720828, 0.0601490401, 0.0821221098, 0.0029291881, 0.0207215045, 0.0078175096, 0.2298986316]",0,0.222956402,raw_action_units,2,96,769564,769564,true
1,train_single_demo,0.218364055,0.218364055,raw_action_units,0.9935540358,0.9935540358,5.447751522,"[1.0233930349, 0.9689333439, 0.9834397435, 0.9984500408]","[5.5081634521, 5.4048423767, 5.4242796898, 5.4537215233]","[0.0722262263, 0.0841636881, 0.0755749568, 0.0699038282]","[0.0437036343, 0.0317193344, 0.1031317487, 0.0059209731, 0.011489979, 0.0027115566, 0.3295929432]",0,0.2183640457,raw_action_units,2,96,769564,769564,true
1,eval_same_demo_teacher_forced,0.1991864294,0.1991864294,raw_action_units,0.9935087562,0.9935087562,5.450868448,"[1.0291004181, 0.9627170563, 0.9747455716, 1.0074719191]","[5.5223312378, 5.3956141472, 5.413172245, 5.4723553658]","[0.0377669595, 0.0402652919, 0.0526206456, 0.0520586371]","[0.0304154512, 0.0356922261, 0.0525941998, 0.0066471417, 0.0141252978, 0.0060485895, 0.1742222458]",0,0.1991864244,raw_action_units,2,96,769564,769564,true
2,train_single_demo,0.1989182582,0.1989182582,raw_action_units,0.9938199917,0.9938199917,5.451730728,"[1.0296438932, 0.9618255496, 0.9750526547, 1.0087578297]","[5.5236358643, 5.3937220573, 5.4145150185, 5.475048542]","[0.0685474798, 0.0655000284, 0.0700712875, 0.0639901385]","[0.0376423337, 0.0332124494, 0.0755671039, 0.0030421696, 0.0080204466, 0.007218339, 0.3044877946]",0,0.1989182518,raw_action_units,2,96,769564,769564,true
2,eval_same_demo_teacher_forced,0.1990573804,0.1990573804,raw_action_units,0.996511519,0.996511519,5.456330776,"[1.0328366756, 0.9602288604, 0.9782800078, 1.0147007704]","[5.5299201012, 5.3876342773, 5.4218068123, 5.4859623909]","[0.0288041253, 0.045180168, 0.0513479821, 0.0465544276]","[0.0266692564, 0.0402201042, 0.0430483408, 0.0012312442, 0.0059577986, 0.0054127988, 0.1782621741]",0,0.1990573718,raw_action_units,2,96,769564,769564,true
3,train_single_demo,0.1980658621,0.1980658621,raw_action_units,0.996825099,0.996825099,5.45607535,"[1.0331991911, 0.9598285556, 0.9793371558, 1.0149353743]","[5.5298848152, 5.3856258392, 5.4232845306, 5.4855065346]","[0.0677670464, 0.0674144253, 0.0648540109, 0.0663440526]","[0.0327208042, 0.0297886226, 0.0901398659, 0.0022623211, 0.0069964626, 0.0043979702, 0.2998581231]",0,0.1980658486,raw_action_units,2,96,769564,769564,true
3,eval_same_demo_teacher_forced,0.1895550191,0.1895550191,raw_action_units,0.9980563323,0.9980563323,5.454138438,"[1.0344308615, 0.958984673, 0.9857967496, 1.0130130053]","[5.5283560753, 5.3787250519, 5.4321274757, 5.4773445129]","[0.0262861624, 0.0441446491, 0.0486928411, 0.0429030545]","[0.0207306892, 0.0310672373, 0.0406048335, 0.0026394436, 0.003700237, 0.0018750447, 0.1829292327]",0,0.1895550092,raw_action_units,2,96,769564,769564,true
4,train_single_demo,0.1893289437,0.1893289437,raw_action_units,0.9982699156,0.9982699156,5.453928947,"[1.034828186, 0.9589980245, 0.9867805839, 1.0124727488]","[5.5284714699, 5.3781776428, 5.4332504272, 5.4758148193]","[0.0772513524, 0.0724816099, 0.0722088218, 0.0843300819]","[0.0308529232, 0.0156551767, 0.0928296819, 0.0027090122, 0.0044521815, 0.001923196, 0.3875535727]",0,0.1893289316,raw_action_units,2,96,769564,769564,true
4,eval_same_demo_teacher_forced,0.1794650952,0.1794650952,raw_action_units,0.9984124104,0.9984124104,5.449694633,"[1.0348016024, 0.9587088227, 0.9915707707, 1.0085682869]","[5.5234870911, 5.3740978241, 5.4375720024, 5.4636211395]","[0.0282621104, 0.0353875495, 0.0460096709, 0.0440000258]","[0.018857317, 0.0220865179, 0.0386333354, 0.0034275602, 0.0073170871, 0.0026393866, 0.1759426445]",0,0.1794650895,raw_action_units,2,96,769564,769564,true
5,train_single_demo,0.1783297459,0.1783297459,raw_action_units,0.9982169469,0.9982169469,5.448348045,"[1.0344182253, 0.9585647583, 0.9919660687, 1.0079185963]","[5.5216116905, 5.3732323647, 5.4372811317, 5.4612660408]","[0.0547110997, 0.0592330843, 0.0633959621, 0.0683994517]","[0.0287145972, 0.0200722516, 0.0715246871, 0.0023404688, 0.0058821305, 0.0031412605, 0.2983688414]",0,0.1783297403,raw_action_units,2,96,769564,769564,true
5,eval_same_demo_teacher_forced,0.1742047196,0.1742047196,raw_action_units,0.9974043171,0.9974043171,5.441932678,"[1.0324584246, 0.9591210485, 0.9935232997, 1.004514575]","[5.5123267174, 5.3715405464, 5.4350981712, 5.4487652779]","[0.0342540555, 0.0340593457, 0.0444480367, 0.0464116782]","[0.0199963953, 0.0193048324, 0.0369854681, 0.0028701227, 0.0104580438, 0.0041132066, 0.1848248988]",0,0.1742047071,raw_action_units,2,96,769564,769564,true
6,train_single_demo,0.1736926436,0.1736926436,raw_action_units,0.9973624945,0.9973624945,5.440987587,"[1.0320762396, 0.9596387744, 0.9935209155, 1.0042142868]","[5.5106253624, 5.3720650673, 5.4342484474, 5.4470114708]","[0.0510131568, 0.0581272952, 0.0600597672, 0.0576721542]","[0.0281761438, 0.0197448749, 0.0883129463, 0.0019309539, 0.0064515206, 0.0025258493, 0.2498843521]",0,0.1736926351,raw_action_units,2,96,769564,769564,true
6,eval_same_demo_teacher_forced,0.1690926353,0.1690926353,raw_action_units,0.9970356226,0.9970356226,5.436688423,"[1.029583931, 0.9626324773, 0.9919917583, 1.0039343834]","[5.5017547607, 5.3755431175, 5.4277634621, 5.4416923523]","[0.0343763269, 0.037099611, 0.0422200598, 0.0442907326]","[0.0176989716, 0.0195363536, 0.038453456, 0.0023261828, 0.007913447, 0.0035321619, 0.1870161891]",0,0.1690926268,raw_action_units,2,96,769564,769564,true
7,train_single_demo,0.1683176756,0.1683176756,raw_action_units,0.996834,0.996834,5.435847282,"[1.029035449, 0.9629600048, 0.9910319448, 1.0043085814]","[5.5001339912, 5.3758292198, 5.4255299568, 5.4418945312]","[0.0573625453, 0.0610232092, 0.0618156604, 0.0612932779]","[0.0296580773, 0.019524429, 0.0884183273, 0.0015560547, 0.0038710365, 0.0013287836, 0.2782589793]",0,0.1683176642,raw_action_units,2,96,769564,769564,true
7,eval_same_demo_teacher_forced,0.1637928635,0.1637928635,raw_action_units,0.9957284729,0.9957284729,5.43156147,"[1.0260483027, 0.9645709991, 0.9860089421, 1.006285429]","[5.4917616844, 5.377058506, 5.4140372276, 5.4433865547]","[0.0303379614, 0.0396720134, 0.038712997, 0.0415827744]","[0.0127853863, 0.0196817741, 0.044219207, 0.0018352427, 0.0057218932, 0.003744398, 0.1750471443]",0,0.1637928543,raw_action_units,2,96,769564,769564,true
8,train_single_demo,0.1630573819,0.1630573819,raw_action_units,0.9952094158,0.9952094158,5.430217743,"[1.0254588127, 0.9641945362, 0.9847657084, 1.0064183474]","[5.4901022911, 5.3759999275, 5.4114003181, 5.4433670044]","[0.0460747294, 0.0519541949, 0.0523134023, 0.0492897965]","[0.0243701488, 0.0170071553, 0.0661176443, 0.0014129621, 0.0041143824, 0.0022590731, 0.234074831]",0,0.1630573727,raw_action_units,2,96,769564,769564,true
8,eval_same_demo_teacher_forced,0.1584726547,0.1584726547,raw_action_units,0.9928207199,0.9928207199,5.424707731,"[1.0227952003, 0.9627249837, 0.9789037704, 1.0068588257]","[5.4835247993, 5.372127533, 5.399330616, 5.4438457489]","[0.0273248404, 0.0380457975, 0.0361702703, 0.0414176136]","[0.0100721633, 0.0177392866, 0.0441392511, 0.0016694008, 0.0054002577, 0.0035967382, 0.1675602943]",0,0.158472643,raw_action_units,2,96,769564,769564,true
9,train_single_demo,0.1583945801,0.1583945801,raw_action_units,0.9922923048,0.9922923048,5.423893134,"[1.0224291086, 0.9622743726, 0.9777081609, 1.0067573786]","[5.4829921722, 5.371366024, 5.3971238136, 5.4440894127]","[0.0542910583, 0.0584488995, 0.0698792189, 0.0662119612]","[0.0277922153, 0.0202564206, 0.0967163369, 0.0016532457, 0.0035458843, 0.0010971433, 0.2843932807]",0,0.1583945694,raw_action_units,2,96,769564,769564,true
9,eval_same_demo_teacher_forced,0.1531756868,0.1531756868,raw_action_units,0.9892977873,0.9892977873,5.418540319,"[1.0204391479, 0.9583658576, 0.9731257558, 1.0052602291]","[5.4792304039, 5.3641581535, 5.3883132935, 5.4424576759]","[0.0258759689, 0.0331407301, 0.0349736772, 0.0409980118]","[0.0092356289, 0.0153648667, 0.0401406847, 0.0012906684, 0.005518429, 0.0027101494, 0.1619692594]",0,0.1531756832,raw_action_units,2,96,769564,769564,true
10,train_single_demo,0.1523647209,0.1523647209,raw_action_units,0.9887638688,0.9887638688,5.417624633,"[1.0202281475, 0.9573001862, 0.9726421237, 1.0048851967]","[5.478867054, 5.3622641563, 5.3874115944, 5.4419541359]","[0.0471678264, 0.0533249639, 0.058964368, 0.0554543771]","[0.0239166524, 0.0117578888, 0.070785366, 0.0015109405, 0.0034156742, 0.0013223429, 0.2633862793]",0,0.1523647081,raw_action_units,2,96,769564,769564,true
10,eval_same_demo_teacher_forced,0.1477975274,0.1477975274,raw_action_units,0.9870442549,0.9870442549,5.414142609,"[1.0193303823, 0.9528949857, 0.9720883369, 1.0038632154]","[5.476588726, 5.3539938927, 5.3860244751, 5.4399628639]","[0.0259274542, 0.0314640626, 0.0370589681, 0.0417000689]","[0.0086371582, 0.0146310022, 0.0416838191, 0.0009514589, 0.00563419, 0.0024772261, 0.1642486304]",0,0.1477975221,raw_action_units,2,96,769564,769564,true
11,train_single_demo,0.1467036555,0.1467036555,raw_action_units,0.9871419668,0.9871419668,5.414199193,"[1.0194408894, 0.9524669647, 0.9726543427, 1.0040057898]","[5.4766249657, 5.3531546593, 5.3869690895, 5.4400482178]","[0.0462337546, 0.0471729822, 0.057107348, 0.0537651777]","[0.0251541194, 0.0186247211, 0.0773899406, 0.0012988222, 0.0040651131, 0.0017652354, 0.2291907221]",0,0.146703652,raw_action_units,2,96,769564,769564,true
11,eval_same_demo_teacher_forced,0.1414057439,0.1414057439,raw_action_units,0.9886357784,0.9886357784,5.416456223,"[1.0209518671, 0.9516614079, 0.9762799144, 1.0056500435]","[5.4787869453, 5.3516058922, 5.3932952881, 5.442138195]","[0.0242996886, 0.0314576589, 0.0393794812, 0.0397775285]","[0.0078086653, 0.0145231336, 0.0430914424, 0.0012874348, 0.0046609575, 0.0021864909, 0.1625419855]",0,0.1414057357,raw_action_units,2,96,769564,769564,true
12,train_single_demo,0.140292719,0.140292719,raw_action_units,0.9891982079,0.9891982079,5.417344093,"[1.0213681459, 0.9519184232, 0.9773037434, 1.0062025785]","[5.4794383049, 5.3520359993, 5.3950500488, 5.4428515434]","[0.046696227, 0.0461815596, 0.0555898696, 0.051108364]","[0.018830182, 0.0205561984, 0.095919542, 0.001267205, 0.0038129652, 0.0012472515, 0.2076246738]",0,0.1402927069,raw_action_units,2,96,769564,769564,true
12,eval_same_demo_teacher_forced,0.1346676176,0.1346676176,raw_action_units,0.9919896921,0.9919896921,5.422992229,"[1.023989439, 0.9543306828, 0.9814524055, 1.0081862211]","[5.4851536751, 5.3571801186, 5.402973175, 5.4466605186]","[0.0214888025, 0.0306257922, 0.0400280915, 0.0360518508]","[0.006975783, 0.0136615755, 0.0419333726, 0.0020480228, 0.0033527024, 0.0023990385, 0.1539699286]",0,0.1346676123,raw_action_units,2,96,769564,769564,true
13,train_single_demo,0.1336900443,0.1336900443,raw_action_units,0.9924405416,0.9924405416,5.424066226,"[1.0242625475, 0.9549925923, 0.982222259, 1.008284688]","[5.4860496521, 5.3586368561, 5.4044709206, 5.4471054077]","[0.037599545, 0.0395824276, 0.0466930084, 0.0458754115]","[0.020976916, 0.0196545403, 0.080428049, 0.0017751758, 0.0043675923, 0.0015505636, 0.1683103293]",0,0.1336900336,raw_action_units,2,96,769564,769564,true
13,eval_same_demo_teacher_forced,0.1284733489,0.1284733489,raw_action_units,0.993817687,0.993817687,5.42798392,"[1.0253516436, 0.9568631053, 0.9846746325, 1.0083810091]","[5.490049839, 5.3633027077, 5.4094023705, 5.4491791725]","[0.020700492, 0.0278480407, 0.0374231003, 0.0337056853]","[0.0065007261, 0.0125132315, 0.0402212404, 0.0021788271, 0.0033318503, 0.0029661355, 0.1417232752]",0,0.1284733443,raw_action_units,2,96,769564,769564,true
14,train_single_demo,0.1277918567,0.1277918567,raw_action_units,0.9936245282,0.9936245282,5.427888552,"[1.0253430605, 0.9566592574, 0.9844967723, 1.0079990625]","[5.4903950691, 5.3630928993, 5.4091887474, 5.4488768578]","[0.0429088436, 0.0399046205, 0.0471174605, 0.043526981]","[0.0191315543, 0.0154610602, 0.0649720579, 0.0018192615, 0.003555526, 0.0014234808, 0.1971883774]",0,0.1277918475,raw_action_units,2,96,769564,769564,true
14,eval_same_demo_teacher_forced,0.1213015417,0.1213015417,raw_action_units,0.9921699961,0.9921699961,5.426226457,"[1.0248318911, 0.9558697343, 0.9826880097, 1.0052902699]","[5.4911270142, 5.3620324135, 5.4062461853, 5.4454989433]","[0.0215322655, 0.0251591187, 0.0350391269, 0.0340923257]","[0.0063938447, 0.0122526372, 0.0409746617, 0.0014181162, 0.0041066594, 0.0022923211, 0.1352517158]",0,0.1213015375,raw_action_units,2,96,769564,769564,true
15,train_single_demo,0.1200942546,0.1200942546,raw_action_units,0.9917554855,0.9917554855,5.425501664,"[1.024549365, 0.9556706548, 0.982219398, 1.0045825243]","[5.4908008575, 5.361597538, 5.4053874016, 5.4442200661]","[0.0345816612, 0.0361262299, 0.0474562161, 0.0450520627]","[0.0185676701, 0.0117529808, 0.0732646212, 0.0021302064, 0.0041551259, 0.0012460507, 0.1745116264]",0,0.1200942511,raw_action_units,2,96,769564,769564,true
15,eval_same_demo_teacher_forced,0.1128402054,0.1128402054,raw_action_units,0.9900960525,0.9900960525,5.422563235,"[1.023552537, 0.9546895623, 0.9794035554, 1.002738595]","[5.4896864891, 5.3594412804, 5.4002270699, 5.4408969879]","[0.0215834957, 0.023746999, 0.0334441699, 0.0346059166]","[0.0065328274, 0.0123132328, 0.0369570181, 0.0010051918, 0.0044346103, 0.0017461084, 0.135427013]",0,0.112840204,raw_action_units,2,96,769564,769564,true
16,train_single_demo,0.1113233243,0.1113233243,raw_action_units,0.9899087747,0.9899087747,5.422238986,"[1.0234252214, 0.9543498158, 0.9790326953, 1.0028270483]","[5.4895033836, 5.3588256836, 5.3996009827, 5.4410262108]","[0.0326666422, 0.033690583, 0.0417688191, 0.04234365]","[0.0237631667, 0.0182219315, 0.0619377196, 0.0028963506, 0.0032590476, 0.0011166326, 0.152127102]",0,0.1113233169,raw_action_units,2,96,769564,769564,true
16,eval_same_demo_teacher_forced,0.103677767,0.103677767,raw_action_units,0.9897248745,0.9897248745,5.421648026,"[1.0230361223, 0.953409493, 0.9778270125, 1.0046268702]","[5.48858881, 5.3570437431, 5.3972887993, 5.4436717033]","[0.0208389014, 0.0244143289, 0.0332183726, 0.033899907]","[0.0070112161, 0.0118274046, 0.0362886824, 0.0011858039, 0.0039778249, 0.0015279005, 0.1348313093]",0,0.103677761,raw_action_units,2,96,769564,769564,true
17,train_single_demo,0.102331683,0.102331683,raw_action_units,0.9898850322,0.9898850322,5.421894391,"[1.0229777098, 0.9534747005, 0.9778649211, 1.0052229166]","[5.4884190559, 5.3572349548, 5.3972859383, 5.4446358681]","[0.0266621727, 0.0313353688, 0.0443133116, 0.0400856733]","[0.0152758127, 0.0150996754, 0.0565767325, 0.0027225204, 0.0031917095, 0.0011811069, 0.1551463455]",0,0.1023316781,raw_action_units,2,96,769564,769564,true
17,eval_same_demo_teacher_forced,0.09462185949,0.09462185949,raw_action_units,0.9907205105,0.9907205105,5.423589706,"[1.0225254297, 0.9540880322, 0.9778541923, 1.0084143877]","[5.4876594543, 5.3590874672, 5.3974018097, 5.4502100945]","[0.0190501921, 0.0261256825, 0.0337720104, 0.0333405621]","[0.0063065044, 0.0117708398, 0.0408942848, 0.001428425, 0.0034645388, 0.0016147682, 0.1310254037]",0,0.09462185417,raw_action_units,2,96,769564,769564,true
18,train_single_demo,0.09347074479,0.09347074479,raw_action_units,0.9906906287,0.9906906287,5.423754374,"[1.0221623182, 0.954012692, 0.9778397083, 1.0087479353]","[5.487159729, 5.3592476845, 5.3975753784, 5.4510331154]","[0.0187352244, 0.0207354557, 0.0332250036, 0.0353845283]","[0.0152473571, 0.0126289492, 0.0435861051, 0.0031591449, 0.0030663032, 0.0011807381, 0.1102717593]",0,0.09347074089,raw_action_units,2,96,769564,769564,true
18,eval_same_demo_teacher_forced,0.08622402698,0.08622402698,raw_action_units,0.989738663,0.989738663,5.42373244,"[1.0191916227, 0.9524703026, 0.9777850509, 1.0095077753]","[5.4833068848, 5.358276844, 5.3988604546, 5.4544854164]","[0.0175717659, 0.0267585125, 0.0334514938, 0.0328994207]","[0.0060631284, 0.0117508098, 0.0448478125, 0.0016857358, 0.0032485214, 0.0018505821, 0.1242454946]",0,0.08622402237,raw_action_units,2,96,769564,769564,true
19,train_single_demo,0.08474138379,0.08474138379,raw_action_units,0.9892801444,0.9892801444,5.423329671,"[1.0182291269, 0.9519069195, 0.9777317643, 1.0092526674]","[5.4819774628, 5.3576374054, 5.3991355896, 5.4545669556]","[0.0184216723, 0.0213305969, 0.028113896, 0.0263452958]","[0.0186841469, 0.0190801919, 0.0468371175, 0.0039363583, 0.003525886, 0.0012196052, 0.0715867504]",0,0.08474138237,raw_action_units,2,96,769564,769564,true
19,eval_same_demo_teacher_forced,0.07771416754,0.07771416754,raw_action_units,0.9871912797,0.9871912797,5.422386169,"[1.013564229, 0.9497753978, 0.9773871899, 1.0080381632]","[5.4764962196, 5.3561091423, 5.4007587433, 5.4561800957]","[0.0164446961, 0.025547361, 0.0322434641, 0.0320478827]","[0.0060648364, 0.01058215, 0.0450152718, 0.0015530037, 0.0033800683, 0.0014422243, 0.1179583892]",0,0.07771416221,raw_action_units,2,96,769564,769564,true
20,train_single_demo,0.07681567967,0.07681567967,raw_action_units,0.9868850112,0.9868850112,5.422564189,"[1.0127614737, 0.9496045113, 0.9771907926, 1.0079833269]","[5.4758353233, 5.3563380241, 5.401008606, 5.4570736885]","[0.0150335552, 0.0260461811, 0.036586564, 0.0369835123]","[0.0154949231, 0.0143590383, 0.0353037156, 0.004059766, 0.0028848334, 0.001212873, 0.1273220181]",0,0.07681567612,raw_action_units,2,96,769564,769564,true
20,eval_same_demo_teacher_forced,0.07117731869,0.07117731869,raw_action_units,0.9853254159,0.9853254159,5.423730055,"[1.009291172, 0.9485387802, 0.9764180183, 1.0070534945]","[5.4739279747, 5.3573660851, 5.403116703, 5.4605097771]","[0.0156716388, 0.0247510169, 0.0317862965, 0.0315103382]","[0.0057415073, 0.0098600481, 0.0462420322, 0.0014784232, 0.0037837566, 0.0009501377, 0.1134528443]",0,0.07117731514,raw_action_units,2,96,769564,769564,true
21,train_single_demo,0.07061908518,0.07061908518,raw_action_units,0.985058248,0.985058248,5.423932711,"[1.0087732077, 0.9483680725, 0.9763655066, 1.0067263842]","[5.4737319946, 5.3575592041, 5.4037890434, 5.4606499672]","[0.0174118336, 0.0215825438, 0.0228763744, 0.021213321]","[0.0177171193, 0.0140730031, 0.0342169106, 0.0037286079, 0.003448501, 0.0011472603, 0.0710657164]",0,0.07061908359,raw_action_units,2,96,769564,769564,true
21,eval_same_demo_teacher_forced,0.06687492132,0.06687492132,raw_action_units,0.9846116702,0.9846116702,5.427434921,"[1.0076858997, 0.9483552575, 0.9760934711, 1.0063120127]","[5.4765033722, 5.3607978821, 5.4075913429, 5.4648451805]","[0.0156307165, 0.0245377552, 0.0315052085, 0.0308308546]","[0.0056863315, 0.0095761959, 0.0469381772, 0.0015810509, 0.0031935691, 0.0008691307, 0.1115384772]",0,0.06687491565,raw_action_units,2,96,769564,769564,true
22,train_single_demo,0.06683659678,0.06683659678,raw_action_units,0.9846438567,0.9846438567,5.428115368,"[1.0077825785, 0.9484498501, 0.9759138227, 1.0064293146]","[5.4773845673, 5.3614106178, 5.4079704285, 5.4656949043]","[0.0123273311, 0.0160246622, 0.0254419278, 0.0264428016]","[0.0129929828, 0.0113563025, 0.0471019782, 0.0023664106, 0.0031082137, 0.0010175324, 0.0624708198]",0,0.06683659554,raw_action_units,2,96,769564,769564,true
22,eval_same_demo_teacher_forced,0.06405430287,0.06405430287,raw_action_units,0.9852295319,0.9852295319,5.433438301,"[1.0081810951, 0.9499454498, 0.9762434959, 1.0065480471]","[5.48260355, 5.36759758, 5.4130415916, 5.4705104828]","[0.016192399, 0.0248133764, 0.0306345616, 0.0300205816]","[0.0057631694, 0.0092083812, 0.0476404317, 0.0015130561, 0.0022379309, 0.0008764156, 0.1106672063]",0,0.06405430181,raw_action_units,2,96,769564,769564,true
23,train_single_demo,0.06395625571,0.06395625571,raw_action_units,0.9852936665,0.9852936665,5.434263388,"[1.0081317425, 0.9502660632, 0.9763525128, 1.0064243078]","[5.4832310677, 5.3687787056, 5.4140639305, 5.4709792137]","[0.0138725126, 0.0232830886, 0.0198010728, 0.0221885592]","[0.0177154448, 0.0130661959, 0.0353993289, 0.0023313628, 0.0027012115, 0.0006609227, 0.066629678]",0,0.06395625217,raw_action_units,2,96,769564,769564,true
23,eval_same_demo_teacher_forced,0.06210616479,0.06210616479,raw_action_units,0.9857622981,0.9857622981,5.438587189,"[1.0083602667, 0.9520545006, 0.9759303927, 1.0067039728]","[5.4872374535, 5.3749294281, 5.4167666435, 5.4754142761]","[0.0160751771, 0.0238939319, 0.0292718168, 0.0301773939]","[0.0053227604, 0.0088710273, 0.0468567461, 0.0013562619, 0.001949646, 0.0007728562, 0.1088527665]",0,0.06210616089,raw_action_units,2,96,769564,769564,true
24,train_single_demo,0.06177932769,0.06177932769,raw_action_units,0.9857916832,0.9857916832,5.439339797,"[1.008359313, 0.9523212314, 0.9755118489, 1.0069743395]","[5.4879741669, 5.3759531975, 5.4165687561, 5.4768614769]","[0.0091395322, 0.0196358599, 0.0225545242, 0.0211921111]","[0.0150163015, 0.0138374483, 0.0356476828, 0.0017357836, 0.0027462312, 0.0005990651, 0.0573310368]",0,0.06177932308,raw_action_units,2,96,769564,769564,true
24,eval_same_demo_teacher_forced,0.06041938066,0.06041938066,raw_action_units,0.985551556,0.985551556,5.441082954,"[1.0077582598, 0.9535303116, 0.9735310674, 1.0073866844]","[5.4891877174, 5.3798317909, 5.4152584076, 5.480052948]","[0.0163972303, 0.0233438369, 0.028992191, 0.0316774584]","[0.0053802151, 0.0087420121, 0.0502639115, 0.0011611037, 0.0025405472, 0.000892067, 0.1067389026]",0,0.06041937783,raw_action_units,2,96,769564,769564,true
25,train_single_demo,0.06033453345,0.06033453345,raw_action_units,0.9854496519,0.9854496519,5.441193899,"[1.0075541735, 0.9537248611, 0.9731273055, 1.0073924065]","[5.4891681671, 5.3804321289, 5.4149460793, 5.4802284241]","[0.0085975183, 0.016422322, 0.0240263734, 0.0262444541]","[0.0176835041, 0.0130788917, 0.0227302555, 0.0010309143, 0.0017036659, 0.0004695839, 0.0750618502]",0,0.0603345292,raw_action_units,2,96,769564,769564,true
25,eval_same_demo_teacher_forced,0.05826181422,0.05826181422,raw_action_units,0.9853311181,0.9853311181,5.442216237,"[1.0073215961, 0.9544531703, 0.9706436992, 1.0089060068]","[5.4903969765, 5.3825669289, 5.4119257927, 5.4839744568]","[0.0157480463, 0.0223837402, 0.0282786414, 0.031324368]","[0.0055976859, 0.0082542179, 0.0480338223, 0.0011395891, 0.0032828741, 0.000858549, 0.1038691476]",0,0.05826181173,raw_action_units,2,96,769564,769564,true
26,train_single_demo,0.0579757529,0.0579757529,raw_action_units,0.9853774309,0.9853774309,5.442539851,"[1.0074094534, 0.9545133114, 0.9701874852, 1.0093996525]","[5.4909329414, 5.3828392029, 5.4113411903, 5.4850444794]","[0.0126841804, 0.0198137369, 0.023056468, 0.0217542052]","[0.0121141123, 0.0102218091, 0.0265495256, 0.0010336521, 0.0019826961, 0.0005761994, 0.0828120187]",0,0.05797574917,raw_action_units,2,96,769564,769564,true
26,eval_same_demo_teacher_forced,0.05589660754,0.05589660754,raw_action_units,0.9860331217,0.9860331217,5.444966952,"[1.008852005, 0.9548189044, 0.9673761725, 1.0130853653]","[5.4955039024, 5.3842873573, 5.4070644379, 5.4930114746]","[0.014626273, 0.022651026, 0.0275011752, 0.0300074611]","[0.0052227639, 0.0081261676, 0.0443557203, 0.0012719673, 0.0034832295, 0.0009031985, 0.1025123373]",0,0.05589660434,raw_action_units,2,96,769564,769564,true
27,train_single_demo,0.05582581336,0.05582581336,raw_action_units,0.9862518311,0.9862518311,5.445714633,"[1.0093077421, 0.9548575282, 0.9669082761, 1.0139337778]","[5.4968447685, 5.3846831322, 5.4063782692, 5.4949531555]","[0.010799028, 0.0187076889, 0.0187186915, 0.022125205]","[0.013891425, 0.0141746076, 0.0295421015, 0.000794894, 0.0019596948, 0.0007683278, 0.0619825236]",0,0.05582581106,raw_action_units,2,96,769564,769564,true
27,eval_same_demo_teacher_forced,0.05459673206,0.05459673206,raw_action_units,0.9869476159,0.9869476159,5.447788239,"[1.0112662315, 0.9545676112, 0.9650550485, 1.0169017315]","[5.5019874573, 5.3852257729, 5.4034104347, 5.5005307198]","[0.0138476705, 0.0224290863, 0.0265141334, 0.0288456846]","[0.005223684, 0.0085392101, 0.0401347391, 0.0012172506, 0.0026531192, 0.0008831843, 0.1017128006]",0,0.05459672922,raw_action_units,2,96,769564,769564,true
28,train_single_demo,0.05452054739,0.05452054739,raw_action_units,0.9869480133,0.9869480133,5.447906812,"[1.0115147829, 0.9544005394, 0.9649406075, 1.016936183]","[5.5026993752, 5.3851704597, 5.4033350945, 5.5004200935]","[0.0137423091, 0.0212199297, 0.0294492189, 0.0268957224]","[0.0136870323, 0.0080827214, 0.0308282897, 0.0011813642, 0.0018262692, 0.0007226182, 0.1034592688]",0,0.05452054455,raw_action_units,2,96,769564,769564,true
28,eval_same_demo_teacher_forced,0.05323374271,0.05323374271,raw_action_units,0.9868793488,0.9868793488,5.447831154,"[1.0122133493, 0.9538264275, 0.9643877149, 1.0170898438]","[5.5044307709, 5.3848443031, 5.4028172493, 5.4992308617]","[0.0126012554, 0.0204010755, 0.0251860749, 0.0279944818]","[0.0050532785, 0.0083417045, 0.0328541361, 0.0013865056, 0.0018205512, 0.000914041, 0.1004498228]",0,0.05323373988,raw_action_units,2,96,769564,769564,true
29,train_single_demo,0.05332575242,0.05332575242,raw_action_units,0.9868363738,0.9868363738,5.447799683,"[1.0122236013, 0.9538491368, 0.9643833041, 1.0168892145]","[5.5045127869, 5.3850502968, 5.4030151367, 5.4986186028]","[0.0127514871, 0.0188752655, 0.0264268145, 0.0254392643]","[0.0145373298, 0.0108233765, 0.0291921515, 0.0014514191, 0.0020510403, 0.0006131665, 0.0874439701]",0,0.053325751,raw_action_units,2,96,769564,769564,true
29,eval_same_demo_teacher_forced,0.05259758482,0.05259758482,raw_action_units,0.987287581,0.987287581,5.448800087,"[1.0127960443, 0.9547849298, 0.9637346268, 1.0178346634]","[5.5056986809, 5.3872833252, 5.4023489952, 5.4998688698]","[0.0128708938, 0.0197428036, 0.0251027215, 0.0281745736]","[0.0051345918, 0.0077314978, 0.0324019603, 0.0011497204, 0.0018226043, 0.0011232853, 0.1009455696]",0,0.05259758234,raw_action_units,2,96,769564,769564,true
30,train_single_demo,0.05259244765,0.05259244765,raw_action_units,0.9876311819,0.9876311819,5.449703534,"[1.0131288767, 0.9553191066, 0.9636113048, 1.0184653997]","[5.5066661835, 5.3885192871, 5.4022469521, 5.5013828278]","[0.0077333986, 0.0153214997, 0.0229021236, 0.0251352806]","[0.0105946176, 0.0093895094, 0.0258189961, 0.000946563, 0.0020070553, 0.0008000299, 0.0748547539]",0,0.05259244499,raw_action_units,2,96,769564,769564,true
30,eval_same_demo_teacher_forced,0.05177055796,0.05177055796,raw_action_units,0.9892669121,0.9892669121,5.453562101,"[1.0145603418, 0.9579839706, 0.9632954597, 1.0212275982]","[5.5102658272, 5.3942489624, 5.4023323059, 5.5074000359]","[0.0130525166, 0.019998787, 0.0254043341, 0.0278268103]","[0.0052887336, 0.0074035376, 0.0341024213, 0.0007901083, 0.0023494845, 0.0008813846, 0.1001786217]",0,0.0517705537,raw_action_units,2,96,769564,769564,true
31,train_single_demo,0.05195439359,0.05195439359,raw_action_units,0.9896123012,0.9896123012,5.454343478,"[1.0148533583, 0.9585270286, 0.9634192586, 1.0216494799]","[5.510974884, 5.3954100609, 5.4027600288, 5.508228302]","[0.0095243324, 0.0152459554, 0.0155883096, 0.0186348427]","[0.0145994471, 0.0123542091, 0.0297598448, 0.0008654199, 0.0019735261, 0.0006523051, 0.0430337638]",0,0.05195439146,raw_action_units,2,96,769564,769564,true
31,eval_same_demo_teacher_forced,0.05033050974,0.05033050974,raw_action_units,0.991387248,0.991387248,5.458908558,"[1.0162854195, 0.961351335, 0.9646801949, 1.023231864]","[5.5154666901, 5.4020819664, 5.4061751366, 5.5119099617]","[0.0120523535, 0.0201745834, 0.0246402789, 0.0266939756]","[0.0051987073, 0.0076486976, 0.0292254519, 0.000793584, 0.0024547605, 0.001262588, 0.0996482894]",0,0.05033050832,raw_action_units,2,96,769564,769564,true
32,train_single_demo,0.05017121447,0.05017121447,raw_action_units,0.991642793,0.991642793,5.459721247,"[1.0164986849, 0.961728096, 0.9649681449, 1.0233762264]","[5.5163898468, 5.4031367302, 5.4069385529, 5.5124201775]","[0.006992755, 0.0095016407, 0.0100973612, 0.0133073889]","[0.0097351531, 0.0095388368, 0.020372428, 0.0006193619, 0.001411972, 0.0008792856, 0.027266467]",0,0.05017121136,raw_action_units,2,96,769564,769564,true
32,eval_same_demo_teacher_forced,0.04959998777,0.04959998777,raw_action_units,0.9926115274,0.9926115274,5.463640531,"[1.0173870325, 0.9633046985, 0.9666285515, 1.0231258869]","[5.5210280418, 5.4082965851, 5.4116044044, 5.5136313438]","[0.0110296002, 0.019266462, 0.0230900031, 0.0254491027]","[0.0054274877, 0.0083610723, 0.0216318667, 0.0006611613, 0.001998387, 0.0013853434, 0.098496221]",0,0.04959998528,raw_action_units,2,96,769564,769564,true
33,train_single_demo,0.04936533856,0.04936533856,raw_action_units,0.9925613801,0.9925613801,5.463900407,"[1.0173572302, 0.9632615447, 0.9668159485, 1.022810936]","[5.5213923454, 5.408536911, 5.4123167992, 5.5133538246]","[0.0079004858, 0.0095976638, 0.0100386031, 0.0128857456]","[0.0113824271, 0.0109924255, 0.015463178, 0.0004948632, 0.0012568684, 0.0004075714, 0.0307420343]",0,0.04936533599,raw_action_units,2,96,769564,769564,true
33,eval_same_demo_teacher_forced,0.04805941135,0.04805941135,raw_action_units,0.9925603469,0.9925603469,5.465792338,"[1.0173945427, 0.963578999, 0.9673051834, 1.0219626427]","[5.5235238075, 5.4107813835, 5.4149317741, 5.5139312744]","[0.0109781614, 0.0181038771, 0.0228357334, 0.0254567806]","[0.0053288173, 0.0074759442, 0.0215107743, 0.0005748713, 0.0017680726, 0.0007039514, 0.0980430245]",0,0.04805940957,raw_action_units,2,96,769564,769564,true
34,train_single_demo,0.04835816224,0.04835816224,raw_action_units,0.9926395416,0.9926395416,5.466316859,"[1.0173975229, 0.9637842178, 0.9671503901, 1.0222258568]","[5.5238833427, 5.411421299, 5.4149231911, 5.515039444]","[0.0160536692, 0.022918731, 0.0273888335, 0.0290481225]","[0.0094830105, 0.009244117, 0.0230785236, 0.000621192, 0.0014963489, 0.0007817159, 0.1222614348]",0,0.04835815941,raw_action_units,2,96,769564,769564,true
34,eval_same_demo_teacher_forced,0.04727735619,0.04727735619,raw_action_units,0.992815733,0.992815733,5.468086561,"[1.017288208, 0.9646887183, 0.9670725465, 1.022213459]","[5.5249676704, 5.4142670631, 5.4164471626, 5.5166621208]","[0.0117258774, 0.0180498213, 0.0235015731, 0.0260897931]","[0.0052655041, 0.0068724905, 0.0257244837, 0.0004658034, 0.0018052239, 0.0007638841, 0.0979949608]",0,0.04727735264,raw_action_units,2,96,769564,769564,true
35,train_single_demo,0.04708686223,0.04708686223,raw_action_units,0.9929094315,0.9929094315,5.468473752,"[1.0173137188, 0.9649565816, 0.9672102332, 1.0221573114]","[5.5252518654, 5.4149947166, 5.4170022011, 5.5166459084]","[0.0161785502, 0.0224783644, 0.0261750519, 0.0273967665]","[0.0134228356, 0.0115988879, 0.0139986882, 0.0004782141, 0.0012875407, 0.0007093255, 0.1199047863]",0,0.04708686045,raw_action_units,2,96,769564,769564,true
35,eval_same_demo_teacher_forced,0.04617779205,0.04617779205,raw_action_units,0.9934613705,0.9934613705,5.469905217,"[1.0175226927, 0.966473043, 0.9677550197, 1.0220947266]","[5.5260601044, 5.4184455872, 5.4192085266, 5.5159049034]","[0.0111025637, 0.0178679153, 0.023350304, 0.0253115091]","[0.0055396338, 0.0065293685, 0.0220701322, 0.0005761512, 0.0017990372, 0.0006404296, 0.0987017453]",0,0.04617779028,raw_action_units,2,96,769564,769564,true
36,train_single_demo,0.04607257495,0.04607257495,raw_action_units,0.9935835401,0.9935835401,5.470083872,"[1.0175979137, 0.9667748809, 0.9678152204, 1.0221459866]","[5.5261750221, 5.4190278053, 5.4193902016, 5.5157418251]","[0.0109213032, 0.0182467047, 0.0226531345, 0.0211802069]","[0.0106233591, 0.0095536541, 0.0213296786, 0.0006066558, 0.0012564245, 0.000642045, 0.0837405324]",0,0.04607257389,raw_action_units,2,96,769564,769564,true
36,eval_same_demo_teacher_forced,0.04572828611,0.04572828611,raw_action_units,0.9943474929,0.9943474929,5.471428553,"[1.0182055235, 0.9681758285, 0.9677368999, 1.0232716799]","[5.5273928642, 5.4217638969, 5.4193916321, 5.5171647072]","[0.0106865456, 0.0181679372, 0.0232701842, 0.0248742159]","[0.0061149397, 0.0068250331, 0.0188558754, 0.0005603094, 0.001845356, 0.0011103678, 0.0994361639]",0,0.04572828469,raw_action_units,2,96,769564,769564,true
37,train_single_demo,0.04550647984,0.04550647984,raw_action_units,0.994465669,0.994465669,5.471673807,"[1.0183067322, 0.9683306813, 0.9676217437, 1.0236035585]","[5.5276627541, 5.4220848083, 5.4190678596, 5.5178809166]","[0.0100860707, 0.0176982116, 0.0218080524, 0.027053358]","[0.0111216046, 0.0099982293, 0.0181791279, 0.0004978445, 0.0011207351, 0.0007085938, 0.0925038233]",0,0.04550647736,raw_action_units,2,96,769564,769564,true
37,eval_same_demo_teacher_forced,0.04439331467,0.04439331467,raw_action_units,0.994715174,0.994715174,5.472046852,"[1.0186766386, 0.9685643315, 0.9665969014, 1.0250228643]","[5.5285491943, 5.4223041534, 5.416408062, 5.5209259987]","[0.0106066065, 0.0179227162, 0.0231214333, 0.0246080905]","[0.0053658565, 0.0069947974, 0.02022353, 0.0004376596, 0.0018633603, 0.0009275046, 0.0976402685]",0,0.04439331236,raw_action_units,2,96,769564,769564,true
38,train_single_demo,0.0442546159,0.0442546159,raw_action_units,0.9946511984,0.9946511984,5.471980572,"[1.0186892748, 0.9684652686, 0.9663888812, 1.0250614882]","[5.5287041664, 5.4221510887, 5.4159164429, 5.5211501122]","[0.0059281453, 0.0134277409, 0.0165489335, 0.0196128804]","[0.0074379332, 0.0083201313, 0.0156137841, 0.0005197192, 0.0010845616, 0.0006005497, 0.0635792837]",0,0.04425461377,raw_action_units,2,96,769564,769564,true
38,eval_same_demo_teacher_forced,0.04352764661,0.04352764661,raw_action_units,0.9942303101,0.9942303101,5.471131643,"[1.0181514025, 0.9680250287, 0.9655432701, 1.0252014399]","[5.5279669762, 5.4211564064, 5.4137420654, 5.5216617584]","[0.0103016207, 0.0171338432, 0.0226850826, 0.0246737525]","[0.0046414998, 0.0065070256, 0.0211586375, 0.0004220907, 0.0016842197, 0.0007022923, 0.0957742631]",0,0.04352764431,raw_action_units,2,96,769564,769564,true
39,train_single_demo,0.04369589066,0.04369589066,raw_action_units,0.9941662749,0.9941662749,5.471072515,"[1.0180358887, 0.9680309296, 0.965618372, 1.0249797106]","[5.5279526711, 5.4212632179, 5.4138565063, 5.5212168694]","[0.0060332976, 0.0168154389, 0.0212189574, 0.0223953258]","[0.0109990435, 0.0092978319, 0.0183887649, 0.0004504072, 0.0010301062, 0.0005205236, 0.0756235942]",0,0.04369588835,raw_action_units,2,96,769564,769564,true
39,eval_same_demo_teacher_forced,0.04242909576,0.04242909576,raw_action_units,0.9938677549,0.9938677549,5.47009023,"[1.0171743631, 0.9681439996, 0.9656255841, 1.0245271921]","[5.5260386467, 5.4213032722, 5.4135723114, 5.5194473267]","[0.0097073717, 0.016519418, 0.0215964373, 0.0237410944]","[0.0043532504, 0.0064314469, 0.0168127194, 0.0004861808, 0.0013670631, 0.0006853687, 0.0951015279]",0,0.0424290938,raw_action_units,2,96,769564,769564,true
40,train_single_demo,0.0422848848,0.0422848848,raw_action_units,0.9938890735,0.9938890735,5.469981194,"[1.017147541, 0.9682632089, 0.9656271338, 1.0245184898]","[5.525821209, 5.4214720726, 5.4135241508, 5.5191059113]","[0.0141369579, 0.0153926769, 0.0183924381, 0.0179813206]","[0.0072292113, 0.0084569342, 0.0149070462, 0.0005192233, 0.000915384, 0.0005300757, 0.0827730596]",0,0.0422848832,raw_action_units,2,96,769564,769564,true
40,eval_same_demo_teacher_forced,0.04156050334,0.04156050334,raw_action_units,0.9941218694,0.9941218694,5.469699383,"[1.0172350407, 0.9688487053, 0.9657955766, 1.024608016]","[5.5251126289, 5.422311306, 5.413579464, 5.5177936554]","[0.0094046528, 0.0167014915, 0.0210404675, 0.0230191816]","[0.0039551561, 0.0064207632, 0.0144776255, 0.0005456522, 0.0012839469, 0.0007354083, 0.0953715742]",0,0.04156050228,raw_action_units,2,96,769564,769564,true
41,train_single_demo,0.04147641112,0.04147641112,raw_action_units,0.9941622416,0.9941622416,5.469742298,"[1.0173653364, 0.9689216614, 0.9658725858, 1.024489522]","[5.5253429413, 5.4224815369, 5.4137263298, 5.5174179077]","[0.0085606789, 0.0185487326, 0.021920884, 0.0232508723]","[0.0097287819, 0.0086064851, 0.0127738575, 0.0006035473, 0.0008591855, 0.0004218702, 0.0934983119]",0,0.04147641006,raw_action_units,2,96,769564,769564,true
41,eval_same_demo_teacher_forced,0.04074996337,0.04074996337,raw_action_units,0.9947908123,0.9947908123,5.470720291,"[1.0188055038, 0.9695031047, 0.9657222629, 1.0251322985]","[5.5279984474, 5.4235644341, 5.4131121635, 5.5182061195]","[0.0090420665, 0.01679869, 0.0207434464, 0.0222582091]","[0.0038838524, 0.0063910685, 0.0131254615, 0.0004925012, 0.001353228, 0.0009388251, 0.094289273]",0,0.04074996142,raw_action_units,2,96,769564,769564,true
42,train_single_demo,0.04075526943,0.04075526943,raw_action_units,0.9948895772,0.9948895772,5.470936139,"[1.0191215277, 0.9696088433, 0.9655230045, 1.0253049135]","[5.5286812782, 5.4237599373, 5.4126257896, 5.5186781883]","[0.0073501877, 0.0142894061, 0.017940579, 0.0201293901]","[0.0064637624, 0.0078580761, 0.0130857276, 0.0004881884, 0.0009985692, 0.0005977422, 0.0749996677]",0,0.04075526907,raw_action_units,2,96,769564,769564,true
42,eval_same_demo_teacher_forced,0.03991073867,0.03991073867,raw_action_units,0.9950399399,0.9950399399,5.471466223,"[1.0205384493, 0.9696269035, 0.9645565152, 1.0254377127]","[5.5319657326, 5.4238753319, 5.4105772972, 5.5194458961]","[0.0088794576, 0.0163189974, 0.0204806086, 0.021709824]","[0.0038616837, 0.0063010678, 0.0123792114, 0.0004807008, 0.0011942101, 0.0009551921, 0.0927584842]",0,0.03991073654,raw_action_units,2,96,769564,769564,true
43,train_single_demo,0.03981076553,0.03981076553,raw_action_units,0.9948747754,0.9948747754,5.471139431,"[1.0204645395, 0.9694597721, 0.9644150734, 1.0251594782]","[5.531847477, 5.4235038757, 5.4102878571, 5.5189175606]","[0.0162343364, 0.0175684355, 0.0216007065, 0.0205802377]","[0.0085123433, 0.0080485567, 0.0112926504, 0.0006610033, 0.0006750659, 0.000541662, 0.1032402143]",0,0.03981076252,raw_action_units,2,96,769564,769564,true
43,eval_same_demo_teacher_forced,0.03910308455,0.03910308455,raw_action_units,0.993840456,0.993840456,5.469422499,"[1.0201734304, 0.9682798386, 0.9639168382, 1.0229917765]","[5.5318827629, 5.42137146, 5.4095039368, 5.5149307251]","[0.0085443035, 0.015256837, 0.0198573861, 0.0216232166]","[0.003648838, 0.0057683629, 0.0103155607, 0.0004575578, 0.0010525752, 0.0007967521, 0.0922033861]",0,0.03910308225,raw_action_units,2,96,769564,769564,true
44,train_single_demo,0.03918896367,0.03918896367,raw_action_units,0.9936463634,0.9936463634,5.46912241,"[1.0201120377, 0.9680218101, 0.9638851285, 1.0225664377]","[5.5319266319, 5.4209289551, 5.4094252586, 5.5142083168]","[0.0052222782, 0.0127416253, 0.0166986454, 0.0156816673]","[0.0075817425, 0.007682832, 0.0126320859, 0.0004646175, 0.0007340502, 0.0005242605, 0.0584827848]",0,0.03918896261,raw_action_units,2,96,769564,769564,true
44,eval_same_demo_teacher_forced,0.03840996449,0.03840996449,raw_action_units,0.9923704465,0.9923704465,5.466516813,"[1.0185619593, 0.9669115543, 0.9638967514, 1.0201115608]","[5.5286612511, 5.4186177254, 5.4096961021, 5.5090918541]","[0.0082417717, 0.0148184747, 0.0192784611, 0.0215018932]","[0.0038959344, 0.0056697386, 0.0083141411, 0.0004475565, 0.0009929768, 0.0006886356, 0.0917120576]",0,0.03840996254,raw_action_units,2,96,769564,769564,true
45,train_single_demo,0.03833370159,0.03833370159,raw_action_units,0.9921593666,0.9921593666,5.465958754,"[1.0181785822, 0.9667095542, 0.9638966918, 1.0198522806]","[5.5276589394, 5.41807127, 5.4097075462, 5.5083961487]","[0.0062127057, 0.0130254515, 0.0135651864, 0.0163323916]","[0.0056499713, 0.0078619849, 0.0084140059, 0.0005958133, 0.0006333584, 0.0005651877, 0.0622672178]",0,0.0383336984,raw_action_units,2,96,769564,769564,true
45,eval_same_demo_teacher_forced,0.03776675835,0.03776675835,raw_action_units,0.9918344816,0.9918344816,5.464978377,"[1.0170243979, 0.9666351676, 0.9640758038, 1.0196026564]","[5.5244774818, 5.4175477028, 5.4102816582, 5.5076050758]","[0.0083341887, 0.0151381893, 0.0192268882, 0.0214466285]","[0.0041193231, 0.0060237814, 0.0083864043, 0.0003945403, 0.0008459441, 0.0006051887, 0.0918801203]",0,0.03776675605,raw_action_units,2,96,769564,769564,true
46,train_single_demo,0.03767809396,0.03767809396,raw_action_units,0.9919310013,0.9919310013,5.465207736,"[1.0171061754, 0.9668169022, 0.9641623497, 1.0196384192]","[5.5246391296, 5.4179477692, 5.4104995728, 5.5077438354]","[0.0071938415, 0.009833795, 0.0134043172, 0.0133299455]","[0.0077570416, 0.0073821084, 0.0132985534, 0.0004744818, 0.0006002476, 0.0004456404, 0.0466252454]",0,0.03767809201,raw_action_units,2,96,769564,769564,true
46,eval_same_demo_teacher_forced,0.03692447767,0.03692447767,raw_action_units,0.9931021929,0.9931021929,5.468084335,"[1.0185085535, 0.9680991769, 0.9639933705, 1.0218075514]","[5.5279860497, 5.4209256172, 5.4101748466, 5.5132498741]","[0.008359543, 0.0152814239, 0.0191044714, 0.0205853004]","[0.0035975499, 0.005889988, 0.0098068593, 0.0004185034, 0.0008924706, 0.000638969, 0.0895844474]",0,0.0369244743,raw_action_units,2,96,769564,769564,true
47,train_single_demo,0.03695162634,0.03695162634,raw_action_units,0.9933892488,0.9933892488,5.468972524,"[1.0188678503, 0.9684221745, 0.9639189839, 1.0223480463]","[5.5291161537, 5.4218292236, 5.4100842476, 5.5148587227]","[0.0151041551, 0.0162916854, 0.0160269327, 0.0155824339]","[0.005752237, 0.0083572669, 0.0110377287, 0.0005328615, 0.000837099, 0.0005083691, 0.0832335427]",0,0.03695162421,raw_action_units,2,96,769564,769564,true
47,eval_same_demo_teacher_forced,0.03653885052,0.03653885052,raw_action_units,0.9941785733,0.9941785733,5.471287727,"[1.0203742981, 0.9694783688, 0.9635887742, 1.023272872]","[5.5334777832, 5.4247055054, 5.4092259407, 5.5177407265]","[0.0082615521, 0.015102339, 0.0186488386, 0.0200724248]","[0.0027553418, 0.0056226975, 0.0091075776, 0.0005164483, 0.000887058, 0.0009632151, 0.0887966827]",0,0.03653884927,raw_action_units,2,96,769564,769564,true
48,train_single_demo,0.03639418632,0.03639418632,raw_action_units,0.994076252,0.994076252,5.471047401,"[1.0202782154, 0.9695467353, 0.9636082649, 1.0228718519]","[5.5333247185, 5.4248542786, 5.4091944695, 5.5168156624]","[0.0061187376, 0.0102486545, 0.014946864, 0.0178152416]","[0.0060141818, 0.008363829, 0.0059045809, 0.0005529933, 0.0005730232, 0.0003396038, 0.064228408]",0,0.03639418454,raw_action_units,2,96,769564,769564,true
48,eval_same_demo_teacher_forced,0.03569378331,0.03569378331,raw_action_units,0.993051827,0.993051827,5.469025135,"[1.0195946693, 0.969145596, 0.9635517001, 1.0199152231]","[5.5324416161, 5.4244065285, 5.4090499878, 5.510201931]","[0.0077417754, 0.0141814612, 0.0179846715, 0.0198386218]","[0.0027927288, 0.0052179112, 0.0061313286, 0.0005131239, 0.0009190075, 0.0011659869, 0.0878163353]",0,0.0356937803,raw_action_units,2,96,769564,769564,true
49,train_single_demo,0.03582523763,0.03582523763,raw_action_units,0.9926886161,0.9926886161,5.468173981,"[1.0192037821, 0.9688929915, 0.9634413719, 1.0192161798]","[5.531484127, 5.4238305092, 5.4088745117, 5.5085067749]","[0.0090622855, 0.0102611063, 0.0166392568, 0.0157268923]","[0.006552801, 0.0076435413, 0.0070498348, 0.0005223033, 0.0006060434, 0.0005570946, 0.0675250739]",0,0.03582523692,raw_action_units,2,96,769564,769564,true
49,eval_same_demo_teacher_forced,0.03510719538,0.03510719538,raw_action_units,0.9916426341,0.9916426341,5.465678851,"[1.0184439421, 0.967962265, 0.9627394676, 1.0174247026]","[5.529443264, 5.4217276573, 5.4075226784, 5.5040206909]","[0.0077129081, 0.0138283605, 0.0177120529, 0.0198817197]","[0.0035853602, 0.0052333283, 0.0054372009, 0.0003857459, 0.000764817, 0.0007882786, 0.0872915909]",0,0.03510719396,raw_action_units,2,96,769564,769564,true
50,train_single_demo,0.03511388352,0.03511388352,raw_action_units,0.9917567174,0.9917567174,5.46582063,"[1.0186514854, 0.9679294229, 0.9626577497, 1.017788291]","[5.5297355652, 5.4215354919, 5.4072914124, 5.5047206879]","[0.0048621632, 0.0141615942, 0.0136097334, 0.0145980529]","[0.0055624056, 0.0071804221, 0.0057288259, 0.0006757189, 0.0005023999, 0.0005618341, 0.0624435954]",0,0.03511388174,raw_action_units,2,96,769564,769564,true
50,eval_same_demo_teacher_forced,0.0343573528,0.0343573528,raw_action_units,0.9919149081,0.9919149081,5.46566693,"[1.019397378, 0.9678454399, 0.9616823196, 1.0187344551]","[5.5302805901, 5.4208989143, 5.4052252769, 5.5062618256]","[0.0076780408, 0.0139852194, 0.0176090728, 0.0195498839]","[0.0038436775, 0.0053606019, 0.0055970456, 0.0003624249, 0.0006225116, 0.0005382371, 0.0866143778]",0,0.0343573505,raw_action_units,2,96,769564,769564,true
51,train_single_demo,0.03439806153,0.03439806153,raw_action_units,0.9919843872,0.9919843872,5.46562767,"[1.0196042061, 0.9678587914, 0.9615263939, 1.0189480782]","[5.5304198265, 5.4207439423, 5.4048156738, 5.5065293312]","[0.0031010129, 0.0096001076, 0.0096894493, 0.0094782971]","[0.0047098999, 0.0073762345, 0.0070568235, 0.0004306563, 0.0006011635, 0.0005973297, 0.0349984057]",0,0.03439806118,raw_action_units,2,96,769564,769564,true
51,eval_same_demo_teacher_forced,0.03378294532,0.03378294532,raw_action_units,0.9926115076,0.9926115076,5.466093063,"[1.0204979181, 0.9687640071, 0.9616166949, 1.0195674896]","[5.5311470032, 5.4218902588, 5.4046230316, 5.5067133904]","[0.0075410637, 0.0138570135, 0.0175672434, 0.0191601831]","[0.0031618394, 0.0054694084, 0.0052684196, 0.0004751136, 0.0006496203, 0.0006487282, 0.0860464871]",0,0.03378294337,raw_action_units,2,96,769564,769564,true
52,train_single_demo,0.03374193671,0.03374193671,raw_action_units,0.9928289851,0.9928289851,5.466534932,"[1.0206828117, 0.9691641331, 0.9618175626, 1.0196512938]","[5.5315737724, 5.422724247, 5.4049873352, 5.5068535805]","[0.0084924223, 0.0098276129, 0.0100468704, 0.0130524701]","[0.0049001537, 0.0061355252, 0.0068473555, 0.0005620724, 0.0005480272, 0.0006380851, 0.052852679]",0,0.03374193396,raw_action_units,2,96,769564,769564,true
52,eval_same_demo_teacher_forced,0.0334851866,0.0334851866,raw_action_units,0.9931259751,0.9931259751,5.466938655,"[1.0205024481, 0.9701890945, 0.9627477527, 1.0190649033]","[5.53125, 5.4245963097, 5.4066367149, 5.5052723885]","[0.0074672289, 0.0135826049, 0.0172789041, 0.01891312]","[0.0026139095, 0.0056104292, 0.0043237652, 0.00060001, 0.0006653165, 0.0009411771, 0.0854186416]",0,0.03348518553,raw_action_units,2,96,769564,769564,true
53,train_single_demo,0.03353941689,0.03353941689,raw_action_units,0.9930319985,0.9930319985,5.466729959,"[1.0203230381, 0.9701048732, 0.962911129, 1.0187889338]","[5.530901432, 5.4243807793, 5.4069237709, 5.5047130585]","[0.0041133841, 0.0055827214, 0.0064305421, 0.0071762777]","[0.0052553746, 0.0076308153, 0.0053805485, 0.0005155493, 0.0003979555, 0.000545007, 0.0210548658]",0,0.03353941512,raw_action_units,2,96,769564,769564,true
53,eval_same_demo_teacher_forced,0.03280331939,0.03280331939,raw_action_units,0.9927544594,0.9927544594,5.466663678,"[1.01935637, 0.9698995948, 0.9633911252, 1.0183706284]","[5.5296425819, 5.4241580963, 5.407930851, 5.50492239]","[0.0074245338, 0.0130949924, 0.0168337151, 0.0186483711]","[0.0024319447, 0.005331934, 0.0040895571, 0.0003497059, 0.0007379033, 0.0006784022, 0.0843833685]",0,0.03280331833,raw_action_units,2,96,769564,769564,true
54,train_single_demo,0.03286409875,0.03286409875,raw_action_units,0.9927675525,0.9927675525,5.466897964,"[1.019376874, 0.9697976708, 0.9634402394, 1.018455267]","[5.529941082, 5.4241099358, 5.4080481529, 5.5054931641]","[0.0068560871, 0.0132138729, 0.0134324459, 0.0148880249]","[0.0053769574, 0.0086245658, 0.0085355425, 0.0008029534, 0.0005172857, 0.0004962474, 0.0603297018]",0,0.03286409804,raw_action_units,2,96,769564,769564,true
54,eval_same_demo_teacher_forced,0.03248072788,0.03248072788,raw_action_units,0.9930928946,0.9930928946,5.468278408,"[1.0197921991, 0.9695312381, 0.9637112617, 1.0193368196]","[5.5315170288, 5.424238205, 5.4088807106, 5.5084786415]","[0.0075332527, 0.0131827639, 0.0167722758, 0.0187591836]","[0.0029394196, 0.0056207147, 0.004079333, 0.0004065391, 0.0006227026, 0.0005216564, 0.0842427239]",0,0.03248072664,raw_action_units,2,96,769564,769564,true
55,train_single_demo,0.03249289157,0.03249289157,raw_action_units,0.9931507905,0.9931507905,5.468331496,"[1.019982934, 0.9694164395, 0.9637678266, 1.0194360018]","[5.5317606926, 5.424030304, 5.4090294838, 5.5085048676]","[0.0063683894, 0.0077514988, 0.010763946, 0.0110125504]","[0.003872813, 0.0070405356, 0.0082730325, 0.0004664416, 0.0005677902, 0.0004702674, 0.0421277881]",0,0.03249288883,raw_action_units,2,96,769564,769564,true
55,eval_same_demo_teacher_forced,0.03193066021,0.03193066021,raw_action_units,0.99368155,0.99368155,5.469497204,"[1.0214676857, 0.9694727063, 0.9641604424, 1.0196255445]","[5.5347876549, 5.4246139526, 5.4100308418, 5.5085558891]","[0.0074319318, 0.0131162442, 0.0165674482, 0.0185294989]","[0.0030950506, 0.0053443033, 0.0035853495, 0.0003984829, 0.000536214, 0.000560811, 0.0838587508]",0,0.03193065808,raw_action_units,2,96,769564,769564,true
56,train_single_demo,0.03194916621,0.03194916621,raw_action_units,0.9937503735,0.9937503735,5.46965011,"[1.0217062235, 0.9695854187, 0.9642000198, 1.0195096731]","[5.5352973938, 5.4248862267, 5.4101004601, 5.5083174706]","[0.0059343521, 0.0070172343, 0.0112935575, 0.0139471777]","[0.0038451932, 0.0055581876, 0.004796593, 0.0005168009, 0.0005070861, 0.0004440427, 0.0511686541]",0,0.03194916461,raw_action_units,2,96,769564,769564,true
56,eval_same_demo_teacher_forced,0.03171146661,0.03171146661,raw_action_units,0.9937038819,0.9937038819,5.469646772,"[1.0225296021, 0.9697811007, 0.9641467929, 1.018357873]","[5.5371723175, 5.4254555702, 5.4101185799, 5.5058407784]","[0.007229445, 0.0128536178, 0.016553605, 0.0183058176]","[0.0030351274, 0.0046485984, 0.0032830855, 0.0006076076, 0.0005744394, 0.0007010186, 0.0832994655]",0,0.03171146484,raw_action_units,2,96,769564,769564,true
57,train_single_demo,0.03175363379,0.03175363379,raw_action_units,0.9935627977,0.9935627977,5.469236056,"[1.0223908424, 0.9696972966, 0.9640406966, 1.0181225538]","[5.536752224, 5.4251208305, 5.4098682404, 5.5052032471]","[0.0059268451, 0.0065760817, 0.0069877058, 0.0095359618]","[0.0038737077, 0.0056208516, 0.0028615522, 0.0005699862, 0.0003897058, 0.0005318911, 0.0369488448]",0,0.03175363228,raw_action_units,2,96,769564,769564,true
57,eval_same_demo_teacher_forced,0.03123523171,0.03123523171,raw_action_units,0.9931215247,0.9931215247,5.468099117,"[1.0218459368, 0.969687283, 0.9635520577, 1.0174008608]","[5.5353264809, 5.4246306419, 5.408727169, 5.5037136078]","[0.007105649, 0.0125140129, 0.016170783, 0.0179458037]","[0.0025552472, 0.0042938748, 0.0032209279, 0.0003903996, 0.0005537086, 0.0005702442, 0.0824540332]",0,0.03123523082,raw_action_units,2,96,769564,769564,true
58,train_single_demo,0.03123175601,0.03123175601,raw_action_units,0.9930841724,0.9930841724,5.467871507,"[1.0216671228, 0.96971488, 0.9635222554, 1.0174322128]","[5.5347371101, 5.4245204926, 5.4085450172, 5.5036826134]","[0.0062916107, 0.0071155839, 0.0138943838, 0.0131313754]","[0.0044858493, 0.0062738466, 0.0053597144, 0.0005247763, 0.0004659341, 0.0003703831, 0.0532771647]",0,0.03123175388,raw_action_units,2,96,769564,769564,true
58,eval_same_demo_teacher_forced,0.03090549012,0.03090549012,raw_action_units,0.9934523106,0.9934523106,5.468408426,"[1.021495223, 0.9701620936, 0.9637320638, 1.0184201002]","[5.5341544151, 5.425151825, 5.4084477425, 5.5058784485]","[0.0073482823, 0.0125040933, 0.0160712339, 0.0180251431]","[0.0028092982, 0.0046007033, 0.0032975802, 0.0003828869, 0.0005838125, 0.0004372559, 0.082298778]",0,0.03090548799,raw_action_units,2,96,769564,769564,true
59,train_single_demo,0.03091824179,0.03091824179,raw_action_units,0.9935905933,0.9935905933,5.468653043,"[1.0216057301, 0.9702398777, 0.9638727307, 1.0186442137]","[5.534386158, 5.4253082275, 5.4086251259, 5.5062918663]","[0.0029314216, 0.0113272369, 0.0109350262, 0.0141308]","[0.003542613, 0.0054630395, 0.0061979871, 0.0004761677, 0.0003929664, 0.00035945, 0.0523856245]",0,0.03091824126,raw_action_units,2,96,769564,769564,true
59,eval_same_demo_teacher_forced,0.03057673201,0.03057673201,raw_action_units,0.9941564004,0.9941564004,5.469359716,"[1.0220050812, 0.9700973034, 0.9644327164, 1.0200906992]","[5.5348534584, 5.4247627258, 5.4091734886, 5.5086493492]","[0.0073945075, 0.0123914629, 0.0160035994, 0.0179082006]","[0.0025627781, 0.0049704029, 0.0030267851, 0.0003603823, 0.0005279866, 0.0004203011, 0.0821024626]",0,0.03057673148,raw_action_units,2,96,769564,769564,true
60,train_single_demo,0.0306149746,0.0306149746,raw_action_units,0.9941103458,0.9941103458,5.46911335,"[1.0218687057, 0.9699151516, 0.9645257592, 1.0201319456]","[5.5343871117, 5.4242777824, 5.4093117714, 5.5084762573]","[0.0083940318, 0.0165435225, 0.0161404554, 0.0188603662]","[0.0029242253, 0.0052971491, 0.0051118112, 0.0006529884, 0.0004076797, 0.0003639132, 0.0901344046]",0,0.03061497211,raw_action_units,2,96,769564,769564,true
60,eval_same_demo_teacher_forced,0.03026872377,0.03026872377,raw_action_units,0.9940825105,0.9940825105,5.468453089,"[1.0218878984, 0.9690699577, 0.964717865, 1.0206543207]","[5.5337615013, 5.4221100807, 5.4094185829, 5.5085220337]","[0.0070166239, 0.0121154906, 0.0157933291, 0.0174560808]","[0.0017944193, 0.0045597502, 0.0028612197, 0.0005999365, 0.0005218071, 0.0004481253, 0.0808824003]",0,0.03026872306,raw_action_units,2,96,769564,769564,true
61,train_single_demo,0.03024073442,0.03024073442,raw_action_units,0.9940969547,0.9940969547,5.468449275,"[1.0219320059, 0.9690632224, 0.9647590518, 1.0206335783]","[5.5338096619, 5.4220867157, 5.4095253944, 5.5083756447]","[0.0105040008, 0.0136148175, 0.0157216843, 0.0178372543]","[0.0038502244, 0.0059265853, 0.0045666532, 0.0006114804, 0.0004579025, 0.0003254705, 0.0851977542]",0,0.030240733,raw_action_units,2,96,769564,769564,true
61,eval_same_demo_teacher_forced,0.02986026059,0.02986026059,raw_action_units,0.99371171,0.99371171,5.467311541,"[1.0216888189, 0.9686760902, 0.964507103, 1.0199748278]","[5.5328507423, 5.4209494591, 5.408864975, 5.5065817833]","[0.0069486499, 0.0119209727, 0.015556518, 0.0172613095]","[0.0019434425, 0.0041599385, 0.0027834559, 0.0004392983, 0.0005009538, 0.0003464171, 0.0802795291]",0,0.02986025952,raw_action_units,2,96,769564,769564,true
62,train_single_demo,0.02989229684,0.02989229684,raw_action_units,0.9936675231,0.9936675231,5.467200279,"[1.0216743946, 0.9687493443, 0.9643716812, 1.0198744535]","[5.5327925682, 5.4210419655, 5.4085488319, 5.5064177513]","[0.0087938672, 0.0095101781, 0.0155869136, 0.0188785214]","[0.0036446734, 0.0057966877, 0.0038406327, 0.0005340895, 0.0003818591, 0.0003095194, 0.0778391212]",0,0.0298922956,raw_action_units,2,96,769564,769564,true
62,eval_same_demo_teacher_forced,0.02967847014,0.02967847014,raw_action_units,0.993081371,0.993081371,5.465371132,"[1.0210818052, 0.9685978293, 0.9639843106, 1.018661499]","[5.5307059288, 5.4201483727, 5.4074273109, 5.5032029152]","[0.0069997502, 0.0117970007, 0.0155049264, 0.0172188338]","[0.0025251594, 0.0040290975, 0.0027529493, 0.0003662931, 0.0005634322, 0.0002672908, 0.079656668]",0,0.02967846819,raw_action_units,2,96,769564,769564,true
63,train_single_demo,0.029617019,0.029617019,raw_action_units,0.9930472771,0.9930472771,5.465206782,"[1.0210716724, 0.9686169624, 0.9639305472, 1.0185700655]","[5.5305638313, 5.4201292992, 5.4072470665, 5.5028877258]","[0.0049551153, 0.0104022045, 0.0164138153, 0.0154027827]","[0.0026780879, 0.0048823939, 0.0046491795, 0.0005897194, 0.0003961427, 0.0003143596, 0.0690444708]",0,0.02961701722,raw_action_units,2,96,769564,769564,true
63,eval_same_demo_teacher_forced,0.02940478548,0.02940478548,raw_action_units,0.9932079315,0.9932079315,5.464888891,"[1.0213066339, 0.9688587189, 0.9638777375, 1.0187884569]","[5.5301947594, 5.4201965332, 5.4069237709, 5.5022416115]","[0.0069619208, 0.011590437, 0.0153284557, 0.0169538353]","[0.0020467245, 0.003929148, 0.0026169422, 0.0003661008, 0.0004854841, 0.0003111138, 0.0792051181]",0,0.02940478353,raw_action_units,2,96,769564,769564,true
64,train_single_demo,0.02943352486,0.02943352486,raw_action_units,0.9934016864,0.9934016864,5.465223312,"[1.021546483, 0.9689797759, 0.9638471007, 1.019233346]","[5.5306229591, 5.4203848839, 5.4068074226, 5.5030770302]","[0.0033327397, 0.0046408204, 0.0059987772, 0.0111429766]","[0.0026195527, 0.0060174535, 0.0059146886, 0.0004532006, 0.0004398177, 0.0002771038, 0.0282299835]",0,0.02943352326,raw_action_units,2,96,769564,769564,true
64,eval_same_demo_teacher_forced,0.02909674868,0.02909674868,raw_action_units,0.9940092166,0.9940092166,5.466523488,"[1.0220457315, 0.9693759084, 0.9639115334, 1.0207036734]","[5.5317015648, 5.4212117195, 5.4071154594, 5.5060634613]","[0.0069137639, 0.0116453012, 0.0152783124, 0.0167762246]","[0.0018269424, 0.0040249093, 0.0025296437, 0.0005567968, 0.0005153433, 0.0003668521, 0.0787533075]",0,0.02909674673,raw_action_units,2,96,769564,769564,true
65,train_single_demo,0.02913471063,0.02913471063,raw_action_units,0.993982931,0.993982931,5.466646671,"[1.0219553709, 0.9693114758, 0.9639201164, 1.0207446814]","[5.531730175, 5.421192646, 5.4072709084, 5.5063920021]","[0.0108265551, 0.0111849727, 0.0135183921, 0.0146624083]","[0.0032207428, 0.006149048, 0.0046074172, 0.0004598258, 0.0004164453, 0.0002602935, 0.0727228001]",0,0.02913470921,raw_action_units,2,96,769564,769564,true
65,eval_same_demo_teacher_forced,0.02869271487,0.02869271487,raw_action_units,0.9938032428,0.9938032428,5.466821988,"[1.0212807655, 0.9690338969, 0.9640713334, 1.0208269358]","[5.5310263634, 5.4208474159, 5.4077572823, 5.5076556206]","[0.0070286952, 0.0116386227, 0.0151299434, 0.0166787077]","[0.002098633, 0.0039636558, 0.0025237731, 0.0003992418, 0.0004875046, 0.0002345948, 0.0786255375]",0,0.02869271381,raw_action_units,2,96,769564,769564,true
66,train_single_demo,0.02880427862,0.02880427862,raw_action_units,0.9937247237,0.9937247237,5.466793537,"[1.0211443901, 0.9689351916, 0.964083612, 1.0207358599]","[5.5309205055, 5.4207038879, 5.4077529907, 5.507794857]","[0.0030978248, 0.0085675316, 0.0122840544, 0.0112155611]","[0.0029412389, 0.0059998897, 0.0041437722, 0.0004441038, 0.0004086173, 0.0002778657, 0.047323212]",0,0.02880427738,raw_action_units,2,96,769564,769564,true
66,eval_same_demo_teacher_forced,0.02851321921,0.02851321921,raw_action_units,0.9931960901,0.9931960901,5.465961456,"[1.0203872919, 0.9683693051, 0.9641043544, 1.0199232101]","[5.5298132896, 5.4195671082, 5.4077382088, 5.5067267418]","[0.0070442013, 0.011551626, 0.0151136918, 0.0167761147]","[0.0024025375, 0.0040289853, 0.0023893288, 0.0003366942, 0.0005030848, 0.0001760399, 0.0785131827]",0,0.02851321868,raw_action_units,2,96,769564,769564,true
67,train_single_demo,0.02851493905,0.02851493905,raw_action_units,0.9931629896,0.9931629896,5.465949376,"[1.0204387903, 0.9682881832, 0.9639958739, 1.0199290514]","[5.5300269127, 5.4194378853, 5.4075570107, 5.5067744255]","[0.0085262507, 0.0131530687, 0.0149354339, 0.013742567]","[0.0034058646, 0.0056102518, 0.0026836444, 0.0004538264, 0.0004315515, 0.0002704584, 0.0752697065]",0,0.0285149387,raw_action_units,2,96,769564,769564,true
67,eval_same_demo_teacher_forced,0.02827450757,0.02827450757,raw_action_units,0.9928564429,0.9928564429,5.465120951,"[1.020378232, 0.9676843286, 0.9640185237, 1.019344449]","[5.5296807289, 5.4180903435, 5.4077439308, 5.5049667358]","[0.0068769124, 0.0113992654, 0.0149514293, 0.0164581835]","[0.0018709922, 0.0038648446, 0.002375141, 0.0003973619, 0.0004635237, 0.0001967677, 0.0777814984]",0,0.02827450633,raw_action_units,2,96,769564,769564,true
68,train_single_demo,0.02871754145,0.02871754145,raw_action_units,0.9927774668,0.9927774668,5.464854399,"[1.0203033686, 0.967517674, 0.9640684128, 1.0192204714]","[5.5293335915, 5.4176898003, 5.4078974724, 5.5044951439]","[0.0078918738, 0.0086104609, 0.0141369523, 0.0154345473]","[0.0033524099, 0.0054424386, 0.0032015759, 0.0005254766, 0.0003955509, 0.0002659241, 0.0674458295]",0,0.02871753985,raw_action_units,2,96,769564,769564,true
68,eval_same_demo_teacher_forced,0.0279994756,0.0279994756,raw_action_units,0.9933304787,0.9933304787,5.465558847,"[1.0214027166, 0.9677900672, 0.9638147354, 1.0203143358]","[5.5309052467, 5.4179377556, 5.4070181847, 5.5063729286]","[0.0067604315, 0.0112031512, 0.0148845287, 0.0162448864]","[0.00166477, 0.0035219742, 0.0022217974, 0.0003915664, 0.0004646351, 0.0002056305, 0.0774423704]",0,0.02799947489,raw_action_units,2,96,769564,769564,true
69,train_single_demo,0.02804006388,0.02804006388,raw_action_units,0.9935443004,0.9935443004,5.465833346,"[1.0217801332, 0.9679923058, 0.9636072516, 1.0207976103]","[5.5315055847, 5.4181694984, 5.4063372612, 5.5073199272]","[0.0051753148, 0.0085342024, 0.0123802945, 0.0137245702]","[0.0019839709, 0.0054192822, 0.0034153245, 0.0005171747, 0.0003465401, 0.0002188559, 0.057774011]",0,0.02804006281,raw_action_units,2,96,769564,769564,true
69,eval_same_demo_teacher_forced,0.02805244302,0.02805244302,raw_action_units,0.9941535791,0.9941535791,5.467192968,"[1.0229427814, 0.9687840343, 0.962620914, 1.0222665071]","[5.533932209, 5.4197850227, 5.4039206505, 5.511133194]","[0.0070101595, 0.0114996992, 0.0149779739, 0.0163835771]","[0.0022788434, 0.0036814492, 0.0021948258, 0.0003331215, 0.0004610852, 0.0001647067, 0.0781609342]",0,0.02805244213,raw_action_units,2,96,769564,769564,true
70,train_single_demo,0.02798741373,0.02798741373,raw_action_units,0.9940072695,0.9940072695,5.4667991,"[1.022813201, 0.9687110782, 0.9624545574, 1.0220502615]","[5.533551693, 5.41954422, 5.4035248756, 5.5105743408]","[0.0045260764, 0.007761436, 0.0111089908, 0.0123398108]","[0.0021198443, 0.0043832832, 0.003399187, 0.000487273, 0.0003425083, 0.0002214038, 0.0515850484]",0,0.02798741275,raw_action_units,2,96,769564,769564,true
70,eval_same_demo_teacher_forced,0.02753951525,0.02753951525,raw_action_units,0.9931998054,0.9931998054,5.464723269,"[1.0221210718, 0.9680190086, 0.9614057541, 1.0212532282]","[5.5315737724, 5.4177794456, 5.4011058807, 5.5084342957]","[0.0067378567, 0.0112429308, 0.0147928139, 0.0161531027]","[0.0017685732, 0.0035221407, 0.002140607, 0.0003380566, 0.0004855075, 0.0001768644, 0.0771899819]",0,0.02753951436,raw_action_units,2,96,769564,769564,true
71,train_single_demo,0.02765510355,0.02765510355,raw_action_units,0.9929642677,0.9929642677,5.464100202,"[1.0218340158, 0.9677994847, 0.9612169862, 1.021006465]","[5.5308089256, 5.4172053337, 5.4007058144, 5.5076808929]","[0.0059389151, 0.0066034901, 0.0127209136, 0.0140044009]","[0.0020873398, 0.0044027711, 0.0027746458, 0.000523846, 0.0003810569, 0.0002285772, 0.0583202727]",0,0.02765510267,raw_action_units,2,96,769564,769564,true
71,eval_same_demo_teacher_forced,0.02733757719,0.02733757719,raw_action_units,0.9926341375,0.9926341375,5.463269552,"[1.0213421583, 0.9674732685, 0.9610695243, 1.0206516981]","[5.5296139717, 5.4166045189, 5.4004178047, 5.5064415932]","[0.0066879406, 0.0110605927, 0.0146501148, 0.0159341078]","[0.0015198775, 0.0034533513, 0.00201976, 0.0004028695, 0.0004526383, 0.0001859963, 0.0765478313]",0,0.02733757595,raw_action_units,2,96,769564,769564,true
72,train_single_demo,0.02735095347,0.02735095347,raw_action_units,0.9927822351,0.9927822351,5.463575681,"[1.0214452744, 0.9676327705, 0.9611932635, 1.0208576918]","[5.5298266411, 5.4169788361, 5.4006142616, 5.5068831444]","[0.0059184674, 0.0067406762, 0.0077533182, 0.0081765149]","[0.0024658574, 0.0058208616, 0.0036546441, 0.0004111686, 0.0003447955, 0.0002075818, 0.0371257998]",0,0.02735095152,raw_action_units,2,96,769564,769564,true
72,eval_same_demo_teacher_forced,0.02705461159,0.02705461159,raw_action_units,0.9934692581,0.9934692581,5.46524175,"[1.0219951868, 0.9684200287, 0.9617646337, 1.021697402]","[5.5312232971, 5.4188938141, 5.402030468, 5.5088191032]","[0.0066643115, 0.0110338703, 0.0145793734, 0.0159555003]","[0.001677357, 0.0034079179, 0.0019797471, 0.0003652643, 0.0004640605, 0.0001781172, 0.0763353854]",0,0.02705461,raw_action_units,2,96,769564,769564,true
73,train_single_demo,0.02713251362,0.02713251362,raw_action_units,0.9935455322,0.9935455322,5.465447585,"[1.0220617056, 0.9685606956, 0.9617251754, 1.0218344927]","[5.5314183235, 5.4191431999, 5.4020423889, 5.5091872215]","[0.0108065261, 0.0107022524, 0.0107143624, 0.012062449]","[0.0022398008, 0.0051338491, 0.0039886376, 0.0004393336, 0.0005168665, 0.0002393118, 0.0649419799]",0,0.02713251256,raw_action_units,2,96,769564,769564,true
73,eval_same_demo_teacher_forced,0.02679875741,0.02679875741,raw_action_units,0.9937197765,0.9937197765,5.465827624,"[1.0222254992, 0.9687010646, 0.961978972, 1.0219734907]","[5.5315742493, 5.4191889763, 5.4028344154, 5.5097136497]","[0.0066499016, 0.0110358605, 0.0145836016, 0.015826745]","[0.0018896856, 0.0032615943, 0.0018942925, 0.0003040518, 0.0004733125, 0.000158424, 0.0761868283]",0,0.02679875564,raw_action_units,2,96,769564,769564,true
74,train_single_demo,0.02682580675,0.02682580675,raw_action_units,0.9936964909,0.9936964909,5.465751966,"[1.0222582817, 0.9686472416, 0.9620632529, 1.0218173265]","[5.5315628052, 5.4190254211, 5.4029669762, 5.509452343]","[0.0039224732, 0.0092415046, 0.0133226924, 0.0151327411]","[0.002308493, 0.0044684312, 0.0028173737, 0.0004306079, 0.0003536581, 0.0001498335, 0.0623055696]",0,0.02682580551,raw_action_units,2,96,769564,769564,true
74,eval_same_demo_teacher_forced,0.02668302258,0.02668302258,raw_action_units,0.99352777,0.99352777,5.465373675,"[1.022212863, 0.9683926702, 0.9625129104, 1.0209927559]","[5.5313782692, 5.4183325768, 5.4039330482, 5.5078492165]","[0.0065304148, 0.0108645, 0.0145504251, 0.0157272611]","[0.0017417008, 0.0030044271, 0.0019826232, 0.0002680001, 0.0004749025, 0.0001720486, 0.0757833421]",0,0.02668302116,raw_action_units,2,96,769564,769564,true
75,train_single_demo,0.02670028309,0.02670028309,raw_action_units,0.993481636,0.993481636,5.46529007,"[1.0221549273, 0.9684017301, 0.9626176953, 1.0207521915]","[5.5313110352, 5.4183540344, 5.4041991234, 5.507297039]","[0.0057600555, 0.0134059489, 0.0126581565, 0.0119371451]","[0.0026112003, 0.0041342126, 0.0039201914, 0.0004376428, 0.0003753664, 0.0001872398, 0.0649164245]",0,0.02670028238,raw_action_units,2,96,769564,769564,true
75,eval_same_demo_teacher_forced,0.02642702063,0.02642702063,raw_action_units,0.9937174718,0.9937174718,5.465911229,"[1.0223844051, 0.968806088, 0.9629629254, 1.0207164288]","[5.5321335793, 5.4193263054, 5.404897213, 5.507288456]","[0.0066534975, 0.0109438403, 0.0144279525, 0.015586148]","[0.001825278, 0.0030928531, 0.0018396699, 0.0003027999, 0.0004304657, 0.0001476072, 0.0756813362]",0,0.02642701921,raw_action_units,2,96,769564,769564,true
76,train_single_demo,0.0264594083,0.0264594083,raw_action_units,0.9937852422,0.9937852422,5.466075738,"[1.0224400759, 0.9688711166, 0.9630188346, 1.0208109617]","[5.5323081017, 5.4195113182, 5.4049391747, 5.5075440407]","[0.0044450709, 0.0094978111, 0.0124182738, 0.0115022482]","[0.0020583735, 0.0027505069, 0.0033833466, 0.0003551103, 0.0004177055, 0.0001619404, 0.0571339615]",0,0.02645940724,raw_action_units,2,96,769564,769564,true
76,eval_same_demo_teacher_forced,0.02628925691,0.02628925691,raw_action_units,0.9941200813,0.9941200813,5.466403008,"[1.0225893259, 0.9691316485, 0.962866962, 1.0218924284]","[5.5321331024, 5.4197745323, 5.4041161537, 5.5095887184]","[0.0067756972, 0.0109777125, 0.0143997176, 0.0156289134]","[0.0018560468, 0.0032106189, 0.0017507992, 0.0002699374, 0.000425209, 0.0001171462, 0.0759888068]",0,0.02628925585,raw_action_units,2,96,769564,769564,true
77,train_single_demo,0.02636563157,0.02636563157,raw_action_units,0.9940384825,0.9940384825,5.466038227,"[1.0224443674, 0.9690216184, 0.9627607465, 1.0219272375]","[5.5315480232, 5.4193692207, 5.4038143158, 5.5094199181]","[0.0054233433, 0.0060548591, 0.0090636546, 0.0087732067]","[0.0021555016, 0.0046333871, 0.0023833767, 0.0004581999, 0.0003493341, 0.0001873984, 0.0411341637]",0,0.02636562997,raw_action_units,2,96,769564,769564,true
77,eval_same_demo_teacher_forced,0.02609032765,0.02609032765,raw_action_units,0.9938516021,0.9938516021,5.464896838,"[1.0222747326, 0.9687356353, 0.9625248909, 1.0218712091]","[5.5301918983, 5.4181637764, 5.4027543068, 5.5084767342]","[0.0065318872, 0.010796125, 0.0142589472, 0.0154556306]","[0.0015831701, 0.0029670501, 0.0018793363, 0.0002791807, 0.0004121096, 0.0001272231, 0.0750764608]",0,0.02609032534,raw_action_units,2,96,769564,769564,true
78,train_single_demo,0.02606797715,0.02606797715,raw_action_units,0.9938268661,0.9938268661,5.464838028,"[1.0223503113, 0.9686992764, 0.9625153542, 1.0217423439]","[5.5303826332, 5.418094635, 5.4026889801, 5.5081839561]","[0.0084619159, 0.0125411078, 0.0119281532, 0.0109081408]","[0.0021152974, 0.0031580336, 0.00279051, 0.0003743738, 0.0003914204, 0.0001553429, 0.0677338243]",0,0.02606797502,raw_action_units,2,96,769564,769564,true
78,eval_same_demo_teacher_forced,0.02585341533,0.02585341533,raw_action_units,0.993650039,0.993650039,5.464055061,"[1.0225707293, 0.9688040614, 0.96265769, 1.0205675364]","[5.5305709839, 5.4180259705, 5.4026432037, 5.5049805641]","[0.0064191767, 0.010681279, 0.0141790099, 0.0153674409]","[0.0016171614, 0.0028819665, 0.0017537698, 0.0002914383, 0.0004122751, 0.0001551381, 0.0745203346]",0,0.02585341391,raw_action_units,2,96,769564,769564,true
79,train_single_demo,0.02587813574,0.02587813574,raw_action_units,0.9936494827,0.9936494827,5.463935216,"[1.0225821733, 0.9689083099, 0.9626441598, 1.0204633474]","[5.5304660797, 5.4181370735, 5.4025788307, 5.5045571327]","[0.0027847737, 0.0100426106, 0.0122179985, 0.0138492575]","[0.0024028397, 0.003818996, 0.0028645725, 0.000413152, 0.0003394252, 0.0001674597, 0.0580591671]",0,0.02587813494,raw_action_units,2,96,769564,769564,true
79,eval_same_demo_teacher_forced,0.02576441566,0.02576441566,raw_action_units,0.9937302073,0.9937302073,5.463702043,"[1.0227457285, 0.9692571163, 0.9624648094, 1.0204533339]","[5.5304450989, 5.4183578491, 5.4020514488, 5.5039539337]","[0.0064255986, 0.0106743528, 0.0141015844, 0.0152595555]","[0.0016761428, 0.0028930407, 0.0018397734, 0.0002907991, 0.0004089448, 0.0001515473, 0.074046649]",0,0.02576441353,raw_action_units,2,96,769564,769564,true
80,train_single_demo,0.02589225086,0.02589225086,raw_action_units,0.9938187003,0.9938187003,5.463928858,"[1.0228918791, 0.9692749977, 0.9622972012, 1.0208107233]","[5.5308251381, 5.4183678627, 5.4016757011, 5.504846096]","[0.0069953948, 0.0111676268, 0.0109153567, 0.0114308456]","[0.0016575065, 0.0038022334, 0.0023190642, 0.0003421166, 0.0003777615, 0.0001635045, 0.0622289516]",0,0.02589224918,raw_action_units,2,96,769564,769564,true
80,eval_same_demo_teacher_forced,0.02550186093,0.02550186093,raw_action_units,0.9939810634,0.9939810634,5.463880221,"[1.0229150057, 0.9690826535, 0.9622589946, 1.0216675997]","[5.5303168297, 5.4175591469, 5.4013381004, 5.5063056946]","[0.0064026979, 0.0105965538, 0.0140988892, 0.0151534053]","[0.001705245, 0.0027829215, 0.0017530973, 0.0002924991, 0.0004066719, 0.0001256816, 0.0738740787]",0,0.02550185933,raw_action_units,2,96,769564,769564,true
81,train_single_demo,0.02553350603,0.02553350603,raw_action_units,0.9939916134,0.9939916134,5.463838895,"[1.0227825642, 0.9690505862, 0.9624109268, 1.0217226744]","[5.5299334526, 5.4174766541, 5.4016432762, 5.5063023567]","[0.0113413595, 0.01359409, 0.0152877951, 0.0144639211]","[0.0019688352, 0.0037018445, 0.0026288314, 0.0004455666, 0.0003895134, 0.0001627227, 0.0864052176]",0,0.02553350443,raw_action_units,2,96,769564,769564,true
81,eval_same_demo_teacher_forced,0.02535258482,0.02535258482,raw_action_units,0.9939791759,0.9939791759,5.46359539,"[1.022701025, 0.968670547, 0.9631219506, 1.0214229822]","[5.5294914246, 5.4167590141, 5.4029040337, 5.5052261353]","[0.0063537504, 0.0105275502, 0.0139765916, 0.0150168044]","[0.0015418491, 0.0026680157, 0.001679714, 0.0002966607, 0.0004024432, 0.0001261063, 0.0735659227]",0,0.02535258305,raw_action_units,2,96,769564,769564,true
82,train_single_demo,0.02537380594,0.02537380594,raw_action_units,0.993931214,0.993931214,5.463567257,"[1.0227428675, 0.968562603, 0.9631914496, 1.0212279558]","[5.5297217369, 5.416639328, 5.4030327797, 5.5048751831]","[0.003889377, 0.00842671, 0.0127266394, 0.0110713551]","[0.0016785642, 0.0032225298, 0.0030609115, 0.0003494093, 0.0003026754, 0.0001262741, 0.0544592775]",0,0.02537380443,raw_action_units,2,96,769564,769564,true
82,eval_same_demo_teacher_forced,0.0251529254,0.0251529254,raw_action_units,0.9940025806,0.9940025806,5.464036624,"[1.0228415728, 0.968606174, 0.9631598592, 1.0214024782]","[5.530582428, 5.4169425964, 5.4029755592, 5.5056452751]","[0.0063710683, 0.0105184158, 0.013939607, 0.0150147295]","[0.0016141367, 0.0026140322, 0.0017111773, 0.0002962212, 0.0003954033, 0.0001216672, 0.0734740496]",0,0.02515292451,raw_action_units,2,96,769564,769564,true
83,train_single_demo,0.02532810345,0.02532810345,raw_action_units,0.9939210018,0.9939210018,5.463851611,"[1.0225657225, 0.9686213136, 0.9630519748, 1.0214449167]","[5.529987812, 5.4168872833, 5.4028372765, 5.505695343]","[0.0064117853, 0.0096194511, 0.0117273862, 0.0151842618]","[0.0018230155, 0.0033488164, 0.0028219928, 0.0004766315, 0.0003622642, 0.0001684566, 0.0661488697]",0,0.02532810257,raw_action_units,2,96,769564,769564,true
83,eval_same_demo_teacher_forced,0.02513352782,0.02513352782,raw_action_units,0.9940523903,0.9940523903,5.464379152,"[1.0223474503, 0.968681097, 0.9626519084, 1.0225288868]","[5.5300316811, 5.4170207977, 5.4019093513, 5.5085539818]","[0.0064651947, 0.0106151989, 0.0140429474, 0.0150393406]","[0.001798199, 0.0027896313, 0.0016548714, 0.000324729, 0.0004032717, 0.0001074434, 0.0737065449]",0,0.02513352746,raw_action_units,2,96,769564,769564,true
84,train_single_demo,0.02585863012,0.02585863012,raw_action_units,0.9941745599,0.9941745599,5.464690844,"[1.0225356817, 0.968644619, 0.9626181722, 1.0228997469]","[5.5305609703, 5.4170107841, 5.4016838074, 5.5095067024]","[0.0083204051, 0.0086156139, 0.0095970798, 0.0095113674]","[0.0023651544, 0.0040970049, 0.0028048744, 0.0003174274, 0.0003839816, 0.000160317, 0.052949056]",0,0.02585862932,raw_action_units,2,96,769564,769564,true
84,eval_same_demo_teacher_forced,0.02486950656,0.02486950656,raw_action_units,0.9935157299,0.9935157299,5.463220278,"[1.0215207338, 0.967656374, 0.96305269, 1.0218330622]","[5.5283112526, 5.415222168, 5.402493, 5.5068545341]","[0.006318321, 0.010582597, 0.0139521845, 0.0149243483]","[0.0016738392, 0.0026577767, 0.0016906755, 0.0002880257, 0.0003964469, 0.0001290873, 0.0732746869]",0,0.02486950443,raw_action_units,2,96,769564,769564,true
85,train_single_demo,0.0251000716,0.0251000716,raw_action_units,0.9932255745,0.9932255745,5.462480545,"[1.0210226774, 0.9674246311, 0.9631998539, 1.0212551355]","[5.5270562172, 5.4147071838, 5.4028911591, 5.5052680969]","[0.0030593972, 0.0067968857, 0.0126350792, 0.014161774]","[0.0022437759, 0.0033464495, 0.0019998867, 0.0004563145, 0.0003260011, 0.0001957762, 0.0555747785]",0,0.02510007081,raw_action_units,2,96,769564,769564,true
85,eval_same_demo_teacher_forced,0.02538812409,0.02538812409,raw_action_units,0.9925581614,0.9925581614,5.460767428,"[1.0198955536, 0.9671006203, 0.9636538625, 1.0195826292]","[5.5240306854, 5.4141278267, 5.4042339325, 5.5006775856]","[0.0065158084, 0.0104793971, 0.0138862887, 0.0146954535]","[0.0014754626, 0.0025275876, 0.001723017, 0.0003332513, 0.0004431753, 0.0001640581, 0.0730930939]",0,0.02538812373,raw_action_units,2,96,769564,769564,true
86,train_single_demo,0.02537609699,0.02537609699,raw_action_units,0.9926790794,0.9926790794,5.461036205,"[1.0199936628, 0.9673500061, 0.9636660218, 1.0197066069]","[5.5241947174, 5.41466856, 5.4043107033, 5.5009713173]","[0.0040728273, 0.0043901573, 0.0053918958, 0.0073004812]","[0.0020405555, 0.0029705183, 0.0024250217, 0.0003424998, 0.0004658474, 0.0001473391, 0.0286301002]",0,0.02537609601,raw_action_units,2,96,769564,769564,true
86,eval_same_demo_teacher_forced,0.0246095558,0.0246095558,raw_action_units,0.9940126737,0.9940126737,5.464565913,"[1.0219482183, 0.9692394137, 0.9629945755, 1.0218685865]","[5.5292572975, 5.4189400673, 5.4031219482, 5.5069432259]","[0.0063379719, 0.0105056623, 0.0138648255, 0.0148617094]","[0.0018318677, 0.0024981641, 0.0016521392, 0.0003188044, 0.0004125057, 0.0001205145, 0.0729137957]",0,0.02460955509,raw_action_units,2,96,769564,769564,true
87,train_single_demo,0.02485593005,0.02485593005,raw_action_units,0.9942534765,0.9942534765,5.465129852,"[1.0223875046, 0.9694954753, 0.9628000855, 1.022330761]","[5.5303483009, 5.4194145203, 5.4025893211, 5.5081658363]","[0.0020167695, 0.0026531022, 0.0067549259, 0.0065943524]","[0.0016728621, 0.0028843982, 0.0023214202, 0.0004186624, 0.0003673731, 0.0002416075, 0.0236271899]",0,0.02485592947,raw_action_units,2,96,769564,769564,true
87,eval_same_demo_teacher_forced,0.02539096524,0.02539096524,raw_action_units,0.9947184722,0.9947184722,5.466851075,"[1.0231733322, 0.9702926278, 0.9619653225, 1.023442626]","[5.5331497192, 5.4212670326, 5.4010367393, 5.5119509697]","[0.0069713783, 0.0113618961, 0.0143136391, 0.0151596852]","[0.0022153328, 0.0028186461, 0.00159863, 0.0003723479, 0.0004389161, 0.0001286137, 0.0760890543]",0,0.02539096347,raw_action_units,2,96,769564,769564,true
88,train_single_demo,0.02540567455,0.02540567455,raw_action_units,0.994393448,0.994393448,5.465898037,"[1.0226980448, 0.9699873328, 0.9619101882, 1.022978425]","[5.53180933, 5.4203934669, 5.4008331299, 5.5105566978]","[0.0035917081, 0.0102417795, 0.0090967398, 0.0080595119]","[0.0015089888, 0.002571149, 0.0022868854, 0.0004455957, 0.0003968755, 0.0001666433, 0.0468559079]",0,0.02540567375,raw_action_units,2,96,769564,769564,true
88,eval_same_demo_teacher_forced,0.02441174289,0.02441174289,raw_action_units,0.9930235147,0.9930235147,5.462448915,"[1.020578742, 0.968663156, 0.962174356, 1.0206779242]","[5.5265903473, 5.4172959328, 5.4012446404, 5.5046634674]","[0.0063697901, 0.0105784414, 0.0138524538, 0.0145247653]","[0.0015071817, 0.0025747127, 0.0016951506, 0.0004799464, 0.0004109302, 0.0002399786, 0.072411634]",0,0.02441174147,raw_action_units,2,96,769564,769564,true
89,train_single_demo,0.02448341623,0.02448341623,raw_action_units,0.9928661187,0.9928661187,5.461948395,"[1.020270586, 0.9685103893, 0.9623462558, 1.020337224]","[5.5257148743, 5.4169139862, 5.4014925957, 5.503672123]","[0.0034894331, 0.0044304775, 0.0080190981, 0.0074650492]","[0.0019456201, 0.0028537384, 0.0032022221, 0.0004434657, 0.0003971256, 0.0001627474, 0.03195218]",0,0.02448341499,raw_action_units,2,96,769564,769564,true
89,eval_same_demo_teacher_forced,0.02422566836,0.02422566836,raw_action_units,0.9925856193,0.9925856193,5.460932255,"[1.0196732283, 0.9682225585, 0.9627053738, 1.0197415352]","[5.52374506, 5.4162993431, 5.4020638466, 5.5016198158]","[0.0062376726, 0.0103044817, 0.013586483, 0.014372956]","[0.0015160227, 0.0024142894, 0.001638664, 0.0003231452, 0.0004334412, 0.0001726129, 0.0713796094]",0,0.02422566641,raw_action_units,2,96,769564,769564,true
90,train_single_demo,0.02425016913,0.02425016913,raw_action_units,0.9927554528,0.9927554528,5.46122996,"[1.0199471712, 0.9683178067, 0.9626429677, 1.0201140642]","[5.5242285728, 5.4164690971, 5.4018530846, 5.5023694038]","[0.0014304548, 0.0018265398, 0.0026505881, 0.0029024354]","[0.0018598492, 0.0023179816, 0.0024998097, 0.0002741062, 0.0004315666, 0.0001402366, 0.0078939805]",0,0.02425016764,raw_action_units,2,96,769564,769564,true
90,eval_same_demo_teacher_forced,0.02405102303,0.02405102303,raw_action_units,0.993406256,0.993406256,5.462371349,"[1.0210859776, 0.9689342976, 0.9620819092, 1.0215226412]","[5.5262074471, 5.4175300598, 5.4005489349, 5.5051994324]","[0.0063350438, 0.0103351073, 0.0135513768, 0.0144264586]","[0.0017237352, 0.0023679987, 0.0015483293, 0.0003753818, 0.0004559355, 0.0001213238, 0.0715412721]",0,0.02405102196,raw_action_units,2,96,769564,769564,true
91,train_single_demo,0.02404803131,0.02404803131,raw_action_units,0.9934084415,0.9934084415,5.46224467,"[1.0211892128, 0.9688922763, 0.9619638324, 1.0215884447]","[5.526248455, 5.417289257, 5.4001998901, 5.505241394]","[0.0027422037, 0.0031861253, 0.0037492912, 0.005274348]","[0.001427716, 0.0022012983, 0.0016850587, 0.0004524179, 0.0003109684, 0.0002486306, 0.019839853]",0,0.02404803038,raw_action_units,2,96,769564,769564,true
91,eval_same_demo_teacher_forced,0.02380116408,0.02380116408,raw_action_units,0.9934320649,0.9934320649,5.46183904,"[1.0216699839, 0.969048202, 0.9615158439, 1.0214942694]","[5.5267329216, 5.4169750214, 5.3987693787, 5.5048775673]","[0.0062327995, 0.0103547499, 0.0135218063, 0.0143375173]","[0.0016808091, 0.0023729464, 0.0014637724, 0.0002533198, 0.0004110449, 0.0001343159, 0.0714658201]",0,0.02380116284,raw_action_units,2,96,769564,769564,true
92,train_single_demo,0.0238259621,0.0238259621,raw_action_units,0.9933574994,0.9933574994,5.461614609,"[1.021553874, 0.9691464305, 0.9615314007, 1.0211982727]","[5.5264163017, 5.4170928001, 5.3987183571, 5.5042319298]","[0.0117347324, 0.0112616261, 0.0128814923, 0.0140846176]","[0.0019497611, 0.0026842465, 0.0023633109, 0.0004254185, 0.0004023006, 0.0001380506, 0.0794712305]",0,0.02382596121,raw_action_units,2,96,769564,769564,true
92,eval_same_demo_teacher_forced,0.02371522536,0.02371522536,raw_action_units,0.9930138191,0.9930138191,5.460739136,"[1.0211170912, 0.9689895511, 0.9616407752, 1.0203080177]","[5.5254721642, 5.4165196419, 5.3985953331, 5.5023684502]","[0.0061902665, 0.0103547834, 0.0135459742, 0.0143755702]","[0.0015724465, 0.0023329388, 0.0015215209, 0.0003745241, 0.0004464109, 0.0001818786, 0.0713868216]",0,0.023715225,raw_action_units,2,96,769564,769564,true
93,train_single_demo,0.02374936764,0.02374936764,raw_action_units,0.9929598967,0.9929598967,5.460614522,"[1.0210227966, 0.9689094424, 0.9616497159, 1.020257473]","[5.5252857208, 5.4163589478, 5.3985753059, 5.5022377968]","[0.0048262081, 0.0095544457, 0.0097985985, 0.011832404]","[0.0015986123, 0.0028853833, 0.0022717922, 0.0003774083, 0.0003483642, 0.0001410278, 0.0553978048]",0,0.02374936711,raw_action_units,2,96,769564,769564,true
93,eval_same_demo_teacher_forced,0.02354576066,0.02354576066,raw_action_units,0.9927935998,0.9927935998,5.460263252,"[1.0202955008, 0.9684230685, 0.9616704583, 1.0207854509]","[5.5237832069, 5.4154238701, 5.3987793922, 5.5030651093]","[0.0061291172, 0.0102165891, 0.0135048246, 0.0142045273]","[0.0015315249, 0.002273079, 0.0014876231, 0.0003003995, 0.0003841291, 0.0001302217, 0.0709893778]",0,0.02354576048,raw_action_units,2,96,769564,769564,true
94,train_single_demo,0.02356936286,0.02356936286,raw_action_units,0.9928515553,0.9928515553,5.460326672,"[1.0202314854, 0.9683986306, 0.9617245197, 1.0210515261]","[5.523545742, 5.4153733253, 5.3989281654, 5.5034575462]","[0.0026041912, 0.0053807129, 0.0061390344, 0.008205615]","[0.0018736393, 0.003135347, 0.0020756582, 0.0003619353, 0.0002703783, 0.0001549534, 0.0312048048]",0,0.02356936144,raw_action_units,2,96,769564,769564,true
94,eval_same_demo_teacher_forced,0.02344289298,0.02344289298,raw_action_units,0.9928535819,0.9928535819,5.460189342,"[1.0198751688, 0.9678814411, 0.9616356492, 1.0220220089]","[5.5224967003, 5.4144115448, 5.3989181519, 5.5049300194]","[0.0061734524, 0.01012515, 0.0133352848, 0.014084775]","[0.0015303543, 0.0022426113, 0.0014639659, 0.0003434242, 0.0004344339, 0.0001090521, 0.070383817]",0,0.02344289138,raw_action_units,2,96,769564,769564,true
95,train_single_demo,0.02344462276,0.02344462276,raw_action_units,0.9927987059,0.9927987059,5.460023721,"[1.0198655128, 0.967694521, 0.9616241455, 1.0220108032]","[5.5223917961, 5.4140257835, 5.3988547325, 5.5048222542]","[0.0034198323, 0.0041389712, 0.0097556971, 0.009089482]","[0.0017549341, 0.0022694923, 0.0028115611, 0.0003746994, 0.0004519293, 0.0001615798, 0.0383827724]",0,0.02344462134,raw_action_units,2,96,769564,769564,true
95,eval_same_demo_teacher_forced,0.02332501486,0.02332501486,raw_action_units,0.9929279486,0.9929279486,5.460151513,"[1.0202897787, 0.9674560428, 0.9619107842, 1.0220551491]","[5.5231304169, 5.4136080742, 5.3990020752, 5.5048656464]","[0.006214587, 0.0102438964, 0.0133767528, 0.0140639991]","[0.0017229264, 0.0023996138, 0.0015525348, 0.0002298404, 0.0004040178, 0.0001120352, 0.0704026893]",0,0.02332501468,raw_action_units,2,96,769564,769564,true
96,train_single_demo,0.02338917305,0.02338917305,raw_action_units,0.993059516,0.993059516,5.46045955,"[1.020493269, 0.9676247239, 0.9620490074, 1.0220712423]","[5.5236258507, 5.4139933586, 5.39920187, 5.5050168037]","[0.0078783305, 0.0097779343, 0.0139112324, 0.0120108984]","[0.0019734954, 0.0025708552, 0.0026005267, 0.0003880803, 0.0003696254, 0.0001704126, 0.0681891814]",0,0.02338917128,raw_action_units,2,96,769564,769564,true
96,eval_same_demo_teacher_forced,0.02319596335,0.02319596335,raw_action_units,0.9931179682,0.9931179682,5.460589091,"[1.0204702616, 0.9679617882, 0.9624462128, 1.0215936899]","[5.5236411095, 5.4146285057, 5.3996462822, 5.5044398308]","[0.0060982369, 0.0102374461, 0.0134708798, 0.0141579742]","[0.0017372664, 0.0022926321, 0.001462795, 0.0002866725, 0.0003772838, 0.0001428919, 0.0706383958]",0,0.02319596282,raw_action_units,2,96,769564,769564,true
97,train_single_demo,0.02327879394,0.02327879394,raw_action_units,0.9930376609,0.9930376609,5.46039629,"[1.0202250481, 0.9680290818, 0.9624712467, 1.0214252472]","[5.5230965614, 5.4146924019, 5.3996806145, 5.5041146278]","[0.0034713557, 0.0040070144, 0.0077866949, 0.0110941669]","[0.0015511825, 0.0025670289, 0.0023681242, 0.0003991624, 0.0003396549, 0.0001405688, 0.0387629308]",0,0.0232787927,raw_action_units,2,96,769564,769564,true
97,eval_same_demo_teacher_forced,0.02306131025,0.02306131025,raw_action_units,0.9927291075,0.9927291075,5.459726652,"[1.0194209814, 0.9681380391, 0.9624550939, 1.020902276]","[5.5214409828, 5.414744854, 5.3998761177, 5.5028443336]","[0.0061115022, 0.0100616384, 0.013259015, 0.0139182331]","[0.0015502194, 0.0021421895, 0.0015395734, 0.0002303988, 0.0003874088, 0.000124855, 0.0698885322]",0,0.02306130883,raw_action_units,2,96,769564,769564,true
98,train_single_demo,0.02325531033,0.02325531033,raw_action_units,0.9926203489,0.9926203489,5.459409873,"[1.0192533731, 0.9680481553, 0.9623888135, 1.0207909346]","[5.5210151672, 5.4144749641, 5.3998131752, 5.5023369789]","[0.0045972178, 0.0051145158, 0.0061597279, 0.0087121269]","[0.0019342712, 0.0022464185, 0.0021083101, 0.0003539607, 0.000298016, 0.0001190468, 0.0359612517]",0,0.02325530989,raw_action_units,2,96,769564,769564,true
98,eval_same_demo_teacher_forced,0.0229237092,0.0229237092,raw_action_units,0.9928729335,0.9928729335,5.460101604,"[1.0196123123, 0.9682347775, 0.9622211456, 1.0214232206]","[5.5219979286, 5.4150595665, 5.399787426, 5.5035614967]","[0.0061689713, 0.0101243136, 0.0131497346, 0.0139162913]","[0.0015466266, 0.0021370545, 0.0016211021, 0.0003434781, 0.0004065767, 0.0001172868, 0.0697066709]",0,0.02292370725,raw_action_units,2,96,769564,769564,true
99,train_single_demo,0.02343629921,0.02343629921,raw_action_units,0.9930535356,0.9930535356,5.460552216,"[1.0198704004, 0.9683610797, 0.9622098804, 1.0217728615]","[5.5226502419, 5.4153666496, 5.3996911049, 5.5044999123]","[0.0073369746, 0.0068380591, 0.009671472, 0.0090119988]","[0.0017514391, 0.00208618, 0.0023087498, 0.0002589884, 0.0005371244, 0.0001505665, 0.0504093356]",0,0.02343629797,raw_action_units,2,96,769564,769564,true
99,eval_same_demo_teacher_forced,0.02280597389,0.02280597389,raw_action_units,0.9928694169,0.9928694169,5.459833622,"[1.0196989775, 0.9680931568, 0.9618956447, 1.0217899084]","[5.5217690468, 5.4145178795, 5.3988242149, 5.5042228699]","[0.0061941533, 0.0101170251, 0.0131139094, 0.0138421943]","[0.0016171238, 0.0021710584, 0.0014400026, 0.0002218111, 0.0004126047, 9.22464e-05, 0.069762893]",0,0.02280597247,raw_action_units,2,96,769564,769564,true
100,train_single_demo,0.02272108446,0.02272108446,raw_action_units,0.992718637,0.992718637,5.459480127,"[1.0195555687, 0.9679939747, 0.9617177844, 1.0216070414]","[5.5214180946, 5.4142432213, 5.3984375, 5.5038208961]","[0.0074958955, 0.011655584, 0.0155880451, 0.0145588098]","[0.0018244399, 0.0023842959, 0.0024237477, 0.0002823152, 0.0003479037, 0.0001247794, 0.0788846016]",0,0.02272108339,raw_action_units,2,96,769564,769564,true
100,eval_same_demo_teacher_forced,0.02327202012,0.02327202012,raw_action_units,0.9918058316,0.9918058316,5.456845125,"[1.0181480646, 0.967546463, 0.9617934227, 1.0197353363]","[5.5175080299, 5.4126935005, 5.3985710144, 5.498606205]","[0.0061396151, 0.0099962763, 0.0130869327, 0.0136583587]","[0.0014937917, 0.0020865684, 0.0016199482, 0.0002762327, 0.00039249, 0.0001479316, 0.0690251067]",0,0.02327201906,raw_action_units,2,96,769564,769564,true
101,train_single_demo,0.02369336598,0.02369336598,raw_action_units,0.9917824268,0.9917824268,5.456702232,"[1.0180468559, 0.9675831795, 0.9620221257, 1.0194774866]","[5.5171775818, 5.4127440453, 5.3990631104, 5.4978237152]","[0.0022697195, 0.0057771676, 0.0058514164, 0.006179845]","[0.0018670989, 0.0019327571, 0.0027383191, 0.0002582601, 0.0003763293, 0.0001108305, 0.0278531611]",0,0.02369336536,raw_action_units,2,96,769564,769564,true
101,eval_same_demo_teacher_forced,0.0228209123,0.0228209123,raw_action_units,0.992317915,0.992317915,5.457762877,"[1.0186034441, 0.9682323337, 0.9622796178, 1.0201565027]","[5.5182909966, 5.4140191078, 5.399263382, 5.4994773865]","[0.0060185934, 0.0099477796, 0.0130880112, 0.0135483323]","[0.0016113349, 0.0020990304, 0.0015071997, 0.0001990173, 0.0003903466, 0.0001163633, 0.0686314628]",0,0.02282091195,raw_action_units,2,96,769564,769564,true
102,train_single_demo,0.02240186681,0.02240186681,raw_action_units,0.9924925168,0.9924925168,5.45829916,"[1.018799305, 0.9683091044, 0.9622872472, 1.0205745697]","[5.5188879967, 5.4143033028, 5.3992676735, 5.5007367134]","[0.0048278649, 0.006959762, 0.0063119587, 0.0055757947]","[0.0017793569, 0.0015372779, 0.0018064937, 0.0003585526, 0.0002636247, 0.000137757, 0.0355488546]",0,0.02240186539,raw_action_units,2,96,769564,769564,true
102,eval_same_demo_teacher_forced,0.02356167138,0.02356167138,raw_action_units,0.993590196,0.993590196,5.461577098,"[1.0205872059, 0.9685971141, 0.9617434144, 1.0234328508]","[5.5239672661, 5.4155831337, 5.3977074623, 5.5090508461]","[0.0063578184, 0.0107213547, 0.0133839063, 0.0141598033]","[0.0018744763, 0.0022045963, 0.0014110347, 0.0002561408, 0.0004124519, 0.0001093766, 0.0718219653]",0,0.02356166996,raw_action_units,2,96,769564,769564,true
103,train_single_demo,0.02352684736,0.02352684736,raw_action_units,0.9935189883,0.9935189883,5.461396853,"[1.0205070972, 0.968364656, 0.961741209, 1.02346313]","[5.5238127708, 5.4150891304, 5.3976378441, 5.5090470314]","[0.0049131988, 0.0067300345, 0.0066149025, 0.0069210059]","[0.001684356, 0.0018718127, 0.0019583132, 0.0002924626, 0.0003909055, 0.0001449681, 0.0377206802]",0,0.02352684594,raw_action_units,2,96,769564,769564,true
103,eval_same_demo_teacher_forced,0.02341294164,0.02341294164,raw_action_units,0.9932765762,0.9932765762,5.461186409,"[1.0203061104, 0.967564404, 0.9618163109, 1.0234193802]","[5.5241456032, 5.4138531685, 5.3976759911, 5.5090713501]","[0.0062101413, 0.0107518509, 0.0135755278, 0.0138399554]","[0.0014664475, 0.0020869772, 0.0013391998, 0.0002112164, 0.0003697112, 0.0001090876, 0.0720779374]",0,0.02341294005,raw_action_units,2,96,769564,769564,true
104,train_single_demo,0.02329816421,0.02329816421,raw_action_units,0.9930752913,0.9930752913,5.460606416,"[1.0199486017, 0.9674053788, 0.961907208, 1.0230396986]","[5.523255825, 5.413438797, 5.3978767395, 5.5078530312]","[0.0043350277, 0.0045929439, 0.005272401, 0.005455812]","[0.0018120537, 0.0019686576, 0.0022595408, 0.0003274741, 0.0003912048, 0.0001395009, 0.02749989]",0,0.0232981635,raw_action_units,2,96,769564,769564,true
104,eval_same_demo_teacher_forced,0.02244409422,0.02244409422,raw_action_units,0.9923352798,0.9923352798,5.458260536,"[1.0183712244, 0.9673609734, 0.9621798396, 1.0214289427]","[5.5191054344, 5.4128990173, 5.3985991478, 5.5024380684]","[0.0060288068, 0.0100780157, 0.0130520435, 0.0133765871]","[0.0015215166, 0.0021469709, 0.0018059877, 0.0002925586, 0.0004908227, 0.0001680777, 0.0680111051]",0,0.02244409351,raw_action_units,2,96,769564,769564,true
105,train_single_demo,0.02274211496,0.02274211496,raw_action_units,0.9922933181,0.9922933181,5.457684517,"[1.0181270838, 0.9675250649, 0.9621388316, 1.0213822126]","[5.5179610252, 5.4128060341, 5.3983492851, 5.5016212463]","[0.0024441031, 0.0056603928, 0.0083588799, 0.0081671942]","[0.0012798567, 0.0020486594, 0.0016726042, 0.0002822088, 0.000422419, 0.0001780841, 0.0372196659]",0,0.02274211461,raw_action_units,2,96,769564,769564,true
105,eval_same_demo_teacher_forced,0.02235362617,0.02235362617,raw_action_units,0.9925439159,0.9925439159,5.457826296,"[1.0185242891, 0.9684098363, 0.9615777135, 1.021663785]","[5.5178108215, 5.4143428802, 5.3974189758, 5.5017318726]","[0.0060335421, 0.0098030819, 0.0127960667, 0.0134599162]","[0.0017607966, 0.0021644386, 0.0014716955, 0.0002123217, 0.000385804, 0.0001182063, 0.067548804]",0,0.02235362501,raw_action_units,2,96,769564,769564,true
106,train_single_demo,0.02232556293,0.02232556293,raw_action_units,0.9926672777,0.9926672777,5.458097935,"[1.0189409256, 0.9685177803, 0.9614284039, 1.0217820406]","[5.518594265, 5.4145627022, 5.3971009254, 5.5021324158]","[0.0053027924, 0.0115849823, 0.0152538484, 0.0126366923]","[0.0018210461, 0.0016072324, 0.0018842545, 0.0003621762, 0.0003470476, 0.0001150997, 0.0722251907]",0,0.02232556258,raw_action_units,2,96,769564,769564,true
106,eval_same_demo_teacher_forced,0.02253523221,0.02253523221,raw_action_units,0.9935884873,0.9935884873,5.460274061,"[1.0215835571, 0.9688808918, 0.9606755376, 1.0232138634]","[5.5241317749, 5.4153785706, 5.3951153755, 5.5064711571]","[0.0062606875, 0.0103825079, 0.012971133, 0.0138124349]","[0.0020738784, 0.0020190978, 0.0014358043, 0.0002488088, 0.0005304853, 0.0001165226, 0.0695722327]",0,0.02253523185,raw_action_units,2,96,769564,769564,true
107,train_single_demo,0.0225582011,0.0225582011,raw_action_units,0.9936767419,0.9936767419,5.46037515,"[1.0218371153, 0.9688587785, 0.960719645, 1.0232914686]","[5.5245995522, 5.4152259827, 5.3950386047, 5.5066351891]","[0.0024806617, 0.0048607225, 0.0095894625, 0.0110040596]","[0.0014896644, 0.0021788294, 0.0026347612, 0.00030924, 0.0004089285, 0.0002061321, 0.0416585281]",0,0.02255819951,raw_action_units,2,96,769564,769564,true
107,eval_same_demo_teacher_forced,0.02233086278,0.02233086278,raw_action_units,0.9934927424,0.9934927424,5.459933599,"[1.0217598677, 0.9684484601, 0.9607828259, 1.0229798555]","[5.5249156952, 5.4140658379, 5.3947281837, 5.5060229301]","[0.0061681061, 0.0102372514, 0.0129392929, 0.0135434447]","[0.0015138933, 0.0019854072, 0.0012570819, 0.0002571949, 0.0003916454, 0.0001141388, 0.0695348009]",0,0.02233086243,raw_action_units,2,96,769564,769564,true
108,train_single_demo,0.02239046867,0.02239046867,raw_action_units,0.9932183027,0.9932183027,5.459238847,"[1.0211205482, 0.9682691097, 0.9608895183, 1.0225939751]","[5.523578167, 5.4135241508, 5.3949298859, 5.5049233437]","[0.0108413873, 0.0122623751, 0.0142138349, 0.0128240669]","[0.0016848467, 0.0020933377, 0.0020799641, 0.0003910843, 0.0004556697, 0.0001436932, 0.0808993131]",0,0.02239046778,raw_action_units,2,96,769564,769564,true
108,eval_same_demo_teacher_forced,0.02213389489,0.02213389489,raw_action_units,0.992268761,0.992268761,5.45663929,"[1.0186470747, 0.9677643776, 0.9610219002, 1.0216417313]","[5.5182132721, 5.4118380547, 5.3950018883, 5.5015044212]","[0.0059705512, 0.0100340368, 0.0128761902, 0.0130867595]","[0.0014956715, 0.0020198093, 0.0018848077, 0.0003342185, 0.0004982344, 0.0001674703, 0.0670429841]",0,0.02213389391,raw_action_units,2,96,769564,769564,true
109,train_single_demo,0.02228943879,0.02228943879,raw_action_units,0.9921483994,0.9921483994,5.456183434,"[1.0183186531, 0.9676318169, 0.9610114098, 1.0216318369]","[5.5172390938, 5.411468029, 5.394888401, 5.5011382103]","[0.0058082491, 0.0061851344, 0.0068271491, 0.0093297325]","[0.0019644918, 0.0020432211, 0.0025355378, 0.0002878863, 0.0004050682, 0.0002142112, 0.0418125428]",0,0.02228943791,raw_action_units,2,96,769564,769564,true
109,eval_same_demo_teacher_forced,0.02177768884,0.02177768884,raw_action_units,0.9923626582,0.9923626582,5.455924988,"[1.0183714628, 0.9677055478, 0.9601464868, 1.0232270956]","[5.5161910057, 5.4112353325, 5.3926887512, 5.5035858154]","[0.0060031624, 0.0097231707, 0.0125872316, 0.0131096719]","[0.0016081076, 0.0021405893, 0.0012787229, 0.0002140638, 0.0003907727, 0.0001106544, 0.0667477474]",0,0.02177768804,raw_action_units,2,96,769564,769564,true
110,train_single_demo,0.02177691708,0.02177691708,raw_action_units,0.9924887419,0.9924887419,5.456090291,"[1.0186542273, 0.9678047299, 0.9599805474, 1.0235154629]","[5.516556263, 5.4113936424, 5.3923287392, 5.5040802956]","[0.0058178133, 0.0083901705, 0.0131730335, 0.0151696401]","[0.0018020533, 0.0020666395, 0.0024971291, 0.0003987565, 0.0004206422, 0.0001494134, 0.0671290159]",0,0.02177691602,raw_action_units,2,96,769564,769564,true
110,eval_same_demo_teacher_forced,0.02203452711,0.02203452711,raw_action_units,0.9932685693,0.9932685693,5.457767169,"[1.0207055807, 0.968382597, 0.9593722224, 1.0246139765]","[5.5205130577, 5.4128513336, 5.3909430504, 5.5067601204]","[0.0061705844, 0.0101979682, 0.012694574, 0.0132017843]","[0.0017297658, 0.0018715346, 0.0014739496, 0.0002623372, 0.0004987789, 0.0001653272, 0.067961894]",0,0.02203452658,raw_action_units,2,96,769564,769564,true
111,train_single_demo,0.02210003386,0.02210003386,raw_action_units,0.9932766755,0.9932766755,5.457873027,"[1.0209360123, 0.96844244, 0.9593456388, 1.0243827105]","[5.5211296082, 5.4130725861, 5.3909168243, 5.5063729286]","[0.0085268263, 0.0085771335, 0.0098402854, 0.0103282835]","[0.0015849118, 0.0018158079, 0.0019644464, 0.0002672897, 0.0003889968, 0.0002493289, 0.0589561425]",0,0.0221000328,raw_action_units,2,96,769564,769564,true
111,eval_same_demo_teacher_forced,0.02149936495,0.02149936495,raw_action_units,0.9927675525,0.9927675525,5.45679156,"[1.0203531981, 0.9685084224, 0.9599368572, 1.0222718716]","[5.519947052, 5.4131112099, 5.3920388222, 5.5020689964]","[0.0059342203, 0.0098311091, 0.0126163401, 0.0130404616]","[0.0015849454, 0.0019529086, 0.0012375982, 0.0002273068, 0.0003670462, 0.0001684131, 0.0669505075]",0,0.02149936344,raw_action_units,2,96,769564,769564,true
112,train_single_demo,0.02172434144,0.02172434144,raw_action_units,0.9925342798,0.9925342798,5.456221739,"[1.019739151, 0.9684619308, 0.9601542354, 1.0217815638]","[5.5185751915, 5.4128623009, 5.392469883, 5.5009789467]","[0.0051639643, 0.0056358655, 0.008949019, 0.0116285859]","[0.0017286753, 0.0019940557, 0.0022731808, 0.0003331308, 0.0004162171, 0.0001884762, 0.0479767732]",0,0.02172434046,raw_action_units,2,96,769564,769564,true
112,eval_same_demo_teacher_forced,0.02165798532,0.02165798532,raw_action_units,0.9919259548,0.9919259548,5.454970042,"[1.0175060034, 0.9686401486, 0.9608011246, 1.0207567215]","[5.5141263008, 5.4128632545, 5.3939795494, 5.4989113808]","[0.0059351586, 0.009730923, 0.0124980072, 0.0128512671]","[0.0015104279, 0.0019047469, 0.0013347169, 0.0002357405, 0.0004112246, 0.0001873262, 0.0661926866]",0,0.02165798488,raw_action_units,2,96,769564,769564,true
113,train_single_demo,0.02158477468,0.02158477468,raw_action_units,0.991935571,0.991935571,5.455093702,"[1.0173826218, 0.968583405, 0.9608099461, 1.0209665298]","[5.5140151978, 5.4128146172, 5.3941001892, 5.4994430542]","[0.0042285048, 0.007957275, 0.0071743936, 0.0061983247]","[0.0012657755, 0.001794055, 0.0016147228, 0.0002916672, 0.0003454142, 0.0001725682, 0.0392431691]",0,0.02158477335,raw_action_units,2,96,769564,769564,true
113,eval_same_demo_teacher_forced,0.02143570098,0.02143570098,raw_action_units,0.9927176038,0.9927176038,5.457074801,"[1.0181649923, 0.9688817859, 0.9605540633, 1.0232696533]","[5.5162138939, 5.4137349129, 5.3935723305, 5.5047764778]","[0.0061922092, 0.0099006929, 0.0125486851, 0.0130682094]","[0.0017138115, 0.0021231237, 0.0014037496, 0.0002966287, 0.0003772371, 0.0001518905, 0.066925697]",0,0.02143569929,raw_action_units,2,96,769564,769564,true
114,train_single_demo,0.0214972437,0.0214972437,raw_action_units,0.9928487738,0.9928487738,5.457361539,"[1.0184777975, 0.9687803388, 0.9606038928, 1.0235331059]","[5.5168862343, 5.4135994911, 5.3935966492, 5.5053629875]","[0.0013651367, 0.0015878497, 0.0048195636, 0.0046914616]","[0.0015703972, 0.0016088415, 0.0017756643, 0.0002278723, 0.0003568757, 0.000171843, 0.0161005259]",0,0.02149724268,raw_action_units,2,96,769564,769564,true
114,eval_same_demo_teacher_forced,0.02160522714,0.02160522714,raw_action_units,0.9930043221,0.9930043221,5.457276344,"[1.0196970701, 0.9678527713, 0.9602349401, 1.0242322683]","[5.5188202858, 5.4116358757, 5.3922638893, 5.5063858032]","[0.0063831289, 0.0101774521, 0.0124729266, 0.0128389085]","[0.0015794481, 0.0019874817, 0.00119251, 0.0002016618, 0.0004171523, 0.0001322482, 0.0677662194]",0,0.02160522626,raw_action_units,2,96,769564,769564,true
115,train_single_demo,0.02179237952,0.02179237952,raw_action_units,0.9927318891,0.9927318891,5.45648543,"[1.0194636583, 0.9675157666, 0.9601820111, 1.0237659216]","[5.5180163383, 5.4107761383, 5.3920631409, 5.5050854683]","[0.0019560254, 0.002478332, 0.0040902202, 0.0079290606]","[0.001634237, 0.0015315847, 0.0023776672, 0.0002154559, 0.0003331335, 0.0001552115, 0.0225465801]",0,0.02179237845,raw_action_units,2,96,769564,769564,true
115,eval_same_demo_teacher_forced,0.02113360042,0.02113360042,raw_action_units,0.9917884668,0.9917884668,5.453962962,"[1.0187854767, 0.9666772485, 0.9604263306, 1.0212650299]","[5.5158705711, 5.4086437225, 5.3922028542, 5.4991335869]","[0.005907563, 0.0097002778, 0.012336825, 0.0125861922]","[0.0014687696, 0.0018797745, 0.0013417443, 0.0002531736, 0.000329127, 0.0001495086, 0.0655068979]",0,0.02113360025,raw_action_units,2,96,769564,769564,true
116,train_single_demo,0.02118949251,0.02118949251,raw_action_units,0.9917126894,0.9917126894,5.453796387,"[1.0185879469, 0.9667863846, 0.9605941176, 1.0208821297]","[5.5154418945, 5.40884161, 5.3925805092, 5.4983210564]","[0.0021309224, 0.0047102976, 0.0053333058, 0.006336546]","[0.0017864974, 0.0019543786, 0.0025142303, 0.0002571054, 0.0003774971, 0.0001377892, 0.0253668781]",0,0.02118949166,raw_action_units,2,96,769564,769564,true
116,eval_same_demo_teacher_forced,0.02109263092,0.02109263092,raw_action_units,0.9916983048,0.9916983048,5.453948975,"[1.0183721781, 0.9676406384, 0.9608252048, 1.019955039]","[5.5152659416, 5.4105429649, 5.3930683136, 5.4969172478]","[0.0059319753, 0.0097846733, 0.0124196745, 0.0126161687]","[0.0016506765, 0.0018636266, 0.0017292565, 0.0001979284, 0.000379982, 0.0001413672, 0.0653540269]",0,0.02109262915,raw_action_units,2,96,769564,769564,true
117,train_single_demo,0.02115786634,0.02115786634,raw_action_units,0.991858542,0.991858542,5.454350313,"[1.0184961557, 0.9678678513, 0.960716784, 1.0203533173]","[5.5155754089, 5.4110093117, 5.3928570747, 5.4979596138]","[0.0022741111, 0.0086224964, 0.0090379845, 0.0110778948]","[0.0015147565, 0.0020356129, 0.0017899899, 0.0002782451, 0.0002742354, 0.000187922, 0.0481910855]",0,0.02115786501,raw_action_units,2,96,769564,769564,true
117,eval_same_demo_teacher_forced,0.0208571963,0.0208571963,raw_action_units,0.9922684232,0.9922684232,5.45513471,"[1.0190318823, 0.9681768417, 0.9601604939, 1.0217045546]","[5.5164780617, 5.4114260674, 5.3917975426, 5.5008368492]","[0.0059208814, 0.00975974, 0.0123530999, 0.0127331764]","[0.0015940642, 0.0019072876, 0.0012500029, 0.0001968022, 0.0003524849, 0.000113229, 0.0659281984]",0,0.02085719506,raw_action_units,2,96,769564,769564,true
118,train_single_demo,0.02077927502,0.02077927502,raw_action_units,0.9923342864,0.9923342864,5.455234051,"[1.0192147493, 0.9681191444, 0.9601301551, 1.0218731165]","[5.5168099403, 5.4113030434, 5.3917555809, 5.5010681152]","[0.0077266558, 0.0073974379, 0.0074181259, 0.0071147755]","[0.001701145, 0.0017256312, 0.0016802665, 0.0002484589, 0.0003470316, 0.0001635886, 0.0460336097]",0,0.02077927405,raw_action_units,2,96,769564,769564,true
118,eval_same_demo_teacher_forced,0.02099255597,0.02099255597,raw_action_units,0.992304643,0.992304643,5.45464166,"[1.0192967653, 0.9676859975, 0.9602228999, 1.0220128298]","[5.516187191, 5.4101333618, 5.3920249939, 5.5002193451]","[0.0058935513, 0.0096665928, 0.0122475, 0.0124540301]","[0.0014894534, 0.0018192477, 0.0013459831, 0.0002583113, 0.0004240987, 0.0001438909, 0.0649769455]",0,0.02099255437,raw_action_units,2,96,769564,769564,true
119,train_single_demo,0.02098080081,0.02098080081,raw_action_units,0.9923460682,0.9923460682,5.454657078,"[1.0193294287, 0.9677894711, 0.9603982568, 1.0218669176]","[5.5161538124, 5.410337925, 5.3923473358, 5.4997901917]","[0.0074904896, 0.0068599558, 0.0067626727, 0.0078020697]","[0.0019656003, 0.0016433056, 0.0020876208, 0.0002652744, 0.0003073611, 0.0001666155, 0.0441658013]",0,0.02098079948,raw_action_units,2,96,769564,769564,true
119,eval_same_demo_teacher_forced,0.02077654252,0.02077654252,raw_action_units,0.9923912684,0.9923912684,5.45440197,"[1.0191137791, 0.9682982564, 0.9608957767, 1.0212575197]","[5.5152945518, 5.4110774994, 5.3930602074, 5.4981751442]","[0.005836545, 0.0095170122, 0.0121314051, 0.0123713277]","[0.0014213991, 0.0018136675, 0.0011780496, 0.0002094529, 0.000330879, 0.0001395406, 0.06465552]",0,0.02077654146,raw_action_units,2,96,769564,769564,true
120,train_single_demo,0.02073204207,0.02073204207,raw_action_units,0.992421627,0.992421627,5.454451243,"[1.0190069675, 0.9684379101, 0.961019814, 1.0212216377]","[5.5151062012, 5.4112801552, 5.3932385445, 5.4981803894]","[0.002036945, 0.0049450248, 0.0079833418, 0.0093077486]","[0.001504202, 0.0016574111, 0.0016369876, 0.0002272055, 0.0002828169, 0.0001493172, 0.0370199122]",0,0.02073204092,raw_action_units,2,96,769564,769564,true
120,eval_same_demo_teacher_forced,0.02064839254,0.02064839254,raw_action_units,0.9927972555,0.9927972555,5.455455939,"[1.0194205046, 0.9689367414, 0.9612906575, 1.0215409994]","[5.5163168907, 5.4123215675, 5.3933129311, 5.4998707771]","[0.0059467778, 0.0096455747, 0.012395977, 0.0125936279]","[0.0018998956, 0.0018330942, 0.0012611997, 0.0002001416, 0.0003488467, 0.0001350097, 0.0653402358]",0,0.02064839147,raw_action_units,2,96,769564,769564,true
121,train_single_demo,0.02064788342,0.02064788342,raw_action_units,0.9928093354,0.9928093354,5.455530008,"[1.019506216, 0.9688441157, 0.9613196254, 1.0215674639]","[5.5165352821, 5.4121937752, 5.3933105469, 5.5000782013]","[0.0091277966, 0.0127526075, 0.0148758674, 0.0158038791]","[0.0014451576, 0.0018091699, 0.0017473627, 0.0002956313, 0.0003004892, 0.0001248368, 0.0862575993]",0,0.020647882,raw_action_units,2,96,769564,769564,true
121,eval_same_demo_teacher_forced,0.02060521084,0.02060521084,raw_action_units,0.9929776986,0.9929776986,5.455734889,"[1.0200035572, 0.9681794047, 0.9617815018, 1.0219461918]","[5.5173649788, 5.4109401703, 5.3938708305, 5.50076437]","[0.0059057795, 0.0097282194, 0.012147285, 0.0125621697]","[0.0014546071, 0.0017911653, 0.0011188247, 0.0001975268, 0.0003232811, 0.0001113183, 0.0656043217]",0,0.02060520933,raw_action_units,2,96,769564,769564,true
122,train_single_demo,0.02066013093,0.02066013093,raw_action_units,0.992917498,0.992917498,5.45531861,"[1.0198284388, 0.9680126309, 0.9619681239, 1.0218608379]","[5.5166697502, 5.4103960991, 5.3941383362, 5.5000700951]","[0.0034050683, 0.005758544, 0.0086296964, 0.0105500622]","[0.0016965978, 0.001627584, 0.0015746136, 0.0002254149, 0.0001602273, 0.0001255047, 0.0441909619]",0,0.02066013075,raw_action_units,2,96,769564,769564,true
122,eval_same_demo_teacher_forced,0.02038258128,0.02038258128,raw_action_units,0.992672205,0.992672205,5.454171817,"[1.0193616152, 0.9672698379, 0.9625449181, 1.0215123892]","[5.5150799751, 5.408551693, 5.3951478004, 5.4979076385]","[0.0057957694, 0.0094325552, 0.01199497, 0.0121569894]","[0.0015346394, 0.001761079, 0.0011215887, 0.0002192994, 0.0003479194, 0.0001362528, 0.0637947172]",0,0.0203825803,raw_action_units,2,96,769564,769564,true
123,train_single_demo,0.02063795055,0.02063795055,raw_action_units,0.9925324519,0.9925324519,5.453761737,"[1.0191520452, 0.9671904445, 0.9625142217, 1.0212732553]","[5.5145020485, 5.4082756042, 5.3950819969, 5.4971885681]","[0.0057484624, 0.0112669254, 0.0121731637, 0.0115778558]","[0.0014413426, 0.0011086919, 0.0016754597, 0.0002984481, 0.000247698, 0.0001165643, 0.0664530024]",0,0.02063794931,raw_action_units,2,96,769564,769564,true
123,eval_same_demo_teacher_forced,0.02017725197,0.02017725197,raw_action_units,0.9925592343,0.9925592343,5.45404609,"[1.0189758539, 0.9675143361, 0.962212801, 1.0215336084]","[5.5145149231, 5.408908844, 5.3945097923, 5.4982504845]","[0.005790533, 0.0094246855, 0.0119154975, 0.0120644532]","[0.0014486817, 0.0017692498, 0.0011728014, 0.0001948238, 0.0003188125, 0.0001117772, 0.0635753945]",0,0.02017725153,raw_action_units,2,96,769564,769564,true
124,train_single_demo,0.02026204765,0.02026204765,raw_action_units,0.9926464756,0.9926464756,5.454371293,"[1.0190476179, 0.9676739573, 0.9620952606, 1.0217688084]","[5.5148320198, 5.4092974663, 5.3942909241, 5.4990639687]","[0.0090125343, 0.008447269, 0.0092767319, 0.0081776874]","[0.0020074733, 0.0015055916, 0.0019865867, 0.0002411854, 0.0003375105, 0.0001594513, 0.0548620857]",0,0.02026204623,raw_action_units,2,96,769564,769564,true
124,eval_same_demo_teacher_forced,0.02043148379,0.02043148379,raw_action_units,0.9926920732,0.9926920732,5.454719702,"[1.0190668106, 0.9679668546, 0.961896956, 1.0218374729]","[5.5151534081, 5.4099402428, 5.3937911987, 5.499994278]","[0.0058262669, 0.0094337193, 0.012117005, 0.0121402228]","[0.0016251864, 0.0017301472, 0.001036917, 0.0001801271, 0.0003142292, 0.0001469849, 0.0641215295]",0,0.02043148237,raw_action_units,2,96,769564,769564,true
125,train_single_demo,0.02034618519,0.02034618519,raw_action_units,0.9925893545,0.9925893545,5.454428991,"[1.0189270973, 0.9678943753, 0.9620420337, 1.0214936733]","[5.514737606, 5.4097671509, 5.3940777779, 5.4991326332]","[0.0037298035, 0.0096511496, 0.011979307, 0.0128826862]","[0.0013747747, 0.0017172463, 0.001576366, 0.0002661189, 0.0002801255, 0.0001352485, 0.0615752675]",0,0.02034618457,raw_action_units,2,96,769564,769564,true
125,eval_same_demo_teacher_forced,0.02001617228,0.02001617228,raw_action_units,0.9923557242,0.9923557242,5.453683535,"[1.0184847116, 0.9677678943, 0.9627289772, 1.0204414129]","[5.5133805275, 5.4096388817, 5.3956131935, 5.4961013794]","[0.00573785, 0.0093305307, 0.0117469067, 0.0118568614]","[0.0014300171, 0.0016960617, 0.0010696299, 0.0001989669, 0.0003196893, 9.0674e-05, 0.0628712177]",0,0.02001617139,raw_action_units,2,96,769564,769564,true
126,train_single_demo,0.02004976446,0.02004976446,raw_action_units,0.9925302664,0.9925302664,5.454075813,"[1.0185896158, 0.9680606723, 0.962883234, 1.0205873251]","[5.5136237144, 5.4103178978, 5.395960331, 5.49640131]","[0.0076192045, 0.0087559102, 0.0104287835, 0.0100771608]","[0.0014890105, 0.0014780484, 0.0016112719, 0.0002529339, 0.0003135456, 0.0001103831, 0.059286654]",0,0.02004976358,raw_action_units,2,96,769564,769564,true
126,eval_same_demo_teacher_forced,0.02008145116,0.02008145116,raw_action_units,0.9925603271,0.9925603271,5.454154174,"[1.0181139708, 0.9681864381, 0.9631274343, 1.0208134651]","[5.512617588, 5.4107513428, 5.3967208862, 5.4965252876]","[0.0057475665, 0.0093122972, 0.0116987238, 0.0118961828]","[0.0014337193, 0.0016718544, 0.0011296771, 0.000249819, 0.0003388555, 0.0001055037, 0.062716417]",0,0.02008145054,raw_action_units,2,96,769564,769564,true
127,train_single_demo,0.02005687201,0.02005687201,raw_action_units,0.9925226768,0.9925226768,5.454079628,"[1.0179498196, 0.9681407809, 0.9631279111, 1.0208721161]","[5.5122857094, 5.4106221199, 5.3967423439, 5.4966654778]","[0.0030261036, 0.004969127, 0.0051388131, 0.0052345288]","[0.0015618898, 0.001538186, 0.0016475115, 0.0002340692, 0.0002961955, 0.0001314598, 0.0267356876]",0,0.02005687143,raw_action_units,2,96,769564,769564,true
127,eval_same_demo_teacher_forced,0.01977888991,0.01977888991,raw_action_units,0.9924585819,0.9924585819,5.454113007,"[1.0175734758, 0.9679892659, 0.9627375603, 1.0215339661]","[5.5118160248, 5.4101843834, 5.3957915306, 5.4986596107]","[0.005774986, 0.0093668494, 0.011644532, 0.0117428796]","[0.0015418908, 0.0016903552, 0.0010406986, 0.0001819389, 0.0003397384, 0.0001010528, 0.0625304952]",0,0.01977888885,raw_action_units,2,96,769564,769564,true
128,train_single_demo,0.01979084313,0.01979084313,raw_action_units,0.9924589992,0.9924589992,5.454181671,"[1.017621994, 0.9679467678, 0.9627075195, 1.0215597153]","[5.5120353699, 5.4101176262, 5.3956694603, 5.4989056587]","[0.0041343593, 0.0079018334, 0.0075564277, 0.0080409553]","[0.0017150055, 0.001600077, 0.0017615681, 0.0002207143, 0.0002795268, 0.0001341414, 0.0426477194]",0,0.01979084242,raw_action_units,2,96,769564,769564,true
128,eval_same_demo_teacher_forced,0.01986277724,0.01986277724,raw_action_units,0.9928315878,0.9928315878,5.4552447,"[1.0181480646, 0.9685539603, 0.9630810618, 1.0215431452]","[5.513563633, 5.4115805626, 5.396188736, 5.4996452332]","[0.0058960132, 0.0094442535, 0.0118196355, 0.0118978508]","[0.0017012251, 0.0017479766, 0.0010390996, 0.0001834245, 0.0003318127, 0.0001033879, 0.0632441416]",0,0.019862776,raw_action_units,2,96,769564,769564,true
129,train_single_demo,0.01990631875,0.01990631875,raw_action_units,0.992863973,0.992863973,5.455226262,"[1.0181779861, 0.9687002301, 0.9633059502, 1.0212715864]","[5.5135264397, 5.4118533134, 5.3965744972, 5.4989504814]","[0.001273292, 0.0021678635, 0.005454585, 0.005927531]","[0.0012230686, 0.0014684753, 0.0017004135, 0.0001862454, 0.0003561441, 9.26221e-05, 0.0209137555]",0,0.0199063179,raw_action_units,2,96,769564,769564,true
129,eval_same_demo_teacher_forced,0.01956173467,0.01956173467,raw_action_units,0.9928103487,0.9928103487,5.454926809,"[1.017978549, 0.9695048332, 0.963790834, 1.0199670792]","[5.5127711296, 5.4134383202, 5.3976864815, 5.4958109856]","[0.005806997, 0.0092320787, 0.0115904668, 0.0117112985]","[0.0013857842, 0.0017043982, 0.0011030281, 0.0001722891, 0.0004231603, 0.0001211861, 0.0621866174]",0,0.01956173352,raw_action_units,2,96,769564,769564,true
130,train_single_demo,0.0195450553,0.0195450553,raw_action_units,0.9927600423,0.9927600423,5.454916318,"[1.0178661346, 0.9696280956, 0.9637032151, 1.0198427439]","[5.5126042366, 5.4137330055, 5.3976817131, 5.4956450462]","[0.0070537012, 0.00615214, 0.0058231112, 0.0062179067]","[0.0015695557, 0.0012677825, 0.0017674122, 0.0002392958, 0.0002947474, 0.0001645852, 0.0388786234]",0,0.01954505415,raw_action_units,2,96,769564,769564,true
130,eval_same_demo_teacher_forced,0.01955900838,0.01955900838,raw_action_units,0.9924846888,0.9924846888,5.453983466,"[1.0173840523, 0.9699707031, 0.9634129405, 1.0191713572]","[5.5109729767, 5.413962841, 5.3971886635, 5.4938087463]","[0.0057223751, 0.009153788, 0.011477069, 0.011528071]","[0.001356593, 0.0016588819, 0.0010266689, 0.0001817044, 0.0003251104, 0.0001232747, 0.0616200417]",0,0.01955900732,raw_action_units,2,96,769564,769564,true
131,train_single_demo,0.01971703147,0.01971703147,raw_action_units,0.9924301108,0.9924301108,5.45374012,"[1.017341733, 0.9698817134, 0.9634759426, 1.0190211535]","[5.5106873512, 5.4136795998, 5.3972706795, 5.4933223724]","[0.0040396489, 0.0039422065, 0.0041878475, 0.0041737258]","[0.0017946364, 0.0015860026, 0.0018166594, 0.0001970304, 0.0003546513, 0.0001423995, 0.0227096174]",0,0.01971703058,raw_action_units,2,96,769564,769564,true
131,eval_same_demo_teacher_forced,0.01937894709,0.01937894709,raw_action_units,0.9928326607,0.9928326607,5.454323292,"[1.0184313059, 0.9702234268, 0.9631637931, 1.0195122957]","[5.5126690865, 5.4140148163, 5.3960227966, 5.4945869446]","[0.0057870094, 0.0092812581, 0.0114347646, 0.0115559911]","[0.0015421227, 0.0016932517, 0.0010643125, 0.0001569404, 0.0003211186, 0.0001012491, 0.0617243014]",0,0.01937894594,raw_action_units,2,96,769564,769564,true
132,train_single_demo,0.01932644347,0.01932644347,raw_action_units,0.9929231803,0.9929231803,5.454516888,"[1.0187023878, 0.9702804685, 0.9630740285, 1.019636035]","[5.5132632256, 5.4141101837, 5.3957533836, 5.4949417114]","[0.0083216075, 0.0074450779, 0.0071525755, 0.0082324818]","[0.0015601339, 0.0015099985, 0.0016076019, 0.000209496, 0.0003086053, 0.000152777, 0.0491669327]",0,0.01932644276,raw_action_units,2,96,769564,769564,true
132,eval_same_demo_teacher_forced,0.01980867237,0.01980867237,raw_action_units,0.9930288593,0.9930288593,5.454774857,"[1.0198216438, 0.969833672, 0.9625187516, 1.01994133]","[5.5158772469, 5.413175106, 5.3940863609, 5.4959602356]","[0.0058728349, 0.0094448337, 0.0117039001, 0.0117563754]","[0.0014388529, 0.001726288, 0.001023769, 0.0001875391, 0.0003280184, 0.0001129252, 0.0630440041]",0,0.0198086713,raw_action_units,2,96,769564,769564,true
133,train_single_demo,0.01976321141,0.01976321141,raw_action_units,0.9927930633,0.9927930633,5.454130173,"[1.0196382999, 0.9694066048, 0.9624938965, 1.0196334124]","[5.5153412819, 5.4121952057, 5.3939270973, 5.4950556755]","[0.0024535195, 0.0032042291, 0.0065211039, 0.0069724382]","[0.0014674249, 0.0014121257, 0.0014566625, 0.0002423839, 0.0002398087, 0.0001129717, 0.0285833776]",0,0.01976320999,raw_action_units,2,96,769564,769564,true
133,eval_same_demo_teacher_forced,0.01928103467,0.01928103467,raw_action_units,0.9919013977,0.9919013977,5.451899529,"[1.0186294317, 0.9678440094, 0.9624555111, 1.0186767578]","[5.5127167702, 5.4089407921, 5.393863678, 5.4920754433]","[0.0056877066, 0.0091774352, 0.0113622146, 0.0112390993]","[0.0014631464, 0.0016084159, 0.0010712795, 0.0001900513, 0.0003123797, 0.000120753, 0.0608002692]",0,0.01928103396,raw_action_units,2,96,769564,769564,true
134,train_single_demo,0.01924456904,0.01924456904,raw_action_units,0.9919300874,0.9919300874,5.451954683,"[1.0185933113, 0.967790544, 0.9625003934, 1.0188360214]","[5.5125789642, 5.408894062, 5.3939976692, 5.4923462868]","[0.0062300744, 0.0060562952, 0.0063367714, 0.0063233501]","[0.0020187371, 0.0015114989, 0.0021229319, 0.0001435818, 0.0003126822, 0.0001170601, 0.0374298617]",0,0.01924456798,raw_action_units,2,96,769564,769564,true
134,eval_same_demo_teacher_forced,0.01937261969,0.01937261969,raw_action_units,0.9918116331,0.9918116331,5.451449394,"[1.017665267, 0.9678197503, 0.9630691409, 1.0186924934]","[5.5100388527, 5.4089813232, 5.3954749107, 5.4913024902]","[0.0056672408, 0.0090441927, 0.0112034641, 0.0112142758]","[0.0013280445, 0.0015875014, 0.0009659053, 0.0001648934, 0.0003427883, 0.0001255631, 0.0604613535]",0,0.01937261862,raw_action_units,2,96,769564,769564,true
135,train_single_demo,0.01959043213,0.01959043213,raw_action_units,0.9918196797,0.9918196797,5.451421102,"[1.0175244808, 0.967849493, 0.963300705, 1.0186041594]","[5.5096583366, 5.4090270996, 5.3959965706, 5.4910025597]","[0.0044851894, 0.0049664997, 0.0054229214, 0.0057890192]","[0.0015688553, 0.0013359118, 0.0018372611, 0.0002383336, 0.0002909062, 0.0001039503, 0.0307861343]",0,0.01959043067,raw_action_units,2,96,769564,769564,true
135,eval_same_demo_teacher_forced,0.01919045548,0.01919045548,raw_action_units,0.9927386642,0.9927386642,5.453633785,"[1.0186825991, 0.9687878489, 0.9636521339, 1.019832015]","[5.5123848915, 5.4109706879, 5.3966546059, 5.4945240021]","[0.0058589508, 0.0091855731, 0.0112675065, 0.0114670172]","[0.0019486557, 0.0016876358, 0.001147219, 0.0002009118, 0.0003065057, 0.0001029894, 0.0607194155]",0,0.01919045477,raw_action_units,2,96,769564,769564,true
136,train_single_demo,0.01904720254,0.01904720254,raw_action_units,0.9929136237,0.9929136237,5.45412604,"[1.0190107822, 0.9689049721, 0.9636517167, 1.0200871229]","[5.5132484436, 5.4112248421, 5.3966202736, 5.495411396]","[0.0028736794, 0.0083188955, 0.007658903, 0.0069002602]","[0.0016979612, 0.0014327826, 0.0020709808, 0.0002401313, 0.0002692023, 0.0001445596, 0.0392099209]",0,0.0190472021,raw_action_units,2,96,769564,769564,true
136,eval_same_demo_teacher_forced,0.01984832001,0.01984832001,raw_action_units,0.9936145544,0.9936145544,5.456443787,"[1.0209476948, 0.9689981937, 0.9634338021, 1.0210784674]","[5.5185871124, 5.4118075371, 5.3960433006, 5.4993367195]","[0.0060902857, 0.0098090647, 0.011773427, 0.0120455353]","[0.0016527479, 0.0016390542, 0.0009018321, 0.000172139, 0.0003471252, 0.0001101525, 0.0646839961]",0,0.01984831904,raw_action_units,2,96,769564,769564,true
137,train_single_demo,0.01978111236,0.01978111236,raw_action_units,0.9934409459,0.9934409459,5.456008275,"[1.0208226442, 0.9687130451, 0.9635278583, 1.0207002163]","[5.5183258057, 5.4111666679, 5.3961863518, 5.4983539581]","[0.0018789036, 0.0021803596, 0.0025842877, 0.0030460625]","[0.0011749404, 0.001289866, 0.001312071, 0.0002318862, 0.0002414899, 0.0001265385, 0.0125800325]",0,0.01978111107,raw_action_units,2,96,769564,769564,true
137,eval_same_demo_teacher_forced,0.01910453228,0.01910453228,raw_action_units,0.9927206437,0.9927206437,5.454185168,"[1.0196262598, 0.9678311944, 0.9641056657, 1.0193195343]","[5.5158119202, 5.409142971, 5.3972849846, 5.4945015907]","[0.0057385066, 0.0093773911, 0.0114561282, 0.0111800907]","[0.001424923, 0.0015618503, 0.0011481956, 0.0002719129, 0.0003516185, 0.0001585483, 0.0611491501]",0,0.01910453112,raw_action_units,2,96,769564,769564,true
138,train_single_demo,0.01913732911,0.01913732911,raw_action_units,0.9926701784,0.9926701784,5.453948657,"[1.019177556, 0.9679357409, 0.9643067718, 1.0192607641]","[5.5147404671, 5.4092917442, 5.3976988792, 5.4940624237]","[0.0089572771, 0.0086587546, 0.0122452192, 0.0119990958]","[0.0023269346, 0.0012720955, 0.0020788948, 0.0002745338, 0.0003122061, 0.0001701356, 0.0668208078]",0,0.01913732858,raw_action_units,2,96,769564,769564,true
138,eval_same_demo_teacher_forced,0.01895079079,0.01895079079,raw_action_units,0.992467165,0.992467165,5.452478091,"[1.0176135302, 0.9680668712, 0.9646832943, 1.019505024]","[5.51019907, 5.4088044167, 5.3981719017, 5.4927368164]","[0.0056655058, 0.0089718914, 0.0111315204, 0.0110626966]","[0.0013828272, 0.0015943757, 0.0010310475, 0.0001995021, 0.0003362815, 0.0001751379, 0.0597361512]",0,0.01895078946,raw_action_units,2,96,769564,769564,true
139,train_single_demo,0.01924111849,0.01924111849,raw_action_units,0.9924228986,0.9924228986,5.452084859,"[1.017490983, 0.96799016, 0.9645511508, 1.0196591616]","[5.5095233917, 5.4084067345, 5.3977913857, 5.4926185608]","[0.002553558, 0.0033615564, 0.0056443699, 0.0060654418]","[0.0012767784, 0.0011088027, 0.0014758395, 0.0002423735, 0.0002827207, 0.000159316, 0.0262977872]",0,0.0192411173,raw_action_units,2,96,769564,769564,true
139,eval_same_demo_teacher_forced,0.01896410932,0.01896410932,raw_action_units,0.9933428367,0.9933428367,5.453545094,"[1.0192673206, 0.9685000777, 0.9640981555, 1.0215058327]","[5.5124835968, 5.4091506004, 5.3962140083, 5.4963307381]","[0.0058070342, 0.0090543469, 0.0111133857, 0.0112525309]","[0.0018218089, 0.0016069217, 0.0010067301, 0.0002349665, 0.0003300279, 0.0001620466, 0.0599852651]",0,0.01896410897,raw_action_units,2,96,769564,769564,true
140,train_single_demo,0.0195256186,0.0195256186,raw_action_units,0.993625164,0.993625164,5.454273542,"[1.0198863745, 0.9686803818, 0.9640579224, 1.0218758583]","[5.5139136314, 5.4096717834, 5.3960442543, 5.4974632263]","[0.0019183367, 0.0064029824, 0.006610943, 0.0091395779]","[0.0017077121, 0.0015364633, 0.0017484915, 0.000270298, 0.000326477, 0.0001493206, 0.0363869555]",0,0.01952561736,raw_action_units,2,96,769564,769564,true
140,eval_same_demo_teacher_forced,0.01895076844,0.01895076844,raw_action_units,0.9940046072,0.9940046072,5.455130736,"[1.021324873, 0.9686796069, 0.9640802741, 1.021933794]","[5.5171227455, 5.4097743034, 5.3958706856, 5.4977545738]","[0.0056958026, 0.0091706021, 0.011171666, 0.0112766894]","[0.0014130858, 0.0015515308, 0.0008681738, 0.0001924803, 0.0003477132, 0.0001637275, 0.0607641228]",0,0.01895076746,raw_action_units,2,96,769564,769564,true
141,train_single_demo,0.01891542257,0.01891542257,raw_action_units,0.9937636058,0.9937636058,5.454583486,"[1.0209082365, 0.9685060382, 0.9641935229, 1.0214465857]","[5.5162506104, 5.4093585014, 5.3962173462, 5.4965062141]","[0.0023581691, 0.0026727396, 0.0031187125, 0.0037199005]","[0.0018915214, 0.0012853389, 0.0017129387, 0.0002750271, 0.0002909468, 0.0001773456, 0.0151385432]",0,0.01891542208,raw_action_units,2,96,769564,769564,true
141,eval_same_demo_teacher_forced,0.01914748177,0.01914748177,raw_action_units,0.9928318262,0.9928318262,5.452583949,"[1.0188227892, 0.9678698182, 0.9646961093, 1.0199384689]","[5.5120711327, 5.4079155922, 5.3978734016, 5.4924721718]","[0.0057130568, 0.0091187982, 0.0109487921, 0.011014346]","[0.0017050483, 0.0015584551, 0.0011065929, 0.0003410359, 0.0003392736, 0.0001780415, 0.0591627844]",0,0.01914748053,raw_action_units,2,96,769564,769564,true
142,train_single_demo,0.01922875084,0.01922875084,raw_action_units,0.9929065704,0.9929065704,5.452912331,"[1.0186527967, 0.9680336118, 0.9648428559, 1.0200971365]","[5.5119347572, 5.4083824158, 5.3982849121, 5.4930472374]","[0.0070911716, 0.0112661244, 0.0117296055, 0.0083486345]","[0.0015615546, 0.0011792345, 0.0013283448, 0.0002414872, 0.0002671937, 0.0001846972, 0.0624996759]",0,0.01922875004,raw_action_units,2,96,769564,769564,true
142,eval_same_demo_teacher_forced,0.01846842219,0.01846842219,raw_action_units,0.9929844141,0.9929844141,5.453105609,"[1.0176869631, 0.9681630135, 0.9650146365, 1.0210729837]","[5.5097923279, 5.4086699486, 5.3986549377, 5.4953041077]","[0.0056586345, 0.0089302761, 0.0109428577, 0.0108268904]","[0.001437529, 0.0015924583, 0.0009423217, 0.0001539973, 0.000342169, 0.0001526407, 0.0590065382]",0,0.01846842113,raw_action_units,2,96,769564,769564,true
143,train_single_demo,0.01856072682,0.01856072682,raw_action_units,0.9930426478,0.9930426478,5.453131994,"[1.0178031921, 0.9680754542, 0.9649376273, 1.0213543177]","[5.5099015236, 5.4084181786, 5.3983268738, 5.4958815575]","[0.0026791117, 0.0084128259, 0.0102376463, 0.0097038876]","[0.0017611957, 0.0014304817, 0.0015765195, 0.0002463787, 0.0003123376, 0.0001881521, 0.0487935096]",0,0.01856072531,raw_action_units,2,96,769564,769564,true
143,eval_same_demo_teacher_forced,0.01834986731,0.01834986731,raw_action_units,0.9931072195,0.9931072195,5.453091304,"[1.0182766914, 0.9677180648, 0.9648897052, 1.0215443373]","[5.510456562, 5.4077591896, 5.3978691101, 5.4962801933]","[0.0057003093, 0.0089885322, 0.0108555779, 0.0109123448]","[0.0015329394, 0.0015728454, 0.0009776951, 0.000174386, 0.0003045234, 0.000111839, 0.0591251105]",0,0.01834986607,raw_action_units,2,96,769564,769564,true
144,train_single_demo,0.01838164932,0.01838164932,raw_action_units,0.9930210908,0.9930210908,5.452798684,"[1.0182683468, 0.9676139951, 0.9649481177, 1.021253705]","[5.5103163719, 5.4074730873, 5.3979239464, 5.4954795837]","[0.0021814751, 0.0043227482, 0.0066176797, 0.0069146045]","[0.0015248423, 0.0012258344, 0.0014581615, 0.0001561081, 0.0002250796, 0.0001198514, 0.0303540081]",0,0.01838164812,raw_action_units,2,96,769564,769564,true
144,eval_same_demo_teacher_forced,0.01826784139,0.01826784139,raw_action_units,0.9927952687,0.9927952687,5.452329636,"[1.0186616182, 0.9674940705, 0.9649381638, 1.0200872421]","[5.5112266541, 5.407304287, 5.3976998329, 5.4930872917]","[0.005589725, 0.008991885, 0.0108327111, 0.0107250316]","[0.0013699102, 0.0015687505, 0.0010339966, 0.0001635158, 0.0003570377, 0.0001424116, 0.0586082488]",0,0.01826784086,raw_action_units,2,96,769564,769564,true
145,train_single_demo,0.01836218126,0.01836218126,raw_action_units,0.9927491347,0.9927491347,5.452213923,"[1.0184900761, 0.9675970078, 0.9649632573, 1.0199460983]","[5.510848999, 5.407459259, 5.3977293968, 5.4928174019]","[0.0055381679, 0.0070867073, 0.0074838349, 0.0084497454]","[0.0017939865, 0.0014041289, 0.0019558962, 0.0002138825, 0.0002987989, 0.0001420793, 0.0441685282]",0,0.01836218011,raw_action_units,2,96,769564,769564,true
145,eval_same_demo_teacher_forced,0.01817289429,0.01817289429,raw_action_units,0.9927024444,0.9927024444,5.452497641,"[1.0181468725, 0.9678282142, 0.9644665122, 1.0203682184]","[5.5107970238, 5.4079422951, 5.3967175484, 5.4945321083]","[0.0055811438, 0.0089936312, 0.0107971691, 0.0107297348]","[0.001281283, 0.0015564781, 0.0010259863, 0.0001500638, 0.0003088535, 0.0001048523, 0.0587504208]",0,0.0181728935,raw_action_units,2,96,769564,769564,true
146,train_single_demo,0.01828288256,0.01828288256,raw_action_units,0.9926945368,0.9926945368,5.452507655,"[1.0180677176, 0.9677605629, 0.9643716812, 1.020578146]","[5.5106811523, 5.4077839851, 5.3965363503, 5.4950275421]","[0.0020604471, 0.0025778657, 0.0032280255, 0.0053116712]","[0.0015241955, 0.0013341744, 0.0010965369, 0.0001700827, 0.0002652483, 0.0001087098, 0.0185625684]",0,0.0182828818,raw_action_units,2,96,769564,769564,true
146,eval_same_demo_teacher_forced,0.01812096623,0.01812096623,raw_action_units,0.9925648173,0.9925648173,5.452312787,"[1.0171689987, 0.9675705433, 0.9641236663, 1.0213961601]","[5.5090022087, 5.407333374, 5.3963527679, 5.4965615273]","[0.0056500174, 0.008910208, 0.0108450325, 0.0106038786]","[0.0014540564, 0.001655426, 0.0008206028, 0.0001848041, 0.0002910746, 0.0001463502, 0.058463674]",0,0.01812096579,raw_action_units,2,96,769564,769564,true
147,train_single_demo,0.01809688347,0.01809688347,raw_action_units,0.9925582409,0.9925582409,5.452360948,"[1.0170742273, 0.9675782323, 0.9643445015, 1.0212359428]","[5.5088276863, 5.4074835777, 5.3969368935, 5.4961953163]","[0.0032049436, 0.0084542232, 0.0099909352, 0.0092126662]","[0.0015767507, 0.0016550054, 0.0013835737, 0.0002267367, 0.0002467819, 0.0001532803, 0.048767712]",0,0.01809688267,raw_action_units,2,96,769564,769564,true
147,eval_same_demo_teacher_forced,0.01816656999,0.01816656999,raw_action_units,0.9925015171,0.9925015171,5.45183595,"[1.017100215, 0.9674251676, 0.9643025398, 1.0211781263]","[5.5081658363, 5.4071617126, 5.3970017433, 5.4950137138]","[0.005598987, 0.0087372577, 0.0106382938, 0.0106678447]","[0.0013125051, 0.0016606956, 0.0008438103, 0.0001686348, 0.0003369191, 9.74754e-05, 0.0579541288]",0,0.01816656973,raw_action_units,2,96,769564,769564,true
148,train_single_demo,0.01826514614,0.01826514614,raw_action_units,0.9925417105,0.9925417105,5.451903025,"[1.0173648596, 0.9674425721, 0.9640815854, 1.0212779045]","[5.5086364746, 5.4072475433, 5.3965630531, 5.4951643944]","[0.0071214107, 0.0069464599, 0.009050495, 0.0111997304]","[0.0013244053, 0.0015184297, 0.0014301292, 0.0001781502, 0.0002851342, 8.81923e-05, 0.0552322231]",0,0.01826514517,raw_action_units,2,96,769564,769564,true
148,eval_same_demo_teacher_forced,0.01780373168,0.01780373168,raw_action_units,0.9929684202,0.9929684202,5.452640216,"[1.0186556578, 0.9680489898, 0.9638430476, 1.0213261843]","[5.5108604431, 5.4086089134, 5.3956313133, 5.4954600334]","[0.0055674682, 0.008737619, 0.0106228022, 0.0104417726]","[0.0013621518, 0.0015541079, 0.0008092181, 0.0001657508, 0.0002912553, 0.000105453, 0.0576089658]",0,0.01780373071,raw_action_units,2,96,769564,769564,true
149,train_single_demo,0.01798358125,0.01798358125,raw_action_units,0.9931164583,0.9931164583,5.452926,"[1.0188428164, 0.968337357, 0.9639431834, 1.0213423967]","[5.5112490654, 5.4091591835, 5.3956794739, 5.4956169128]","[0.0070610079, 0.0112700118, 0.0104789222, 0.0115990071]","[0.0012534299, 0.0014001172, 0.001556893, 0.0002715718, 0.0002977395, 0.0001177296, 0.0658181831]",0,0.01798358063,raw_action_units,2,96,769564,769564,true
149,eval_same_demo_teacher_forced,0.01802405653,0.01802405653,raw_action_units,0.9933284521,0.9933284521,5.453278859,"[1.0187492371, 0.9692473412, 0.9642477632, 1.0210696459]","[5.5110087395, 5.4107074738, 5.3960251808, 5.4953742027]","[0.005568238, 0.0086955111, 0.0107459165, 0.0108719869]","[0.0015660524, 0.0015653651, 0.0008898385, 0.0001761801, 0.0002799968, 0.0001274811, 0.0581879765]",0,0.01802405573,raw_action_units,2,96,769564,769564,true
150,train_single_demo,0.018105718,0.018105718,raw_action_units,0.9933753411,0.9933753411,5.453333537,"[1.018743515, 0.9693648219, 0.9641831517, 1.021209836]","[5.5110077858, 5.4108123779, 5.3958716393, 5.4956412315]","[0.0066335108, 0.0095341215, 0.0093989251, 0.0104366792]","[0.0018211534, 0.001377233, 0.0013870542, 0.000159749, 0.0002660468, 0.0001052049, 0.0578892194]",0,0.01810571693,raw_action_units,2,96,769564,769564,true
150,eval_same_demo_teacher_forced,0.01803939417,0.01803939417,raw_action_units,0.9928356806,0.9928356806,5.451343218,"[1.0174100399, 0.9687402248, 0.9643585086, 1.0208339691]","[5.5075058937, 5.4084677696, 5.3963737488, 5.4930243492]","[0.0055581531, 0.0087439166, 0.0105039403, 0.0103337346]","[0.0013070513, 0.0015576752, 0.000847969, 0.000225817, 0.0003055083, 0.0001069243, 0.0571436025]",0,0.01803939328,raw_action_units,2,96,769564,769564,true
151,train_single_demo,0.01881702679,0.01881702679,raw_action_units,0.99269104,0.99269104,5.45101738,"[1.0171710253, 0.9685112834, 0.9645978808, 1.0204839706]","[5.5069441795, 5.4080109596, 5.3970141411, 5.4921011925]","[0.006073236, 0.0090433173, 0.0126160225, 0.0122432634]","[0.0019665493, 0.0013071102, 0.0014982043, 0.0003025375, 0.0002696733, 0.000162596, 0.0644510463]",0,0.01881702599,raw_action_units,2,96,769564,769564,true
151,eval_same_demo_teacher_forced,0.01797381292,0.01797381292,raw_action_units,0.9925890168,0.9925890168,5.450341225,"[1.0179498196, 0.9672803879, 0.9643656611, 1.0207601786]","[5.5081543922, 5.4050483704, 5.3960328102, 5.4921278954]","[0.0055499426, 0.008690238, 0.0104773426, 0.0105184121]","[0.0014517418, 0.0015624301, 0.0008803702, 0.0002363394, 0.0002936753, 0.0001361251, 0.0571022034]",0,0.01797381256,raw_action_units,2,96,769564,769564,true
152,train_single_demo,0.01797745656,0.01797745656,raw_action_units,0.9926898877,0.9926898877,5.450648626,"[1.0183216333, 0.9672119021, 0.9642741084, 1.0209517479]","[5.5090651512, 5.4049582481, 5.3956298828, 5.4929404259]","[0.0012722287, 0.0019467032, 0.0045029535, 0.0041571283]","[0.0014233907, 0.0014301803, 0.0013985942, 0.00014078, 0.0002899577, 0.0001646283, 0.0159407426]",0,0.0179774559,raw_action_units,2,96,769564,769564,true
152,eval_same_demo_teacher_forced,0.01891742026,0.01891742026,raw_action_units,0.9931268692,0.9931268692,5.451957703,"[1.0198589563, 0.967019856, 0.9637239575, 1.0219045877]","[5.5127053261, 5.4049243927, 5.3938174248, 5.4963817596]","[0.0059059313, 0.0093171401, 0.0108357565, 0.0104939751]","[0.0015340201, 0.0015573738, 0.0008716124, 0.0001716493, 0.0003325985, 0.000115625, 0.0593845211]",0,0.01891741937,raw_action_units,2,96,769564,769564,true
153,train_single_demo,0.01887505191,0.01887505191,raw_action_units,0.993178765,0.993178765,5.452097257,"[1.019862175, 0.9671270251, 0.9637901783, 1.0219358206]","[5.5126976967, 5.4052181244, 5.3939681053, 5.4965043068]","[0.0072514662, 0.011284411, 0.0096327858, 0.0097108232]","[0.0017778048, 0.0013203883, 0.0014675414, 0.0002746966, 0.0003066541, 0.0001498992, 0.0609921105]",0,0.01887505111,raw_action_units,2,96,769564,769564,true
153,eval_same_demo_teacher_forced,0.01759744932,0.01759744932,raw_action_units,0.992317756,0.992317756,5.449463685,"[1.017382741, 0.9668512344, 0.9648623466, 1.020174861]","[5.5064530373, 5.4042129517, 5.3962054253, 5.4909820557]","[0.0055400264, 0.0086782603, 0.0103166811, 0.0101197157]","[0.0014521586, 0.0015375969, 0.0009240372, 0.0001511456, 0.0003168173, 0.0001566563, 0.0561072826]",0,0.01759744826,raw_action_units,2,96,769564,769564,true
154,train_single_demo,0.01953271652,0.01953271652,raw_action_units,0.9920594295,0.9920594295,5.448619366,"[1.0165795088, 0.9667904377, 0.9651547074, 1.0197130442]","[5.5044226646, 5.403881073, 5.3968377113, 5.4893360138]","[0.0055585806, 0.0088543287, 0.0084122727, 0.0115549443]","[0.0019988627, 0.0013189762, 0.0015825775, 0.00023126, 0.0002949054, 0.0001804453, 0.0545581914]",0,0.01953271528,raw_action_units,2,96,769564,769564,true
154,eval_same_demo_teacher_forced,0.01834093593,0.01834093593,raw_action_units,0.9923269749,0.9923269749,5.449226062,"[1.015987277, 0.9675242305, 0.9659697413, 1.0198267698]","[5.503238678, 5.4055900574, 5.398709774, 5.489364624]","[0.0056246812, 0.0087554762, 0.010363725, 0.0103101619]","[0.0013122846, 0.0015509977, 0.0011370927, 0.0001542913, 0.0003022524, 8.80598e-05, 0.0567995943]",0,0.01834093531,raw_action_units,2,96,769564,769564,true
155,train_single_demo,0.01902723064,0.01902723064,raw_action_units,0.9927836259,0.9927836259,5.450416565,"[1.0168217421, 0.9678681493, 0.965834856, 1.020609498]","[5.5052371025, 5.4064469337, 5.3982987404, 5.4916820526]","[0.0058220183, 0.0053412411, 0.0070026405, 0.0059272698]","[0.0014755432, 0.0012109765, 0.0016490492, 0.0001780765, 0.0002874064, 0.0001244599, 0.0372375287]",0,0.01902722958,raw_action_units,2,96,769564,769564,true
155,eval_same_demo_teacher_forced,0.01852811997,0.01852811997,raw_action_units,0.9941027562,0.9941027562,5.453826904,"[1.0194929838, 0.9685945511, 0.9651389718, 1.0231844187]","[5.5115394592, 5.4082546234, 5.3965811729, 5.4989333153]","[0.0059231762, 0.0092846612, 0.010701484, 0.0107520679]","[0.0017129538, 0.0015503913, 0.0011985338, 0.0001542767, 0.0003691864, 0.0001378313, 0.0590342544]",0,0.01852811944,raw_action_units,2,96,769564,769564,true
156,train_single_demo,0.01856235601,0.01856235601,raw_action_units,0.9940789541,0.9940789541,5.453669389,"[1.0195991993, 0.9684469104, 0.9650158286, 1.0232536793]","[5.5116710663, 5.4077858925, 5.3962287903, 5.4989914894]","[0.0068065375, 0.0073345038, 0.007920363, 0.0085757254]","[0.0017107659, 0.0013881954, 0.0015037414, 0.0001709909, 0.0003094623, 0.0001276302, 0.048404187]",0,0.01856235521,raw_action_units,2,96,769564,769564,true
156,eval_same_demo_teacher_forced,0.01752155523,0.01752155523,raw_action_units,0.992848893,0.992848893,5.45015192,"[1.0177007914, 0.9672472477, 0.9654362798, 1.0210112333]","[5.5065574646, 5.4043884277, 5.3973274231, 5.4923357964]","[0.0055698822, 0.0084806457, 0.0101509867, 0.0099184448]","[0.001286005, 0.0015179612, 0.0010644775, 0.0001815004, 0.0002743996, 0.0001034988, 0.0552820824]",0,0.01752155452,raw_action_units,2,96,769564,769564,true
157,train_single_demo,0.01801780425,0.01801780425,raw_action_units,0.9925935268,0.9925935268,5.449418068,"[1.0171989202, 0.9671579003, 0.9656396508, 1.0203775167]","[5.5052814484, 5.4040379524, 5.3977813721, 5.4905714989]","[0.002306273, 0.0034597907, 0.0048096669, 0.0090486994]","[0.0017520589, 0.0014480083, 0.0018342639, 0.0002700888, 0.000248906, 0.0001073095, 0.0286821183]",0,0.01801780398,raw_action_units,2,96,769564,769564,true
157,eval_same_demo_teacher_forced,0.01908807146,0.01908807146,raw_action_units,0.9921435515,0.9921435515,5.448402246,"[1.0161916018, 0.9677150846, 0.9667291641, 1.0179384947]","[5.5030398369, 5.4052882195, 5.4003815651, 5.484899044]","[0.0056028557, 0.0089266161, 0.0103313029, 0.0101589719]","[0.0012579508, 0.0015222142, 0.0010977017, 0.0001808424, 0.0004123423, 0.0001262831, 0.0566872209]",0,0.01908807102,raw_action_units,2,96,769564,769564,true
158,train_single_demo,0.01844221105,0.01844221105,raw_action_units,0.9923563997,0.9923563997,5.448836486,"[1.0165371895, 0.9680948257, 0.9667575359, 1.0180360079]","[5.503713131, 5.4060540199, 5.40026474, 5.4853134155]","[0.0023361547, 0.0049015027, 0.0068403222, 0.0069547878]","[0.0011549962, 0.0011902569, 0.0016577691, 0.0001644177, 0.0002684515, 0.0001145654, 0.0322568864]",0,0.01844221034,raw_action_units,2,96,769564,769564,true
158,eval_same_demo_teacher_forced,0.01812060426,0.01812060426,raw_action_units,0.9935352206,0.9935352206,5.452414195,"[1.0191441774, 0.9694202542, 0.9655795097, 1.0199970007]","[5.5103230476, 5.409514904, 5.397541523, 5.4922766685]","[0.0061076381, 0.0091386335, 0.0105711361, 0.0108472882]","[0.0020673743, 0.0016337465, 0.0015645201, 0.0001878856, 0.000307232, 0.0001238308, 0.0582786202]",0,0.01812060319,raw_action_units,2,96,769564,769564,true
159,train_single_demo,0.01857817483,0.01857817483,raw_action_units,0.9936323166,0.9936323166,5.452639262,"[1.0194908381, 0.9693464637, 0.9651810527, 1.0205110312]","[5.5110626221, 5.4093208313, 5.396586895, 5.4935851097]","[0.0085077817, 0.0082724299, 0.0075706714, 0.0083685378]","[0.0015824091, 0.0013719648, 0.0016373455, 0.0002576457, 0.000410663, 0.0001668982, 0.0518320613]",0,0.01857817386,raw_action_units,2,96,769564,769564,true
159,eval_same_demo_teacher_forced,0.0180616683,0.0180616683,raw_action_units,0.9934032361,0.9934032361,5.451877594,"[1.0196970701, 0.9682528377, 0.9640725255, 1.0215905905]","[5.5111961365, 5.4065856934, 5.3940315247, 5.495695591]","[0.0058054873, 0.0094094388, 0.0105706416, 0.0101828929]","[0.0012393774, 0.0015130466, 0.000891744, 0.0001151075, 0.0003779537, 0.0001152033, 0.0586923696]",0,0.01806166768,raw_action_units,2,96,769564,769564,true
160,train_single_demo,0.01793604499,0.01793604499,raw_action_units,0.9931962887,0.9931962887,5.45114104,"[1.0192652941, 0.9678798318, 0.9643133283, 1.0213265419]","[5.5100150108, 5.405600071, 5.3944869041, 5.4944610596]","[0.0015995629, 0.0020473746, 0.0032053066, 0.006428801]","[0.0014531808, 0.0011788033, 0.0019577781, 0.0001965105, 0.0002447086, 0.0001289627, 0.0180818848]",0,0.01793604415,raw_action_units,2,96,769564,769564,true
160,eval_same_demo_teacher_forced,0.01800841217,0.01800841217,raw_action_units,0.9925461809,0.9925461809,5.448174795,"[1.0177799463, 0.9668288827, 0.9658072591, 1.0197684765]","[5.5053992271, 5.4024338722, 5.3970031738, 5.4878630638]","[0.005553206, 0.0086311949, 0.0100273238, 0.0099149784]","[0.0015574367, 0.0014989619, 0.0009838651, 0.0002894591, 0.000366289, 0.0001666436, 0.054859072]",0,0.01800841164,raw_action_units,2,96,769564,769564,true
161,train_single_demo,0.01800851182,0.01800851182,raw_action_units,0.9926493963,0.9926493963,5.448282242,"[1.0178910494, 0.9669478536, 0.9659738541, 1.0197849274]","[5.5055298805, 5.4026451111, 5.3972916603, 5.487663269]","[0.0023851714, 0.0048471005, 0.0046972339, 0.0065045836]","[0.001721459, 0.0012174839, 0.0013032225, 0.0002816658, 0.0004560082, 0.0002026579, 0.0270771608]",0,0.01800851169,raw_action_units,2,96,769564,769564,true
161,eval_same_demo_teacher_forced,0.01719230351,0.01719230351,raw_action_units,0.9932413896,0.9932413896,5.448969523,"[1.0188133717, 0.967731297, 0.9660568237, 1.0203639269]","[5.5066375732, 5.4039092064, 5.3968482018, 5.4884819984]","[0.005605964, 0.0084252208, 0.0100310501, 0.0097190654]","[0.0013167496, 0.0015331479, 0.0014854465, 0.0001174527, 0.0004040522, 0.0001374231, 0.0541229993]",0,0.01719230272,raw_action_units,2,96,769564,769564,true
162,train_single_demo,0.01707892027,0.01707892027,raw_action_units,0.9933403134,0.9933403134,5.449195226,"[1.0190161467, 0.9678724408, 0.9658486247, 1.0206241608]","[5.5069656372, 5.404153347, 5.3963646889, 5.4892964363]","[0.0035753914, 0.0034975102, 0.0037947854, 0.0044725602]","[0.0017258747, 0.0011618078, 0.0015564148, 0.0002542055, 0.0002203616, 0.0001588284, 0.0217679385]",0,0.01707891978,raw_action_units,2,96,769564,769564,true
162,eval_same_demo_teacher_forced,0.01769001906,0.01769001906,raw_action_units,0.9939111074,0.9939111074,5.450630824,"[1.020432353, 0.9683606029, 0.964569509, 1.0222818851]","[5.5097327232, 5.4050240517, 5.3936009407, 5.4941649437]","[0.005586742, 0.008852344, 0.0101728784, 0.0102333305]","[0.0015568886, 0.0015077451, 0.0008603032, 0.0002644716, 0.0003695857, 0.0001639517, 0.0562563203]",0,0.01769001782,raw_action_units,2,96,769564,769564,true
163,train_single_demo,0.01770893484,0.01770893484,raw_action_units,0.9938921134,0.9938921134,5.450579961,"[1.0204821825, 0.9682351947, 0.9645152092, 1.022335887]","[5.5098323822, 5.4047436714, 5.3935103416, 5.4942321777]","[0.0018070424, 0.00247644, 0.0039018223, 0.0040093879]","[0.0013478686, 0.0010369853, 0.0018659221, 0.0002450382, 0.0005025369, 0.0002750956, 0.0160672646]",0,0.01770893449,raw_action_units,2,96,769564,769564,true
163,eval_same_demo_teacher_forced,0.01684761047,0.01684761047,raw_action_units,0.9938139518,0.9938139518,5.450203896,"[1.0201165676, 0.9678857923, 0.9655832648, 1.0216702223]","[5.5091667175, 5.4038786888, 5.395526886, 5.4922428131]","[0.0055501014, 0.0085402774, 0.0099279266, 0.0095145609]","[0.0012831074, 0.0014490951, 0.0007976778, 0.000169304, 0.0003280571, 0.0001672139, 0.0544880629]",0,0.01684760976,raw_action_units,2,96,769564,769564,true
164,train_single_demo,0.01744079031,0.01744079031,raw_action_units,0.9937278628,0.9937278628,5.4500343,"[1.0196158886, 0.9678387046, 0.9662146568, 1.0212422609]","[5.5082397461, 5.4038410187, 5.3969283104, 5.4911284447]","[0.0044148052, 0.0059118844, 0.0050320993, 0.0051370868]","[0.0018864112, 0.0012938157, 0.0013998263, 0.0003365685, 0.0002510842, 0.0001670064, 0.0305330679]",0,0.01744079022,raw_action_units,2,96,769564,769564,true
164,eval_same_demo_teacher_forced,0.01698395672,0.01698395672,raw_action_units,0.9937604666,0.9937604666,5.450142543,"[1.0188087225, 0.9678948522, 0.9676379561, 1.0207003355]","[5.5070557594, 5.4040980339, 5.3996529579, 5.4897637367]","[0.0054225358, 0.0085773841, 0.0101096444, 0.009546143]","[0.0012213874, 0.0015039017, 0.0014354158, 0.0002335728, 0.0003982434, 0.0001983739, 0.0539065935]",0,0.0169839561,raw_action_units,2,96,769564,769564,true
165,train_single_demo,0.01699242617,0.01699242617,raw_action_units,0.9938447873,0.9938447873,5.450329145,"[1.0189856291, 0.9679427147, 0.9673702121, 1.0210808516]","[5.5073828697, 5.4041900635, 5.3990836143, 5.4906592369]","[0.006757265, 0.0067996089, 0.0070357639, 0.0053782002]","[0.0013841051, 0.0010895769, 0.0015465639, 0.0002121378, 0.0003548118, 0.000214867, 0.0406468995]",0,0.01699242563,raw_action_units,2,96,769564,769564,true
165,eval_same_demo_teacher_forced,0.0168195491,0.0168195491,raw_action_units,0.9937813679,0.9937813679,5.450354099,"[1.0189480782, 0.9674398899, 0.9660515785, 1.0226860046]","[5.5071434975, 5.4031634331, 5.3964285851, 5.4946808815]","[0.0055166776, 0.0084383497, 0.0101148663, 0.0097136199]","[0.0012891988, 0.0015304434, 0.0007192267, 0.000186912, 0.0002846672, 0.0001513478, 0.0549593531]",0,0.01681954875,raw_action_units,2,96,769564,769564,true
166,train_single_demo,0.01701623015,0.01701623015,raw_action_units,0.9935924411,0.9935924411,5.449746132,"[1.0187366009, 0.9671699405, 0.9658539891, 1.0226093531]","[5.5063343048, 5.4024710655, 5.3959541321, 5.4942240715]","[0.0045731864, 0.0048004161, 0.006349023, 0.0075433012]","[0.0012788802, 0.0011426046, 0.0013134228, 0.0003271221, 0.0002704251, 0.0001566399, 0.0362262763]",0,0.01701622988,raw_action_units,2,96,769564,769564,true
166,eval_same_demo_teacher_forced,0.01663202296,0.01663202296,raw_action_units,0.9934128523,0.9934128523,5.449135462,"[1.0188982487, 0.9665875435, 0.9653394818, 1.022826314]","[5.506149292, 5.4012637138, 5.3949203491, 5.4942088127]","[0.0053693219, 0.0083740642, 0.0098174838, 0.00943512]","[0.0011886465, 0.001449481, 0.0008933121, 0.0001393067, 0.0003050703, 0.0001323027, 0.0536348633]",0,0.01663202189,raw_action_units,2,96,769564,769564,true
167,train_single_demo,0.01675626449,0.01675626449,raw_action_units,0.9935232004,0.9935232004,5.449346224,"[1.0191863775, 0.9666581154, 0.965382874, 1.0228654146]","[5.5067982674, 5.4014549255, 5.3949933052, 5.4941368103]","[0.0062738513, 0.006066076, 0.0068405457, 0.0070535708]","[0.0015121849, 0.0011199611, 0.0012712883, 0.0001658705, 0.0002247309, 0.0002025726, 0.0414129682]",0,0.01675626352,raw_action_units,2,96,769564,769564,true
167,eval_same_demo_teacher_forced,0.0164570113,0.0164570113,raw_action_units,0.9939086437,0.9939086437,5.449988842,"[1.0193947554, 0.9675526619, 0.9664776921, 1.0222095251]","[5.5072522163, 5.4033241272, 5.3971409798, 5.4922370911]","[0.0053846301, 0.0083525572, 0.0096957171, 0.0093602836]","[0.0011776488, 0.0014673416, 0.0009217605, 0.0002011122, 0.0002993058, 0.0001370186, 0.0531838872]",0,0.01645701059,raw_action_units,2,96,769564,769564,true
168,train_single_demo,0.01675855586,0.01675855586,raw_action_units,0.9938775698,0.9938775698,5.449844042,"[1.019018054, 0.9677793384, 0.9668204188, 1.02189219]","[5.5063743591, 5.4036889076, 5.3978323936, 5.4914793968]","[0.0043732515, 0.0058605168, 0.0062476671, 0.0046363524]","[0.0012818284, 0.0009192194, 0.0012560736, 0.0002457796, 0.0003137003, 0.0001348592, 0.0328046679]",0,0.0167585551,raw_action_units,2,96,769564,769564,true
168,eval_same_demo_teacher_forced,0.01631788972,0.01631788972,raw_action_units,0.9938923717,0.9938923717,5.450070699,"[1.0179415941, 0.9687263966, 0.9668982625, 1.0220031738]","[5.5043616295, 5.4054412842, 5.3980975151, 5.4923820496]","[0.0053535029, 0.0082225781, 0.0096603176, 0.0093741091]","[0.0012310342, 0.0014718656, 0.0007209898, 0.0001286428, 0.0002704977, 0.000119478, 0.0531258769]",0,0.01631788909,raw_action_units,2,96,769564,769564,true
169,train_single_demo,0.01631356155,0.01631356155,raw_action_units,0.9938641985,0.9938641985,5.450074037,"[1.0178804398, 0.9687282443, 0.9665734172, 1.0222744942]","[5.5043139458, 5.4054222107, 5.3974394798, 5.4931182861]","[0.0028075895, 0.0070347893, 0.0061912439, 0.0055374824]","[0.0014942772, 0.0010974094, 0.0012507724, 0.0002089113, 0.0002509216, 0.0001283049, 0.0333188362]",0,0.01631355995,raw_action_units,2,96,769564,769564,true
169,eval_same_demo_teacher_forced,0.01646570489,0.01646570489,raw_action_units,0.9937217633,0.9937217633,5.450562477,"[1.0179241896, 0.9685758948, 0.9654490352, 1.0229381323]","[5.505317688, 5.4056324959, 5.3956503868, 5.4956488609]","[0.005405141, 0.0084247952, 0.0097477082, 0.0093746958]","[0.001169521, 0.001477778, 0.0006997737, 0.0001609638, 0.0002872627, 0.0001170025, 0.0537542962]",0,0.01646570436,raw_action_units,2,96,769564,769564,true
170,train_single_demo,0.01650653034,0.01650653034,raw_action_units,0.9936332305,0.9936332305,5.450392723,"[1.0178608894, 0.9684565663, 0.9654935002, 1.0227218866]","[5.50522089, 5.4054684639, 5.3957958221, 5.4950852394]","[0.0084776375, 0.0077832746, 0.0098764775, 0.0079223169]","[0.0011573804, 0.0012077255, 0.001199741, 0.0001788459, 0.000258261, 0.0001172056, 0.0554853268]",0,0.01650652999,raw_action_units,2,96,769564,769564,true
170,eval_same_demo_teacher_forced,0.01617709485,0.01617709485,raw_action_units,0.9933615128,0.9933615128,5.449786027,"[1.0178678036, 0.9679627419, 0.9660920501, 1.0215235949]","[5.5053067207, 5.4048094749, 5.3970799446, 5.4919471741]","[0.0053615882, 0.0083127646, 0.0095785456, 0.0091901869]","[0.0011690251, 0.0014466689, 0.0008088644, 0.0001235539, 0.0002597817, 8.55642e-05, 0.0528819375]",0,0.01617709441,raw_action_units,2,96,769564,769564,true
171,train_single_demo,0.01620939343,0.01620939343,raw_action_units,0.9933348497,0.9933348497,5.449659665,"[1.0178843737, 0.9679002166, 0.9662494659, 1.0213055611]","[5.5052742958, 5.4046692848, 5.397330761, 5.4913630486]","[0.0013793479, 0.0044962685, 0.0038560762, 0.0033083195]","[0.001412163, 0.0012044233, 0.001197688, 0.0001842496, 0.000283787, 0.0001668321, 0.0183708761]",0,0.01620939232,raw_action_units,2,96,769564,769564,true
171,eval_same_demo_teacher_forced,0.0161054153,0.0161054153,raw_action_units,0.9932978749,0.9932978749,5.448908647,"[1.0172666311, 0.9683697224, 0.9667415619, 1.0208135843]","[5.5032119751, 5.4049887657, 5.3979153633, 5.4895186424]","[0.005314522, 0.0081891436, 0.009521774, 0.0091228923]","[0.0011443502, 0.0014615157, 0.0007303195, 0.0001386031, 0.0003058026, 0.0001003424, 0.0523786433]",0,0.01610541486,raw_action_units,2,96,769564,769564,true
172,train_single_demo,0.01621796377,0.01621796377,raw_action_units,0.9933951497,0.9933951497,5.44907856,"[1.0172883272, 0.968667686, 0.9665955901, 1.0210291147]","[5.5031871796, 5.4054832458, 5.3976020813, 5.4900403023]","[0.0064053345, 0.0063325376, 0.0080052754, 0.009514573]","[0.0012774406, 0.0011739122, 0.0015248136, 0.00015952, 0.0003077366, 9.19176e-05, 0.048415672]",0,0.01621796262,raw_action_units,2,96,769564,769564,true
172,eval_same_demo_teacher_forced,0.01614947182,0.01614947182,raw_action_units,0.9932825764,0.9932825764,5.448359013,"[1.0162491798, 0.969368279, 0.9664940238, 1.0210189819]","[5.500398159, 5.4061164856, 5.3971190453, 5.4898033142]","[0.0053289696, 0.0082065584, 0.0094839381, 0.0091115143]","[0.0011672381, 0.0015222593, 0.0007156912, 0.0001119869, 0.0002523437, 0.000113738, 0.0523459576]",0,0.0161494712,raw_action_units,2,96,769564,769564,true
173,train_single_demo,0.01625607846,0.01625607846,raw_action_units,0.9933114648,0.9933114648,5.44843483,"[1.0162873268, 0.9693980217, 0.9665710926, 1.0209891796]","[5.500524044, 5.4061713219, 5.3972086906, 5.4898343086]","[0.0055016945, 0.0049461615, 0.0063874349, 0.0052899164]","[0.0012311855, 0.0009545358, 0.0012908212, 0.0001462017, 0.0002704037, 0.0001365512, 0.0346894115]",0,0.01625607766,raw_action_units,2,96,769564,769564,true
173,eval_same_demo_teacher_forced,0.01607644248,0.01607644248,raw_action_units,0.9931165775,0.9931165775,5.447995981,"[1.016210556, 0.9687154889, 0.9671915174, 1.0203486681]","[5.5003876686, 5.4049925804, 5.3983407021, 5.488260746]","[0.0053409846, 0.0081618046, 0.0094454866, 0.0090568243]","[0.0011452385, 0.0014432214, 0.0007342951, 0.0001070106, 0.0002732524, 0.000102516, 0.052203387]",0,0.01607644203,raw_action_units,2,96,769564,769564,true
174,train_single_demo,0.01615103148,0.01615103148,raw_action_units,0.9931583206,0.9931583206,5.448175112,"[1.0163425207, 0.9685963988, 0.9673702717, 1.0203242302]","[5.5007853508, 5.4049377441, 5.3987426758, 5.4882349968]","[0.0082106683, 0.0073507428, 0.0093536498, 0.0071460814]","[0.0015077796, 0.0009517584, 0.0014581572, 0.00016467, 0.0002695183, 9.99175e-05, 0.0516551994]",0,0.01615103086,raw_action_units,2,96,769564,769564,true
174,eval_same_demo_teacher_forced,0.01594335151,0.01594335151,raw_action_units,0.9935436646,0.9935436646,5.448889414,"[1.0175470114, 0.9678866267, 0.9675326943, 1.0212081671]","[5.5033125877, 5.4037208557, 5.398712635, 5.4898109436]","[0.0053167031, 0.0081463, 0.0094048362, 0.0090401052]","[0.001136853, 0.0014588746, 0.0008119572, 0.0001227696, 0.0002383235, 0.0001144635, 0.0519556589]",0,0.01594335054,raw_action_units,2,96,769564,769564,true
175,train_single_demo,0.01592713594,0.01592713594,raw_action_units,0.9936060508,0.9936060508,5.448985418,"[1.0176545382, 0.9678471684, 0.9675247073, 1.0213978291]","[5.5035209656, 5.4035906792, 5.3986449242, 5.4901847839]","[0.0018087788, 0.0029062384, 0.0028103597, 0.0031193802]","[0.0011997694, 0.0011212457, 0.001217931, 0.0001682882, 0.0002532577, 0.0001756873, 0.0144921467]",0,0.01592713523,raw_action_units,2,96,769564,769564,true
175,eval_same_demo_teacher_forced,0.01619269513,0.01619269513,raw_action_units,0.9938497543,0.9938497543,5.449185371,"[1.0178925991, 0.9680457115, 0.9667153358, 1.0227452517]","[5.5037875175, 5.4033722878, 5.3964486122, 5.4931330681]","[0.0053627188, 0.0081903711, 0.0094528804, 0.0089924643]","[0.0011647445, 0.001417064, 0.0006917717, 0.0001085326, 0.0002430013, 9.09669e-05, 0.0522811748]",0,0.01619269451,raw_action_units,2,96,769564,769564,true
176,train_single_demo,0.01622183993,0.01622183993,raw_action_units,0.9937493404,0.9937493404,5.448977153,"[1.0176976919, 0.9680575728, 0.9666487575, 1.022593379]","[5.5033974648, 5.4033412933, 5.3962693214, 5.4928984642]","[0.0011807779, 0.0042439955, 0.0038413983, 0.0035443958]","[0.0013646152, 0.0010546795, 0.0009639979, 0.0001214251, 0.0002201052, 0.0001046591, 0.0185890105]",0,0.01622183976,raw_action_units,2,96,769564,769564,true
176,eval_same_demo_teacher_forced,0.01585232963,0.01585232963,raw_action_units,0.993287166,0.993287166,5.447655678,"[1.0163642168, 0.9685282111, 0.9664991498, 1.0217570066]","[5.5002074242, 5.403717041, 5.3959565163, 5.4907402992]","[0.0053526349, 0.0080554513, 0.0093095414, 0.0089214863]","[0.0011338858, 0.0016461628, 0.0006573551, 0.0001125729, 0.0002451945, 0.0001438708, 0.0514294058]",0,0.01585232928,raw_action_units,2,96,769564,769564,true
177,train_single_demo,0.01577765805,0.01577765805,raw_action_units,0.993235151,0.993235151,5.447547754,"[1.0162584782, 0.9685792923, 0.9666052461, 1.0214976072]","[5.4999594688, 5.4038453102, 5.3962478638, 5.4901409149]","[0.0027250887, 0.0061377343, 0.0069215582, 0.0088309925]","[0.0012944691, 0.0014329641, 0.0007520404, 0.00017429, 0.0002032789, 0.0001337676, 0.0390860885]",0,0.01577765743,raw_action_units,2,96,769564,769564,true
177,eval_same_demo_teacher_forced,0.01614357034,0.01614357034,raw_action_units,0.9934162696,0.9934162696,5.447909037,"[1.0163365602, 0.9690266252, 0.9677416682, 1.0205601454]","[5.4998970032, 5.4050383568, 5.3991103172, 5.487590313]","[0.0053255223, 0.0081682531, 0.0093355076, 0.0089566037]","[0.0011876505, 0.0014530309, 0.0007724467, 0.0001414697, 0.0002486919, 0.0001013912, 0.0517206229]",0,0.01614356963,raw_action_units,2,96,769564,769564,true
178,train_single_demo,0.01630753217,0.01630753217,raw_action_units,0.9935744206,0.9935744206,5.448392709,"[1.016584754, 0.9691563249, 0.9679889083, 1.0205675364]","[5.5005249977, 5.4054970741, 5.399810791, 5.4877371788]","[0.0026327462, 0.0046407976, 0.0067774653, 0.0080989087]","[0.0015065217, 0.0009952519, 0.0010226275, 0.0001724797, 0.0002312459, 0.0001049159, 0.0347293131]",0,0.01630753172,raw_action_units,2,96,769564,769564,true
178,eval_same_demo_teacher_forced,0.0156986701,0.0156986701,raw_action_units,0.9945257902,0.9945257902,5.451151371,"[1.0185424089, 0.9694926143, 0.9685263634, 1.0215417147]","[5.5054154396, 5.4068522453, 5.4011244774, 5.4912133217]","[0.005411481, 0.0080290046, 0.0091788759, 0.0088345716]","[0.0011991913, 0.0014627352, 0.0006982255, 0.0001176704, 0.0002570483, 0.000146442, 0.0511630662]",0,0.01569866921,raw_action_units,2,96,769564,769564,true
179,train_single_demo,0.01598785523,0.01598785523,raw_action_units,0.9946285486,0.9946285486,5.451444467,"[1.0187977552, 0.9694285393, 0.9684476256, 1.0218402147]","[5.5061116219, 5.4066777229, 5.4008479118, 5.4921398163]","[0.0013950322, 0.0017522631, 0.0024300932, 0.0035336083]","[0.0017346084, 0.0015409862, 0.0013264171, 0.0001177612, 0.000256203, 0.0001938357, 0.0107744308]",0,0.01598785498,raw_action_units,2,96,769564,769564,true
179,eval_same_demo_teacher_forced,0.01620877286,0.01620877286,raw_action_units,0.9947336515,0.9947336515,5.452143033,"[1.0188719034, 0.9692883492, 0.9679901004, 1.0227843523]","[5.5070996284, 5.4063467979, 5.3999886513, 5.4951357841]","[0.0053840862, 0.008250583, 0.0096128434, 0.0092502665]","[0.0014685342, 0.0014059258, 0.0006621706, 0.0001144558, 0.0002329679, 0.0001137718, 0.0528732836]",0,0.01620877215,raw_action_units,2,96,769564,769564,true
180,train_single_demo,0.01623083465,0.01623083465,raw_action_units,0.9945557912,0.9945557912,5.45171229,"[1.018453002, 0.9691848755, 0.9680121541, 1.0225729942]","[5.5061955452, 5.4060587883, 5.4000983238, 5.494497776]","[0.0039466391, 0.0069811712, 0.0081579862, 0.0082573071]","[0.0009372593, 0.001065254, 0.0012596654, 0.0001135389, 0.0002068983, 0.0001081514, 0.044159662]",0,0.01623083438,raw_action_units,2,96,769564,769564,true
180,eval_same_demo_teacher_forced,0.01586506516,0.01586506516,raw_action_units,0.9940591852,0.9940591852,5.449944655,"[1.0172767639, 0.9691975713, 0.967870295, 1.02189219]","[5.5029816628, 5.4055156708, 5.3999137878, 5.4913668633]","[0.0053317458, 0.0080556571, 0.0091665126, 0.0086931689]","[0.0011443339, 0.0016746698, 0.000766097, 0.0001693855, 0.0002756613, 0.000133482, 0.050518766]",0,0.0158650648,raw_action_units,2,96,769564,769564,true
181,train_single_demo,0.01606307613,0.01606307613,raw_action_units,0.9940535824,0.9940535824,5.449755351,"[1.0172902346, 0.9692088962, 0.9678801894, 1.0218352079]","[5.5027832985, 5.4054660797, 5.3998780251, 5.4908928871]","[0.0023282312, 0.004316973, 0.0049359561, 0.0072273463]","[0.0013251716, 0.0012064303, 0.0012093094, 0.0002183898, 0.0001975943, 0.0001288009, 0.0286291856]",0,0.01606307534,raw_action_units,2,96,769564,769564,true
181,eval_same_demo_teacher_forced,0.01550894044,0.01550894044,raw_action_units,0.9943471154,0.9943471154,5.44986852,"[1.0183615685, 0.9694495797, 0.9678918719, 1.0216856003]","[5.5041489601, 5.4059634209, 5.3993229866, 5.4900374413]","[0.0053413534, 0.0079544559, 0.0090340236, 0.0086394688]","[0.0011435341, 0.0014028844, 0.0008218084, 0.0001171518, 0.0002542735, 0.0001189288, 0.0503376983]",0,0.01550893982,raw_action_units,2,96,769564,769564,true
182,train_single_demo,0.01555950195,0.01555950195,raw_action_units,0.9943591952,0.9943591952,5.44983228,"[1.0185495615, 0.9694023728, 0.967877388, 1.021607399]","[5.504424572, 5.405851841, 5.3991189003, 5.4899330139]","[0.0030530083, 0.0032109309, 0.0034716139, 0.0039553945]","[0.0014612343, 0.0013672776, 0.0011986321, 0.0002091323, 0.0002074293, 0.0001049012, 0.0194105506]",0,0.01555950088,raw_action_units,2,96,769564,769564,true
182,eval_same_demo_teacher_forced,0.01598141839,0.01598141839,raw_action_units,0.9943995873,0.9943995873,5.450064659,"[1.0189061165, 0.9696804881, 0.9674951434, 1.0215166807]","[5.5052695274, 5.4064011574, 5.3979973793, 5.4905896187]","[0.0053512547, 0.0081489412, 0.0091696568, 0.0090092858]","[0.0012649322, 0.0014057733, 0.0006592202, 0.000214529, 0.0002564783, 0.0001068124, 0.0515307449]",0,0.01598141804,raw_action_units,2,96,769564,769564,true
183,train_single_demo,0.01594711281,0.01594711281,raw_action_units,0.9943188429,0.9943188429,5.449889501,"[1.0187066793, 0.9697241187, 0.9673569202, 1.0214877129]","[5.5049080849, 5.4064002037, 5.3977661133, 5.4904823303]","[0.00716099, 0.0073785638, 0.007830889, 0.0077325557]","[0.0010795348, 0.0010623325, 0.0011568206, 0.0001585962, 0.0001841901, 7.40657e-05, 0.0489647053]",0,0.01594711202,raw_action_units,2,96,769564,769564,true
183,eval_same_demo_teacher_forced,0.0153855967,0.0153855967,raw_action_units,0.9936855833,0.9936855833,5.44822216,"[1.0168744326, 0.9694111347, 0.9673241973, 1.0211325884]","[5.500975132, 5.405110836, 5.397687912, 5.489112854]","[0.0052512265, 0.0079062618, 0.00902058, 0.0085254991]","[0.0011585822, 0.001439407, 0.0007374058, 0.0001050827, 0.0002645002, 0.0001035765, 0.0499226861]",0,0.01538559582,raw_action_units,2,96,769564,769564,true
184,train_single_demo,0.01540330177,0.01540330177,raw_action_units,0.9936755101,0.9936755101,5.448224227,"[1.0167219639, 0.9693406224, 0.9673886299, 1.021250844]","[5.5007286072, 5.4049620628, 5.3978419304, 5.489364624]","[0.0064862426, 0.0099832071, 0.0093576005, 0.0093331551]","[0.0011124701, 0.0016775994, 0.0011550081, 0.0001656939, 0.0002619069, 0.0001260745, 0.0570316017]",0,0.01540330123,raw_action_units,2,96,769564,769564,true
184,eval_same_demo_teacher_forced,0.01580688357,0.01580688357,raw_action_units,0.9935023586,0.9935023586,5.447530905,"[1.0161161423, 0.9685170054, 0.9687662125, 1.0206099749]","[5.4990634918, 5.4034132957, 5.4004807472, 5.487165451]","[0.0053272382, 0.007985482, 0.008923999, 0.0084637525]","[0.0011094349, 0.0014394494, 0.0006960274, 0.0001583293, 0.0002287089, 8.94116e-05, 0.0500044562]",0,0.01580688286,raw_action_units,2,96,769564,769564,true
185,train_single_demo,0.01580365375,0.01580365375,raw_action_units,0.9936185479,0.9936185479,5.447771231,"[1.0164853334, 0.9684594274, 0.9688510895, 1.0206780434]","[5.4997735023, 5.4034276009, 5.4005942345, 5.4872879982]","[0.0021453772, 0.0060183131, 0.0079264818, 0.00952888]","[0.0009886696, 0.0012256826, 0.0009554925, 0.0001329653, 0.0001575182, 9.06518e-05, 0.0412823521]",0,0.01580365286,raw_action_units,2,96,769564,769564,true
185,eval_same_demo_teacher_forced,0.01537257681,0.01537257681,raw_action_units,0.9942569534,0.9942569534,5.449311097,"[1.0178636312, 0.9685295224, 0.9697291255, 1.0209054947]","[5.5026869774, 5.4041314125, 5.4023747444, 5.4880523682]","[0.0052339155, 0.0078180078, 0.0089188395, 0.0085181957]","[0.0011436872, 0.0014015525, 0.0008004018, 9.99091e-05, 0.0002939568, 0.0001140753, 0.0495020896]",0,0.01537257646,raw_action_units,2,96,769564,769564,true
186,train_single_demo,0.01539998502,0.01539998502,raw_action_units,0.9943625331,0.9943625331,5.449564934,"[1.0178850889, 0.968788147, 0.9696756005, 1.0211011171]","[5.5027866364, 5.4046001434, 5.4023308754, 5.4885406494]","[0.008561383, 0.0084403986, 0.008475448, 0.0071332469]","[0.0013102201, 0.0010656755, 0.0012485813, 0.0002229424, 0.0002615587, 0.0001111202, 0.0528482348]",0,0.01539998466,raw_action_units,2,96,769564,769564,true
186,eval_same_demo_teacher_forced,0.01533323588,0.01533323588,raw_action_units,0.9944245815,0.9944245815,5.450137774,"[1.0181429386, 0.9691751003, 0.9690415859, 1.021338582]","[5.5040283203, 5.4051651955, 5.40117836, 5.4901795387]","[0.005271724, 0.0078465817, 0.008931254, 0.008516632]","[0.0011157349, 0.0013719318, 0.0006706253, 0.0001474902, 0.0002245627, 9.27087e-05, 0.049867779]",0,0.01533323526,raw_action_units,2,96,769564,769564,true
187,train_single_demo,0.01542295391,0.01542295391,raw_action_units,0.9942911466,0.9942911466,5.449886799,"[1.0179890394, 0.9690472484, 0.9688680768, 1.0212602615]","[5.5038123131, 5.4048018456, 5.4007735252, 5.4901595116]","[0.0057892743, 0.0050927838, 0.0063653793, 0.005009484]","[0.0013243518, 0.0010280359, 0.001170874, 0.0001284005, 0.0002979437, 0.0001033289, 0.0348966755]",0,0.01542295303,raw_action_units,2,96,769564,769564,true
187,eval_same_demo_teacher_forced,0.01518973894,0.01518973894,raw_action_units,0.9932768742,0.9932768742,5.44725577,"[1.0167969465, 0.9678521752, 0.9682943225, 1.0201641321]","[5.5009274483, 5.4016814232, 5.3992247581, 5.4871902466]","[0.0052314829, 0.0078307837, 0.0088413563, 0.0083199982]","[0.0010966599, 0.0014239876, 0.0007139845, 0.0001278741, 0.000297744, 0.000115152, 0.0491159298]",0,0.0151897385,raw_action_units,2,96,769564,769564,true
188,train_single_demo,0.01522845464,0.01522845464,raw_action_units,0.9931184053,0.9931184053,5.446854909,"[1.0165981054, 0.967610836, 0.9682703018, 1.0199943781]","[5.5004000664, 5.4012236595, 5.3991904259, 5.4866042137]","[0.0084170168, 0.0076083639, 0.0083674025, 0.0085386075]","[0.0012682368, 0.0010287542, 0.001308879, 0.0002178656, 0.0002554456, 0.0001638486, 0.053386908]",0,0.01522845385,raw_action_units,2,96,769564,769564,true
188,eval_same_demo_teacher_forced,0.01538768597,0.01538768597,raw_action_units,0.9929034313,0.9929034313,5.445871194,"[1.0157630444, 0.9670574665, 0.9687755704, 1.0200175047]","[5.4977946281, 5.4001712799, 5.4001421928, 5.4853758812]","[0.0052206162, 0.0078050732, 0.0088025695, 0.0084127281]","[0.0011115972, 0.001404679, 0.0006442292, 0.0001671258, 0.0002204726, 9.24608e-05, 0.0492811613]",0,0.01538768553,raw_action_units,2,96,769564,769564,true
189,train_single_demo,0.01530851734,0.01530851734,raw_action_units,0.9930187464,0.9930187464,5.44613107,"[1.0157674551, 0.96716398, 0.9688580036, 1.0202856064]","[5.4977736473, 5.4004707336, 5.4003272057, 5.4859519005]","[0.0036482366, 0.006068436, 0.0054684789, 0.0057841209]","[0.0011338223, 0.0009951711, 0.0010024236, 0.0001616064, 0.000222143, 8.6068e-05, 0.033094991]",0,0.01530851708,raw_action_units,2,96,769564,769564,true
189,eval_same_demo_teacher_forced,0.01516529048,0.01516529048,raw_action_units,0.9941679637,0.9941679637,5.448967616,"[1.0169612169, 0.968562603, 0.9691984057, 1.0219496489]","[5.5005927086, 5.4038558006, 5.4012084007, 5.490213871]","[0.0052290373, 0.0077717532, 0.0086946795, 0.008381539]","[0.0011597517, 0.0013391768, 0.000675293, 0.0001792368, 0.0002992357, 0.0001207265, 0.0488613397]",0,0.01516528995,raw_action_units,2,96,769564,769564,true
190,train_single_demo,0.0152161109,0.0152161109,raw_action_units,0.9942885637,0.9942885637,5.449310939,"[1.0170397758, 0.9689080715, 0.9692931771, 1.0219131708]","[5.5008831024, 5.4045586586, 5.4014930725, 5.4903092384]","[0.004224088, 0.0055363812, 0.0064580287, 0.0064698267]","[0.0011391006, 0.0011964225, 0.0010857601, 0.0002207673, 0.0002565055, 0.0001111813, 0.0356948264]",0,0.01521611001,raw_action_units,2,96,769564,769564,true
190,eval_same_demo_teacher_forced,0.01542605398,0.01542605398,raw_action_units,0.9944467147,0.9944467147,5.450276693,"[1.0176891088, 0.9696702957, 0.9683298469, 1.022097826]","[5.5031838417, 5.4060702324, 5.3999037743, 5.4919490814]","[0.0053050383, 0.0078421449, 0.0087748626, 0.0085000275]","[0.001123089, 0.0013376711, 0.0006778944, 0.0001444796, 0.0002269676, 8.57899e-05, 0.0496427305]",0,0.01542605318,raw_action_units,2,96,769564,769564,true
191,train_single_demo,0.01545825787,0.01545825787,raw_action_units,0.994228522,0.994228522,5.449752172,"[1.0174809694, 0.9694518447, 0.9680538177, 1.0219273567]","[5.5027518272, 5.4054474831, 5.3992848396, 5.4915251732]","[0.0015620022, 0.0024889084, 0.0034300864, 0.0049529443]","[0.0016258658, 0.0011047284, 0.0013522209, 0.0002518326, 0.0002907632, 9.13179e-05, 0.0170426685]",0,0.01545825707,raw_action_units,2,96,769564,769564,true
191,eval_same_demo_teacher_forced,0.01508814469,0.01508814469,raw_action_units,0.993050615,0.993050615,5.447124322,"[1.0158720016, 0.9683374763, 0.9677754045, 1.0202176571]","[5.4993023872, 5.4027709961, 5.3988823891, 5.4875411987]","[0.0052356184, 0.0077862963, 0.0086120786, 0.00815826]","[0.0011757623, 0.0013778588, 0.0007430324, 0.0002035382, 0.0003117414, 0.00013824, 0.0481862687]",0,0.0150881438,raw_action_units,2,96,769564,769564,true
192,train_single_demo,0.01531450513,0.01531450513,raw_action_units,0.9929769039,0.9929769039,5.447019259,"[1.0155917406, 0.9683240056, 0.9681434631, 1.0198484659]","[5.4987282753, 5.4028725624, 5.3997688293, 5.48670578]","[0.0078459317, 0.0075421296, 0.0063248868, 0.0054262332]","[0.0011157574, 0.0010796261, 0.0010925827, 0.0002473525, 0.0002467421, 0.000110391, 0.0436011143]",0,0.0153145045,raw_action_units,2,96,769564,769564,true
192,eval_same_demo_teacher_forced,0.01496338658,0.01496338658,raw_action_units,0.9931308031,0.9931308031,5.447116216,"[1.015614748, 0.9681387544, 0.9690577984, 1.0197120905]","[5.4982199669, 5.4028720856, 5.4014630318, 5.4859104156]","[0.0051539629, 0.0076551889, 0.008576327, 0.0080771567]","[0.0010986261, 0.0013841448, 0.0006103315, 0.0001796507, 0.0002388535, 9.60532e-05, 0.0479519479]",0,0.0149633856,raw_action_units,2,96,769564,769564,true
193,train_single_demo,0.01484072891,0.01484072891,raw_action_units,0.9932577213,0.9932577213,5.447415988,"[1.0158420801, 0.968185842, 0.9690854549, 1.0199177265]","[5.4986815453, 5.403072834, 5.4014601707, 5.4864487648]","[0.0035838, 0.0036957383, 0.0052471608, 0.0051020579]","[0.0012994939, 0.0008930417, 0.0012288545, 0.0001991137, 0.0002170533, 0.0001143632, 0.0268984009]",0,0.01484072883,raw_action_units,2,96,769564,769564,true
193,eval_same_demo_teacher_forced,0.01541451489,0.01541451489,raw_action_units,0.9942742785,0.9942742785,5.449723721,"[1.0181764364, 0.9688504338, 0.9680490494, 1.0220211744]","[5.5034499168, 5.4048047066, 5.3991436958, 5.4914956093]","[0.0052717491, 0.0079295812, 0.0087341974, 0.0085589467]","[0.0012922132, 0.0013105231, 0.0006784597, 0.0002070704, 0.0002870054, 0.0001252508, 0.0494648106]",0,0.015414514,raw_action_units,2,96,769564,769564,true
194,train_single_demo,0.01545203663,0.01545203663,raw_action_units,0.9942795038,0.9942795038,5.449602445,"[1.0183860064, 0.9688763618, 0.9677605629, 1.022094965]","[5.5036945343, 5.4047164917, 5.3984985352, 5.4914989471]","[0.0031800519, 0.003572803, 0.0043766643, 0.0064109466]","[0.0016185129, 0.0013006172, 0.0007907608, 0.0002452123, 0.0002223057, 9.00567e-05, 0.0264283475]",0,0.01545203548,raw_action_units,2,96,769564,769564,true
194,eval_same_demo_teacher_forced,0.01489870312,0.01489870312,raw_action_units,0.9936899543,0.9936899543,5.447828929,"[1.0181735754, 0.968495369, 0.9665231705, 1.0215674639]","[5.5026021004, 5.4031605721, 5.395942688, 5.4896092415]","[0.0052025528, 0.0077311955, 0.0084972307, 0.007969128]","[0.0011667591, 0.001320935, 0.0006735295, 0.0001436394, 0.0002578303, 0.0001224681, 0.0477650166]",0,0.0148987025,raw_action_units,2,96,769564,769564,true
195,train_single_demo,0.01478365871,0.01478365871,raw_action_units,0.9935236772,0.9935236772,5.447424889,"[1.0177788734, 0.9684870243, 0.9666737914, 1.0211552382]","[5.5017704964, 5.4030194283, 5.3962492943, 5.4886603355]","[0.0083912667, 0.0082959905, 0.0088757118, 0.0079942839]","[0.0016519873, 0.0010547086, 0.0009131069, 0.0001984297, 0.0002301846, 0.0001818157, 0.0544949509]",0,0.01478365844,raw_action_units,2,96,769564,769564,true
195,eval_same_demo_teacher_forced,0.01527550754,0.01527550754,raw_action_units,0.9924702247,0.9924702247,5.44485124,"[1.0157204866, 0.9675315022, 0.9674387574, 1.0191903114]","[5.4973568916, 5.4006576538, 5.3976635933, 5.4837265015]","[0.0051487591, 0.0077128336, 0.0085206982, 0.008232832]","[0.0012714112, 0.0012989648, 0.0006756906, 0.0002160098, 0.0002646997, 0.0001315882, 0.0479681008]",0,0.01527550675,raw_action_units,2,96,769564,769564,true
196,train_single_demo,0.01522737617,0.01522737617,raw_action_units,0.9925183455,0.9925183455,5.444910526,"[1.0157309771, 0.967480123, 0.9675504565, 1.0193119049]","[5.4973297119, 5.4005565643, 5.397790432, 5.4839644432]","[0.0049339323, 0.0040680361, 0.003929608, 0.0045013386]","[0.0011671669, 0.0010919332, 0.0009488454, 0.0002046164, 0.0002758854, 0.000117901, 0.026701251]",0,0.01522737564,raw_action_units,2,96,769564,769564,true
196,eval_same_demo_teacher_forced,0.01467727373,0.01467727373,raw_action_units,0.9928823312,0.9928823312,5.445928733,"[1.015717268, 0.9674158692, 0.9683802128, 1.0200158358]","[5.4976143837, 5.4008769989, 5.3993034363, 5.4859185219]","[0.0051385309, 0.0076148738, 0.0084826248, 0.0079139126]","[0.0011123371, 0.0013537841, 0.0007307552, 0.0001473192, 0.000238346, 0.0001380047, 0.0472918488]",0,0.01467727267,raw_action_units,2,96,769564,769564,true
197,train_single_demo,0.01481108492,0.01481108492,raw_action_units,0.9930717746,0.9930717746,5.446390788,"[1.0159820318, 0.9674791694, 0.9684219956, 1.020403862]","[5.4982161522, 5.4011058807, 5.3993439674, 5.4868979454]","[0.0051780562, 0.0071027582, 0.0059238938, 0.0049534137]","[0.0012026571, 0.0009689751, 0.0011985959, 0.0001322096, 0.0003124904, 0.0001758157, 0.0365359671]",0,0.01481108438,raw_action_units,2,96,769564,769564,true
197,eval_same_demo_teacher_forced,0.01461977822,0.01461977822,raw_action_units,0.993650794,0.993650794,5.447664102,"[1.0165829659, 0.9681253433, 0.968580246, 1.021314621]","[5.4993438721, 5.4025588036, 5.3997616768, 5.4889912605]","[0.0051019373, 0.0076028802, 0.0084457472, 0.0079443445]","[0.001111483, 0.0013008517, 0.0005902842, 0.0001641135, 0.0002527866, 0.0001311823, 0.047365386]",0,0.0146197776,raw_action_units,2,96,769564,769564,true
198,train_single_demo,0.01473907102,0.01473907102,raw_action_units,0.993620495,0.993620495,5.447553635,"[1.016540885, 0.9681754112, 0.9686405063, 1.0211251974]","[5.4991760254, 5.4026184082, 5.3999476433, 5.4884734154]","[0.0027145837, 0.0058986526, 0.0045878999, 0.0035037759]","[0.0012076499, 0.0010255481, 0.0008187879, 0.000185739, 0.0002618128, 0.0001281049, 0.0256059524]",0,0.01473906991,raw_action_units,2,96,769564,769564,true
198,eval_same_demo_teacher_forced,0.01451512178,0.01451512178,raw_action_units,0.9935998718,0.9935998718,5.446894964,"[1.0166969299, 0.9686591625, 0.9686034322, 1.0204399824]","[5.4988265038, 5.4029126167, 5.3995337486, 5.4863066673]","[0.0050959047, 0.0074874316, 0.0083195288, 0.0078095156]","[0.0010743402, 0.001308411, 0.0006309313, 0.000105178, 0.0002637399, 0.0001236357, 0.0467404276]",0,0.01451512107,raw_action_units,2,96,769564,769564,true
199,train_single_demo,0.01469007352,0.01469007352,raw_action_units,0.9936152895,0.9936152895,5.446800391,"[1.016779542, 0.9686841965, 0.9684827924, 1.0205146074]","[5.4989151955, 5.4027633667, 5.3991103172, 5.4864125252]","[0.0017446295, 0.0024271428, 0.0032059886, 0.0043721222]","[0.0014480823, 0.0010724721, 0.00101247, 0.0001676205, 0.0003218962, 0.0001724786, 0.0163672734]",0,0.01469007241,raw_action_units,2,96,769564,769564,true
199,eval_same_demo_teacher_forced,0.01445879477,0.01445879477,raw_action_units,0.9934516748,0.9934516748,5.446218808,"[1.016384244, 0.968775034, 0.968999207, 1.0196481943]","[5.4981417656, 5.4025802612, 5.3997597694, 5.4843916893]","[0.005099806, 0.0075073852, 0.0082712704, 0.0077826721]","[0.0010590841, 0.0013073968, 0.0008065051, 0.0001465224, 0.0002524901, 0.000124319, 0.046460662]",0,0.01445879397,raw_action_units,2,96,769564,769564,true
200,train_single_demo,0.01464457624,0.01464457624,raw_action_units,0.9933443467,0.9933443467,5.44601806,"[1.0160592794, 0.9686909318, 0.9692015052, 1.0194255114]","[5.4975333214, 5.4024162292, 5.4002456665, 5.4838767052]","[0.0027052537, 0.0036653981, 0.0036966447, 0.0046967817]","[0.0010642075, 0.0009177718, 0.0011564334, 0.0001347583, 0.0002260702, 9.96457e-05, 0.022238249]",0,0.01464457526,raw_action_units,2,96,769564,769564,true
200,eval_same_demo_teacher_forced,0.01434286249,0.01434286249,raw_action_units,0.9935195049,0.9935195049,5.446718852,"[1.0159767866, 0.9685892463, 0.9697187543, 1.0197931528]","[5.4978690147, 5.4025263786, 5.4014239311, 5.4850564003]","[0.0050745392, 0.0074611139, 0.0082287202, 0.0076968665]","[0.0010543949, 0.0012840133, 0.0006843868, 0.0001086892, 0.0002569005, 0.0001168558, 0.0463019274]",0,0.01434286152,raw_action_units,2,96,769564,769564,true
201,train_single_demo,0.01439041551,0.01439041551,raw_action_units,0.9936424096,0.9936424096,5.447064718,"[1.0162867308, 0.9685666561, 0.9696463943, 1.0200698376]","[5.4985938072, 5.4025950432, 5.4012985229, 5.4857707024]","[0.0017064189, 0.0022558568, 0.0028007552, 0.002703229]","[0.0013231789, 0.0011280557, 0.0008020232, 0.0001518262, 0.0002107224, 0.0001368298, 0.0128133185]",0,0.01439041467,raw_action_units,2,96,769564,769564,true
201,eval_same_demo_teacher_forced,0.01447276771,0.01447276771,raw_action_units,0.994114399,0.994114399,5.448351542,"[1.0170974731, 0.9686489701, 0.9694054723, 1.0213056803]","[5.500579834, 5.4030203819, 5.4009814262, 5.4888234138]","[0.0050776885, 0.0074829999, 0.0082381647, 0.0077990177]","[0.0010429887, 0.0012920396, 0.0005894418, 0.0001162074, 0.0002342942, 0.0001133142, 0.0466579832]",0,0.014472767,raw_action_units,2,96,769564,769564,true
202,train_single_demo,0.01446162971,0.01446162971,raw_action_units,0.9941789508,0.9941789508,5.448499044,"[1.0172402859, 0.9687125087, 0.9693929553, 1.0213699341]","[5.5009040833, 5.4031410217, 5.4009747505, 5.4889750481]","[0.0051007243, 0.0044122846, 0.0040848651, 0.0043375189]","[0.0011707463, 0.0008438266, 0.0011049072, 0.000113345, 0.0002737881, 0.0001059007, 0.0277744234]",0,0.01446162909,raw_action_units,2,96,769564,769564,true
202,eval_same_demo_teacher_forced,0.01448909814,0.01448909814,raw_action_units,0.9937586784,0.9937586784,5.447380861,"[1.0163799524, 0.9686994553, 0.9699175954, 1.0200375319]","[5.4988937378, 5.4028511047, 5.402276516, 5.4855017662]","[0.0050787861, 0.0074473452, 0.0081457244, 0.0076268185]","[0.0010269192, 0.0013207896, 0.0006040945, 0.0001310328, 0.0002461011, 9.16619e-05, 0.0461020805]",0,0.01448909796,raw_action_units,2,96,769564,769564,true
203,train_single_demo,0.01486184883,0.01486184883,raw_action_units,0.9936777751,0.9936777751,5.447200934,"[1.0162006617, 0.9687485099, 0.9700956345, 1.0196661949]","[5.4985232353, 5.4029388428, 5.4027175903, 5.4846234322]","[0.0059998953, 0.0061314716, 0.0048862076, 0.0042509823]","[0.001276509, 0.0009163465, 0.0011168057, 0.0001983514, 0.0002725382, 0.0001255597, 0.033313863]",0,0.01486184838,raw_action_units,2,96,769564,769564,true
203,eval_same_demo_teacher_forced,0.01437217556,0.01437217556,raw_action_units,0.9936053157,0.9936053157,5.447225571,"[1.0163127184, 0.9689909816, 0.9701989293, 1.0189186335]","[5.4988894463, 5.4035282135, 5.4028606415, 5.4836220741]","[0.0050655412, 0.0074329074, 0.0081061041, 0.0076030809]","[0.001033805, 0.0012769134, 0.0007610277, 9.93288e-05, 0.0002404981, 9.35656e-05, 0.0458582155]",0,0.01437217494,raw_action_units,2,96,769564,769564,true
204,train_single_demo,0.01457005894,0.01457005894,raw_action_units,0.9937485456,0.9937485456,5.447549025,"[1.0166972876, 0.9690768123, 0.9699673653, 1.0192525387]","[5.4996800423, 5.4037175179, 5.4022498131, 5.4845480919]","[0.0019266043, 0.0032974025, 0.0049175173, 0.006736795]","[0.0014257113, 0.001034384, 0.0009941895, 0.0001776982, 0.0002530989, 8.40311e-05, 0.025567947]",0,0.0145700581,raw_action_units,2,96,769564,769564,true
204,eval_same_demo_teacher_forced,0.01469419897,0.01469419897,raw_action_units,0.993984739,0.993984739,5.448296865,"[1.0173586607, 0.9689664841, 0.969245255, 1.0203686953]","[5.5012016296, 5.4036560059, 5.4005284309, 5.4878001213]","[0.0050699157, 0.0075254417, 0.0083334707, 0.0079474393]","[0.0011862413, 0.0012773575, 0.000586424, 0.0001569131, 0.0001972196, 0.0001006165, 0.0470286943]",0,0.01469419826,raw_action_units,2,96,769564,769564,true
205,train_single_demo,0.01484381594,0.01484381594,raw_action_units,0.9938202103,0.9938202103,5.447681109,"[1.0170551538, 0.9686860442, 0.9692511559, 1.0202884674]","[5.500234127, 5.4029197693, 5.4004192352, 5.4871501923]","[0.0042166207, 0.0047892178, 0.0063338745, 0.007679949]","[0.0012818413, 0.0011646415, 0.0009773996, 0.0001981574, 0.0002259815, 9.87648e-05, 0.0363376178]",0,0.01484381514,raw_action_units,2,96,769564,769564,true
205,eval_same_demo_teacher_forced,0.01411985916,0.01411985916,raw_action_units,0.9936316808,0.9936316808,5.447155317,"[1.0161483288, 0.9682204723, 0.9696707129, 1.0204871893]","[5.4983901978, 5.4020385742, 5.4013495445, 5.4868416786]","[0.0050741225, 0.0073381402, 0.0080435062, 0.0074574258]","[0.001068928, 0.0012699852, 0.0006329021, 9.12262e-05, 0.0002217567, 8.22924e-05, 0.0454809964]",0,0.01411985854,raw_action_units,2,96,769564,769564,true
206,train_single_demo,0.01439978834,0.01439978834,raw_action_units,0.9936298529,0.9936298529,5.447284698,"[1.0158942938, 0.9682417512, 0.9699583054, 1.0204250813]","[5.4980578423, 5.4022431374, 5.402097702, 5.4867405891]","[0.0034906762, 0.0032097802, 0.002943441, 0.0034357195]","[0.0014290462, 0.0010872685, 0.0010487254, 0.0001743362, 0.0002498792, 9.50148e-05, 0.0188050587]",0,0.01439978821,raw_action_units,2,96,769564,769564,true
206,eval_same_demo_teacher_forced,0.0142591397,0.0142591397,raw_action_units,0.9942220052,0.9942220052,5.44850111,"[1.0166791677, 0.9688062668, 0.9701685905, 1.0212339163]","[5.4998779297, 5.4034628868, 5.4022717476, 5.4883923531]","[0.0051518497, 0.0074578137, 0.0082200831, 0.0075800829]","[0.0009970808, 0.0014022404, 0.0008616826, 0.0001376609, 0.0001954641, 9.82334e-05, 0.0460248403]",0,0.01425913899,raw_action_units,2,96,769564,769564,true
207,train_single_demo,0.01442135436,0.01442135436,raw_action_units,0.9943409363,0.9943409363,5.448784828,"[1.0170110464, 0.9689512849, 0.9699981213, 1.0214031935]","[5.5005812645, 5.4037652016, 5.4019560814, 5.4888358116]","[0.006051376, 0.0050640469, 0.0047401874, 0.0038747753]","[0.0010322534, 0.0011111185, 0.0010525694, 0.0001010448, 0.0002186269, 0.0001015971, 0.0309109613]",0,0.01442135338,raw_action_units,2,96,769564,769564,true
207,eval_same_demo_teacher_forced,0.01417583351,0.01417583351,raw_action_units,0.9943146904,0.9943146904,5.448294322,"[1.0170296431, 0.9692303538, 0.9696378112, 1.0213612318]","[5.4998893738, 5.4037413597, 5.4011788368, 5.4883670807]","[0.0050514177, 0.0073151141, 0.0080833239, 0.0075969272]","[0.0010406313, 0.0012387716, 0.0005606325, 0.000104374, 0.0002134248, 8.31112e-05, 0.045840919]",0,0.01417583298,raw_action_units,2,96,769564,769564,true
208,train_single_demo,0.01442848146,0.01442848146,raw_action_units,0.9940671126,0.9940671126,5.44756031,"[1.0166057348, 0.9690244794, 0.9697034359, 1.020934701]","[5.4987149239, 5.4031062126, 5.4012627602, 5.4871563911]","[0.0046534813, 0.0056377403, 0.0079110321, 0.0078463545]","[0.0011568539, 0.0010422856, 0.0014019036, 0.0001746411, 0.0001491655, 0.0001113421, 0.0415488742]",0,0.01442848075,raw_action_units,2,96,769564,769564,true
208,eval_same_demo_teacher_forced,0.01428801008,0.01428801008,raw_action_units,0.9938275417,0.9938275417,5.446476618,"[1.0162745714, 0.9687946439, 0.970349133, 1.0198917389]","[5.4971675873, 5.4022731781, 5.4024009705, 5.4840641022]","[0.0051219086, 0.0074083027, 0.0079349456, 0.0074243546]","[0.0010076388, 0.0012845849, 0.0006613283, 0.000116406, 0.0001945484, 9.98824e-05, 0.0454422645]",0,0.01428800963,raw_action_units,2,96,769564,769564,true
209,train_single_demo,0.01419853404,0.01419853404,raw_action_units,0.9939604203,0.9939604203,5.446819782,"[1.0165963173, 0.9687905312, 0.9705060124, 1.0199488401]","[5.4979176521, 5.4024200439, 5.4026999474, 5.4842419624]","[0.0014115524, 0.0017874091, 0.0023757101, 0.0032426806]","[0.001398189, 0.0010379386, 0.0008729746, 9.4572e-05, 0.0001676361, 9.093e-05, 0.011768125]",0,0.01419853401,raw_action_units,2,96,769564,769564,true
209,eval_same_demo_teacher_forced,0.01414735802,0.01414735802,raw_action_units,0.9948104223,0.9948104223,5.448836327,"[1.018065691, 0.9692127705, 0.970977366, 1.0209857225]","[5.5013313293, 5.4038338661, 5.4034113884, 5.4867691994]","[0.0050299671, 0.0073211887, 0.0079646781, 0.0076282942]","[0.0009857145, 0.0012554239, 0.0009951799, 0.0001191284, 0.0001978333, 9.04632e-05, 0.0452584773]",0,0.01414735757,raw_action_units,2,96,769564,769564,true
210,train_single_demo,0.01435878997,0.01435878997,raw_action_units,0.9948527416,0.9948527416,5.448934555,"[1.018111825, 0.9691426158, 0.9707835317, 1.0213731527]","[5.5014686584, 5.4036693573, 5.4030170441, 5.4875817299]","[0.0025079623, 0.0039966404, 0.0054520075, 0.0066369805]","[0.0013286145, 0.0012531531, 0.0009987147, 0.0001981445, 0.0002270901, 0.000116534, 0.0284165274]",0,0.01435878944,raw_action_units,2,96,769564,769564,true
210,eval_same_demo_teacher_forced,0.01387282337,0.01387282337,raw_action_units,0.9945948323,0.9945948323,5.448761145,"[1.016734004, 0.968840301, 0.9710351825, 1.0217696428]","[5.4991207123, 5.403195858, 5.4039440155, 5.4887852669]","[0.0049911407, 0.0072854538, 0.0078791501, 0.007427352]","[0.0009854909, 0.0012758293, 0.0005710739, 0.0001013581, 0.0002034173, 8.81319e-05, 0.0450451113]",0,0.01387282284,raw_action_units,2,96,769564,769564,true
211,train_single_demo,0.01416113166,0.01416113166,raw_action_units,0.9944279194,0.9944279194,5.448459148,"[1.0162914991, 0.9687743783, 0.9711532593, 1.0214924812]","[5.4982438087, 5.4030604362, 5.4043083191, 5.4882235527]","[0.0067185797, 0.0075840638, 0.0090992535, 0.0080402493]","[0.0010752169, 0.0010720998, 0.0012342337, 0.0001319893, 0.0002713135, 9.03737e-05, 0.0511485338]",0,0.01416113121,raw_action_units,2,96,769564,769564,true
211,eval_same_demo_teacher_forced,0.01429589403,0.01429589403,raw_action_units,0.9937809706,0.9937809706,5.44781208,"[1.015229702, 0.9677979946, 0.9718610644, 1.0202351809]","[5.496931076, 5.4016857147, 5.4062781334, 5.4863524437]","[0.0050176727, 0.0072476268, 0.0079008006, 0.0073658465]","[0.0009884284, 0.0012600668, 0.000626962, 0.0001115078, 0.0001965861, 8.73495e-05, 0.0449099988]",0,0.01429589377,raw_action_units,2,96,769564,769564,true
212,train_single_demo,0.01415352027,0.01415352027,raw_action_units,0.9937526782,0.9937526782,5.447790305,"[1.0153576136, 0.967579186, 0.9719198346, 1.0201539993]","[5.4972720146, 5.4012985229, 5.4063344002, 5.4862570763]","[0.0051384345, 0.0063963369, 0.0071386308, 0.0068862899]","[0.0011625484, 0.0009610946, 0.0011213692, 0.0001775081, 0.0001944642, 0.0001036539, 0.0410088226]",0,0.01415351956,raw_action_units,2,96,769564,769564,true
212,eval_same_demo_teacher_forced,0.01435727191,0.01435727191,raw_action_units,0.9943150282,0.9943150282,5.449145317,"[1.018178463, 0.9667975903, 0.971382916, 1.0209009647]","[5.5033268929, 5.4001822472, 5.4047584534, 5.4883117676]","[0.0050585927, 0.0076586045, 0.0082875201, 0.0076950886]","[0.0010305905, 0.0012393236, 0.0011040297, 0.0001078432, 0.0002256114, 7.89403e-05, 0.0464383215]",0,0.01435727094,raw_action_units,2,96,769564,769564,true
213,train_single_demo,0.01485920822,0.01485920822,raw_action_units,0.9944318533,0.9944318533,5.449262142,"[1.0186210871, 0.9666783214, 0.9711225033, 1.0213056803]","[5.5040779114, 5.3998541832, 5.4041275978, 5.4889883995]","[0.0017931936, 0.003318839, 0.0045692297, 0.005655352]","[0.0013857428, 0.0011695308, 0.0013639362, 0.0001552654, 0.0002152286, 8.52927e-05, 0.0224640798]",0,0.01485920733,raw_action_units,2,96,769564,769564,true
213,eval_same_demo_teacher_forced,0.0139160715,0.0139160715,raw_action_units,0.9943580627,0.9943580627,5.447735945,"[1.0188168287, 0.9663116932, 0.9704526067, 1.0218510628]","[5.5025286674, 5.3980154991, 5.4023079872, 5.4880924225]","[0.0049836463, 0.0073255375, 0.0077930894, 0.0072832238]","[0.0009764081, 0.0012124139, 0.0006371923, 0.0001163598, 0.0002428396, 8.07488e-05, 0.0446586497]",0,0.01391607097,raw_action_units,2,96,769564,769564,true
214,train_single_demo,0.01417681823,0.01417681823,raw_action_units,0.9941646258,0.9941646258,5.447048982,"[1.018196702, 0.9663053155, 0.9705936313, 1.0215626955]","[5.5008692741, 5.3977546692, 5.4025702477, 5.4870018959]","[0.0073239296, 0.0063234088, 0.0072296564, 0.0067300438]","[0.0011862518, 0.0011096193, 0.0013642748, 0.0001347017, 0.0002083966, 0.0001059879, 0.0442030765]",0,0.01417681788,raw_action_units,2,96,769564,769564,true
214,eval_same_demo_teacher_forced,0.0145690317,0.0145690317,raw_action_units,0.9935095708,0.9935095708,5.445017974,"[1.0159028769, 0.9665369987, 0.9716729522, 1.0199252367]","[5.4953751564, 5.3974928856, 5.4045987129, 5.4826045036]","[0.0051224818, 0.0074119922, 0.0080653569, 0.0074485638]","[0.0010514669, 0.0012599358, 0.000798738, 0.0001431201, 0.0002147708, 7.87269e-05, 0.0455379337]",0,0.01456903134,raw_action_units,2,96,769564,769564,true
215,train_single_demo,0.01450287489,0.01450287489,raw_action_units,0.993566672,0.993566672,5.445278486,"[1.01603508, 0.9666516781, 0.9717347026, 1.0198452473]","[5.4958949089, 5.3978061676, 5.4046807289, 5.4827327728]","[0.0070204944, 0.0094156368, 0.0086440155, 0.007104279]","[0.0010668138, 0.0008997932, 0.0010584689, 0.00022928, 0.0002934135, 0.0001073936, 0.0526675768]",0,0.01450287444,raw_action_units,2,96,769564,769564,true
215,eval_same_demo_teacher_forced,0.01402301093,0.01402301093,raw_action_units,0.9938081106,0.9938081106,5.446376959,"[1.0162745714, 0.9670789838, 0.9722743034, 1.0196044445]","[5.4975318909, 5.3989453316, 5.4054679871, 5.4835624695]","[0.0050990195, 0.0072156978, 0.0078833653, 0.00742982]","[0.0010878337, 0.001223288, 0.0011436514, 0.0001154896, 0.0002477624, 9.23205e-05, 0.0444384851]",0,0.01402301022,raw_action_units,2,96,769564,769564,true
216,train_single_demo,0.01400271741,0.01400271741,raw_action_units,0.9938383897,0.9938383897,5.446453094,"[1.016292572, 0.9670689106, 0.9721963406, 1.019795537]","[5.4975852966, 5.3989014626, 5.40533638, 5.4839882851]","[0.0018638027, 0.0023002853, 0.0032714261, 0.0038250117]","[0.0010117866, 0.0008075975, 0.0010540908, 0.0001411934, 0.000227994, 8.37478e-05, 0.0163795091]",0,0.01400271661,raw_action_units,2,96,769564,769564,true
216,eval_same_demo_teacher_forced,0.01369139366,0.01369139366,raw_action_units,0.9940261443,0.9940261443,5.446885904,"[1.0164003372, 0.9667032361, 0.9719758034, 1.0210251808]","[5.4979462624, 5.3980460167, 5.4050631523, 5.4864869118]","[0.0049453485, 0.0071261413, 0.0077468646, 0.0071571157]","[0.0009555421, 0.0012373336, 0.0005947091, 0.0001690723, 0.0002331241, 8.05398e-05, 0.0439367481]",0,0.01369139339,raw_action_units,2,96,769564,769564,true
217,train_single_demo,0.01380451862,0.01380451862,raw_action_units,0.9940647682,0.9940647682,5.446948369,"[1.0164908171, 0.9665719867, 0.9719540477, 1.0212421417]","[5.4981303215, 5.3977813721, 5.4049835205, 5.4868984222]","[0.0018948414, 0.0053271428, 0.0068485509, 0.006029123]","[0.0011780951, 0.0008422693, 0.0011029752, 0.0001600536, 0.000255509, 8.23207e-05, 0.0315531753]",0,0.01380451804,raw_action_units,2,96,769564,769564,true
217,eval_same_demo_teacher_forced,0.0140656059,0.0140656059,raw_action_units,0.9940885504,0.9940885504,5.446722825,"[1.0161602497, 0.96614784, 0.9729640484, 1.0210820436]","[5.4970169067, 5.3971276283, 5.407351017, 5.485394001]","[0.005028253, 0.0071440474, 0.007737834, 0.0073046884]","[0.0011514492, 0.0012065865, 0.000754212, 0.0001100546, 0.0002541328, 8.96233e-05, 0.0440598838]",0,0.01406560483,raw_action_units,2,96,769564,769564,true
218,train_single_demo,0.01413361511,0.01413361511,raw_action_units,0.9941423138,0.9941423138,5.44681406,"[1.0160733461, 0.966278255, 0.9733168483, 1.0209007263]","[5.4967722893, 5.3974661827, 5.4081025124, 5.4849143028]","[0.002140692, 0.0040927706, 0.0045322212, 0.0038367424]","[0.0013451854, 0.0009991532, 0.0012424189, 0.0001584999, 0.0002400607, 9.91919e-05, 0.0214697346]",0,0.01413361444,raw_action_units,2,96,769564,769564,true
218,eval_same_demo_teacher_forced,0.01385120861,0.01385120861,raw_action_units,0.9942591786,0.9942591786,5.447295189,"[1.0164519548, 0.9666832089, 0.973808825, 1.0200927258]","[5.4976840019, 5.398765564, 5.4091892242, 5.4835410118]","[0.0049965964, 0.0071078115, 0.0077622943, 0.0071957712]","[0.0010249512, 0.0012539132, 0.0010062574, 0.0001632769, 0.0002271444, 8.94371e-05, 0.0435943455]",0,0.01385120835,raw_action_units,2,96,769564,769564,true
219,train_single_demo,0.01404697355,0.01404697355,raw_action_units,0.9942824841,0.9942824841,5.44751215,"[1.0166357756, 0.9667900205, 0.973505199, 1.0201989412]","[5.4982471466, 5.3990225792, 5.4086017609, 5.4841752052]","[0.0027482472, 0.004124505, 0.0050383904, 0.0070215147]","[0.0015900186, 0.0008894591, 0.0011291089, 0.0001956905, 0.000229841, 8.73539e-05, 0.0290106777]",0,0.01404697271,raw_action_units,2,96,769564,769564,true
219,eval_same_demo_teacher_forced,0.01387604636,0.01387604636,raw_action_units,0.9938423832,0.9938423832,5.447128932,"[1.0163775682, 0.9668011069, 0.971889317, 1.0203016996]","[5.4982910156, 5.3989238739, 5.4053826332, 5.4859185219]","[0.0049797031, 0.0073815663, 0.0077276118, 0.0072326963]","[0.0012408487, 0.0012613212, 0.0006477673, 0.0001248322, 0.0002445275, 9.89843e-05, 0.0441944748]",0,0.01387604574,raw_action_units,2,96,769564,769564,true
220,train_single_demo,0.01394918592,0.01394918592,raw_action_units,0.9936627547,0.9936627547,5.446649075,"[1.0159868002, 0.9666883349, 0.9718113542, 1.0201642513]","[5.4973773956, 5.3985419273, 5.4051880836, 5.4854888916]","[0.0039640446, 0.003992802, 0.0051880027, 0.0052526579]","[0.0011452656, 0.0009256238, 0.0011855472, 0.0001844793, 0.0002617239, 0.0001564687, 0.0283365268]",0,0.0139491849,raw_action_units,2,96,769564,769564,true
220,eval_same_demo_teacher_forced,0.01369252677,0.01369252677,raw_action_units,0.9937239488,0.9937239488,5.446326574,"[1.0153446198, 0.9670419097, 0.9719467759, 1.0205625296]","[5.4956016541, 5.3989181519, 5.4053573608, 5.4854264259]","[0.0050280611, 0.0070819552, 0.0075735864, 0.0069729537]","[0.0010509697, 0.0012684473, 0.0008800763, 0.0001123118, 0.0002192526, 8.91687e-05, 0.0430287458]",0,0.01369252659,raw_action_units,2,96,769564,769564,true
221,train_single_demo,0.01370547619,0.01370547619,raw_action_units,0.993976136,0.993976136,5.44664669,"[1.0156862736, 0.9672287107, 0.9721529484, 1.0208365917]","[5.4961228371, 5.3992257118, 5.4055714607, 5.4856648445]","[0.001943538, 0.005087595, 0.0054534357, 0.0048036803]","[0.0010248766, 0.0008277079, 0.0009171269, 0.0001816846, 0.0002552055, 0.0001079456, 0.0269398894]",0,0.01370547534,raw_action_units,2,96,769564,769564,true
221,eval_same_demo_teacher_forced,0.01358650376,0.01358650376,raw_action_units,0.9953750968,0.9953750968,5.448629061,"[1.016753912, 0.9686484337, 0.9740071893, 1.0220907927]","[5.4974021912, 5.4019713402, 5.4087734222, 5.4863700867]","[0.0049322993, 0.00708564, 0.0075699785, 0.0070487843]","[0.0009706615, 0.0012554391, 0.0007989095, 0.0001934492, 0.0002542585, 0.0001647446, 0.0429767668]",0,0.01358650341,raw_action_units,2,96,769564,769564,true
222,train_single_demo,0.01362887925,0.01362887925,raw_action_units,0.9955572287,0.9955572287,5.448979219,"[1.0168899298, 0.9688541293, 0.9742431641, 1.0222417116]","[5.4976639748, 5.4023871422, 5.4092431068, 5.4866218567]","[0.0049888268, 0.0058875117, 0.0041356659, 0.0028190024]","[0.0011378782, 0.0008926743, 0.0012975986, 0.0001199957, 0.0002594233, 0.0001728713, 0.0273238178]",0,0.01362887876,raw_action_units,2,96,769564,769564,true
222,eval_same_demo_teacher_forced,0.01338904289,0.01338904289,raw_action_units,0.9958451192,0.9958451192,5.449220975,"[1.0167051554, 0.9694905281, 0.9745793343, 1.0226052999]","[5.4968910217, 5.4029784203, 5.409807682, 5.4872074127]","[0.004933503, 0.0070286877, 0.0074561709, 0.006871751]","[0.0009216077, 0.0011991945, 0.000633982, 9.87843e-05, 0.0002078017, 0.0001007223, 0.0428456031]",0,0.01338904245,raw_action_units,2,96,769564,769564,true
223,train_single_demo,0.01342554266,0.01342554266,raw_action_units,0.9957301815,0.9957301815,5.449051062,"[1.0165604353, 0.9694601893, 0.9744907022, 1.0224094391]","[5.4966740608, 5.4028010368, 5.4096565247, 5.4870738983]","[0.0082579991, 0.0095741553, 0.007392419, 0.0044366592]","[0.0011495483, 0.0008123839, 0.0012165018, 0.0002338077, 0.0002833335, 0.0001289537, 0.0480826236]",0,0.01342554178,raw_action_units,2,96,769564,769564,true
223,eval_same_demo_teacher_forced,0.01347051871,0.01347051871,raw_action_units,0.9951613347,0.9951613347,5.448013624,"[1.0164653063, 0.9686176181, 0.9736244082, 1.0219379663]","[5.4966926575, 5.4006505013, 5.407646656, 5.4870643616]","[0.0049179201, 0.0069837249, 0.0074088965, 0.0068690255]","[0.0009486002, 0.0011928376, 0.0006681022, 0.0001488676, 0.0002633537, 0.0001805928, 0.0424118824]",0,0.01347051845,raw_action_units,2,96,769564,769564,true
224,train_single_demo,0.01346466861,0.01346466861,raw_action_units,0.9950825572,0.9950825572,5.447794278,"[1.0164891481, 0.9683455825, 0.9737057686, 1.0217899084]","[5.4967041016, 5.4001297951, 5.4076485634, 5.4866938591]","[0.0012762259, 0.002286332, 0.0035563379, 0.0035332914]","[0.0010400724, 0.0010077871, 0.0010090692, 0.00014196, 0.0002657365, 0.0001677054, 0.0150089962]",0,0.01346466779,raw_action_units,2,96,769564,769564,true
224,eval_same_demo_teacher_forced,0.01346072182,0.01346072182,raw_action_units,0.995053033,0.995053033,5.447577953,"[1.01676476, 0.9672418237, 0.9739996791, 1.0222058296]","[5.4971747398, 5.3983802795, 5.4076857567, 5.4870696068]","[0.0048988597, 0.0070374534, 0.0074071158, 0.0068450794]","[0.0009335182, 0.0012545096, 0.000750894, 0.0001722455, 0.0002137267, 0.0001116943, 0.0423933007]",0,0.01346072129,raw_action_units,2,96,769564,769564,true
225,train_single_demo,0.01343620631,0.01343620631,raw_action_units,0.9951555332,0.9951555332,5.447763761,"[1.0166457891, 0.9673100114, 0.9742002487, 1.0224658251]","[5.4968819618, 5.398622036, 5.4080386162, 5.4875106812]","[0.0025862383, 0.0040153558, 0.0054154643, 0.0052141459]","[0.0011426522, 0.0009138894, 0.0011370397, 0.0001441986, 0.0001832252, 8.17499e-05, 0.0265518501]",0,0.01343620533,raw_action_units,2,96,769564,769564,true
225,eval_same_demo_teacher_forced,0.01339111601,0.01339111601,raw_action_units,0.9949339628,0.9949339628,5.447447777,"[1.0153355598, 0.9667583108, 0.9745648503, 1.0230768919]","[5.4942302704, 5.3981876373, 5.4091238976, 5.4882493019]","[0.00485523, 0.0069011752, 0.0074800178, 0.0070672943]","[0.0009877664, 0.0012079681, 0.0005950509, 0.0001133656, 0.0002098416, 0.000127518, 0.0427899957]",0,0.01339111513,raw_action_units,2,96,769564,769564,true
226,train_single_demo,0.01377643769,0.01377643769,raw_action_units,0.9947685401,0.9947685401,5.447299321,"[1.0149177313, 0.966647625, 0.9746152759, 1.022893548]","[5.4935545921, 5.3981552124, 5.4094519615, 5.4880347252]","[0.0050456715, 0.0079531688, 0.0071573625, 0.0057452489]","[0.0011221028, 0.0008471801, 0.0010666209, 0.0002113669, 0.0002103735, 0.0001527929, 0.0417171009]",0,0.01377643716,raw_action_units,2,96,769564,769564,true
226,eval_same_demo_teacher_forced,0.01321017245,0.01321017245,raw_action_units,0.9946957827,0.9946957827,5.447994868,"[1.0151814222, 0.9667090774, 0.9739060998, 1.0229865313]","[5.4948515892, 5.398914814, 5.4085259438, 5.4896855354]","[0.0048504295, 0.0070012249, 0.0072715022, 0.0067644822]","[0.0009656109, 0.0011872597, 0.0005663298, 0.0001823368, 0.000197695, 8.93769e-05, 0.0421147607]",0,0.01321017174,raw_action_units,2,96,769564,769564,true
227,train_single_demo,0.01330081963,0.01330081963,raw_action_units,0.9948015213,0.9948015213,5.448274612,"[1.0154825449, 0.966929853, 0.9738385677, 1.0229549408]","[5.4955291748, 5.3993506432, 5.4083561897, 5.4898610115]","[0.0025193517, 0.0034327405, 0.0043002674, 0.0037436932]","[0.0012941248, 0.0008612952, 0.0009600872, 0.0002137941, 0.0002097018, 9.33064e-05, 0.0208607819]",0,0.01330081906,raw_action_units,2,96,769564,769564,true
227,eval_same_demo_teacher_forced,0.01366442877,0.01366442877,raw_action_units,0.9951747855,0.9951747855,5.449355761,"[1.0168505907, 0.9678484797, 0.9732570052, 1.0227428675]","[5.498550415, 5.4011688232, 5.407353878, 5.4903488159]","[0.0049725496, 0.0072501809, 0.0074469578, 0.0069203749]","[0.0010245028, 0.001169832, 0.0006486404, 0.0001047204, 0.0001925485, 0.000115489, 0.0432768725]",0,0.01366442868,raw_action_units,2,96,769564,769564,true
228,train_single_demo,0.01353820444,0.01353820444,raw_action_units,0.9951481223,0.9951481223,5.449108283,"[1.0167800188, 0.9679185748, 0.973335743, 1.0225582123]","[5.4981579781, 5.4011368752, 5.4074835777, 5.489654541]","[0.0032417884, 0.0057510543, 0.0057035326, 0.0061110589]","[0.0012390327, 0.0010675669, 0.0008656448, 0.0001912584, 0.0002017777, 0.0001459147, 0.0327018127]",0,0.01353820378,raw_action_units,2,96,769564,769564,true
228,eval_same_demo_teacher_forced,0.01324672749,0.01324672749,raw_action_units,0.9952299396,0.9952299396,5.448468049,"[1.0163041353, 0.9685471058, 0.9741930366, 1.0218753815]","[5.4962596893, 5.401638031, 5.4093017578, 5.4866714478]","[0.0048649781, 0.006883312, 0.0072261095, 0.0067401393]","[0.0009772087, 0.0011648369, 0.0006077957, 0.0001732416, 0.0001873708, 9.31796e-05, 0.0417968035]",0,0.01324672713,raw_action_units,2,96,769564,769564,true
229,train_single_demo,0.01328544668,0.01328544668,raw_action_units,0.9953403672,0.9953403672,5.448616028,"[1.016285181, 0.968693912, 0.9744961262, 1.0218864679]","[5.4961571693, 5.4018864632, 5.4098954201, 5.4865241051]","[0.0009164002, 0.0011158633, 0.0010496633, 0.0011440576]","[0.0010331456, 0.0007422824, 0.0009736589, 0.0001254532, 0.0001954826, 7.43542e-05, 0.0042510959]",0,0.01328544558,raw_action_units,2,96,769564,769564,true
229,eval_same_demo_teacher_forced,0.01301538261,0.01301538261,raw_action_units,0.9958604177,0.9958604177,5.449435234,"[1.0164197683, 0.96940732, 0.9754266143, 1.0221877098]","[5.4962830544, 5.4030661583, 5.411459446, 5.486931324]","[0.0048612994, 0.0068478715, 0.0071294755, 0.0066005182]","[0.0009022884, 0.0011619712, 0.0006270827, 0.0001044144, 0.0001834729, 0.0001090783, 0.0414302275]",0,0.01301538235,raw_action_units,2,96,769564,769564,true
230,train_single_demo,0.01307404848,0.01307404848,raw_action_units,0.9958906968,0.9958906968,5.449442863,"[1.0164084435, 0.9694516063, 0.9753853679, 1.0223175287]","[5.4962310791, 5.4030532837, 5.4112238884, 5.487262249]","[0.0018628138, 0.0033028254, 0.0053843893, 0.0063789878]","[0.0011855433, 0.0009717951, 0.0009913018, 0.0001898921, 0.0002330738, 0.0001464669, 0.0259077046]",0,0.01307404822,raw_action_units,2,96,769564,769564,true
230,eval_same_demo_teacher_forced,0.01315297807,0.01315297807,raw_action_units,0.9958854119,0.9958854119,5.449880441,"[1.0170041323, 0.9691803455, 0.9748546481, 1.0225024223]","[5.4980120659, 5.4027876854, 5.4101309776, 5.4885907173]","[0.0048735547, 0.0068462896, 0.0071737892, 0.0066797435]","[0.0009291987, 0.0011168144, 0.0006016747, 0.0001443961, 0.0002081268, 8.21764e-05, 0.0416710228]",0,0.01315297754,raw_action_units,2,96,769564,769564,true
231,train_single_demo,0.01313455325,0.01313455325,raw_action_units,0.9957829913,0.9957829913,5.449760596,"[1.0169643164, 0.969035089, 0.9747369885, 1.0223956108]","[5.4980139732, 5.4025864601, 5.4100050926, 5.4884376526]","[0.0012588664, 0.001542528, 0.0022261799, 0.0032053713]","[0.0007246649, 0.000871401, 0.0010029225, 0.0001332314, 0.0002567289, 6.79518e-05, 0.0113507546]",0,0.01313455261,raw_action_units,2,96,769564,769564,true
231,eval_same_demo_teacher_forced,0.0129183953,0.0129183953,raw_action_units,0.9952218135,0.9952218135,5.448798021,"[1.0170272589, 0.967875421, 0.9744470716, 1.0215376616]","[5.4984326363, 5.4005570412, 5.4097056389, 5.4864945412]","[0.0048315688, 0.006895246, 0.007064437, 0.0065190862]","[0.0009356637, 0.0011518589, 0.0006700666, 0.0001131718, 0.0001803743, 0.0001075889, 0.0411343686]",0,0.01291839424,raw_action_units,2,96,769564,769564,true
232,train_single_demo,0.01320965588,0.01320965588,raw_action_units,0.9951483806,0.9951483806,5.448727926,"[1.0168924332, 0.9677087665, 0.9746288657, 1.021363616]","[5.4982681274, 5.4003367424, 5.4102096558, 5.4860978127]","[0.0076519488, 0.0066563985, 0.0052992064, 0.00490712]","[0.001540422, 0.0010093333, 0.0009592563, 0.0002051691, 0.0002451289, 0.0001291885, 0.0388121791]",0,0.01320965517,raw_action_units,2,96,769564,769564,true
232,eval_same_demo_teacher_forced,0.0128643252,0.0128643252,raw_action_units,0.9950493972,0.9950493972,5.447887103,"[1.0167943239, 0.9672566056, 0.9744467735, 1.0216997862]","[5.4973888397, 5.3988852501, 5.4090466499, 5.4862270355]","[0.0048435819, 0.0068797371, 0.0070803012, 0.0065136594]","[0.0008824067, 0.0011803516, 0.0006861236, 0.0001111352, 0.0002044004, 8.0045e-05, 0.0411607735]",0,0.01286432502,raw_action_units,2,96,769564,769564,true
233,train_single_demo,0.01330994504,0.01330994504,raw_action_units,0.9950746099,0.9950746099,5.447773457,"[1.0168079138, 0.9673258662, 0.9742068648, 1.0219579935]","[5.4972229004, 5.398835659, 5.4082779884, 5.4867568016]","[0.0022174174, 0.0064009409, 0.0075003314, 0.0059565105]","[0.0013689739, 0.0014056079, 0.0008091737, 0.0001250375, 0.0001864847, 7.92688e-05, 0.0346570499]",0,0.01330994424,raw_action_units,2,96,769564,769564,true
233,eval_same_demo_teacher_forced,0.01291290733,0.01291290733,raw_action_units,0.9950319926,0.9950319926,5.446935018,"[1.0161880255, 0.9675624371, 0.9740596414, 1.0223180056]","[5.4948048592, 5.3986382484, 5.4074826241, 5.4868144989]","[0.0047900183, 0.0068057701, 0.0070241052, 0.0065601729]","[0.0010195753, 0.0011698031, 0.0006720654, 0.0001407078, 0.0001790205, 7.36475e-05, 0.0408102982]",0,0.01291290706,raw_action_units,2,96,769564,769564,true
234,train_single_demo,0.01286657061,0.01286657061,raw_action_units,0.9950456222,0.9950456222,5.446819941,"[1.0161973238, 0.9675579667, 0.9741674066, 1.0222597122]","[5.4946284294, 5.3985347748, 5.4076728821, 5.4864430428]","[0.0017548925, 0.0033516388, 0.0053225276, 0.0064251572]","[0.0012781674, 0.0010203441, 0.0011909631, 0.0001585042, 0.0002438654, 0.0001056174, 0.025497416]",0,0.01286657013,raw_action_units,2,96,769564,769564,true
234,eval_same_demo_teacher_forced,0.01354787499,0.01354787499,raw_action_units,0.9951620301,0.9951620301,5.447175662,"[1.0163557529, 0.9678337574, 0.9753132463, 1.021145463]","[5.4949030876, 5.3996024132, 5.4105963707, 5.4836010933]","[0.0049154721, 0.0069297268, 0.0072697136, 0.0066655111]","[0.000926679, 0.0012366492, 0.0006328352, 0.000106163, 0.0001834607, 7.63764e-05, 0.0419535749]",0,0.01354787392,raw_action_units,2,96,769564,769564,true
235,train_single_demo,0.01345775214,0.01345775214,raw_action_units,0.9952711463,0.9952711463,5.447576523,"[1.0165719986, 0.9679198265, 0.975572288, 1.0210204124]","[5.4955773354, 5.3999772072, 5.4111876488, 5.4835639]","[0.0012202821, 0.002110285, 0.0029905236, 0.0029025564]","[0.0013169246, 0.0010288351, 0.0013132734, 0.0001468685, 0.0002314452, 0.0001187258, 0.0119853085]",0,0.01345775099,raw_action_units,2,96,769564,769564,true
235,eval_same_demo_teacher_forced,0.01290154768,0.01290154768,raw_action_units,0.9958099524,0.9958099524,5.449782054,"[1.0172734261, 0.9685456157, 0.9761098027, 1.0213109255]","[5.4984612465, 5.4020614624, 5.4126162529, 5.4859905243]","[0.0048516984, 0.0068185385, 0.0069746296, 0.0065273396]","[0.0008917854, 0.0011321813, 0.0009678485, 0.0001292213, 0.0001750216, 8.04577e-05, 0.0406748429]",0,0.01290154741,raw_action_units,2,96,769564,769564,true
236,train_single_demo,0.01306662181,0.01306662181,raw_action_units,0.9958174825,0.9958174825,5.450009664,"[1.0170949697, 0.9685655236, 0.9759511352, 1.0216583014]","[5.4984030724, 5.4020981789, 5.4123978615, 5.487139225]","[0.0025738834, 0.0037804928, 0.0046891412, 0.0063497429]","[0.0008844138, 0.0011675452, 0.0007740988, 0.0001179547, 0.0001578351, 9.88181e-05, 0.0272375401]",0,0.01306662141,raw_action_units,2,96,769564,769564,true
236,eval_same_demo_teacher_forced,0.01314399702,0.01314399702,raw_action_units,0.995359083,0.995359083,5.449285507,"[1.0157908201, 0.9681136608, 0.9755719304, 1.0219601393]","[5.4961185455, 5.4007606506, 5.4115920067, 5.4886703491]","[0.0049155117, 0.0069725658, 0.007134527, 0.0067687877]","[0.0009556019, 0.0013532265, 0.0006125122, 0.0001179519, 0.0001917479, 8.8559e-05, 0.0418153368]",0,0.0131439964,raw_action_units,2,96,769564,769564,true
237,train_single_demo,0.01330840991,0.01330840991,raw_action_units,0.9951264858,0.9951264858,5.448842684,"[1.0154348612, 0.9678323269, 0.9756118655, 1.0216268301]","[5.4954075813, 5.4002451897, 5.4117894173, 5.4879279137]","[0.0077985246, 0.0091815395, 0.009284243, 0.0078086355]","[0.0011589153, 0.0009498452, 0.0014010087, 0.0001642995, 0.0002319596, 0.000128117, 0.0555935055]",0,0.01330840942,raw_action_units,2,96,769564,769564,true
237,eval_same_demo_teacher_forced,0.0127840812,0.0127840812,raw_action_units,0.9947743813,0.9947743813,5.447173913,"[1.0153454542, 0.9669900537, 0.976208508, 1.0205534697]","[5.4939732552, 5.3980674744, 5.4125447273, 5.4841094017]","[0.0048067356, 0.0067167324, 0.0069008009, 0.0063551771]","[0.0008919638, 0.001126377, 0.0006174071, 0.0001513736, 0.0001789356, 0.0001019408, 0.040296033]",0,0.01278408085,raw_action_units,2,96,769564,769564,true
238,train_single_demo,0.01289677061,0.01289677061,raw_action_units,0.9948654373,0.9948654373,5.447144349,"[1.0157853365, 0.9668504596, 0.9762813449, 1.020544529]","[5.4945526123, 5.3977408409, 5.4125347137, 5.4837474823]","[0.0035895128, 0.0038070513, 0.0048543047, 0.0048742793]","[0.0010228511, 0.0011915667, 0.0009218643, 0.0001702551, 0.0002417105, 0.0001196048, 0.026301153]",0,0.01289676981,raw_action_units,2,96,769564,769564,true
238,eval_same_demo_teacher_forced,0.01281275724,0.01281275724,raw_action_units,0.9957761765,0.9957761765,5.448126475,"[1.0179316998, 0.9674485326, 0.9762678146, 1.0214567184]","[5.4977860451, 5.3983883858, 5.411670208, 5.4846611023]","[0.0047853626, 0.0066698878, 0.006873867, 0.0064911358]","[0.0008767245, 0.0011258608, 0.0009294662, 0.0001239223, 0.0002251348, 0.0001036107, 0.0400507227]",0,0.01281275636,raw_action_units,2,96,769564,769564,true
239,train_single_demo,0.01277372148,0.01277372148,raw_action_units,0.9958118995,0.9958118995,5.448140144,"[1.0180038214, 0.9675220847, 0.9761019349, 1.0216196775]","[5.4978671074, 5.3984150887, 5.4113044739, 5.4849715233]","[0.0034664676, 0.0037955677, 0.0044777999, 0.0044354829]","[0.0007737058, 0.0010721061, 0.0010012317, 0.0001403818, 0.0001714899, 9.71692e-05, 0.0250507202]",0,0.01277372064,raw_action_units,2,96,769564,769564,true
239,eval_same_demo_teacher_forced,0.01304079716,0.01304079716,raw_action_units,0.996131897,0.996131897,5.448677858,"[1.0177334547, 0.9683952332, 0.9754915833, 1.0229073763]","[5.4972453117, 5.3994641304, 5.4098396301, 5.4881634712]","[0.00479799, 0.0066416827, 0.0068610194, 0.0064420737]","[0.000897182, 0.0012110196, 0.0005897348, 0.0001169635, 0.0001802325, 9.66633e-05, 0.0402080454]",0,0.01304079663,raw_action_units,2,96,769564,769564,true
240,train_single_demo,0.01300129791,0.01300129791,raw_action_units,0.9960750739,0.9960750739,5.44850111,"[1.0173941851, 0.9684249759, 0.9755301476, 1.0229511261]","[5.4965195656, 5.3994078636, 5.409866333, 5.4882106781]","[0.0028813854, 0.0059786905, 0.0059455596, 0.0067154509]","[0.0009312647, 0.0010965077, 0.0010731084, 0.0001646791, 0.0002034042, 9.64066e-05, 0.0340965278]",0,0.01300129756,raw_action_units,2,96,769564,769564,true
240,eval_same_demo_teacher_forced,0.01262530498,0.01262530498,raw_action_units,0.9955851634,0.9955851634,5.44776694,"[1.015611887, 0.968082726, 0.976652205, 1.0219937563]","[5.4934220314, 5.3989539146, 5.4125123024, 5.4861793518]","[0.004800471, 0.0066398997, 0.0067554149, 0.0063337418]","[0.0008853902, 0.0011245452, 0.0006466899, 0.0001193479, 0.0002295484, 8.73901e-05, 0.039833758]",0,0.01262530401,raw_action_units,2,96,769564,769564,true
241,train_single_demo,0.01281818173,0.01281818173,raw_action_units,0.9955472151,0.9955472151,5.447941621,"[1.0154620409, 0.9679703116, 0.9770410657, 1.0217155218]","[5.4934210777, 5.399066925, 5.4135632515, 5.4857139587]","[0.002401347, 0.0031374602, 0.0023249344, 0.0020699471]","[0.0010881235, 0.0010013365, 0.0009564683, 0.0001812267, 0.0002426634, 0.0001229625, 0.0137911746]",0,0.01281818109,raw_action_units,2,96,769564,769564,true
241,eval_same_demo_teacher_forced,0.01268008786,0.01268008786,raw_action_units,0.9956353108,0.9956353108,5.448899905,"[1.0160880089, 0.9672965407, 0.9778597951, 1.0212970972]","[5.4956212044, 5.3988957405, 5.4157109261, 5.485370636]","[0.0047922921, 0.0066688247, 0.0068427199, 0.0063283746]","[0.0008301245, 0.0011714083, 0.00099357, 0.0001196505, 0.0001846157, 0.0001046639, 0.0397023335]",0,0.01268008706,raw_action_units,2,96,769564,769564,true
242,train_single_demo,0.01271525025,0.01271525025,raw_action_units,0.9957206051,0.9957206051,5.44915994,"[1.0164092779, 0.9672670364, 0.9776796699, 1.0215264559]","[5.4963355064, 5.3989143372, 5.4153580666, 5.4860310555]","[0.0069434103, 0.0091057708, 0.0083409855, 0.005959278]","[0.0008572627, 0.000794373, 0.0012734133, 0.0001402111, 0.0002386403, 0.0001373272, 0.0496702977]",0,0.0127152499,raw_action_units,2,96,769564,769564,true
242,eval_same_demo_teacher_forced,0.0126408916,0.0126408916,raw_action_units,0.9957955281,0.9957955281,5.449258963,"[1.0167781115, 0.9671282172, 0.976498425, 1.022777319]","[5.4967741966, 5.3983216286, 5.412797451, 5.4891419411]","[0.0047745146, 0.0067862906, 0.0067841257, 0.0063132811]","[0.0008656312, 0.0011146358, 0.0005890238, 0.0001287515, 0.0002529735, 8.32059e-05, 0.0401176475]",0,0.01264089062,raw_action_units,2,96,769564,769564,true
243,train_single_demo,0.01270808404,0.01270808404,raw_action_units,0.9957078298,0.9957078298,5.448881944,"[1.0164241791, 0.9672047496, 0.976439178, 1.0227633715]","[5.4957904816, 5.3982048035, 5.4126019478, 5.4889297485]","[0.0072706123, 0.0063241781, 0.0055527999, 0.0040179784]","[0.0007706012, 0.0010459957, 0.0013498798, 0.0001831733, 0.0002531972, 9.30327e-05, 0.0368438624]",0,0.0127080835,raw_action_units,2,96,769564,769564,true
243,eval_same_demo_teacher_forced,0.01250248651,0.01250248651,raw_action_units,0.9952422976,0.9952422976,5.446976026,"[1.0153256655, 0.9669828415, 0.9762268066, 1.0224341154]","[5.4924168587, 5.3967890739, 5.4114947319, 5.4872016907]","[0.0047727958, 0.0065541635, 0.0067210379, 0.0061952318]","[0.0008378334, 0.0011532854, 0.0008377652, 0.0001232836, 0.0001795448, 8.0166e-05, 0.0392137729]",0,0.0125024858,raw_action_units,2,96,769564,769564,true
244,train_single_demo,0.0126873975,0.0126873975,raw_action_units,0.9951927463,0.9951927463,5.446627617,"[1.0152161121, 0.9669160247, 0.9764034152, 1.0222355127]","[5.4919476509, 5.3965358734, 5.4116768837, 5.486348629]","[0.0025304502, 0.0037925749, 0.0040686927, 0.0035977175]","[0.0007839467, 0.0009221581, 0.0009065723, 0.0001261912, 0.0002085244, 0.0001137906, 0.0214203242]",0,0.01268739715,raw_action_units,2,96,769564,769564,true
244,eval_same_demo_teacher_forced,0.01259844067,0.01259844067,raw_action_units,0.995381554,0.995381554,5.446845849,"[1.0161691904, 0.9670416713, 0.9762857556, 1.0220297575]","[5.4937529564, 5.3970241547, 5.410993576, 5.4856133461]","[0.0047621368, 0.006585198, 0.0066833762, 0.0062027737]","[0.0008634774, 0.0011232001, 0.0009017971, 0.000146837, 0.0002332884, 9.3133e-05, 0.0390468612]",0,0.01259844005,raw_action_units,2,96,769564,769564,true
245,train_single_demo,0.01278579794,0.01278579794,raw_action_units,0.9954734643,0.9954734643,5.447070122,"[1.0163964033, 0.9671821594, 0.9761506915, 1.0221648216]","[5.4942355156, 5.3973579407, 5.410718441, 5.4859676361]","[0.0015065968, 0.0025795572, 0.004189095, 0.0063741077]","[0.0012850048, 0.0010261805, 0.0016433536, 0.0001516019, 0.0002453243, 9.60191e-05, 0.0211888906]",0,0.01278579732,raw_action_units,2,96,769564,769564,true
245,eval_same_demo_teacher_forced,0.01235942543,0.01235942543,raw_action_units,0.9953263601,0.9953263601,5.447360516,"[1.0159363747, 0.9676097035, 0.9751958847, 1.0225633383]","[5.4937691689, 5.3985805511, 5.4095978737, 5.487493515]","[0.0046904287, 0.0065680738, 0.0066103064, 0.0061031538]","[0.0008183903, 0.0010803961, 0.0006391378, 0.0001422886, 0.0001776418, 7.80749e-05, 0.0390150025]",0,0.01235942507,raw_action_units,2,96,769564,769564,true
246,train_single_demo,0.0126786915,0.0126786915,raw_action_units,0.9951469103,0.9951469103,5.447018623,"[1.0154352188, 0.9676020741, 0.9751395583, 1.0224107504]","[5.4927306175, 5.3985476494, 5.4096941948, 5.4871006012]","[0.0024229453, 0.0038162658, 0.0051431912, 0.0056804889]","[0.0010225844, 0.0009412433, 0.0009435732, 0.00018489, 0.0002078711, 8.56183e-05, 0.0264742766]",0,0.01267869096,raw_action_units,2,96,769564,769564,true
246,eval_same_demo_teacher_forced,0.01252119678,0.01252119678,raw_action_units,0.9946206013,0.9946206013,5.446459452,"[1.0141147375, 0.9677329063, 0.9749141335, 1.021720767]","[5.4904093742, 5.3990459442, 5.4097900391, 5.4865927696]","[0.0047591073, 0.0065080947, 0.0065969354, 0.0061328262]","[0.0008400353, 0.0011378297, 0.0007719181, 0.0001438019, 0.0002072612, 7.71895e-05, 0.0388166495]",0,0.01252119598,raw_action_units,2,96,769564,769564,true
247,train_single_demo,0.01241502011,0.01241502011,raw_action_units,0.9946095149,0.9946095149,5.446526686,"[1.014165163, 0.9677452445, 0.9749875069, 1.0215401649]","[5.4905867577, 5.399181366, 5.409910202, 5.4864268303]","[0.0031780058, 0.0032315424, 0.0036445837, 0.0035997035]","[0.000957218, 0.0009352988, 0.0010383172, 0.0002258731, 0.0002104093, 0.0001054785, 0.0204216149]",0,0.01241501953,raw_action_units,2,96,769564,769564,true
247,eval_same_demo_teacher_forced,0.01298358353,0.01298358353,raw_action_units,0.9950408737,0.9950408737,5.447787603,"[1.0154145956, 0.9683010578, 0.9752755761, 1.0211720467]","[5.4936537743, 5.4007301331, 5.4101214409, 5.4866447449]","[0.0048598051, 0.006749792, 0.0073406831, 0.0066560297]","[0.0009949459, 0.0011712571, 0.0010101418, 0.0002247042, 0.0002124455, 0.0001037968, 0.0410937481]",0,0.01298358327,raw_action_units,2,96,769564,769564,true
248,train_single_demo,0.01310199592,0.01310199592,raw_action_units,0.9951539437,0.9951539437,5.447914124,"[1.0156511068, 0.9684694409, 0.9751875997, 1.0213075876]","[5.494038105, 5.4009552002, 5.4098892212, 5.4867720604]","[0.0021351229, 0.0033182688, 0.0046452614, 0.0059481221]","[0.0011464697, 0.0010175818, 0.0011001186, 0.0001578333, 0.000204876, 0.0001038156, 0.0243511591]",0,0.01310199499,raw_action_units,2,96,769564,769564,true
248,eval_same_demo_teacher_forced,0.01225606911,0.01225606911,raw_action_units,0.9951600631,0.9951600631,5.447203477,"[1.0156722069, 0.9684188962, 0.9750217795, 1.0215275288]","[5.4933109283, 5.4000287056, 5.4096946716, 5.4857788086]","[0.0046853814, 0.0065557868, 0.0065848841, 0.0061498135]","[0.0008143645, 0.0010979454, 0.0007625371, 0.0001772183, 0.0001946315, 7.42062e-05, 0.0388368592]",0,0.01225606813,raw_action_units,2,96,769564,769564,true
249,train_single_demo,0.01262782638,0.01262782638,raw_action_units,0.9950538079,0.9950538079,5.446824392,"[1.015491128, 0.9682164788, 0.9749724865, 1.0215350389]","[5.4927010536, 5.3994445801, 5.4096693993, 5.485481739]","[0.0045908564, 0.0056358692, 0.0064492715, 0.0071629225]","[0.001247676, 0.0008880112, 0.0011959166, 0.0002396649, 0.0001729754, 0.0001009882, 0.0378728732]",0,0.01262782585,raw_action_units,2,96,769564,769564,true
249,eval_same_demo_teacher_forced,0.01254973933,0.01254973933,raw_action_units,0.9951137702,0.9951137702,5.446283023,"[1.01565063, 0.9675774574, 0.975579083, 1.0216479301]","[5.4919571877, 5.3977389336, 5.4105715752, 5.4848647118]","[0.0047559594, 0.0065384102, 0.0066144844, 0.0061500655]","[0.0008501412, 0.0011375521, 0.0006989785, 0.0001165111, 0.0001827895, 9.59937e-05, 0.0390211418]",0,0.01254973915,raw_action_units,2,96,769564,769564,true
250,train_single_demo,0.01253096076,0.01253096076,raw_action_units,0.9953198234,0.9953198234,5.446759542,"[1.0159978867, 0.9676484466, 0.9759131074, 1.0217198133]","[5.4927062988, 5.398004055, 5.4111018181, 5.485227108]","[0.0055228542, 0.0051643401, 0.0051545822, 0.0044404208]","[0.0009357822, 0.0008809562, 0.0007577385, 0.0001481593, 0.0002157322, 0.0001152476, 0.032440234]",0,0.01253095979,raw_action_units,2,96,769564,769564,true
250,eval_same_demo_teacher_forced,0.0127072831,0.0127072831,raw_action_units,0.9958996375,0.9958996375,5.447804769,"[1.0170733929, 0.9675719142, 0.9769256115, 1.0220276117]","[5.4946875572, 5.3980827332, 5.4121336937, 5.4863142967]","[0.0046912716, 0.0065391646, 0.0066245608, 0.006442647]","[0.0008764102, 0.0010765401, 0.0007871761, 0.0002298146, 0.0002114567, 8.32127e-05, 0.0392562635]",0,0.0127072831,raw_action_units,2,96,769564,769564,true
251,train_single_demo,0.01262400517,0.01262400517,raw_action_units,0.9958519538,0.9958519538,5.44776694,"[1.0169528723, 0.9675109982, 0.9768326283, 1.0221112967]","[5.4945545197, 5.3979783058, 5.4120087624, 5.4865260124]","[0.0081038689, 0.0098268818, 0.008002595, 0.0067613069]","[0.0008617623, 0.0009255901, 0.0008463367, 0.0001813987, 0.0002088534, 0.0001246878, 0.0540670119]",0,0.01262400477,raw_action_units,2,96,769564,769564,true
251,eval_same_demo_teacher_forced,0.0121318015,0.0121318015,raw_action_units,0.9955242475,0.9955242475,5.447100957,"[1.0153371096, 0.9675601125, 0.9773495793, 1.0218502283]","[5.4915790558, 5.3978595734, 5.4133687019, 5.4855957031]","[0.0047354191, 0.0064564697, 0.0064702686, 0.0059744078]","[0.000839717, 0.0010894433, 0.0006438678, 0.0001024657, 0.0002105475, 7.98869e-05, 0.0383980572]",0,0.01213180096,raw_action_units,2,96,769564,769564,true
252,train_single_demo,0.01214510668,0.01214510668,raw_action_units,0.9955540895,0.9955540895,5.447236697,"[1.0151430368, 0.9676416516, 0.9774794579, 1.021952033]","[5.4913291931, 5.3980236053, 5.4137382507, 5.4858551025]","[0.0044962331, 0.0036688379, 0.0036705257, 0.0045110034]","[0.0009496371, 0.000804726, 0.0011441774, 0.0001449165, 0.0002419723, 0.0001095, 0.0252116229]",0,0.01214510628,raw_action_units,2,96,769564,769564,true
252,eval_same_demo_teacher_forced,0.01241868362,0.01241868362,raw_action_units,0.9958688021,0.9958688021,5.448007425,"[1.0148984194, 0.9680886865, 0.9785901904, 1.0218977928]","[5.4910559654, 5.3990273476, 5.4161987305, 5.4857478142]","[0.0047553009, 0.0065271035, 0.0064942134, 0.0060000937]","[0.0008154146, 0.0010948773, 0.0006325588, 0.0001371215, 0.0001875368, 0.0001019146, 0.0386398174]",0,0.01241868309,raw_action_units,2,96,769564,769564,true
253,train_single_demo,0.01240320007,0.01240320007,raw_action_units,0.9960404237,0.9960404237,5.448396524,"[1.0152653456, 0.9681782722, 0.9786413312, 1.022076726]","[5.4918227196, 5.3992676735, 5.4162583351, 5.4862360954]","[0.0044780071, 0.0041569066, 0.0052839979, 0.0070029725]","[0.0007964615, 0.0010091368, 0.0009753038, 0.0001266084, 0.0002097846, 0.0001159913, 0.0333800092]",0,0.01240319972,raw_action_units,2,96,769564,769564,true
253,eval_same_demo_teacher_forced,0.01224415625,0.01224415625,raw_action_units,0.996511062,0.996511062,5.449397723,"[1.0168213844, 0.9683467746, 0.9784410596, 1.0224353075]","[5.4948120117, 5.3997063637, 5.4154734612, 5.4875998497]","[0.0047252257, 0.006396275, 0.0064242966, 0.0062080733]","[0.0008676408, 0.0010878209, 0.0008813629, 0.0001163938, 0.0001880114, 7.59078e-05, 0.0383521356]",0,0.01224415572,raw_action_units,2,96,769564,769564,true
254,train_single_demo,0.01223098704,0.01223098704,raw_action_units,0.9964136879,0.9964136879,5.449172974,"[1.0168255568, 0.9683020711, 0.97819978, 1.0223274231]","[5.4947562218, 5.3995671272, 5.4149708748, 5.4873976707]","[0.0021694172, 0.0048181792, 0.005060432, 0.0051251673]","[0.0010271071, 0.0009900093, 0.0008495926, 0.0001358003, 0.0001573084, 8.18358e-05, 0.0268114414]",0,0.01223098664,raw_action_units,2,96,769564,769564,true
254,eval_same_demo_teacher_forced,0.01192144056,0.01192144056,raw_action_units,0.9958605766,0.9958605766,5.447960218,"[1.0163528919, 0.9680432677, 0.9769134521, 1.0221328735]","[5.4937787056, 5.3985419273, 5.412583828, 5.4869346619]","[0.0046572224, 0.0063438746, 0.0063596801, 0.0058788755]","[0.0008159202, 0.0011264685, 0.0005856172, 0.0001121261, 0.0001558131, 8.04669e-05, 0.0377929769]",0,0.01192143985,raw_action_units,2,96,769564,769564,true
255,train_single_demo,0.01196085755,0.01196085755,raw_action_units,0.9957971772,0.9957971772,5.447812398,"[1.0162988901, 0.9679715037, 0.9767501354, 1.0221682787]","[5.493704319, 5.3983197212, 5.4123039246, 5.4869213104]","[0.0043105311, 0.0028951901, 0.0023314792, 0.002218392]","[0.0009783915, 0.0008160129, 0.0009059151, 0.0001549339, 0.0002170977, 0.0001021967, 0.0173977371]",0,0.01196085697,raw_action_units,2,96,769564,769564,true
255,eval_same_demo_teacher_forced,0.01208307842,0.01208307842,raw_action_units,0.9954735835,0.9954735835,5.446905772,"[1.0160752535, 0.9674747586, 0.9768608212, 1.0214834213]","[5.4930930138, 5.3972091675, 5.4123902321, 5.4849300385]","[0.0046446775, 0.0063639027, 0.0063117375, 0.0060020932]","[0.0007897175, 0.0010616572, 0.0006899555, 0.0001177983, 0.000178605, 7.45723e-05, 0.0379019119]",0,0.01208307807,raw_action_units,2,96,769564,769564,true
256,train_single_demo,0.01205292251,0.01205292251,raw_action_units,0.9955109954,0.9955109954,5.44695886,"[1.016266942, 0.9673703313, 0.9770436287, 1.0213629007]","[5.4934182167, 5.3971238136, 5.4126172066, 5.4846763611]","[0.0019866659, 0.0051282435, 0.0056187757, 0.0043278015]","[0.0008284817, 0.0009010004, 0.0008218296, 0.0001530862, 0.0002088584, 8.15047e-05, 0.0268628374]",0,0.01205292202,raw_action_units,2,96,769564,769564,true
256,eval_same_demo_teacher_forced,0.01186690976,0.01186690976,raw_action_units,0.9960702062,0.9960702062,5.447892507,"[1.0172142982, 0.9677241445, 0.9778508544, 1.0214914083]","[5.4949316978, 5.39812994, 5.4136357307, 5.4848723412]","[0.0046342551, 0.0063016657, 0.0063642487, 0.0058452711]","[0.000803456, 0.0010573373, 0.0007625743, 0.0001893522, 0.0001598671, 6.91148e-05, 0.0374628156]",0,0.01186690941,raw_action_units,2,96,769564,769564,true
257,train_single_demo,0.01214272281,0.01214272281,raw_action_units,0.9962453842,0.9962453842,5.448224068,"[1.017414093, 0.967959404, 0.9777770042, 1.0218310356]","[5.4952869415, 5.3985466957, 5.4134144783, 5.4856467247]","[0.0012537517, 0.0034659151, 0.0031599281, 0.0035694784]","[0.0010193292, 0.0008035873, 0.0009141724, 0.0001582628, 0.0001870902, 9.57842e-05, 0.016857652]",0,0.01214272245,raw_action_units,2,96,769564,769564,true
257,eval_same_demo_teacher_forced,0.01179269329,0.01179269329,raw_action_units,0.9966148535,0.9966148535,5.448816299,"[1.0171923637, 0.9688749313, 0.9775061607, 1.022886157]","[5.4946079254, 5.3998641968, 5.4132461548, 5.4875464439]","[0.004601113, 0.0062962235, 0.0062397108, 0.0057935659]","[0.0007991069, 0.0010753495, 0.0005654787, 0.0001432661, 0.0001787864, 6.08722e-05, 0.037305709]",0,0.01179269311,raw_action_units,2,96,769564,769564,true
258,train_single_demo,0.01192610385,0.01192610385,raw_action_units,0.9965328177,0.9965328177,5.448701541,"[1.0170425177, 0.9688170552, 0.9774028659, 1.0228686333]","[5.4943766594, 5.3996982574, 5.4132323265, 5.4874997139]","[0.0011664246, 0.0016626446, 0.0020269989, 0.0030586796]","[0.0007782084, 0.0008685495, 0.0007302221, 0.0002049392, 0.0001649245, 8.60555e-05, 0.0110179102]",0,0.01192610321,raw_action_units,2,96,769564,769564,true
258,eval_same_demo_teacher_forced,0.01190763836,0.01190763836,raw_action_units,0.9964506626,0.9964506626,5.448595683,"[1.017000556, 0.9685354233, 0.9774055481, 1.0228611231]","[5.4943556786, 5.3990154266, 5.413433075, 5.4875793457]","[0.0046005701, 0.0062837917, 0.0062735635, 0.0057774112]","[0.0007884714, 0.001067408, 0.0006004117, 0.0001440583, 0.0001643308, 7.3053e-05, 0.0372991078]",0,0.01190763783,raw_action_units,2,96,769564,769564,true
259,train_single_demo,0.0121229204,0.0121229204,raw_action_units,0.9965133667,0.9965133667,5.448761781,"[1.017369628, 0.968370378, 0.9774096608, 1.0229038]","[5.4951133728, 5.3987936974, 5.4132704735, 5.4878687859]","[0.0020625636, 0.0048602917, 0.0047572781, 0.0047771926]","[0.0009990664, 0.0006976565, 0.000997434, 0.0001273943, 0.0002024357, 8.17155e-05, 0.0256946143]",0,0.01212291987,raw_action_units,2,96,769564,769564,true
259,eval_same_demo_teacher_forced,0.01171210594,0.01171210594,raw_action_units,0.9965143402,0.9965143402,5.449106375,"[1.0175218582, 0.9677200317, 0.9785072207, 1.0223084688]","[5.4958043098, 5.3981766701, 5.415166378, 5.4872765541]","[0.0045735869, 0.006243153, 0.0061938819, 0.0057529658]","[0.0008003123, 0.0010698164, 0.0006214851, 0.0001508022, 0.0001699039, 6.37408e-05, 0.0369602181]",0,0.0117121055,raw_action_units,2,96,769564,769564,true
260,train_single_demo,0.01189070381,0.01189070381,raw_action_units,0.9964181979,0.9964181979,5.448978424,"[1.0171090364, 0.9676170349, 0.9787628651, 1.0221837759]","[5.4950637817, 5.3980813026, 5.415781498, 5.4869856834]","[0.0018986043, 0.0029904039, 0.0046986667, 0.0068423296]","[0.0008703796, 0.0008588242, 0.0008920718, 0.0001386228, 0.0002132356, 9.73962e-05, 0.0256819744]",0,0.01189070301,raw_action_units,2,96,769564,769564,true
260,eval_same_demo_teacher_forced,0.01164630428,0.01164630428,raw_action_units,0.9964461724,0.9964461724,5.449231148,"[1.0165864229, 0.967387259, 0.9794538617, 1.0223571062]","[5.4942970276, 5.3978538513, 5.4173846245, 5.4873886108]","[0.0045620571, 0.006187899, 0.0061386651, 0.0057091541]","[0.0008163695, 0.0010659983, 0.0006008765, 0.0001157364, 0.0001631638, 9.61973e-05, 0.0366877615]",0,0.01164630339,raw_action_units,2,96,769564,769564,true
261,train_single_demo,0.01166733913,0.01166733913,raw_action_units,0.9965463877,0.9965463877,5.449403127,"[1.01679039, 0.9674214721, 0.9793851376, 1.0225886106]","[5.4946594238, 5.3978767395, 5.417242527, 5.4878334999]","[0.0025110343, 0.0035544562, 0.0038780493, 0.0037959113]","[0.0010848222, 0.0008430101, 0.0010603071, 0.0001619193, 0.0001971333, 8.92543e-05, 0.0206075925]",0,0.01166733887,raw_action_units,2,96,769564,769564,true
261,eval_same_demo_teacher_forced,0.011669809,0.011669809,raw_action_units,0.9968302647,0.9968302647,5.449963729,"[1.0178078413, 0.9672896266, 0.9792914391, 1.0229321718]","[5.4967103004, 5.3975028992, 5.4169077873, 5.4887328148]","[0.0045804535, 0.0062332079, 0.0061358507, 0.0057180882]","[0.0007795393, 0.0010579064, 0.0005687013, 0.0001503039, 0.0001712813, 6.90548e-05, 0.0368715152]",0,0.0116698082,raw_action_units,2,96,769564,769564,true
262,train_single_demo,0.01175160582,0.01175160582,raw_action_units,0.9967947205,0.9967947205,5.449826399,"[1.0178990364, 0.9672020078, 0.9793273807, 1.0227503777]","[5.4968514442, 5.3972644806, 5.4168438911, 5.4883465767]","[0.0017400376, 0.0047810948, 0.005536864, 0.0051679504]","[0.0008255097, 0.0007485244, 0.0008159864, 9.7782e-05, 0.0001913634, 7.58099e-05, 0.0273904335]",0,0.01175160529,raw_action_units,2,96,769564,769564,true
262,eval_same_demo_teacher_forced,0.01155777772,0.01155777772,raw_action_units,0.996840179,0.996840179,5.449187915,"[1.018281579, 0.9672248363, 0.9798660278, 1.0219882727]","[5.4968571663, 5.3967475891, 5.4175467491, 5.4855976105]","[0.0045474297, 0.0061358348, 0.0060709678, 0.0056346771]","[0.0007577611, 0.0010233633, 0.000581199, 0.0001121865, 0.0001566577, 7.09077e-05, 0.0364785157]",0,0.01155777701,raw_action_units,2,96,769564,769564,true
263,train_single_demo,0.01169659663,0.01169659663,raw_action_units,0.9969470898,0.9969470898,5.44922177,"[1.0184301138, 0.9673811793, 0.9799669385, 1.0220103264]","[5.496945858, 5.3969168663, 5.4177222252, 5.4853019714]","[0.0023617244, 0.003902372, 0.0047879345, 0.0049794405]","[0.001056259, 0.0007197459, 0.0008535438, 0.0001524025, 0.0001835943, 9.4748e-05, 0.0249947775]",0,0.01169659588,raw_action_units,2,96,769564,769564,true
263,eval_same_demo_teacher_forced,0.01159261229,0.01159261229,raw_action_units,0.9973920584,0.9973920584,5.450093587,"[1.0189385414, 0.9682435989, 0.9801065326, 1.0222796202]","[5.4978318214, 5.3984775543, 5.4182238579, 5.4858412743]","[0.0045313463, 0.0061622527, 0.0060724807, 0.0056230458]","[0.0007694964, 0.0010209648, 0.0005547556, 0.0001151359, 0.0001618792, 7.49863e-05, 0.0364837497]",0,0.01159261203,raw_action_units,2,96,769564,769564,true
264,train_single_demo,0.0116391303,0.0116391303,raw_action_units,0.9974313577,0.9974313577,5.450349172,"[1.0190786123, 0.9682844281, 0.980029881, 1.0223325491]","[5.4982991219, 5.3986625671, 5.4181199074, 5.4863142967]","[0.001290664, 0.0014245072, 0.0016929168, 0.0024090975]","[0.0008491191, 0.0008506054, 0.0007689455, 0.0001343769, 0.0001874474, 6.65991e-05, 0.0090729808]",0,0.0116391299,raw_action_units,2,96,769564,769564,true
264,eval_same_demo_teacher_forced,0.01156244862,0.01156244862,raw_action_units,0.9974721273,0.9974721273,5.451332092,"[1.0192065239, 0.9686549306, 0.979690969, 1.0223357677]","[5.4995179176, 5.4000039101, 5.4178586006, 5.4879455566]","[0.0045554102, 0.0061251745, 0.0060557686, 0.0057162009]","[0.0008227958, 0.0010328378, 0.0005467793, 0.000113241, 0.0001696056, 6.61117e-05, 0.0365405977]",0,0.01156244817,raw_action_units,2,96,769564,769564,true
265,train_single_demo,0.01155289914,0.01155289914,raw_action_units,0.9974038204,0.9974038204,5.451320648,"[1.0191284418, 0.968626678, 0.9797148108, 1.0221453905]","[5.4995098114, 5.400083065, 5.4180030823, 5.4876856804]","[0.0011328162, 0.0017489437, 0.0026500775, 0.0040088524]","[0.0007393259, 0.0009753285, 0.0007663853, 0.0001308512, 0.0001811975, 8.76984e-05, 0.0138154179]",0,0.01155289848,raw_action_units,2,96,769564,769564,true
265,eval_same_demo_teacher_forced,0.01152744517,0.01152744517,raw_action_units,0.9971866608,0.9971866608,5.45108366,"[1.0186340809, 0.9684343934, 0.9801797867, 1.0214983225]","[5.4987463951, 5.4001049995, 5.4191594124, 5.4863228798]","[0.0045389798, 0.0061023473, 0.0059893951, 0.00556181]","[0.0007507719, 0.0010384597, 0.0005833955, 0.0001053676, 0.0001793411, 6.08383e-05, 0.036118757]",0,0.01152744464,raw_action_units,2,96,769564,769564,true
266,train_single_demo,0.01163756941,0.01163756941,raw_action_units,0.9972171386,0.9972171386,5.451116244,"[1.0186333656, 0.9683981538, 0.980342865, 1.0214942694]","[5.4987168312, 5.4000549316, 5.4194946289, 5.4861984253]","[0.0017952578, 0.002893355, 0.0029370617, 0.0042471774]","[0.0008153236, 0.0009840524, 0.0006572786, 0.0001469072, 0.0001543645, 7.44584e-05, 0.0179451052]",0,0.01163756865,raw_action_units,2,96,769564,769564,true
266,eval_same_demo_teacher_forced,0.01140240269,0.01140240269,raw_action_units,0.9977100293,0.9977100293,5.451737722,"[1.0195504427, 0.968316555, 0.980652988, 1.0223201513]","[5.5001063347, 5.3997421265, 5.4196166992, 5.4874863625]","[0.0045193867, 0.0060697296, 0.0059752124, 0.0055264211]","[0.0007391187, 0.0010123921, 0.0005578186, 0.0001251029, 0.0001574311, 7.24825e-05, 0.0359944589]",0,0.0114024019,raw_action_units,2,96,769564,769564,true
267,train_single_demo,0.01142409351,0.01142409351,raw_action_units,0.9977998734,0.9977998734,5.451743762,"[1.0197950602, 0.9683530331, 0.980553925, 1.0224977732]","[5.5003609657, 5.399664402, 5.4193120003, 5.4876379967]","[0.0027252352, 0.0038686665, 0.0044967532, 0.0043939576]","[0.0008077428, 0.0008078022, 0.0006768573, 0.0001677939, 0.000209345, 8.8216e-05, 0.0243403167]",0,0.01142409302,raw_action_units,2,96,769564,769564,true
267,eval_same_demo_teacher_forced,0.01170272691,0.01170272691,raw_action_units,0.997880737,0.997880737,5.451628685,"[1.0204899311, 0.9681552052, 0.9799707532, 1.0229068995]","[5.5015239716, 5.3988652229, 5.4176840782, 5.4884400368]","[0.0044926447, 0.0061059222, 0.0060127876, 0.0056556682]","[0.0007824704, 0.0009966298, 0.0005687368, 0.0001154452, 0.0001726153, 5.69556e-05, 0.0362744369]",0,0.01170272628,raw_action_units,2,96,769564,769564,true
268,train_single_demo,0.01174249531,0.01174249531,raw_action_units,0.9977534016,0.9977534016,5.451283137,"[1.0203986168, 0.9679706693, 0.97986871, 1.0227757692]","[5.5012850761, 5.3983840942, 5.4174752235, 5.4879875183]","[0.0026260829, 0.0042222431, 0.005002555, 0.0054400503]","[0.0007724901, 0.0009368421, 0.0006753496, 0.0001141875, 0.0001432433, 6.97427e-05, 0.0275472719]",0,0.01174249465,raw_action_units,2,96,769564,769564,true
268,eval_same_demo_teacher_forced,0.01136497036,0.01136497036,raw_action_units,0.9973160823,0.9973160823,5.45014445,"[1.0194324255, 0.9677679539, 0.9800424576, 1.0220216513]","[5.4991183281, 5.3976683617, 5.4178414345, 5.4859490395]","[0.0045601204, 0.0060854391, 0.0059047225, 0.005502054]","[0.0007410664, 0.0010130595, 0.0006625508, 0.0001043812, 0.0001667109, 6.85449e-05, 0.0358352736]",0,0.01136496982,raw_action_units,2,96,769564,769564,true
269,train_single_demo,0.011541189,0.011541189,raw_action_units,0.9973421097,0.9973421097,5.450292269,"[1.0192247629, 0.967900455, 0.9802848697, 1.0219583511]","[5.4987683296, 5.3980431557, 5.4184584618, 5.4858989716]","[0.0034039607, 0.0031320434, 0.0035350986, 0.0048865355]","[0.0009700577, 0.0007509086, 0.0007751819, 0.0001014224, 0.0002303427, 8.43474e-05, 0.0232636053]",0,0.01154118847,raw_action_units,2,96,769564,769564,true
269,eval_same_demo_teacher_forced,0.01128481515,0.01128481515,raw_action_units,0.9983550707,0.9983550707,5.452587287,"[1.02016294, 0.9689233899, 0.9811611176, 1.023172617]","[5.5006661415, 5.4004998207, 5.4204273224, 5.4887547493]","[0.0044989972, 0.0060321833, 0.0059049078, 0.0054898635]","[0.0007497026, 0.0010180079, 0.0005765739, 0.0001162346, 0.0001580416, 5.99767e-05, 0.035691876]",0,0.01128481435,raw_action_units,2,96,769564,769564,true
270,train_single_demo,0.01130812491,0.01130812491,raw_action_units,0.9985913833,0.9985913833,5.453206698,"[1.0205183029, 0.9691183567, 0.9813012481, 1.0234276056]","[5.5014977455, 5.4010310173, 5.4207968712, 5.4895000458]","[0.0010900233, 0.0016279359, 0.0022649297, 0.0019169411]","[0.000791682, 0.0007605176, 0.0007793942, 9.71559e-05, 0.0001706834, 0.0001023516, 0.009372917]",0,0.0113081242,raw_action_units,2,96,769564,769564,true
270,eval_same_demo_teacher_forced,0.01157993513,0.01157993513,raw_action_units,0.9992973804,0.9992973804,5.455271721,"[1.0219415426, 0.969358623, 0.9813501835, 1.0245393515]","[5.5049247742, 5.4020142555, 5.4215073586, 5.4926395416]","[0.0047135493, 0.0061776992, 0.0059991549, 0.0056581032]","[0.0007965338, 0.0009964487, 0.000628914, 0.0001212464, 0.0001793635, 0.0001049901, 0.0366323851]",0,0.01157993433,raw_action_units,2,96,769564,769564,true
271,train_single_demo,0.01148721141,0.01148721141,raw_action_units,0.9990916053,0.9990916053,5.454857508,"[1.0217876434, 0.9690708518, 0.9812367558, 1.0242710114]","[5.5046005249, 5.4014034271, 5.4213314056, 5.4920945168]","[0.0018503863, 0.0051516141, 0.0055097081, 0.0044811382]","[0.0007727497, 0.0008787519, 0.0008164939, 0.0001237166, 0.0001753899, 7.87214e-05, 0.0268916562]",0,0.01148721079,raw_action_units,2,96,769564,769564,true
271,eval_same_demo_teacher_forced,0.01143271724,0.01143271724,raw_action_units,0.9976935387,0.9976935387,5.451954842,"[1.0200567245, 0.9673106074, 0.9808911681, 1.0225156546]","[5.5010333061, 5.3975310326, 5.4209446907, 5.4883098602]","[0.004511653, 0.0060200891, 0.0058616456, 0.0055453363]","[0.000731344, 0.0009801554, 0.000610992, 0.0001117, 0.0001566559, 7.1557e-05, 0.0357303582]",0,0.01143271653,raw_action_units,2,96,769564,769564,true
272,train_single_demo,0.01165508696,0.01165508696,raw_action_units,0.9974972804,0.9974972804,5.451518536,"[1.0196019411, 0.9671133161, 0.9810929298, 1.0221809149]","[5.5000863075, 5.3970990181, 5.4212799072, 5.4876084328]","[0.0026180905, 0.0044768997, 0.0043591163, 0.0036706666]","[0.0008743459, 0.0008728713, 0.0008347072, 0.0001275542, 0.0001689786, 0.000103959, 0.0234859362]",0,0.01165508621,raw_action_units,2,96,769564,769564,true
272,eval_same_demo_teacher_forced,0.01119856102,0.01119856102,raw_action_units,0.9971682827,0.9971682827,5.450701396,"[1.0193039179, 0.9661645293, 0.9808322787, 1.0223724842]","[5.4992918968, 5.3952522278, 5.4200057983, 5.4882564545]","[0.0044827526, 0.0060081114, 0.0058187288, 0.0054087215]","[0.0007412495, 0.0009877937, 0.0006320879, 0.0001381875, 0.0001701578, 9.16938e-05, 0.0352458842]",0,0.01119856075,raw_action_units,2,96,769564,769564,true
273,train_single_demo,0.0114446509,0.0114446509,raw_action_units,0.9973442554,0.9973442554,5.451103846,"[1.019564271, 0.9662249684, 0.9807367921, 1.0228508711]","[5.4998812675, 5.395488739, 5.4197144508, 5.4893288612]","[0.0057899454, 0.0051056682, 0.0051118108, 0.0036659476]","[0.0010160564, 0.0007411069, 0.0009293006, 0.0001268136, 0.0001533719, 8.22876e-05, 0.031379465]",0,0.01144465024,raw_action_units,2,96,769564,769564,true
273,eval_same_demo_teacher_forced,0.01146432385,0.01146432385,raw_action_units,0.9978413184,0.9978413184,5.452055454,"[1.0201371908, 0.9665731788, 0.9803999066, 1.0242547989]","[5.5008168221, 5.3965811729, 5.4187893867, 5.4920344353]","[0.0044887611, 0.0060978956, 0.0058265622, 0.0053801346]","[0.0007499987, 0.0010158001, 0.0005875209, 0.0001334615, 0.0001521597, 6.99215e-05, 0.0354295038]",0,0.01146432332,raw_action_units,2,96,769564,769564,true
274,train_single_demo,0.01130100029,0.01130100029,raw_action_units,0.9978152712,0.9978152712,5.451925913,"[1.0199507475, 0.9666852951, 0.9804816842, 1.0241433382]","[5.5003166199, 5.3967995644, 5.4189944267, 5.4915947914]","[0.0011889592, 0.0024012199, 0.003432736, 0.0040711644]","[0.0008539555, 0.0009136783, 0.0005519743, 0.0001452802, 0.0001703454, 6.9299e-05, 0.0167101063]",0,0.01130099985,raw_action_units,2,96,769564,769564,true
274,eval_same_demo_teacher_forced,0.0118131203,0.0118131203,raw_action_units,0.9974638621,0.9974638621,5.45120875,"[1.0187205076, 0.9675171971, 0.9805446267, 1.0230733156]","[5.4976592064, 5.3984894753, 5.4198927879, 5.4887919426]","[0.0046540019, 0.0060664178, 0.0061383843, 0.0055859429]","[0.0008212564, 0.0009986187, 0.0006275245, 0.0001098743, 0.0001554265, 7.02069e-05, 0.0364953987]",0,0.01181311976,raw_action_units,2,96,769564,769564,true
275,train_single_demo,0.01181906927,0.01181906927,raw_action_units,0.9975352685,0.9975352685,5.451489925,"[1.0188690424, 0.9678557515, 0.9804063439, 1.0230097771]","[5.498085022, 5.3992004395, 5.4197292328, 5.4889435768]","[0.0056248703, 0.0066353031, 0.0048628268, 0.0038902441]","[0.0006875825, 0.000736501, 0.001077568, 0.0001314736, 0.0002142941, 8.28697e-05, 0.0338428877]",0,0.01181906887,raw_action_units,2,96,769564,769564,true
275,eval_same_demo_teacher_forced,0.01117380771,0.01117380771,raw_action_units,0.9974115094,0.9974115094,5.451934497,"[1.0192044973, 0.9683349729, 0.9802106023, 1.0218960047]","[5.4995722771, 5.4004249573, 5.4197506905, 5.4879889488]","[0.0044667907, 0.0059799352, 0.0057704705, 0.0053436323]","[0.0008212114, 0.0010131999, 0.0006433759, 0.0001045495, 0.0001564631, 6.25953e-05, 0.0349300541]",0,0.01117380744,raw_action_units,2,96,769564,769564,true
276,train_single_demo,0.01136435848,0.01136435848,raw_action_units,0.9973827799,0.9973827799,5.451920668,"[1.0193793774, 0.9681891799, 0.9801567197, 1.0218058825]","[5.5000038147, 5.4001259804, 5.4195480347, 5.4880032539]","[0.0014478783, 0.0035972353, 0.0031098053, 0.0031673608]","[0.0011004169, 0.0008308303, 0.0008194993, 0.0001588348, 0.0002200677, 7.49487e-05, 0.0166093912]",0,0.01136435799,raw_action_units,2,96,769564,769564,true
276,eval_same_demo_teacher_forced,0.01112618856,0.01112618856,raw_action_units,0.9972256025,0.9972256025,5.452080091,"[1.0193048716, 0.9678442478, 0.9805271029, 1.0212261677]","[5.5005278587, 5.3997006416, 5.420571804, 5.4875197411]","[0.0045091864, 0.0059975288, 0.0057954476, 0.0053434749]","[0.0008468886, 0.0009884787, 0.0006867315, 0.0001334297, 0.0001689323, 6.32326e-05, 0.0349921696]",0,0.01112618794,raw_action_units,2,96,769564,769564,true
277,train_single_demo,0.01114390139,0.01114390139,raw_action_units,0.9972539345,0.9972539345,5.452111085,"[1.019215703, 0.9678077698, 0.9806504846, 1.0213416815]","[5.5003256798, 5.3996124268, 5.420899868, 5.4876065254]","[0.0040467144, 0.0027147895, 0.0022555755, 0.0023725787]","[0.0007703023, 0.0008795559, 0.00092448, 0.0001045506, 0.0001910281, 6.57331e-05, 0.0169962514]",0,0.01114390081,raw_action_units,2,96,769564,769564,true
277,eval_same_demo_teacher_forced,0.01116912315,0.01116912315,raw_action_units,0.9974445105,0.9974445105,5.451744556,"[1.0187315941, 0.9679976106, 0.9810273051, 1.0220215321]","[5.4985580444, 5.3994612694, 5.4212002754, 5.4877586365]","[0.0044545354, 0.0059390664, 0.0057022362, 0.0053456905]","[0.0007312556, 0.000967749, 0.0005801473, 0.0001017516, 0.0001693604, 6.98327e-05, 0.0349025764]",0,0.01116912244,raw_action_units,2,96,769564,769564,true
278,train_single_demo,0.01151275697,0.01151275697,raw_action_units,0.9975777268,0.9975777268,5.451978366,"[1.0189802647, 0.9681010842, 0.98091501, 1.0223144293]","[5.4990329742, 5.3996815681, 5.4207911491, 5.488407135]","[0.0049664904, 0.0063375439, 0.0051795286, 0.0044320324]","[0.0008227174, 0.0009485763, 0.0009270045, 0.0001504123, 0.0001490374, 8.9214e-05, 0.033515323]",0,0.0115127567,raw_action_units,2,96,769564,769564,true
278,eval_same_demo_teacher_forced,0.01105633254,0.01105633254,raw_action_units,0.9975390434,0.9975390434,5.450900396,"[1.0187454224, 0.9681944847, 0.9814023972, 1.0218137503]","[5.4976806641, 5.3991675377, 5.4206681252, 5.4860835075]","[0.0044681937, 0.0059520733, 0.0057196547, 0.0052589849]","[0.0007070599, 0.0009896997, 0.0006401405, 0.0001710631, 0.0001519665, 7.46052e-05, 0.0347135514]",0,0.01105633236,raw_action_units,2,96,769564,769564,true
279,train_single_demo,0.01127562517,0.01127562517,raw_action_units,0.9974318743,0.9974318743,5.450518926,"[1.0185859203, 0.9681337476, 0.9815368056, 1.0214711428]","[5.4972190857, 5.3988957405, 5.4208569527, 5.4851050377]","[0.003324152, 0.0035118705, 0.0040280409, 0.0038706046]","[0.0008002563, 0.0008098088, 0.0010415368, 0.0001533158, 0.0001910351, 8.89325e-05, 0.022700781]",0,0.01127562459,raw_action_units,2,96,769564,769564,true
279,eval_same_demo_teacher_forced,0.01104490521,0.01104490521,raw_action_units,0.9974654913,0.9974654913,5.45075353,"[1.0187743902, 0.9682200551, 0.9820125699, 1.02085495]","[5.4979858398, 5.39894104, 5.4218192101, 5.4842681885]","[0.0045142169, 0.0059778267, 0.0056327297, 0.0052338247]","[0.0007451069, 0.0009579756, 0.00076874, 0.0001033893, 0.0001609478, 8.11865e-05, 0.0345601998]",0,0.01104490459,raw_action_units,2,96,769564,769564,true
280,train_single_demo,0.01136107805,0.01136107805,raw_action_units,0.9976233443,0.9976233443,5.451199373,"[1.0190894604, 0.9683559537, 0.981919229, 1.0211286545]","[5.4987607002, 5.3992295265, 5.421672821, 5.4851346016]","[0.0041494058, 0.0027886163, 0.0023454428, 0.0021056712]","[0.0010608236, 0.0007650768, 0.000937618, 0.0001635785, 0.0001922987, 0.00011474, 0.0166968536]",0,0.01136107761,raw_action_units,2,96,769564,769564,true
280,eval_same_demo_teacher_forced,0.01098022765,0.01098022765,raw_action_units,0.9979376594,0.9979376594,5.45257473,"[1.01935184, 0.968758285, 0.982019484, 1.0216211081]","[5.5000119209, 5.4004330635, 5.4226727486, 5.4871792793]","[0.0044295304, 0.0058173998, 0.005621565, 0.0052119568]","[0.00070085, 0.0009666682, 0.0005783659, 0.0001516999, 0.0001519815, 8.3317e-05, 0.0342579037]",0,0.01098022716,raw_action_units,2,96,769564,769564,true
281,train_single_demo,0.01110283037,0.01110283037,raw_action_units,0.9978814125,0.9978814125,5.452486515,"[1.0190981627, 0.9687698483, 0.9822155833, 1.0214419365]","[5.4994850159, 5.4005494118, 5.4231820107, 5.4867291451]","[0.002482889, 0.0053113694, 0.0041437512, 0.0029824881]","[0.0009579423, 0.0007481805, 0.0008353165, 9.92402e-05, 0.0001530608, 7.7107e-05, 0.0232400224]",0,0.01110282966,raw_action_units,2,96,769564,769564,true
281,eval_same_demo_teacher_forced,0.01112324434,0.01112324434,raw_action_units,0.9977706671,0.9977706671,5.452439944,"[1.0187543631, 0.9685717225, 0.9827353954, 1.0210212469]","[5.4987983704, 5.4007563591, 5.4245285988, 5.4856758118]","[0.0044233422, 0.0058274064, 0.0055966084, 0.0052445256]","[0.000705054, 0.0010072616, 0.0006103311, 0.0001078135, 0.0001484, 7.79658e-05, 0.0342539661]",0,0.0111232439,raw_action_units,2,96,769564,769564,true
282,train_single_demo,0.01107159412,0.01107159412,raw_action_units,0.9978182912,0.9978182912,5.452567101,"[1.0189827681, 0.96851331, 0.9827030301, 1.0210739374]","[5.4992728233, 5.4007759094, 5.4243760109, 5.4858436584]","[0.0020250257, 0.0045531145, 0.0050431858, 0.0048857001]","[0.0006937923, 0.0008105806, 0.0007632713, 0.0001304474, 0.0001665269, 9.12899e-05, 0.0262313839]",0,0.01107159363,raw_action_units,2,96,769564,769564,true
282,eval_same_demo_teacher_forced,0.01106285614,0.01106285614,raw_action_units,0.9980886777,0.9980886777,5.453481356,"[1.0196682215, 0.9684581757, 0.9828698635, 1.02135849]","[5.5010910034, 5.4011459351, 5.4244017601, 5.4872860909]","[0.0044132983, 0.0058654263, 0.0056365193, 0.0053309011]","[0.0008004248, 0.0009784126, 0.0006780307, 0.0001373838, 0.0001491353, 6.22532e-05, 0.0343751125]",0,0.01106285517,raw_action_units,2,96,769564,769564,true
283,train_single_demo,0.01116459568,0.01116459568,raw_action_units,0.9981195529,0.9981195529,5.453608513,"[1.0197044611, 0.9685122967, 0.9828996658, 1.0213619471]","[5.5012564659, 5.4012656212, 5.4244818687, 5.4874300957]","[0.0066562388, 0.0072113774, 0.0055974969, 0.0047344314]","[0.0011118414, 0.0007130639, 0.000774082, 0.0001491174, 0.0001626265, 8.02715e-05, 0.0393581986]",0,0.01116459533,raw_action_units,2,96,769564,769564,true
283,eval_same_demo_teacher_forced,0.01092132243,0.01092132243,raw_action_units,0.9978628556,0.9978628556,5.452880065,"[1.0183447599, 0.9685743451, 0.9834954143, 1.0210369825]","[5.4984550476, 5.4007897377, 5.4259333611, 5.4863419533]","[0.0044279755, 0.0058260802, 0.0055134445, 0.0051590176]","[0.0007360035, 0.0010000704, 0.0006989844, 0.0001302637, 0.0001536282, 6.84477e-05, 0.0338340066]",0,0.01092132216,raw_action_units,2,96,769564,769564,true
284,train_single_demo,0.01104376589,0.01104376589,raw_action_units,0.9978065292,0.9978065292,5.452637196,"[1.018148303, 0.9685235023, 0.98361063, 1.0209439993]","[5.4979453087, 5.4005703926, 5.426129818, 5.4859046936]","[0.0043432112, 0.0061557167, 0.0053612539, 0.0040053944]","[0.0007932633, 0.0008505929, 0.0008417696, 0.0001163745, 0.0001564821, 7.07134e-05, 0.0319355614]",0,0.01104376536,raw_action_units,2,96,769564,769564,true
284,eval_same_demo_teacher_forced,0.01105845037,0.01105845037,raw_action_units,0.9983741442,0.9983741442,5.453450521,"[1.0184072256, 0.9691671729, 0.9840106964, 1.0219117403]","[5.4981880188, 5.4016346931, 5.4268546104, 5.4871258736]","[0.0043731551, 0.005924759, 0.0055861888, 0.0052727293]","[0.0007398948, 0.0009521742, 0.0005625192, 0.0001119341, 0.0001428611, 5.85137e-05, 0.0344565585]",0,0.01105844975,raw_action_units,2,96,769564,769564,true
285,train_single_demo,0.01093416847,0.01093416847,raw_action_units,0.9986110727,0.9986110727,5.453996181,"[1.0187882185, 0.9694029689, 0.9840216637, 1.0222315788]","[5.4990143776, 5.4022336006, 5.4268736839, 5.4878630638]","[0.0027521048, 0.0030790486, 0.0027108199, 0.0019990704]","[0.0007473547, 0.0008695174, 0.0008639813, 0.0001349236, 0.0001189684, 8.70978e-05, 0.0156249823]",0,0.01093416785,raw_action_units,2,96,769564,769564,true
285,eval_same_demo_teacher_forced,0.01146960941,0.01146960941,raw_action_units,0.9994173447,0.9994173447,5.45620203,"[1.0203528404, 0.9700902104, 0.9837290645, 1.0234972239]","[5.5028076172, 5.4042563438, 5.4261155128, 5.49162817]","[0.0045991833, 0.0058078836, 0.0056117778, 0.0053297463]","[0.0007193561, 0.00105953, 0.0008711487, 0.0001317318, 0.0001470106, 6.49672e-05, 0.0343662836]",0,0.01146960897,raw_action_units,2,96,769564,769564,true
286,train_single_demo,0.01162256083,0.01162256083,raw_action_units,0.9993142883,0.9993142883,5.456051509,"[1.0203043222, 0.9699320793, 0.9835276604, 1.0234931707]","[5.5027775764, 5.4039587975, 5.4257144928, 5.491754055]","[0.0019069832, 0.0048917928, 0.0042070751, 0.0041295132]","[0.0007855737, 0.0007220922, 0.0008876349, 0.00013176, 0.0001681662, 7.74285e-05, 0.0237142313]",0,0.01162256052,raw_action_units,2,96,769564,769564,true
286,eval_same_demo_teacher_forced,0.01088979623,0.01088979623,raw_action_units,0.9980179667,0.9980179667,5.453662554,"[1.017991066, 0.9691982865, 0.9836727977, 1.0212097168]","[5.4984955788, 5.4025707245, 5.4267554283, 5.4868292809]","[0.0044061611, 0.0057708002, 0.0054267794, 0.0050979252]","[0.0006902702, 0.0009750277, 0.0006054886, 0.0001150254, 0.0001565786, 6.82714e-05, 0.0336172543]",0,0.01088979592,raw_action_units,2,96,769564,769564,true
287,train_single_demo,0.01226566018,0.01226566018,raw_action_units,0.9977637331,0.9977637331,5.453224977,"[1.0174170732, 0.9691961408, 0.9838439822, 1.0205976963]","[5.49740839, 5.4026699066, 5.4273571968, 5.4854626656]","[0.0052596764, 0.0070320237, 0.0078721428, 0.0087100808]","[0.0009251931, 0.0007953865, 0.0008609469, 0.0001163167, 0.0001704722, 9.17214e-05, 0.0475693345]",0,0.01226565951,raw_action_units,2,96,769564,769564,true
287,eval_same_demo_teacher_forced,0.01075379923,0.01075379923,raw_action_units,0.9979050159,0.9979050159,5.453548431,"[1.0178909302, 0.969388783, 0.9835315347, 1.020808816]","[5.4984016418, 5.4032378197, 5.4264893532, 5.4860634804]","[0.0043487344, 0.0057328977, 0.0054111579, 0.0051170834]","[0.0007482651, 0.000930499, 0.0007197146, 9.99519e-05, 0.0001603736, 8.44453e-05, 0.0333240256]",0,0.0107537987,raw_action_units,2,96,769564,769564,true
288,train_single_demo,0.01201406432,0.01201406432,raw_action_units,0.9982505838,0.9982505838,5.454684099,"[1.0186928511, 0.9695184827, 0.9832943082, 1.0214964151]","[5.500483036, 5.4038949013, 5.4261040688, 5.4882531166]","[0.0049321461, 0.0061324849, 0.0050411066, 0.0052296943]","[0.0008803196, 0.0008555971, 0.0008444775, 0.0001001934, 0.0001851869, 6.85952e-05, 0.0344026349]",0,0.01201406405,raw_action_units,2,96,769564,769564,true
288,eval_same_demo_teacher_forced,0.01194113555,0.01194113555,raw_action_units,0.9986700217,0.9986700217,5.454508464,"[1.0203742981, 0.9690720439, 0.981916368, 1.0233174562]","[5.5024180412, 5.4021105766, 5.4222378731, 5.4912667274]","[0.0044434988, 0.005936529, 0.005564719, 0.0053472798]","[0.0007329353, 0.0009748457, 0.0006098665, 0.0001157006, 0.0001954334, 5.73129e-05, 0.034574952]",0,0.01194113493,raw_action_units,2,96,769564,769564,true
289,train_single_demo,0.01132316142,0.01132316142,raw_action_units,0.9984810352,0.9984810352,5.453868707,"[1.020062089, 0.9689615369, 0.9818531871, 1.023047328]","[5.5015015602, 5.4016299248, 5.4221768379, 5.4901657104]","[0.005079065, 0.0052279769, 0.0030789499, 0.0021789002]","[0.0007680171, 0.0007090509, 0.0013337362, 0.0001254532, 0.0001781848, 0.0001030821, 0.0240210351]",0,0.01132316107,raw_action_units,2,96,769564,769564,true
289,eval_same_demo_teacher_forced,0.01256381162,0.01256381162,raw_action_units,0.9971775611,0.9971775611,5.450255712,"[1.0177322626, 0.9680700898, 0.982193172, 1.0207146406]","[5.4957337379, 5.3990478516, 5.4230709076, 5.4831695557]","[0.0046031349, 0.0064218859, 0.0063583911, 0.0061386912]","[0.0008232048, 0.0009716821, 0.000753179, 0.0001267022, 0.0001546285, 6.99149e-05, 0.0382643677]",0,0.01256381082,raw_action_units,2,96,769564,769564,true
290,train_single_demo,0.0125858821,0.0125858821,raw_action_units,0.9971400897,0.9971400897,5.450263023,"[1.0176272392, 0.9681169987, 0.9823963642, 1.020419836]","[5.495634079, 5.3992667198, 5.4234747887, 5.4826769829]","[0.0044227848, 0.0061203637, 0.0069721397, 0.0058504809]","[0.0009800963, 0.0008535177, 0.0009696814, 0.0001347912, 0.0002056044, 7.81456e-05, 0.0376682542]",0,0.01258588192,raw_action_units,2,96,769564,769564,true
290,eval_same_demo_teacher_forced,0.01082353511,0.01082353511,raw_action_units,0.9975986481,0.9975986481,5.45205307,"[1.018584609, 0.9684668183, 0.982606113, 1.020737052]","[5.4987277985, 5.4007472992, 5.4232025146, 5.485534668]","[0.0043808548, 0.0057048635, 0.0054193828, 0.0051358636]","[0.0007827985, 0.0009167672, 0.0009267225, 0.000118092, 0.0002052205, 7.79079e-05, 0.0330941789]",0,0.01082353471,raw_action_units,2,96,769564,769564,true
291,train_single_demo,0.01146763222,0.01146763222,raw_action_units,0.9977262815,0.9977262815,5.452609698,"[1.0187354088, 0.9686031342, 0.9825828075, 1.0209835768]","[5.4993824959, 5.401196003, 5.4231376648, 5.4867210388]","[0.00118228, 0.0024889975, 0.0041506724, 0.0044510053]","[0.0011152109, 0.0009569678, 0.0009180226, 0.000145289, 0.0001862395, 0.0001061554, 0.0180497859]",0,0.01146763208,raw_action_units,2,96,769564,769564,true
291,eval_same_demo_teacher_forced,0.01173045921,0.01173045921,raw_action_units,0.9980084499,0.9980084499,5.45384566,"[1.0189887285, 0.9689803123, 0.9823350906, 1.0217295885]","[5.5005412102, 5.4023041725, 5.4230694771, 5.4894661903]","[0.0044485154, 0.0059758411, 0.0058282423, 0.0053435918]","[0.0007250123, 0.0009658753, 0.0005984758, 0.0001323706, 0.0001662237, 7.65323e-05, 0.035128843]",0,0.01173045876,raw_action_units,2,96,769564,769564,true
292,train_single_demo,0.01184357703,0.01184357703,raw_action_units,0.9977912903,0.9977912903,5.453050931,"[1.018612504, 0.9688253999, 0.9823617935, 1.0213652849]","[5.4993286133, 5.4017157555, 5.4231891632, 5.4879698753]","[0.0028108156, 0.0025819235, 0.0029191978, 0.0043181148]","[0.0009297856, 0.0008211988, 0.0007673118, 0.0001227795, 0.0001807204, 5.98374e-05, 0.0192209557]",0,0.01184357632,raw_action_units,2,96,769564,769564,true
292,eval_same_demo_teacher_forced,0.01197332703,0.01197332703,raw_action_units,0.9974513054,0.9974513054,5.451899687,"[1.0178691149, 0.9690291286, 0.9828975201, 1.0200092793]","[5.497030735, 5.4019446373, 5.4250941277, 5.4835295677]","[0.0044319355, 0.0057889582, 0.0056367363, 0.0056460649]","[0.0008754257, 0.0009389259, 0.0008209715, 0.0001106697, 0.0001802144, 8.37316e-05, 0.0346215218]",0,0.0119733264,raw_action_units,2,96,769564,769564,true
293,train_single_demo,0.0117402859,0.0117402859,raw_action_units,0.9976319273,0.9976319273,5.452254295,"[1.0182896852, 0.9692468643, 0.9830066562, 1.0199846029]","[5.4978442192, 5.4024338722, 5.4251708984, 5.4835677147]","[0.0045231176, 0.0044222618, 0.0028378228, 0.0020038076]","[0.0009150465, 0.0008381848, 0.0007375503, 0.0001411743, 0.0002068998, 0.0001222102, 0.0211661998]",0,0.01174028502,raw_action_units,2,96,769564,769564,true
293,eval_same_demo_teacher_forced,0.01066035032,0.01066035032,raw_action_units,0.9984242121,0.9984242121,5.453477542,"[1.0199480057, 0.9702681899, 0.9833728671, 1.0201077461]","[5.50066185, 5.4042448997, 5.4247918129, 5.4842104912]","[0.0043675518, 0.005601367, 0.0053949323, 0.0052549266]","[0.0007743671, 0.0009210268, 0.0007724588, 0.0001817735, 0.0001955262, 5.95918e-05, 0.0331781171]",0,0.01066034961,raw_action_units,2,96,769564,769564,true
294,train_single_demo,0.01080692451,0.01080692451,raw_action_units,0.9984033306,0.9984033306,5.453389486,"[1.01991117, 0.9702892303, 0.983338654, 1.0200741291]","[5.5005555153, 5.4041862488, 5.4245834351, 5.4842324257]","[0.002730258, 0.0035741609, 0.0023954557, 0.0021343397]","[0.0010410118, 0.0008551064, 0.0009050306, 0.000153751, 0.00018142, 7.27046e-05, 0.0157508478]",0,0.01080692382,raw_action_units,2,96,769564,769564,true
294,eval_same_demo_teacher_forced,0.01068902699,0.01068902699,raw_action_units,0.9982283115,0.9982283115,5.452502251,"[1.0194461346, 0.9703040719, 0.9830157161, 1.0201473236]","[5.499130249, 5.403324604, 5.4236474037, 5.4839057922]","[0.0042976071, 0.0055696364, 0.0052599274, 0.00507063]","[0.0007560765, 0.0009319998, 0.0006358267, 0.0001141007, 0.0001616594, 6.43013e-05, 0.0326821841]",0,0.01068902654,raw_action_units,2,96,769564,769564,true
295,train_single_demo,0.01072026913,0.01072026913,raw_action_units,0.9981514215,0.9981514215,5.452284495,"[1.0192923546, 0.9701814651, 0.9829356074, 1.0201963186]","[5.4987740517, 5.4029488564, 5.4235911369, 5.4838223457]","[0.004709234, 0.0049108625, 0.0047870022, 0.0038416942]","[0.0008349025, 0.0006860669, 0.00099788, 0.0001631848, 0.0001871324, 7.36569e-05, 0.0289925616]",0,0.0107202686,raw_action_units,2,96,769564,769564,true
295,eval_same_demo_teacher_forced,0.01108382642,0.01108382642,raw_action_units,0.998045067,0.998045067,5.452035268,"[1.0183022022, 0.9700767994, 0.9839131236, 1.0198880434]","[5.4967637062, 5.4028053284, 5.4258937836, 5.4826779366]","[0.0043787644, 0.0057822261, 0.0056579299, 0.0053277961]","[0.000801846, 0.0009630337, 0.0006204086, 0.0001258499, 0.0001642608, 6.12005e-05, 0.0342701487]",0,0.01108382571,raw_action_units,2,96,769564,769564,true
296,train_single_demo,0.01097389497,0.01097389497,raw_action_units,0.9981878201,0.9981878201,5.452517509,"[1.0183600187, 0.9702218175, 0.9842597842, 1.0199095011]","[5.4970970154, 5.4033484459, 5.4265885353, 5.4830346107]","[0.0041522724, 0.0046808068, 0.0031201646, 0.001848862]","[0.0007113637, 0.0005940197, 0.000825871, 0.0001109509, 0.0001827984, 8.19606e-05, 0.0216467176]",0,0.01097389417,raw_action_units,2,96,769564,769564,true
296,eval_same_demo_teacher_forced,0.01038074462,0.01038074462,raw_action_units,0.9988522927,0.9988522927,5.454927444,"[1.0182515383, 0.9709458351, 0.9859037995, 1.0203078985]","[5.4981155396, 5.406059742, 5.4300780296, 5.4854564667]","[0.0042840322, 0.0055069388, 0.00525088, 0.0049527814]","[0.0006719998, 0.0009812936, 0.0007341632, 0.0001806446, 0.0001384646, 5.87548e-05, 0.0322252847]",0,0.01038074387,raw_action_units,2,96,769564,769564,true
297,train_single_demo,0.01046615684,0.01046615684,raw_action_units,0.9989084204,0.9989084204,5.455255826,"[1.0180978775, 0.9710244536, 0.9860431552, 1.020468235]","[5.4980950356, 5.406355381, 5.4304404259, 5.4861321449]","[0.0025956917, 0.0037382382, 0.0043804236, 0.0042850776]","[0.0008056227, 0.0007647821, 0.000838825, 0.0001376544, 0.0001135049, 8.63666e-05, 0.0235022455]",0,0.01046615626,raw_action_units,2,96,769564,769564,true
297,eval_same_demo_teacher_forced,0.01045928181,0.01045928181,raw_action_units,0.9988400539,0.9988400539,5.456138611,"[1.0172812939, 0.9709768295, 0.9860494137, 1.0210527182]","[5.4977812767, 5.4068703651, 5.4312567711, 5.4886460304]","[0.0042808531, 0.0055156001, 0.0052712536, 0.0049620415]","[0.0007304227, 0.0010135031, 0.0006086959, 0.0001318703, 0.000141296, 7.58877e-05, 0.03235038]",0,0.01045928115,raw_action_units,2,96,769564,769564,true
298,train_single_demo,0.01051184411,0.01051184411,raw_action_units,0.9987096985,0.9987096985,5.45593675,"[1.0170581341, 0.9708289504, 0.9859886169, 1.020963192]","[5.4974074364, 5.4065971375, 5.4312691689, 5.4884734154]","[0.002771653, 0.0025448452, 0.0030431002, 0.0032388486]","[0.0007896129, 0.0008678522, 0.0009072987, 0.0001485646, 0.0001304613, 7.12039e-05, 0.0173822884]",0,0.01051184375,raw_action_units,2,96,769564,769564,true
298,eval_same_demo_teacher_forced,0.01048722273,0.01048722273,raw_action_units,0.998186787,0.998186787,5.454864979,"[1.0166893005, 0.9698600769, 0.9855625033, 1.0206350088]","[5.4967999458, 5.4046740532, 5.4305839539, 5.4874005318]","[0.0042858007, 0.0054804198, 0.0052796951, 0.004994899]","[0.0006692828, 0.0010040886, 0.0006157546, 0.0001646388, 0.0001650479, 5.22312e-05, 0.0324003808]",0,0.01048722225,raw_action_units,2,96,769564,769564,true
299,train_single_demo,0.01052373384,0.01052373384,raw_action_units,0.9981618524,0.9981618524,5.454632441,"[1.0168236494, 0.9696093202, 0.985616982, 1.0205975771]","[5.4968953133, 5.404112339, 5.4304938316, 5.4870276451]","[0.0007786095, 0.0011252243, 0.0016518123, 0.0024336951]","[0.0008307433, 0.0008780411, 0.0006279179, 0.0001363259, 0.0001698067, 9.43706e-05, 0.0077441414]",0,0.01052373337,raw_action_units,2,96,769564,769564,true
299,eval_same_demo_teacher_forced,0.01033990737,0.01033990737,raw_action_units,0.9983678659,0.9983678659,5.454388618,"[1.01755476, 0.9695798755, 0.9858672023, 1.0204696655]","[5.4976425171, 5.4038367271, 5.4300818443, 5.4859929085]","[0.0042685298, 0.0055372943, 0.0052016689, 0.0048753717]","[0.0007238387, 0.0009739513, 0.0007128346, 0.000145966, 0.0001567998, 6.02755e-05, 0.0320213474]",0,0.01033990688,raw_action_units,2,96,769564,769564,true
