epoch,split,loss,action_mse,continuous_mse,gripper_mse,gripper_sign_accuracy,gripper_open_accuracy,gripper_close_accuracy,gripper_transition_f1,action_correlation,continuous_correlation,gripper_correlation,grad_norm,action_head_update_norm,pred_variance,target_variance,residual_dim0,pred_var_dim0,target_var_dim0,residual_dim1,pred_var_dim1,target_var_dim1,residual_dim2,pred_var_dim2,target_var_dim2,residual_dim3,pred_var_dim3,target_var_dim3,residual_dim4,pred_var_dim4,target_var_dim4,residual_dim5,pred_var_dim5,target_var_dim5,residual_dim6,pred_var_dim6,target_var_dim6
0,train,0.8188235561052958,0.4180152416229248,0.2654622495174408,1.3333333730697632,0.6666666865348816,1.0,0.0,0.0,0.30748236179351807,0.34493309259414673,nan,4.465674740845005,0.049399275332689285,0.3092847764492035,0.22385264933109283,-0.022960448637604713,0.006218223832547665,0.10770059376955032,0.8668988347053528,0.007832602597773075,0.06782600283622742,-0.23125307261943817,0.0004222425923217088,0.2797382175922394,0.04901273548603058,0.003003886202350259,0.0010034433798864484,-0.31816068291664124,0.000260869855992496,0.010597898624837399,0.5023436546325684,0.0009438162087462842,0.0008835040498524904,0.6666666865348816,0.0,0.8888888955116272
0,eval,,0.4180152416229248,0.2654622793197632,1.3333333730697632,0.6666666865348816,1.0,0.0,0.0,0.3074823319911957,0.3449331521987915,nan,,,0.3092847764492035,0.22385264933109283,-0.02296045422554016,0.0062182252295315266,0.10770059376955032,0.8668988347053528,0.0078326016664505,0.06782600283622742,-0.23125307261943817,0.00042224267963320017,0.2797382175922394,0.04901273176074028,0.0030038864351809025,0.0010034433798864484,-0.31816068291664124,0.00026086988509632647,0.010597898624837399,0.5023437142372131,0.0009438159759156406,0.0008835040498524904,0.6666666865348816,0.0,0.8888888955116272
1,train,0.6902820269266764,0.26345035433769226,0.0851365253329277,1.3333333730697632,0.6666666865348816,1.0,0.0,0.0,0.3079410195350647,0.38002780079841614,nan,2.5484391707891247,0.029358522035181522,0.14549125730991364,0.22385264933109283,-0.05039815232157707,0.010085701011121273,0.10770059376955032,-0.0226884875446558,0.013997684232890606,0.06782600283622742,0.20996785163879395,0.00043867071508429945,0.2797382175922394,-0.251804381608963,0.00045325476094149053,0.0010034433798864484,-0.04904394969344139,0.0007757390267215669,0.010597898624837399,0.0046579851768910885,0.0008157973643392324,0.0008835040498524904,0.6666666865348816,0.0,0.8888888955116272
1,eval,,0.26345038414001465,0.0851365178823471,1.3333333730697632,0.6666666865348816,1.0,0.0,0.0,0.3079409599304199,0.3800278306007385,nan,,,0.14549125730991364,0.22385264933109283,-0.05039815232157707,0.010085701011121273,0.10770059376955032,-0.022688493132591248,0.013997683301568031,0.06782600283622742,0.20996786653995514,0.0004386707441881299,0.2797382175922394,-0.251804381608963,0.000453254790045321,0.0010034433798864484,-0.04904395341873169,0.0007757390267215669,0.010597898624837399,0.004657984245568514,0.0008157972479239106,0.0008835040498524904,0.6666666865348816,0.0,0.8888888955116272
2,train,0.5877405802408854,0.2967132031917572,0.15866540372371674,1.125,0.71875,1.0,0.15625,0.2909090909090909,0.33762750029563904,0.20596642792224884,0.3314967751502991,1.8735569700249215,0.0220398074015975,0.22407357394695282,0.22385264933109283,0.04361167550086975,0.022939039394259453,0.10770059376955032,-0.5623642802238464,0.01898711360991001,0.06782600283622742,-0.02201567403972149,0.0011043353006243706,0.2797382175922394,0.11818120628595352,0.0004338303697295487,0.0010034433798864484,0.28608784079551697,0.0036436126101762056,0.010597898624837399,-0.3953191936016083,0.002276019426062703,0.0008835040498524904,0.5625,0.1974826455116272,0.8888888955116272
2,eval,,0.2967132031917572,0.15866540372371674,1.125,0.71875,1.0,0.15625,0.0,0.33762750029563904,0.20596644282341003,0.3314967155456543,,,0.22407357394695282,0.22385264933109283,0.043611664324998856,0.022939039394259453,0.10770059376955032,-0.5623642802238464,0.01898711360991001,0.06782600283622742,-0.022015675902366638,0.0011043354170396924,0.2797382175922394,0.11818122118711472,0.00043383039883337915,0.0010034433798864484,0.28608787059783936,0.0036436128430068493,0.010597898624837399,-0.3953191936016083,0.002276019426062703,0.0008835040498524904,0.5625,0.1974826455116272,0.8888888955116272
3,train,0.5733610391616821,0.2419889122247696,0.09482040256261826,1.125,0.71875,1.0,0.15625,0.391304347826087,0.398404061794281,0.3874378800392151,0.3314967751502991,3.2751998378951988,0.018102400936186314,0.17598485946655273,0.22385264933109283,-0.11278387159109116,0.03586346656084061,0.10770059376955032,-0.34152206778526306,0.03208257630467415,0.06782600283622742,-0.014820925891399384,0.003825885709375143,0.2797382175922394,0.0930224135518074,0.0009008888155221939,0.0010034433798864484,0.14233963191509247,0.00699701439589262,0.010597898624837399,-0.2069583684206009,0.004970919340848923,0.0008835040498524904,0.5625,0.1974826455116272,0.8888888955116272
3,eval,,0.2419889122247696,0.09482039511203766,1.125,0.71875,1.0,0.15625,0.0,0.3984040915966034,0.3874379098415375,0.3314967155456543,,,0.17598485946655273,0.22385264933109283,-0.11278385668992996,0.035863470286130905,0.10770059376955032,-0.34152206778526306,0.03208257630467415,0.06782600283622742,-0.014820918440818787,0.0038258859422057867,0.2797382175922394,0.09302239865064621,0.0009008886991068721,0.0010034433798864484,0.14233964681625366,0.006997014861553907,0.010597898624837399,-0.2069583684206009,0.004970918875187635,0.0008835040498524904,0.5625,0.1974826455116272,0.8888888955116272
4,train,0.4827049473921458,0.15378530323505402,0.07524953037500381,0.625,0.84375,1.0,0.53125,0.823529411764706,0.630672037601471,0.5300891995429993,0.6560333371162415,1.5290750305846292,0.01743424218147993,0.17331403493881226,0.22385264933109283,-0.05661098286509514,0.04862929508090019,0.10770059376955032,0.1771221160888672,0.05030997842550278,0.06782600283622742,0.09245774894952774,0.009962974116206169,0.2797382175922394,-0.09904690831899643,0.0015181158669292927,0.0010034433798864484,-0.09241197258234024,0.010279088281095028,0.010597898624837399,0.16414161026477814,0.0075661116279661655,0.0008835040498524904,0.3125,0.5828993320465088,0.8888888955116272
4,eval,,0.15378530323505402,0.07524953037500381,0.625,0.84375,1.0,0.53125,0.0,0.6306719779968262,0.5300891995429993,0.6560333371162415,,,0.17331403493881226,0.22385264933109283,-0.05661098286509514,0.04862929508090019,0.10770059376955032,0.1771221160888672,0.05030997842550278,0.06782600283622742,0.09245774894952774,0.009962975978851318,0.2797382175922394,-0.09904690831899643,0.0015181160997599363,0.0010034433798864484,-0.09241197258234024,0.010279087349772453,0.010597898624837399,0.16414159536361694,0.007566110696643591,0.0008835040498524904,0.3125,0.5828993320465088,0.8888888955116272
5,train,0.4130760629971822,0.10255888849496841,0.11965203285217285,0.0,1.0,1.0,1.0,1.0,0.7998647689819336,0.5335378050804138,1.0000001192092896,2.314602901156011,0.01569221541285515,0.24646788835525513,0.22385264933109283,0.1261925846338272,0.060971006751060486,0.10770059376955032,0.5012280941009521,0.07116284966468811,0.06782600283622742,-0.05212877318263054,0.017476487904787064,0.2797382175922394,-0.030041024088859558,0.0030780411325395107,0.0010034433798864484,-0.15179264545440674,0.012908116914331913,0.010597898624837399,0.23248469829559326,0.00886209774762392,0.0008835040498524904,0.0,0.8888888955116272,0.8888888955116272
5,eval,,0.10255889594554901,0.11965201795101166,0.0,1.0,1.0,1.0,1.0,0.799864649772644,0.5335378050804138,0.9999997615814209,,,0.24646788835525513,0.22385264933109283,0.1261925846338272,0.06097100302577019,0.10770059376955032,0.5012281537055969,0.07116284221410751,0.06782600283622742,-0.05212875083088875,0.017476486042141914,0.2797382175922394,-0.030041024088859558,0.0030780406668782234,0.0010034433798864484,-0.15179264545440674,0.012908116914331913,0.010597898624837399,0.23248465359210968,0.00886209961026907,0.0008835040498524904,0.0,0.8888888955116272,0.8888888955116272
6,train,0.3531486392021179,0.0736088752746582,0.07893258333206177,0.0416666679084301,0.9895833134651184,0.984375,1.0,0.9743589743589743,0.8360949158668518,0.5933030247688293,0.9770083427429199,2.2512239052386005,0.014718149323016405,0.22349806129932404,0.22385264933109283,-0.008865161798894405,0.0721030905842781,0.10770059376955032,0.15326561033725739,0.09253741055727005,0.06782600283622742,-0.17218799889087677,0.02779296785593033,0.2797382175922394,0.05446213483810425,0.004568128846585751,0.0010034433798864484,-0.1819886565208435,0.015292403288185596,0.010597898624837399,0.057825684547424316,0.011341175064444542,0.0008835040498524904,-0.02083333395421505,0.90234375,0.8888888955116272
6,eval,,0.0736088752746582,0.07893259078264236,0.0416666679084301,0.9895833134651184,0.984375,1.0,1.0,0.8360949754714966,0.5933030247688293,0.9770082831382751,,,0.22349806129932404,0.22385264933109283,-0.008865167386829853,0.0721030905842781,0.10770059376955032,0.15326565504074097,0.09253741055727005,0.06782600283622742,-0.17218799889087677,0.027792971581220627,0.2797382175922394,0.05446214601397514,0.004568128846585751,0.0010034433798864484,-0.1819886565208435,0.015292404219508171,0.010597898624837399,0.057825684547424316,0.011341176927089691,0.0008835040498524904,-0.02083333395421505,0.90234375,0.8888888955116272
7,train,0.24485501646995544,0.07169736921787262,0.07670249044895172,0.0416666679084301,0.9895833134651184,0.984375,1.0,1.0,0.8348901271820068,0.5356318354606628,0.9770084619522095,1.7939781420615664,0.016542342491447926,0.1914595067501068,0.22385264933109283,-0.08264778554439545,0.07156385481357574,0.10770059376955032,-0.23389048874378204,0.11345048248767853,0.06782600283622742,0.027382483705878258,0.04621903598308563,0.2797382175922394,0.0483226478099823,0.006898585241287947,0.0010034433798864484,0.012199033983051777,0.014455815777182579,0.010597898624837399,-0.06893142312765121,0.013646760024130344,0.0008835040498524904,-0.02083333395421505,0.90234375,0.8888888955116272
7,eval,,0.07169736921787262,0.07670250535011292,0.0416666679084301,0.9895833134651184,0.984375,1.0,1.0,0.8348901867866516,0.5356318354606628,0.9770082831382751,,,0.1914595067501068,0.22385264933109283,-0.08264779299497604,0.07156386226415634,0.10770059376955032,-0.23389048874378204,0.11345048248767853,0.06782600283622742,0.027382472530007362,0.046219032257795334,0.2797382175922394,0.048322644084692,0.006898586172610521,0.0010034433798864484,0.012199033983051777,0.014455814845860004,0.010597898624837399,-0.06893143057823181,0.013646760024130344,0.0008835040498524904,-0.02083333395421505,0.90234375,0.8888888955116272
8,train,0.16264136135578156,0.08668218553066254,0.08724033087491989,0.0833333358168602,0.9791666865348816,0.96875,1.0,0.9767441860465117,0.7975937724113464,0.4958975911140442,0.9548637866973877,1.3153392204683243,0.016901091672480106,0.20028142631053925,0.22385264933109283,0.012874242849647999,0.0648038387298584,0.10770059376955032,-0.17968173325061798,0.1219073235988617,0.06782600283622742,0.14140887558460236,0.08803261816501617,0.2797382175922394,0.03276298567652702,0.010281652212142944,0.0010034433798864484,0.26608049869537354,0.009649883955717087,0.010597898624837399,-0.108122818171978,0.018533920869231224,0.0008835040498524904,-0.0416666679084301,0.9149305820465088,0.8888888955116272
8,eval,,0.08668217808008194,0.0872403085231781,0.0833333358168602,0.9791666865348816,0.96875,1.0,1.0,0.7975937128067017,0.495897501707077,0.9548636078834534,,,0.20028142631053925,0.22385264933109283,0.012874259613454342,0.0648038238286972,0.10770059376955032,-0.17968173325061798,0.1219073235988617,0.06782600283622742,0.14140887558460236,0.08803261816501617,0.2797382175922394,0.032762981951236725,0.010281652212142944,0.0010034433798864484,0.26608049869537354,0.009649881161749363,0.010597898624837399,-0.108122818171978,0.018533920869231224,0.0008835040498524904,-0.0416666679084301,0.9149305820465088,0.8888888955116272
9,train,0.1155635267496109,0.06480222940444946,0.06171371415257454,0.0833333358168602,0.9791666865348816,0.96875,1.0,0.9534883720930233,0.8485461473464966,0.6429207921028137,0.9548638463020325,1.155527281095168,0.017720935866236687,0.20002618432044983,0.22385264933109283,0.022231832146644592,0.04677605256438255,0.10770059376955032,-0.049350202083587646,0.08684265613555908,0.06782600283622742,0.07044795900583267,0.1565667986869812,0.2797382175922394,-0.018251007422804832,0.010087260976433754,0.0010034433798864484,0.14984522759914398,0.0022170867305248976,0.010597898624837399,-0.0915624126791954,0.01005115732550621,0.0008835040498524904,-0.0416666679084301,0.9149305820465088,0.8888888955116272
9,eval,,0.06480222195386887,0.061713702976703644,0.0833333358168602,0.9791666865348816,0.96875,1.0,1.0,0.848546028137207,0.6429207921028137,0.9548636078834534,,,0.20002618432044983,0.22385264933109283,0.022231822833418846,0.04677605628967285,0.10770059376955032,-0.04935021325945854,0.08684265613555908,0.06782600283622742,0.07044797390699387,0.1565668135881424,0.2797382175922394,-0.018251001834869385,0.01008726004511118,0.0010034433798864484,0.14984522759914398,0.002217087196186185,0.010597898624837399,-0.0915624126791954,0.01005115732550621,0.0008835040498524904,-0.0416666679084301,0.9149305820465088,0.8888888955116272
10,train,0.09115224704146385,0.049102384597063065,0.04339723289012909,0.0833333358168602,0.9791666865348816,0.96875,1.0,1.0,0.8867290019989014,0.7521959543228149,0.9548636674880981,0.7551461302050169,0.018783862702548504,0.19893307983875275,0.22385264933109283,-0.020685598254203796,0.03079969994723797,0.10770059376955032,0.02317669801414013,0.022953448817133904,0.06782600283622742,-0.031353309750556946,0.18927043676376343,0.2797382175922394,-0.022584805265069008,0.0037118736654520035,0.0010034433798864484,-0.0865897536277771,0.0014932519989088178,0.010597898624837399,0.013869822025299072,0.0017944574356079102,0.0008835040498524904,-0.0416666679084301,0.9149305820465088,0.8888888955116272
10,eval,,0.049102380871772766,0.043397221714258194,0.0833333358168602,0.9791666865348816,0.96875,1.0,1.0,0.8867288827896118,0.7521959543228149,0.9548636078834534,,,0.19893307983875275,0.22385264933109283,-0.02068558894097805,0.030799701809883118,0.10770059376955032,0.023176686838269234,0.022953450679779053,0.06782600283622742,-0.03135332465171814,0.18927042186260223,0.2797382175922394,-0.02258480153977871,0.0037118748296052217,0.0010034433798864484,-0.0865897536277771,0.0014932519989088178,0.010597898624837399,0.013869822956621647,0.0017944576684385538,0.0008835040498524904,-0.0416666679084301,0.9149305820465088,0.8888888955116272
11,train,0.08674228688081105,0.05085555836558342,0.045442599803209305,0.0833333358168602,0.9791666865348816,0.96875,1.0,0.9583333333333334,0.8828284740447998,0.74613356590271,0.9548636078834534,1.0866218684076205,0.01709016226232052,0.20738953351974487,0.22385264933109283,0.025536028668284416,0.029165325686335564,0.10770059376955032,0.10498282313346863,0.0221599992364645,0.06782600283622742,-0.048989709466695786,0.1624109148979187,0.2797382175922394,0.02305738627910614,0.011517253704369068,0.0010034433798864484,-0.14236721396446228,0.011525384150445461,0.010597898624837399,0.03055918961763382,0.0017371830763295293,0.0008835040498524904,-0.0416666679084301,0.9149305820465088,0.8888888955116272
11,eval,,0.05085556209087372,0.045442599803209305,0.0833333358168602,0.9791666865348816,0.96875,1.0,1.0,0.8828283548355103,0.74613356590271,0.9548636078834534,,,0.20738953351974487,0.22385264933109283,0.02553602121770382,0.029165329411625862,0.10770059376955032,0.10498282313346863,0.022159995511174202,0.06782600283622742,-0.04898972436785698,0.1624109148979187,0.2797382175922394,0.023057376965880394,0.011517251841723919,0.0010034433798864484,-0.14236722886562347,0.011525383219122887,0.010597898624837399,0.03055919148027897,0.0017371834255754948,0.0008835040498524904,-0.0416666679084301,0.9149305820465088,0.8888888955116272
12,train,0.08380052633583546,0.05491574481129646,0.05017946660518646,0.0833333358168602,0.9791666865348816,0.96875,1.0,0.9375,0.8730143904685974,0.7192454934120178,0.9548636078834534,0.8256085333963967,0.01321848900988698,0.205642431974411,0.22385264933109283,-0.0024227171670645475,0.0338943712413311,0.10770059376955032,0.10772033780813217,0.09273429214954376,0.06782600283622742,-0.009508443996310234,0.1205032542347908,0.2797382175922394,-0.008760669268667698,0.016741419211030006,0.0010034433798864484,-0.03801340237259865,0.026109786704182625,0.010597898624837399,0.03632291406393051,0.0022057450842112303,0.0008835040498524904,-0.0416666679084301,0.9149305820465088,0.8888888955116272
12,eval,,0.05491574481129646,0.050179481506347656,0.0833333358168602,0.9791666865348816,0.96875,1.0,1.0,0.8730144500732422,0.7192453742027283,0.9548636078834534,,,0.205642431974411,0.22385264933109283,-0.002422720892354846,0.0338943712413311,0.10770059376955032,0.10772034525871277,0.09273429214954376,0.06782600283622742,-0.009508439339697361,0.1205032542347908,0.2797382175922394,-0.00876067578792572,0.016741415485739708,0.0010034433798864484,-0.038013387471437454,0.026109786704182625,0.010597898624837399,0.03632292523980141,0.0022057448513805866,0.0008835040498524904,-0.0416666679084301,0.9149305820465088,0.8888888955116272
13,train,0.07233410328626633,0.04438536614179611,0.04483848065137863,0.0416666679084301,0.9895833134651184,0.984375,1.0,1.0,0.8960350155830383,0.7370408773422241,0.9770084619522095,0.9163681117163972,0.012502936646342278,0.18997016549110413,0.22385264933109283,0.007908874191343784,0.04244154319167137,0.10770059376955032,-0.04612225294113159,0.09263704717159271,0.06782600283622742,0.07052064687013626,0.10531982779502869,0.2797382175922394,-0.06425599008798599,0.005174730904400349,0.0010034433798864484,-0.01395281869918108,0.01124922651797533,0.010597898624837399,-0.00908313225954771,0.0010847651865333319,0.0008835040498524904,-0.02083333395421505,0.90234375,0.8888888955116272
13,eval,,0.04438536614179611,0.04483848437666893,0.0416666679084301,0.9895833134651184,0.984375,1.0,1.0,0.8960350155830383,0.7370408177375793,0.9770082831382751,,,0.18997016549110413,0.22385264933109283,0.007908865809440613,0.04244154319167137,0.10770059376955032,-0.046122267842292786,0.09263704717159271,0.06782600283622742,0.07052064687013626,0.10531983524560928,0.2797382175922394,-0.06425599008798599,0.005174730904400349,0.0010034433798864484,-0.01395280659198761,0.011249227449297905,0.010597898624837399,-0.009083131328225136,0.0010847648372873664,0.0008835040498524904,-0.02083333395421505,0.90234375,0.8888888955116272
14,train,0.060812284549077354,0.039123304188251495,0.038699403405189514,0.0416666679084301,0.9895833134651184,0.984375,1.0,1.0,0.9097247123718262,0.7833237051963806,0.9770083427429199,1.1459969871145816,0.010999215766787529,0.1859913170337677,0.22385264933109283,0.02610381506383419,0.047865428030490875,0.10770059376955032,-0.14606203138828278,0.04133586585521698,0.06782600283622742,0.036973219364881516,0.11763030290603638,0.2797382175922394,-0.031028514727950096,0.0029429621063172817,0.0010034433798864484,0.00909568089991808,0.007414989173412323,0.010597898624837399,-0.03542754426598549,0.001162106404080987,0.0008835040498524904,-0.02083333395421505,0.90234375,0.8888888955116272
14,eval,,0.0391233004629612,0.038699403405189514,0.0416666679084301,0.9895833134651184,0.984375,1.0,1.0,0.9097245931625366,0.7833237648010254,0.9770082831382751,,,0.1859913170337677,0.22385264933109283,0.026103826239705086,0.047865428030490875,0.10770059376955032,-0.14606203138828278,0.04133586212992668,0.06782600283622742,0.036973223090171814,0.11763031035661697,0.2797382175922394,-0.0310285072773695,0.0029429632704705,0.0010034433798864484,0.009095669724047184,0.00741498963907361,0.010597898624837399,-0.03542753681540489,0.001162106404080987,0.0008835040498524904,-0.02083333395421505,0.90234375,0.8888888955116272
15,train,0.05259667709469795,0.038651417940855026,0.03814888000488281,0.0416666679084301,0.9895833134651184,0.984375,1.0,1.0,0.910100519657135,0.7826058864593506,0.9770083427429199,0.7367148696638036,0.00945062329992652,0.19813404977321625,0.22385264933109283,-0.029767969623208046,0.05537078157067299,0.10770059376955032,-0.027402667328715324,0.013724764809012413,0.06782600283622742,-0.10021704435348511,0.13275185227394104,0.2797382175922394,0.08218534290790558,0.007223179563879967,0.0010034433798864484,0.1055765375494957,0.020479416474699974,0.010597898624837399,-0.016964251175522804,0.001414674916304648,0.0008835040498524904,-0.02083333395421505,0.90234375,0.8888888955116272
15,eval,,0.03865141421556473,0.03814886137843132,0.0416666679084301,0.9895833134651184,0.984375,1.0,1.0,0.9101006388664246,0.7826058864593506,0.9770082831382751,,,0.19813404977321625,0.22385264933109283,-0.029767969623208046,0.055370770394802094,0.10770059376955032,-0.027402663603425026,0.013724765740334988,0.06782600283622742,-0.10021703690290451,0.13275186717510223,0.2797382175922394,0.08218535035848618,0.007223178632557392,0.0010034433798864484,0.1055765375494957,0.020479418337345123,0.010597898624837399,-0.016964249312877655,0.0014146751491352916,0.0008835040498524904,-0.02083333395421505,0.90234375,0.8888888955116272
16,train,0.04953759163618088,0.038590457290410995,0.03807775676250458,0.0416666679084301,0.9895833134651184,0.984375,1.0,0.975609756097561,0.9128403663635254,0.7953497767448425,0.9770082831382751,0.9910485179639578,0.008768722414970398,0.19996163249015808,0.22385264933109283,0.025647535920143127,0.059351202100515366,0.10770059376955032,0.07363808155059814,0.01584148034453392,0.06782600283622742,0.014100146479904652,0.1733708530664444,0.2797382175922394,0.07387705147266388,0.014306414872407913,0.0010034433798864484,0.05027224123477936,0.028034714981913567,0.010597898624837399,0.008587121032178402,0.0032158733811229467,0.0008835040498524904,-0.02083333395421505,0.90234375,0.8888888955116272
16,eval,,0.0385904535651207,0.038077741861343384,0.0416666679084301,0.9895833134651184,0.984375,1.0,1.0,0.9128403663635254,0.7953498363494873,0.9770082831382751,,,0.19996163249015808,0.22385264933109283,0.025647519156336784,0.059351205825805664,0.10770059376955032,0.07363808155059814,0.01584148034453392,0.06782600283622742,0.01410016417503357,0.1733708530664444,0.2797382175922394,0.07387705892324448,0.014306414872407913,0.0010034433798864484,0.05027223750948906,0.028034713119268417,0.010597898624837399,0.008587121032178402,0.003215873148292303,0.0008835040498524904,-0.02083333395421505,0.90234375,0.8888888955116272
17,train,0.04735113432010015,0.03469650074839592,0.03353480249643326,0.0416666679084301,0.9895833134651184,0.984375,1.0,0.9803921568627451,0.9196680784225464,0.8122361302375793,0.9770083427429199,1.1655094773267978,0.009062291588634253,0.1981978714466095,0.22385264933109283,-0.007919966243207455,0.06664589047431946,0.10770059376955032,0.06590750813484192,0.02295958809554577,0.06782600283622742,0.07854742556810379,0.1849176287651062,0.2797382175922394,-0.03806857019662857,0.010053068399429321,0.0010034433798864484,-0.046615440398454666,0.014027183875441551,0.010597898624837399,0.029471805319190025,0.0012660941574722528,0.0008835040498524904,-0.02083333395421505,0.90234375,0.8888888955116272
17,eval,,0.03469650074839592,0.03353479877114296,0.0416666679084301,0.9895833134651184,0.984375,1.0,1.0,0.9196681380271912,0.8122360706329346,0.9770082831382751,,,0.1981978863477707,0.22385264933109283,-0.007919972762465477,0.06664590537548065,0.10770059376955032,0.06590750068426132,0.02295958623290062,0.06782600283622742,0.0785474106669426,0.1849176287651062,0.2797382175922394,-0.038068562746047974,0.010053068399429321,0.0010034433798864484,-0.04661545157432556,0.014027184806764126,0.010597898624837399,0.02947182022035122,0.0012660935753956437,0.0008835040498524904,-0.02083333395421505,0.90234375,0.8888888955116272
18,train,0.04121257861455282,0.031263530254364014,0.02952967770397663,0.0416666679084301,0.9895833134651184,0.984375,1.0,1.0,0.9290885925292969,0.8391044735908508,0.9770083427429199,0.9958903003416786,0.010672243312001228,0.20737063884735107,0.22385264933109283,0.029905790463089943,0.06687471270561218,0.10770059376955032,0.01945757120847702,0.022392207756638527,0.06782600283622742,-0.08367859572172165,0.14779409766197205,0.2797382175922394,-0.030526885762810707,0.005048596765846014,0.0010034433798864484,-0.049287110567092896,0.02006165124475956,0.010597898624837399,-0.003648207290098071,0.005806589964777231,0.0008835040498524904,-0.02083333395421505,0.90234375,0.8888888955116272
18,eval,,0.031263526529073715,0.029529673978686333,0.0416666679084301,0.9895833134651184,0.984375,1.0,1.0,0.9290884733200073,0.8391043543815613,0.9770082831382751,,,0.20737063884735107,0.22385264933109283,0.02990580163896084,0.06687471270561218,0.10770059376955032,0.019457565620541573,0.022392207756638527,0.06782600283622742,-0.08367860317230225,0.14779408276081085,0.2797382175922394,-0.030526896938681602,0.005048596765846014,0.0010034433798864484,-0.049287099391222,0.020061654970049858,0.010597898624837399,-0.003648197976872325,0.005806589033454657,0.0008835040498524904,-0.02083333395421505,0.90234375,0.8888888955116272
19,train,0.0387238177160422,0.03344075009226799,0.03206977620720863,0.0416666679084301,0.9895833134651184,0.984375,1.0,0.9787234042553191,0.9232943654060364,0.8232653141021729,0.9770084619522095,1.2793540461956445,0.00820719706825912,0.20808005332946777,0.22385264933109283,0.012594915926456451,0.06752149760723114,0.10770059376955032,0.0014488445594906807,0.0318155512213707,0.06782600283622742,-0.053166139870882034,0.15295907855033875,0.2797382175922394,-0.0014957226812839508,0.015917880460619926,0.0010034433798864484,-0.008600038476288319,0.042717065662145615,0.010597898624837399,0.02406715787947178,0.007914187386631966,0.0008835040498524904,-0.02083333395421505,0.90234375,0.8888888955116272
19,eval,,0.03344075381755829,0.03206976503133774,0.0416666679084301,0.9895833134651184,0.984375,1.0,1.0,0.9232943058013916,0.8232653141021729,0.9770082831382751,,,0.20808005332946777,0.22385264933109283,0.012594942934811115,0.06752149760723114,0.10770059376955032,0.0014488404849544168,0.0318155512213707,0.06782600283622742,-0.053166139870882034,0.15295907855033875,0.2797382175922394,-0.0014957288512960076,0.015917882323265076,0.0010034433798864484,-0.008600039407610893,0.042717065662145615,0.010597898624837399,0.024067150428891182,0.007914189249277115,0.0008835040498524904,-0.02083333395421505,0.90234375,0.8888888955116272
20,train,0.03702632337808609,0.031090395525097847,0.02932768315076828,0.0416666679084301,0.9895833134651184,0.984375,1.0,0.9736842105263158,0.928420901298523,0.8380140662193298,0.9770084619522095,0.7365017222094368,0.007541930768638849,0.19664740562438965,0.22385264933109283,-0.07423470169305801,0.07262977212667465,0.10770059376955032,-0.04006943479180336,0.03821510821580887,0.06782600283622742,0.1121346578001976,0.1946782022714615,0.2797382175922394,-0.05136588588356972,0.0049143158830702305,0.0010034433798864484,-0.05603301525115967,0.02315189316868782,0.010597898624837399,0.038188524544239044,0.002178862225264311,0.0008835040498524904,-0.02083333395421505,0.90234375,0.8888888955116272
20,eval,,0.031090395525097847,0.029327694326639175,0.0416666679084301,0.9895833134651184,0.984375,1.0,1.0,0.928420901298523,0.8380140662193298,0.9770082831382751,,,0.19664740562438965,0.22385264933109283,-0.07423467189073563,0.07262975722551346,0.10770059376955032,-0.04006943851709366,0.03821510449051857,0.06782600283622742,0.1121346578001976,0.19467821717262268,0.2797382175922394,-0.05136588588356972,0.004914314020425081,0.0010034433798864484,-0.05603301152586937,0.02315189689397812,0.010597898624837399,0.038188524544239044,0.0021788610611110926,0.0008835040498524904,-0.02083333395421505,0.90234375,0.8888888955116272
21,train,0.0341972050567468,0.025686312466859818,0.023022912442684174,0.0416666679084301,0.9895833134651184,0.984375,1.0,1.0,0.9412117004394531,0.8748327493667603,0.9770083427429199,0.6202954017880931,0.007731715450063348,0.20842909812927246,0.22385264933109283,0.05381128191947937,0.0731559619307518,0.10770059376955032,0.014059382490813732,0.03746091201901436,0.06782600283622742,-0.01580733433365822,0.19010619819164276,0.2797382175922394,0.0023142697755247355,0.0030005760490894318,0.0010034433798864484,-0.01355506107211113,0.011984307318925858,0.010597898624837399,-0.04638287425041199,0.0009369527106173337,0.0008835040498524904,-0.02083333395421505,0.90234375,0.8888888955116272
21,eval,,0.02568630874156952,0.02302292175590992,0.0416666679084301,0.9895833134651184,0.984375,1.0,1.0,0.9412118196487427,0.8748327493667603,0.9770082831382751,,,0.20842909812927246,0.22385264933109283,0.053811296820640564,0.0731559619307518,0.10770059376955032,0.01405937597155571,0.03746091201901436,0.06782600283622742,-0.01580732688307762,0.19010619819164276,0.2797382175922394,0.002314272802323103,0.003000575816258788,0.0010034433798864484,-0.01355504710227251,0.011984308250248432,0.010597898624837399,-0.04638287425041199,0.0009369528270326555,0.0008835040498524904,-0.02083333395421505,0.90234375,0.8888888955116272
22,train,0.030331193779905636,0.029083311557769775,0.026986075565218925,0.0416666679084301,0.9895833134651184,0.984375,1.0,0.9777777777777777,0.9340380430221558,0.8566415309906006,0.9770084619522095,0.5879633761204343,0.005665298318490386,0.2119496762752533,0.22385264933109283,0.04259896278381348,0.08144984394311905,0.10770059376955032,0.037761736661195755,0.033560656011104584,0.06782600283622742,-0.08917941898107529,0.16338825225830078,0.2797382175922394,0.04456931725144386,0.007917887531220913,0.0010034433798864484,0.07509656995534897,0.019734518602490425,0.010597898624837399,0.005234804004430771,0.003747455310076475,0.0008835040498524904,-0.02083333395421505,0.90234375,0.8888888955116272
22,eval,,0.029083311557769775,0.026986077427864075,0.0416666679084301,0.9895833134651184,0.984375,1.0,1.0,0.9340381026268005,0.856641411781311,0.9770082831382751,,,0.2119496762752533,0.22385264933109283,0.042598966509103775,0.08144985139369965,0.10770059376955032,0.03776174411177635,0.03356066346168518,0.06782600283622742,-0.08917943388223648,0.16338825225830078,0.2797382175922394,0.04456931725144386,0.007917887531220913,0.0010034433798864484,0.07509657740592957,0.019734516739845276,0.010597898624837399,0.005234817508608103,0.003747455542907119,0.0008835040498524904,-0.02083333395421505,0.90234375,0.8888888955116272
23,train,0.03194686149557432,0.026545297354459763,0.02402506396174431,0.0416666679084301,0.9895833134651184,0.984375,1.0,0.9782608695652174,0.9393995404243469,0.8740423321723938,0.9770083427429199,1.2084029351919399,0.005945979151874781,0.19260898232460022,0.22385264933109283,-0.012369065545499325,0.08696029335260391,0.10770059376955032,-0.014792517758905888,0.03236578777432442,0.06782600283622742,0.09905647486448288,0.16386239230632782,0.2797382175922394,0.01530478149652481,0.0056745922192931175,0.0010034433798864484,0.01583295315504074,0.018978195264935493,0.010597898624837399,0.01803862489759922,0.002019062638282776,0.0008835040498524904,-0.02083333395421505,0.90234375,0.8888888955116272
23,eval,,0.026545297354459763,0.024025067687034607,0.0416666679084301,0.9895833134651184,0.984375,1.0,1.0,0.939399242401123,0.8740423321723938,0.9770082831382751,,,0.19260896742343903,0.22385264933109283,-0.012369070202112198,0.08696029335260391,0.10770059376955032,-0.014792523346841335,0.03236578404903412,0.06782600283622742,0.09905647486448288,0.16386237740516663,0.2797382175922394,0.015304778702557087,0.00567459175363183,0.0010034433798864484,0.01583295501768589,0.018978193402290344,0.010597898624837399,0.01803862862288952,0.002019062638282776,0.0008835040498524904,-0.02083333395421505,0.90234375,0.8888888955116272
24,train,0.029742541412512463,0.017905864864587784,0.02089017815887928,0.0,1.0,1.0,1.0,1.0,0.959899365901947,0.8938444256782532,1.0000001192092896,0.9984541511081999,0.0069913119077682495,0.19102971255779266,0.22385264933109283,-0.003316705347970128,0.08159205317497253,0.10770059376955032,-0.03523346409201622,0.033244699239730835,0.06782600283622742,0.10978484898805618,0.16361930966377258,0.2797382175922394,-0.012097441591322422,0.0024518196005374193,0.0010034433798864484,0.010770191438496113,0.009076083078980446,0.010597898624837399,-0.03813701122999191,0.0017174537060782313,0.0008835040498524904,0.0,0.8888888955116272,0.8888888955116272
24,eval,,0.017905866727232933,0.02089018002152443,0.0,1.0,1.0,1.0,1.0,0.959899365901947,0.8938443660736084,0.9999997615814209,,,0.19102971255779266,0.22385264933109283,-0.0033166895154863596,0.08159205317497253,0.10770059376955032,-0.03523345664143562,0.033244695514440536,0.06782600283622742,0.10978484898805618,0.16361930966377258,0.2797382175922394,-0.012097443453967571,0.0024518193677067757,0.0010034433798864484,0.010770194232463837,0.009076080285012722,0.010597898624837399,-0.03813702240586281,0.0017174545209854841,0.0008835040498524904,0.0,0.8888888955116272,0.8888888955116272
25,train,0.026927000532547634,0.018145179376006126,0.021169379353523254,0.0,1.0,1.0,1.0,1.0,0.9586926102638245,0.8857342600822449,1.0,0.7404320171132563,0.006481777876615524,0.20929910242557526,0.22385264933109283,0.046052638441324234,0.08029106259346008,0.10770059376955032,0.032153282314538956,0.03643593192100525,0.06782600283622742,-0.07680082321166992,0.15707138180732727,0.2797382175922394,-0.022538088262081146,0.005594982299953699,0.0010034433798864484,0.036776237189769745,0.014663942158222198,0.010597898624837399,0.014410912990570068,0.002597715938463807,0.0008835040498524904,0.0,0.8888888955116272,0.8888888955116272
25,eval,,0.018145183101296425,0.021169383078813553,0.0,1.0,1.0,1.0,1.0,0.9586926102638245,0.8857342004776001,0.9999997615814209,,,0.20929910242557526,0.22385264933109283,0.04605264961719513,0.08029106259346008,0.10770059376955032,0.03215327113866806,0.03643592819571495,0.06782600283622742,-0.07680083811283112,0.15707138180732727,0.2797382175922394,-0.022538088262081146,0.00559498043730855,0.0010034433798864484,0.03677624836564064,0.014663943089544773,0.010597898624837399,0.014410915784537792,0.002597715239971876,0.0008835040498524904,0.0,0.8888888955116272,0.8888888955116272
26,train,0.02606963987151782,0.01653210259974003,0.019287453964352608,0.0,1.0,1.0,1.0,1.0,0.9625102281570435,0.8966127038002014,1.0000001192092896,0.7999297504389626,0.005278236931189895,0.2057485580444336,0.22385264933109283,-0.030260225757956505,0.08524070680141449,0.10770059376955032,0.024066179990768433,0.03534085303544998,0.06782600283622742,-0.012310266494750977,0.1838388741016388,0.2797382175922394,-0.01833302341401577,0.0037221498787403107,0.0010034433798864484,-0.0714038833975792,0.012157192453742027,0.010597898624837399,0.05437426641583443,0.00157533073797822,0.0008835040498524904,0.0,0.8888888955116272,0.8888888955116272
26,eval,,0.01653210259974003,0.01928745210170746,0.0,1.0,1.0,1.0,1.0,0.962510347366333,0.8966127634048462,0.9999997615814209,,,0.2057485580444336,0.22385264933109283,-0.0302602406591177,0.08524070680141449,0.10770059376955032,0.02406618557870388,0.03534084931015968,0.06782600283622742,-0.012310263700783253,0.1838388741016388,0.2797382175922394,-0.01833302713930607,0.003722148947417736,0.0010034433798864484,-0.0714038759469986,0.012157192453742027,0.010597898624837399,0.05437427759170532,0.0015753308543935418,0.0008835040498524904,0.0,0.8888888955116272,0.8888888955116272
27,train,0.024713503817717235,0.02108350396156311,0.017652977257966995,0.0416666679084301,0.9895833134651184,0.984375,1.0,1.0,0.9518831968307495,0.9075698852539062,0.9770084619522095,0.6810730375140188,0.005882610566914082,0.20060834288597107,0.22385264933109283,-0.031441956758499146,0.08837606012821198,0.10770059376955032,0.0015938481083139777,0.03304007649421692,0.06782600283622742,0.050668854266405106,0.19288960099220276,0.2797382175922394,0.015977343544363976,0.0017185905016958714,0.0010034433798864484,-0.04495661333203316,0.0072931768372654915,0.010597898624837399,-0.022238612174987793,0.00198459648527205,0.0008835040498524904,-0.02083333395421505,0.90234375,0.8888888955116272
27,eval,,0.02108350396156311,0.017652977257966995,0.0416666679084301,0.9895833134651184,0.984375,1.0,1.0,0.9518830180168152,0.9075698852539062,0.9770082831382751,,,0.20060832798480988,0.22385264933109283,-0.031441960483789444,0.08837605267763138,0.10770059376955032,0.001593849272467196,0.03304007649421692,0.06782600283622742,0.05066885054111481,0.19288960099220276,0.2797382175922394,0.015977345407009125,0.0017185903852805495,0.0010034433798864484,-0.04495661333203316,0.007293176371604204,0.010597898624837399,-0.022238606587052345,0.001984595786780119,0.0008835040498524904,-0.02083333395421505,0.90234375,0.8888888955116272
28,train,0.02281600485245387,0.015324108302593231,0.017878126353025436,0.0,1.0,1.0,1.0,1.0,0.9661357998847961,0.9075323343276978,1.000000238418579,0.5744232873531724,0.006029175827279687,0.2017679363489151,0.22385264933109283,0.06049612537026405,0.08394895493984222,0.10770059376955032,-0.0023485503625124693,0.03310803323984146,0.06782600283622742,0.006928761024028063,0.17632098495960236,0.2797382175922394,0.0010777588468044996,0.003347578924149275,0.0010034433798864484,0.0852353572845459,0.006451468449085951,0.010597898624837399,-0.019144127145409584,0.0016089719720184803,0.0008835040498524904,0.0,0.8888888955116272,0.8888888955116272
28,eval,,0.01532411016523838,0.017878122627735138,0.0,1.0,1.0,1.0,1.0,0.9661357998847961,0.9075325131416321,0.9999997615814209,,,0.2017679363489151,0.22385264933109283,0.06049613282084465,0.08394896239042282,0.10770059376955032,-0.002348563401028514,0.03310803696513176,0.06782600283622742,0.006928756833076477,0.17632097005844116,0.2797382175922394,0.0010777576826512814,0.0033475798554718494,0.0010034433798864484,0.08523533493280411,0.006451468914747238,0.010597898624837399,-0.019144129008054733,0.0016089723212644458,0.0008835040498524904,0.0,0.8888888955116272,0.8888888955116272
29,train,0.022109127913912136,0.014431990683078766,0.01683732308447361,0.0,1.0,1.0,1.0,1.0,0.9680442810058594,0.9137022495269775,1.0000001192092896,0.7062808683223497,0.006634146440774202,0.20414507389068604,0.22385264933109283,-0.035423729568719864,0.08221453428268433,0.10770059376955032,-0.03225439786911011,0.034613896161317825,0.06782600283622742,-0.07585467398166656,0.16771632432937622,0.2797382175922394,0.014099903404712677,0.0022772226948291063,0.0010034433798864484,-0.007759088184684515,0.007646374870091677,0.010597898624837399,0.012839858420193195,0.0014528986066579819,0.0008835040498524904,0.0,0.8888888955116272,0.8888888955116272
29,eval,,0.014431990683078766,0.01683732122182846,0.0,1.0,1.0,1.0,1.0,0.9680441617965698,0.9137021899223328,0.9999997615814209,,,0.20414507389068604,0.22385264933109283,-0.03542371839284897,0.08221452683210373,0.10770059376955032,-0.03225439414381981,0.034613896161317825,0.06782600283622742,-0.07585466653108597,0.16771632432937622,0.2797382175922394,0.014099907130002975,0.002277223626151681,0.0010034433798864484,-0.0077591040171682835,0.007646376267075539,0.010597898624837399,0.01283984910696745,0.0014528988394886255,0.0008835040498524904,0.0,0.8888888955116272,0.8888888955116272
30,train,0.02241705326984326,0.012883790768682957,0.015031089074909687,0.0,1.0,1.0,1.0,1.0,0.9710390567779541,0.9220423102378845,1.0,1.0278247344307416,0.006377381505444646,0.20298397541046143,0.22385264933109283,-0.03664591908454895,0.07835448533296585,0.10770059376955032,0.01052400004118681,0.04339121654629707,0.06782600283622742,0.033062998205423355,0.20657657086849213,0.2797382175922394,0.0008405377739109099,0.0014274651184678078,0.0010034433798864484,-0.039822548627853394,0.006236698944121599,0.010597898624837399,-0.0040661427192389965,0.0013147291028872132,0.0008835040498524904,0.0,0.8888888955116272,0.8888888955116272
30,eval,,0.012883790768682957,0.015031086280941963,0.0,1.0,1.0,1.0,1.0,0.9710390567779541,0.9220423698425293,0.9999997615814209,,,0.20298397541046143,0.22385264933109283,-0.03664591535925865,0.07835448533296585,0.10770059376955032,0.010524014942348003,0.04339121654629707,0.06782600283622742,0.033062998205423355,0.20657657086849213,0.2797382175922394,0.0008405406842939556,0.001427465002052486,0.0010034433798864484,-0.0398225374519825,0.006236698478460312,0.010597898624837399,-0.004066150169819593,0.0013147288700565696,0.0008835040498524904,0.0,0.8888888955116272,0.8888888955116272
31,train,0.021467602501312893,0.013468912802636623,0.015713728964328766,0.0,1.0,1.0,1.0,1.0,0.9706582427024841,0.9201552867889404,1.0000001192092896,0.8705092199379223,0.00584365357644856,0.20575416088104248,0.22385264933109283,0.04573990777134895,0.07988568395376205,0.10770059376955032,0.014069058001041412,0.04634169861674309,0.06782600283622742,0.06905549019575119,0.22877560555934906,0.2797382175922394,-0.012925793416798115,0.0018795063951984048,0.0010034433798864484,0.04117497056722641,0.009698585607111454,0.010597898624837399,-0.0016352450475096703,0.0012448723427951336,0.0008835040498524904,0.0,0.8888888955116272,0.8888888955116272
31,eval,,0.013468912802636623,0.015713730826973915,0.0,1.0,1.0,1.0,1.0,0.9706582427024841,0.9201554656028748,0.9999997615814209,,,0.20575416088104248,0.22385264933109283,0.04573991894721985,0.07988567650318146,0.10770059376955032,0.014069057069718838,0.04634170979261398,0.06782600283622742,0.06905549019575119,0.22877560555934906,0.2797382175922394,-0.012925787828862667,0.0018795054638758302,0.0010034433798864484,0.041174981743097305,0.00969858467578888,0.010597898624837399,-0.0016352474922314286,0.0012448723427951336,0.0008835040498524904,0.0,0.8888888955116272,0.8888888955116272
32,train,0.01945466361939907,0.013310055248439312,0.015528397634625435,0.0,1.0,1.0,1.0,1.0,0.9711174964904785,0.9214631915092468,1.0,0.4444731805514279,0.006258854176849127,0.21292702853679657,0.22385264933109283,-0.010119928047060966,0.09006813913583755,0.10770059376955032,-0.03330652788281441,0.03903283178806305,0.06782600283622742,-0.10316698998212814,0.18758483231067657,0.2797382175922394,0.00920931901782751,0.0014357863692566752,0.0010034433798864484,-0.020138107240200043,0.006981316488236189,0.010597898624837399,-0.008428984321653843,0.0017360944766551256,0.0008835040498524904,0.0,0.8888888955116272,0.8888888955116272
32,eval,,0.013310055248439312,0.015528400428593159,0.0,1.0,1.0,1.0,1.0,0.971117377281189,0.921463131904602,0.9999997615814209,,,0.21292702853679657,0.22385264933109283,-0.010119923390448093,0.09006813913583755,0.10770059376955032,-0.033306535333395004,0.03903283178806305,0.06782600283622742,-0.10316699743270874,0.18758481740951538,0.2797382175922394,0.00920931901782751,0.0014357863692566752,0.0010034433798864484,-0.02013811096549034,0.006981316953897476,0.010597898624837399,-0.008428972214460373,0.0017360931960865855,0.0008835040498524904,0.0,0.8888888955116272,0.8888888955116272
33,train,0.018938934120039146,0.017018763348460197,0.012910774908959866,0.0416666679084301,0.9895833134651184,0.984375,1.0,0.9795918367346939,0.9613332152366638,0.935228168964386,0.9770083427429199,0.4541445708845753,0.005930623272433877,0.20138369500637054,0.22385264933109283,-0.00411092909052968,0.08255510032176971,0.10770059376955032,-0.007462635636329651,0.03720676153898239,0.06782600283622742,0.031569790095090866,0.19718506932258606,0.2797382175922394,-0.00401980010792613,0.0014691201504319906,0.0010034433798864484,-0.018800674006342888,0.006258962210267782,0.010597898624837399,0.007565503474324942,0.0014535583322867751,0.0008835040498524904,-0.02083333395421505,0.90234375,0.8888888955116272
33,eval,,0.017018761485815048,0.012910776771605015,0.0416666679084301,0.9895833134651184,0.984375,1.0,1.0,0.961333155632019,0.935228168964386,0.9770082831382751,,,0.20138369500637054,0.22385264933109283,-0.004110934212803841,0.08255510032176971,0.10770059376955032,-0.007462623063474894,0.03720676153898239,0.06782600283622742,0.03156979754567146,0.19718506932258606,0.2797382175922394,-0.004019800573587418,0.0014691200340166688,0.0010034433798864484,-0.018800681456923485,0.006258964538574219,0.010597898624837399,0.007565498352050781,0.001453558448702097,0.0008835040498524904,-0.02083333395421505,0.90234375,0.8888888955116272
34,train,0.020083189631501835,0.01727745123207569,0.013212583027780056,0.0416666679084301,0.9895833134651184,0.984375,1.0,0.9743589743589743,0.961269736289978,0.934518039226532,0.9770085215568542,0.7985503968841201,0.0055774301290512085,0.20313304662704468,0.22385264933109283,-0.004377809818834066,0.07616890966892242,0.10770059376955032,0.037688419222831726,0.03802991285920143,0.06782600283622742,0.06878577172756195,0.2309197187423706,0.2797382175922394,-0.004685928113758564,0.0013807091163471341,0.0010034433798864484,0.03219013288617134,0.0066138277761638165,0.010597898624837399,0.0033828949090093374,0.001435982994735241,0.0008835040498524904,-0.02083333395421505,0.90234375,0.8888888955116272
34,eval,,0.017277449369430542,0.013212584890425205,0.0416666679084301,0.9895833134651184,0.984375,1.0,1.0,0.9612696766853333,0.934518039226532,0.9770082831382751,,,0.20313304662704468,0.22385264933109283,-0.004377797711640596,0.07616890966892242,0.10770059376955032,0.03768840804696083,0.03802991285920143,0.06782600283622742,0.06878577917814255,0.2309197187423706,0.2797382175922394,-0.004685940686613321,0.0013807091163471341,0.0010034433798864484,0.03219013288617134,0.006613828241825104,0.010597898624837399,0.003382888389751315,0.0014359834603965282,0.0008835040498524904,-0.02083333395421505,0.90234375,0.8888888955116272
35,train,0.016827328130602837,0.010957075282931328,0.01278325542807579,0.0,1.0,1.0,1.0,1.0,0.9765391945838928,0.9366384148597717,1.0,0.620932487787498,0.005309560103341937,0.21546293795108795,0.22385264933109283,-0.03759566321969032,0.07891020178794861,0.10770059376955032,-0.015429437160491943,0.03802037611603737,0.06782600283622742,-0.08758759498596191,0.232377290725708,0.2797382175922394,-0.0036433672066777945,0.0017285498324781656,0.0010034433798864484,-0.01344364508986473,0.006716725882142782,0.010597898624837399,-0.009745077230036259,0.0016157948412001133,0.0008835040498524904,0.0,0.8888888955116272,0.8888888955116272
35,eval,,0.010957074351608753,0.01278325542807579,0.0,1.0,1.0,1.0,1.0,0.9765393137931824,0.9366384148597717,0.9999997615814209,,,0.21546293795108795,0.22385264933109283,-0.03759564831852913,0.0789102092385292,0.10770059376955032,-0.015429439954459667,0.03802037239074707,0.06782600283622742,-0.0875876247882843,0.232377290725708,0.2797382175922394,-0.003643374890089035,0.001728548901155591,0.0010034433798864484,-0.013443629257380962,0.0067167277447879314,0.010597898624837399,-0.009745066054165363,0.0016157948412001133,0.0008835040498524904,0.0,0.8888888955116272,0.8888888955116272
36,train,0.020172436411182087,0.009237416088581085,0.010776983574032784,0.0,1.0,1.0,1.0,1.0,0.9791857004165649,0.9435301423072815,1.0000001192092896,0.9886199335852901,0.0050173914059996605,0.21228119730949402,0.22385264933109283,0.029868267476558685,0.08520963042974472,0.10770059376955032,-0.00994608923792839,0.04234404116868973,0.06782600283622742,-0.02782732993364334,0.2233911156654358,0.2797382175922394,-0.008405161090195179,0.0016463353531435132,0.0010034433798864484,-0.010823513381183147,0.007132691331207752,0.010597898624837399,0.005716419313102961,0.001559193478897214,0.0008835040498524904,0.0,0.8888888955116272,0.8888888955116272
36,eval,,0.009237414225935936,0.010776983574032784,0.0,1.0,1.0,1.0,1.0,0.9791858196258545,0.9435300230979919,0.9999997615814209,,,0.21228119730949402,0.22385264933109283,0.029868267476558685,0.08520963788032532,0.10770059376955032,-0.00994608923792839,0.042344048619270325,0.06782600283622742,-0.027827324345707893,0.2233911156654358,0.2797382175922394,-0.008405160158872604,0.0016463357023894787,0.0010034433798864484,-0.010823500342667103,0.007132695522159338,0.010597898624837399,0.005716422572731972,0.0015591931296512485,0.0008835040498524904,0.0,0.8888888955116272,0.8888888955116272
37,train,0.018144320075710613,0.010438391007483006,0.01217812392860651,0.0,1.0,1.0,1.0,1.0,0.9778431057929993,0.9414233565330505,1.0,0.6581747364459332,0.004472536034882069,0.20240843296051025,0.22385264933109283,0.01113920658826828,0.09196233749389648,0.10770059376955032,0.012329574674367905,0.0442255400121212,0.06782600283622742,0.09224212914705276,0.21830780804157257,0.2797382175922394,0.014452801086008549,0.0015236878534778953,0.0010034433798864484,0.01202173437923193,0.008782079443335533,0.010597898624837399,0.008928033523261547,0.0015962128527462482,0.0008835040498524904,0.0,0.8888888955116272,0.8888888955116272
37,eval,,0.010438391007483006,0.012178122065961361,0.0,1.0,1.0,1.0,1.0,0.9778431057929993,0.9414234161376953,0.9999997615814209,,,0.20240843296051025,0.22385264933109283,0.01113919634371996,0.09196234494447708,0.10770059376955032,0.012329570017755032,0.0442255362868309,0.06782600283622742,0.09224214404821396,0.21830782294273376,0.2797382175922394,0.014452815987169743,0.001523688668385148,0.0010034433798864484,0.012021745555102825,0.008782080374658108,0.010597898624837399,0.008928028866648674,0.0015962127363309264,0.0008835040498524904,0.0,0.8888888955116272,0.8888888955116272
38,train,0.016066255668799084,0.009108727797865868,0.01062684878706932,0.0,1.0,1.0,1.0,1.0,0.9804702997207642,0.9490621089935303,1.0000001192092896,0.6173753048778743,0.004649341106414795,0.20766940712928772,0.22385264933109283,-0.040527503937482834,0.08564409613609314,0.10770059376955032,-0.03234591707587242,0.03737131878733635,0.06782600283622742,-0.037655074149370193,0.20784291625022888,0.2797382175922394,0.008293298073112965,0.00196004007011652,0.0010034433798864484,-0.016059311106801033,0.007264426443725824,0.010597898624837399,-0.018807977437973022,0.0017970283515751362,0.0008835040498524904,0.0,0.8888888955116272,0.8888888955116272
38,eval,,0.009108727797865868,0.01062684878706932,0.0,1.0,1.0,1.0,1.0,0.9804701805114746,0.9490618705749512,0.9999997615814209,,,0.2076694220304489,0.22385264933109283,-0.040527500212192535,0.08564409613609314,0.10770059376955032,-0.032345909625291824,0.037371326237916946,0.06782600283622742,-0.037655059248209,0.20784293115139008,0.2797382175922394,0.008293316699564457,0.0019600389059633017,0.0010034433798864484,-0.01605931669473648,0.007264425978064537,0.010597898624837399,-0.01880798116326332,0.0017970282351598144,0.0008835040498524904,0.0,0.8888888955116272,0.8888888955116272
39,train,0.014878622566660246,0.008971018716692924,0.010466190055012703,0.0,1.0,1.0,1.0,1.0,0.9797637462615967,0.9450145959854126,1.0000001192092896,0.7010367868844543,0.004981899866834283,0.21511471271514893,0.22385264933109283,0.0456865131855011,0.07902948558330536,0.10770059376955032,0.01626306027173996,0.03639797866344452,0.06782600283622742,-0.047100067138671875,0.23334980010986328,0.2797382175922394,-0.017713455483317375,0.0011431884486228228,0.0010034433798864484,0.014629228971898556,0.007362506818026304,0.010597898624837399,-0.00024719838984310627,0.0018146492075175047,0.0008835040498524904,0.0,0.8888888955116272,0.8888888955116272
39,eval,,0.008971018716692924,0.010466186329722404,0.0,1.0,1.0,1.0,1.0,0.9797636270523071,0.945014476776123,0.9999997615814209,,,0.21511471271514893,0.22385264933109283,0.0456865094602108,0.07902947813272476,0.10770059376955032,0.01626306213438511,0.03639798238873482,0.06782600283622742,-0.047100067138671875,0.23334981501102448,0.2797382175922394,-0.017713462933897972,0.0011431886814534664,0.0010034433798864484,0.014629237353801727,0.007362507749348879,0.010597898624837399,-0.00024720269721001387,0.0018146493239328265,0.0008835040498524904,0.0,0.8888888955116272,0.8888888955116272
40,train,0.014173980181415876,0.009226392954587936,0.010764125734567642,0.0,1.0,1.0,1.0,1.0,0.9801777601242065,0.9472662806510925,0.9999999403953552,0.6065658024146966,0.004516179207712412,0.20552006363868713,0.22385264933109283,-0.03876129910349846,0.08551094681024551,0.10770059376955032,0.033202920109033585,0.0378899984061718,0.06782600283622742,0.08121845871210098,0.25559690594673157,0.2797382175922394,0.007650004234164953,0.0018579101888462901,0.0010034433798864484,0.0184759683907032,0.007826756685972214,0.010597898624837399,0.02567264437675476,0.001840722979977727,0.0008835040498524904,0.0,0.8888888955116272,0.8888888955116272
40,eval,,0.009226392954587936,0.010764125734567642,0.0,1.0,1.0,1.0,1.0,0.980177640914917,0.9472665786743164,0.9999997615814209,,,0.20552007853984833,0.22385264933109283,-0.03876129165291786,0.08551095426082611,0.10770059376955032,0.033202920109033585,0.0378899984061718,0.06782600283622742,0.08121845871210098,0.25559693574905396,0.2797382175922394,0.00764999957755208,0.00185790890827775,0.0010034433798864484,0.01847597025334835,0.007826757617294788,0.010597898624837399,0.02567264251410961,0.0018407232128083706,0.0008835040498524904,0.0,0.8888888955116272,0.8888888955116272
41,train,0.013819113994638125,0.008080165833234787,0.009426861070096493,0.0,1.0,1.0,1.0,1.0,0.9825798869132996,0.9536782503128052,1.0000001192092896,0.5635841257184374,0.00433148187585175,0.2125350832939148,0.22385264933109283,-0.014168052934110165,0.09333904832601547,0.10770059376955032,-0.032199207693338394,0.03691932186484337,0.06782600283622742,-0.032462310045957565,0.22671285271644592,0.2797382175922394,0.01297071948647499,0.0012187300017103553,0.0010034433798864484,-0.0425744466483593,0.007805815897881985,0.010597898624837399,-0.019491583108901978,0.0023689214140176773,0.0008835040498524904,0.0,0.8888888955116272,0.8888888955116272
41,eval,,0.008080167695879936,0.009426865726709366,0.0,1.0,1.0,1.0,1.0,0.98257976770401,0.9536782503128052,0.9999997615814209,,,0.2125350832939148,0.22385264933109283,-0.014168049208819866,0.09333904087543488,0.10770059376955032,-0.032199203968048096,0.03691931813955307,0.06782600283622742,-0.032462313771247864,0.22671285271644592,0.2797382175922394,0.01297073159366846,0.0012187305837869644,0.0010034433798864484,-0.0425744466483593,0.0078058140352368355,0.010597898624837399,-0.01949157752096653,0.0023689214140176773,0.0008835040498524904,0.0,0.8888888955116272,0.8888888955116272
42,train,0.013606421339015165,0.0077754356898367405,0.009071343578398228,0.0,1.0,1.0,1.0,1.0,0.9824878573417664,0.9525541067123413,1.0000001192092896,0.6525749350105658,0.004443793557584286,0.21463319659233093,0.22385264933109283,0.05005691945552826,0.08639555424451828,0.10770059376955032,-0.007419302593916655,0.03865138068795204,0.06782600283622742,-0.042509108781814575,0.22558335959911346,0.2797382175922394,-0.017501119524240494,0.0017316386802121997,0.0010034433798864484,0.023364394903182983,0.00988002959638834,0.010597898624837399,0.0025596264749765396,0.002005980582907796,0.0008835040498524904,0.0,0.8888888955116272,0.8888888955116272
42,eval,,0.0077754356898367405,0.009071342647075653,0.0,1.0,1.0,1.0,1.0,0.9824878573417664,0.9525542259216309,0.9999997615814209,,,0.21463321149349213,0.22385264933109283,0.05005693435668945,0.08639556169509888,0.10770059376955032,-0.007419297471642494,0.03865138068795204,0.06782600283622742,-0.04250910505652428,0.22558335959911346,0.2797382175922394,-0.017501123249530792,0.0017316375160589814,0.0010034433798864484,0.023364385589957237,0.00988002959638834,0.010597898624837399,0.002559620887041092,0.0020059801172465086,0.0008835040498524904,0.0,0.8888888955116272,0.8888888955116272
43,train,0.013499950679639975,0.008059866726398468,0.00940317939966917,0.0,1.0,1.0,1.0,1.0,0.9822969436645508,0.9532797336578369,1.0000001192092896,0.5618814767794014,0.004511168226599693,0.20596078038215637,0.22385264933109283,-0.055105578154325485,0.08386161923408508,0.10770059376955032,0.006141608115285635,0.03960700333118439,0.06782600283622742,0.07012036442756653,0.25850528478622437,0.2797382175922394,0.013694309629499912,0.0011720170732587576,0.0010034433798864484,0.020103832706809044,0.009851016104221344,0.010597898624837399,0.009550490416586399,0.0018857144750654697,0.0008835040498524904,0.0,0.8888888955116272,0.8888888955116272
43,eval,,0.008059865795075893,0.009403176605701447,0.0,1.0,1.0,1.0,1.0,0.9822968244552612,0.9532799124717712,0.9999997615814209,,,0.20596078038215637,0.22385264933109283,-0.05510556697845459,0.08386161923408508,0.10770059376955032,0.00614162115380168,0.03960700333118439,0.06782600283622742,0.07012037187814713,0.25850528478622437,0.2797382175922394,0.013694287277758121,0.0011720166075974703,0.0010034433798864484,0.020103830844163895,0.009851017035543919,0.010597898624837399,0.009550485759973526,0.0018857138929888606,0.0008835040498524904,0.0,0.8888888955116272,0.8888888955116272
44,train,0.012827204074710608,0.0070123509503901005,0.0081810737028718,0.0,1.0,1.0,1.0,1.0,0.9847598075866699,0.9591056704521179,1.000000238418579,0.5806393208070776,0.004123928025364876,0.21658557653427124,0.22385264933109283,-0.006756722927093506,0.08580084145069122,0.10770059376955032,-0.0040564569644629955,0.038833219558000565,0.06782600283622742,-0.046286195516586304,0.24270278215408325,0.2797382175922394,0.008674380369484425,0.0014926560688763857,0.0010034433798864484,-0.04165486991405487,0.009157310239970684,0.010597898624837399,-0.018579160794615746,0.0020815879106521606,0.0008835040498524904,0.0,0.8888888955116272,0.8888888955116272
44,eval,,0.007012350019067526,0.008181074634194374,0.0,1.0,1.0,1.0,1.0,0.9847596883773804,0.9591056704521179,0.9999997615814209,,,0.21658556163311005,0.22385264933109283,-0.006756740156561136,0.08580083400011063,0.10770059376955032,-0.0040564569644629955,0.038833219558000565,0.06782600283622742,-0.0462862066924572,0.24270279705524445,0.2797382175922394,0.008674371056258678,0.0014926556032150984,0.0010034433798864484,-0.04165486991405487,0.00915730930864811,0.010597898624837399,-0.01857915148139,0.002081587677821517,0.0008835040498524904,0.0,0.8888888955116272,0.8888888955116272
45,train,0.012288364892204603,0.007020474411547184,0.008190552704036236,0.0,1.0,1.0,1.0,1.0,0.984213650226593,0.9573282599449158,1.0,0.5270316448958822,0.003722243942320347,0.21843525767326355,0.22385264933109283,0.021091178059577942,0.09434119611978531,0.10770059376955032,0.01864732801914215,0.04059770703315735,0.06782600283622742,-0.05544990673661232,0.24017217755317688,0.2797382175922394,-0.03306857869029045,0.001218506833538413,0.0010034433798864484,0.03813208267092705,0.009337082505226135,0.010597898624837399,0.027462506666779518,0.0020053833723068237,0.0008835040498524904,0.0,0.8888888955116272,0.8888888955116272
45,eval,,0.007020474877208471,0.00819055363535881,0.0,1.0,1.0,1.0,1.0,0.9842135906219482,0.9573283195495605,0.9999997615814209,,,0.21843525767326355,0.22385264933109283,0.02109118551015854,0.09434118866920471,0.10770059376955032,0.018647341057658195,0.04059770703315735,0.06782600283622742,-0.055449921637773514,0.24017217755317688,0.2797382175922394,-0.03306857496500015,0.0012185069499537349,0.0010034433798864484,0.03813209757208824,0.00933708343654871,0.010597898624837399,0.027462506666779518,0.0020053833723068237,0.0008835040498524904,0.0,0.8888888955116272,0.8888888955116272
46,train,0.012314528226852417,0.006926193833351135,0.008080561645328999,0.0,1.0,1.0,1.0,1.0,0.9848240613937378,0.9597564339637756,1.000000238418579,0.3884548879540084,0.003903790609911084,0.20875276625156403,0.22385264933109283,-0.015412223525345325,0.09474218636751175,0.10770059376955032,-0.004280260298401117,0.04105415940284729,0.06782600283622742,0.08417180925607681,0.2608439028263092,0.2797382175922394,0.019755274057388306,0.0010631970362737775,0.0010034433798864484,0.0005582429002970457,0.010104063898324966,0.010597898624837399,-0.014291312545537949,0.001888628234155476,0.0008835040498524904,0.0,0.8888888955116272,0.8888888955116272
46,eval,,0.00692619476467371,0.00808055978268385,0.0,1.0,1.0,1.0,1.0,0.9848239421844482,0.9597565531730652,0.9999997615814209,,,0.20875276625156403,0.22385264933109283,-0.015412229113280773,0.09474217891693115,0.10770059376955032,-0.004280270542949438,0.04105416312813759,0.06782600283622742,0.08417180180549622,0.2608439028263092,0.2797382175922394,0.019755281507968903,0.0010631976183503866,0.0010034433798864484,0.0005582384765148163,0.010104063898324966,0.010597898624837399,-0.01429130882024765,0.0018886290490627289,0.0008835040498524904,0.0,0.8888888955116272,0.8888888955116272
47,train,0.011503366132577261,0.0058257016353309155,0.0067966533824801445,0.0,1.0,1.0,1.0,1.0,0.987097442150116,0.9656007289886475,1.0000001192092896,0.5591642631486324,0.0038605850422754884,0.21414755284786224,0.22385264933109283,-0.001042230986058712,0.08872322738170624,0.10770059376955032,-0.019965941086411476,0.04056766629219055,0.06782600283622742,-0.006976213306188583,0.2501363158226013,0.2797382175922394,0.013889762572944164,0.0014912267215549946,0.0010034433798864484,-0.028136638924479485,0.010465603321790695,0.010597898624837399,-0.015622823499143124,0.0018489935901015997,0.0008835040498524904,0.0,0.8888888955116272,0.8888888955116272
47,eval,,0.005825702100992203,0.006796652916818857,0.0,1.0,1.0,1.0,1.0,0.987097442150116,0.965600848197937,0.9999997615814209,,,0.21414755284786224,0.22385264933109283,-0.0010422267951071262,0.08872321993112564,0.10770059376955032,-0.019965944811701775,0.04056766256690025,0.06782600283622742,-0.006976225879043341,0.2501363158226013,0.2797382175922394,0.013889760710299015,0.0014912262558937073,0.0010034433798864484,-0.02813662402331829,0.01046560239046812,0.010597898624837399,-0.015622819773852825,0.0018489935901015997,0.0008835040498524904,0.0,0.8888888955116272,0.8888888955116272
48,train,0.010079676130165657,0.006517027039080858,0.007603198289871216,0.0,1.0,1.0,1.0,1.0,0.9855249524116516,0.9610790014266968,1.0000001192092896,0.36776629677504313,0.0033385888673365116,0.21947766840457916,0.22385264933109283,0.04370811954140663,0.08905936777591705,0.10770059376955032,0.038143906742334366,0.043507836759090424,0.06782600283622742,-0.045726653188467026,0.24291612207889557,0.2797382175922394,-0.024982547387480736,0.0013693803921341896,0.0010034433798864484,0.03129347041249275,0.010877923108637333,0.010597898624837399,0.019587809219956398,0.0019221168477088213,0.0008835040498524904,0.0,0.8888888955116272,0.8888888955116272
48,eval,,0.006517027039080858,0.0076031992211937904,0.0,1.0,1.0,1.0,1.0,0.9855248332023621,0.9610790014266968,0.9999997615814209,,,0.21947765350341797,0.22385264933109283,0.04370810464024544,0.08905936777591705,0.10770059376955032,0.03814391419291496,0.04350782930850983,0.06782600283622742,-0.04572663828730583,0.24291612207889557,0.2797382175922394,-0.024982554838061333,0.0013693813234567642,0.0010034433798864484,0.03129345923662186,0.010877924971282482,0.010597898624837399,0.019587799906730652,0.0019221168477088213,0.0008835040498524904,0.0,0.8888888955116272,0.8888888955116272
49,train,0.010840648785233498,0.0058313580229878426,0.006803249940276146,0.0,1.0,1.0,1.0,1.0,0.9869916439056396,0.9652775526046753,1.000000238418579,0.21217115407332088,0.0039042701246216893,0.2123640477657318,0.22385264933109283,-0.019261280074715614,0.09535794705152512,0.10770059376955032,0.013150815851986408,0.043505050241947174,0.06782600283622742,0.04165564104914665,0.2537924647331238,0.2797382175922394,0.02010120451450348,0.0017904844135046005,0.0010034433798864484,-0.027612105011940002,0.010121690109372139,0.010597898624837399,-0.008812807500362396,0.0022427367512136698,0.0008835040498524904,0.0,0.8888888955116272,0.8888888955116272
49,eval,,0.005831357557326555,0.006803249940276146,0.0,1.0,1.0,1.0,1.0,0.9869914054870605,0.9652774930000305,0.9999997615814209,,,0.2123640477657318,0.22385264933109283,-0.019261283800005913,0.09535793215036392,0.10770059376955032,0.013150825165212154,0.043505050241947174,0.06782600283622742,0.04165564104914665,0.2537924647331238,0.2797382175922394,0.020101206377148628,0.0017904848791658878,0.0010034433798864484,-0.027612105011940002,0.010121692903339863,0.010597898624837399,-0.008812799118459225,0.0022427362855523825,0.0008835040498524904,0.0,0.8888888955116272,0.8888888955116272
50,train,0.010942760078857342,0.00507186446338892,0.005917175207287073,0.0,1.0,1.0,1.0,1.0,0.988625168800354,0.9694276452064514,1.0,0.473569760049385,0.00334440974984318,0.21627268195152283,0.22385264933109283,0.014625896699726582,0.09490382671356201,0.10770059376955032,-0.01237828191369772,0.04301394522190094,0.06782600283622742,-0.0022997725754976273,0.26042163372039795,0.2797382175922394,-0.01798599399626255,0.0013220241526141763,0.0010034433798864484,0.007792532444000244,0.01007851492613554,0.010597898624837399,0.0033254523295909166,0.0019276505336165428,0.0008835040498524904,0.0,0.8888888955116272,0.8888888955116272
50,eval,,0.0050718639977276325,0.005917172413319349,0.0,1.0,1.0,1.0,1.0,0.9886250495910645,0.9694277048110962,0.9999997615814209,,,0.21627268195152283,0.22385264933109283,0.014625911600887775,0.09490383416414261,0.10770059376955032,-0.01237828005105257,0.04301394149661064,0.06782600283622742,-0.0022998007480055094,0.26042160391807556,0.2797382175922394,-0.017985988408327103,0.00132202438544482,0.0010034433798864484,0.007792507763952017,0.010078511200845242,0.010597898624837399,0.003325440688058734,0.001927651115693152,0.0008835040498524904,0.0,0.8888888955116272,0.8888888955116272
51,train,0.010116473150750002,0.005242353305220604,0.006116079166531563,0.0,1.0,1.0,1.0,1.0,0.9882357120513916,0.9682813882827759,1.0000001192092896,0.4284652832056858,0.003228959278203547,0.2186729907989502,0.22385264933109283,0.015345080755650997,0.09404278546571732,0.10770059376955032,-0.0017486214637756348,0.0434030219912529,0.06782600283622742,-0.04867658391594887,0.24742691218852997,0.2797382175922394,-0.0061981468461453915,0.001163239823654294,0.0010034433798864484,0.03347759321331978,0.010488013736903667,0.010597898624837399,-0.009955895133316517,0.0017263622721657157,0.0008835040498524904,0.0,0.8888888955116272,0.8888888955116272
51,eval,,0.005242353305220604,0.006116079166531563,0.0,1.0,1.0,1.0,1.0,0.988235592842102,0.9682815670967102,0.9999997615814209,,,0.2186729907989502,0.22385264933109283,0.015345086343586445,0.09404280036687851,0.10770059376955032,-0.0017486350843682885,0.0434030182659626,0.06782600283622742,-0.04867658391594887,0.24742691218852997,0.2797382175922394,-0.0061981515027582645,0.0011632400564849377,0.0010034433798864484,0.03347758203744888,0.010488010942935944,0.010597898624837399,-0.00995588768273592,0.0017263626214116812,0.0008835040498524904,0.0,0.8888888955116272,0.8888888955116272
52,train,0.009336314164102077,0.004895830526947975,0.005711803212761879,0.0,1.0,1.0,1.0,1.0,0.9890826940536499,0.9709989428520203,1.0000001192092896,0.23895509491431902,0.0032350659603253007,0.21359315514564514,0.22385264933109283,-0.021242493763566017,0.09561307728290558,0.10770059376955032,0.010133768431842327,0.04516105726361275,0.06782600283622742,0.019544405862689018,0.25009122490882874,0.2797382175922394,0.02414027415215969,0.0011831286828964949,0.0010034433798864484,-0.039171651005744934,0.009811680763959885,0.010597898624837399,-0.0009471168741583824,0.0016620572423562407,0.0008835040498524904,0.0,0.8888888955116272,0.8888888955116272
52,eval,,0.004895830526947975,0.005711800884455442,0.0,1.0,1.0,1.0,1.0,0.9890826940536499,0.9709989428520203,0.9999997615814209,,,0.21359315514564514,0.22385264933109283,-0.021242499351501465,0.09561308473348618,0.10770059376955032,0.010133757255971432,0.04516105353832245,0.06782600283622742,0.019544407725334167,0.25009122490882874,0.2797382175922394,0.02414027601480484,0.0011831286828964949,0.0010034433798864484,-0.03917163982987404,0.009811682626605034,0.010597898624837399,-0.0009471159428358078,0.0016620575916022062,0.0008835040498524904,0.0,0.8888888955116272,0.8888888955116272
53,train,0.008953847456723452,0.004492755513638258,0.005241548176854849,0.0,1.0,1.0,1.0,1.0,0.9899706840515137,0.9730474948883057,1.0,0.3931227766939505,0.0028427159413695335,0.2170931100845337,0.22385264933109283,0.006840599235147238,0.0978783667087555,0.10770059376955032,0.018979722633957863,0.04682430997490883,0.06782600283622742,-0.004936046898365021,0.255744993686676,0.2797382175922394,-0.01799214817583561,0.0011498484527692199,0.0010034433798864484,0.004793428350239992,0.009803974069654942,0.010597898624837399,0.022962937131524086,0.0019117365591228008,0.0008835040498524904,0.0,0.8888888955116272,0.8888888955116272
53,eval,,0.004492755513638258,0.0052415477111935616,0.0,1.0,1.0,1.0,1.0,0.9899708032608032,0.9730475544929504,0.9999997615814209,,,0.2170931100845337,0.22385264933109283,0.0068406094796955585,0.0978783667087555,0.10770059376955032,0.018979709595441818,0.04682430997490883,0.06782600283622742,-0.004936050623655319,0.255744993686676,0.2797382175922394,-0.01799214445054531,0.0011498485691845417,0.0010034433798864484,0.004793419968336821,0.009803975000977516,0.010597898624837399,0.02296292595565319,0.001911736442707479,0.0008835040498524904,0.0,0.8888888955116272,0.8888888955116272
54,train,0.008378125727176666,0.004616417456418276,0.005385821219533682,0.0,1.0,1.0,1.0,1.0,0.9897645711898804,0.9724866151809692,1.0000001192092896,0.2877721424372601,0.0029503876576200128,0.22018015384674072,0.22385264933109283,0.005383486393839121,0.09598358720541,0.10770059376955032,-0.00503123551607132,0.04511874541640282,0.06782600283622742,-0.04919467493891716,0.25422680377960205,0.2797382175922394,0.011089134961366653,0.0012074128026142716,0.0010034433798864484,0.005330551415681839,0.009520582854747772,0.010597898624837399,-0.02019484154880047,0.0022342491429299116,0.0008835040498524904,0.0,0.8888888955116272,0.8888888955116272
54,eval,,0.004616417922079563,0.005385821219533682,0.0,1.0,1.0,1.0,1.0,0.9897644519805908,0.9724867343902588,0.9999997615814209,,,0.22018015384674072,0.22385264933109283,0.005383500829339027,0.09598358720541,0.10770059376955032,-0.005031244829297066,0.04511874541640282,0.06782600283622742,-0.04919469729065895,0.25422677397727966,0.2797382175922394,0.011089134961366653,0.0012074122205376625,0.0010034433798864484,0.005330546293407679,0.009520579129457474,0.010597898624837399,-0.020194843411445618,0.0022342486772686243,0.0008835040498524904,0.0,0.8888888955116272,0.8888888955116272
55,train,0.008940522248546282,0.004524036310613155,0.005278043448925018,0.0,1.0,1.0,1.0,1.0,0.9900153279304504,0.9740301966667175,1.000000238418579,0.4404912280834437,0.002952982787974179,0.21130181849002838,0.22385264933109283,-0.007387213408946991,0.09689191728830338,0.10770059376955032,-0.025265013799071312,0.044345781207084656,0.06782600283622742,0.046415429562330246,0.25637274980545044,0.2797382175922394,-0.0034219808876514435,0.0011035852367058396,0.0010034433798864484,-0.016479676589369774,0.0094786137342453,0.010597898624837399,0.0066588278859853745,0.0017158498521894217,0.0008835040498524904,0.0,0.8888888955116272,0.8888888955116272
55,eval,,0.004524036776274443,0.005278043448925018,0.0,1.0,1.0,1.0,1.0,0.9900153875350952,0.9740301370620728,0.9999997615814209,,,0.21130181849002838,0.22385264933109283,-0.007387219462543726,0.09689190238714218,0.10770059376955032,-0.025265023112297058,0.04434577748179436,0.06782600283622742,0.046415407210588455,0.25637274980545044,0.2797382175922394,-0.0034219808876514435,0.0011035859351977706,0.0010034433798864484,-0.016479671001434326,0.009478610940277576,0.010597898624837399,0.006658839527517557,0.0017158486880362034,0.0008835040498524904,0.0,0.8888888955116272,0.8888888955116272
56,train,0.008648520956436792,0.004186324309557676,0.004884044639766216,0.0,1.0,1.0,1.0,1.0,0.9907562732696533,0.9754199981689453,1.000000238418579,0.33630456517455265,0.002850828692317009,0.21443641185760498,0.22385264933109283,-0.000973154790699482,0.09941137582063675,0.10770059376955032,0.028849760070443153,0.04606962949037552,0.06782600283622742,-0.00252159358933568,0.23837599158287048,0.2797382175922394,-0.0009753345511853695,0.0011178645072504878,0.0010034433798864484,0.018994593992829323,0.009391139261424541,0.010597898624837399,-0.0021325929556041956,0.0016539808129891753,0.0008835040498524904,0.0,0.8888888955116272,0.8888888955116272
56,eval,,0.004186325240880251,0.004884043708443642,0.0,1.0,1.0,1.0,1.0,0.9907562732696533,0.9754199981689453,0.9999997615814209,,,0.21443641185760498,0.22385264933109283,-0.00097316486062482,0.09941137582063675,0.10770059376955032,0.02884974516928196,0.04606962949037552,0.06782600283622742,-0.002521607792004943,0.2383759766817093,0.2797382175922394,-0.0009753213380463421,0.0011178653221577406,0.0010034433798864484,0.018994612619280815,0.009391140192747116,0.010597898624837399,-0.0021326004061847925,0.0016539805801585317,0.0008835040498524904,0.0,0.8888888955116272,0.8888888955116272
57,train,0.007933664601296186,0.003961073234677315,0.004621253348886967,0.0,1.0,1.0,1.0,1.0,0.9911268353462219,0.9761902093887329,1.0,0.38505199472711554,0.002799148205667734,0.2179800271987915,0.22385264933109283,0.013954631984233856,0.09595987945795059,0.10770059376955032,-0.0025013505946844816,0.04655728116631508,0.06782600283622742,-0.024223098531365395,0.2532711625099182,0.2797382175922394,0.011585288681089878,0.0011545401066541672,0.0010034433798864484,-0.013822592794895172,0.009084410965442657,0.010597898624837399,0.005100765731185675,0.0017750085098668933,0.0008835040498524904,0.0,0.8888888955116272,0.8888888955116272
57,eval,,0.003961073700338602,0.004621252417564392,0.0,1.0,1.0,1.0,1.0,0.9911268353462219,0.9761902689933777,0.9999997615814209,,,0.2179800122976303,0.22385264933109283,0.013954627327620983,0.09595987945795059,0.10770059376955032,-0.0025013601407408714,0.04655728116631508,0.06782600283622742,-0.0242230836302042,0.2532711625099182,0.2797382175922394,0.011585292406380177,0.001154539524577558,0.0010034433798864484,-0.013822593726217747,0.009084407240152359,0.010597898624837399,0.005100759211927652,0.001775008742697537,0.0008835040498524904,0.0,0.8888888955116272,0.8888888955116272
58,train,0.0074494256017108755,0.004008084535598755,0.004676098469644785,0.0,1.0,1.0,1.0,1.0,0.9910492897033691,0.9760987162590027,1.0,0.29914999565078915,0.0025809590006247163,0.21598781645298004,0.22385264933109283,-0.013964210636913776,0.09914689511060715,0.10770059376955032,-0.0033403646666556597,0.048593904823064804,0.06782600283622742,0.030919039621949196,0.2737962603569031,0.2797382175922394,-0.013928622007369995,0.0013111444422975183,0.0010034433798864484,0.004739498719573021,0.009439484216272831,0.010597898624837399,0.004203035030514002,0.0018360704416409135,0.0008835040498524904,0.0,0.8888888955116272,0.8888888955116272
58,eval,,0.00400808360427618,0.004676098003983498,0.0,1.0,1.0,1.0,1.0,0.9910491704940796,0.9760987758636475,0.9999997615814209,,,0.21598781645298004,0.22385264933109283,-0.013964206911623478,0.09914688766002655,0.10770059376955032,-0.0033403579145669937,0.048593901097774506,0.06782600283622742,0.030919035896658897,0.2737962603569031,0.2797382175922394,-0.01392862293869257,0.0013111442094668746,0.0010034433798864484,0.004739489872008562,0.009439481422305107,0.010597898624837399,0.004203030373901129,0.0018360705580562353,0.0008835040498524904,0.0,0.8888888955116272,0.8888888955116272
59,train,0.007435568142682314,0.0037361716385930777,0.004358867183327675,0.0,1.0,1.0,1.0,1.0,0.9916334748268127,0.9775649905204773,1.0000001192092896,0.27710419925259866,0.0024970328668132424,0.21813879907131195,0.22385264933109283,-0.010682892985641956,0.10314466059207916,0.10770059376955032,0.0026484390255063772,0.04719259589910507,0.06782600283622742,-0.013719809241592884,0.2594178318977356,0.2797382175922394,0.011771014891564846,0.0012411299394443631,0.0010034433798864484,0.009533921256661415,0.009448028169572353,0.010597898624837399,-0.008650771342217922,0.0018093583639711142,0.0008835040498524904,0.0,0.8888888955116272,0.8888888955116272
59,eval,,0.003736170707270503,0.0043588667176663876,0.0,1.0,1.0,1.0,1.0,0.9916335940361023,0.9775651693344116,0.9999997615814209,,,0.21813879907131195,0.22385264933109283,-0.010682891122996807,0.10314464569091797,0.10770059376955032,0.0026484348345547915,0.04719259589910507,0.06782600283622742,-0.013719833455979824,0.2594178020954132,0.2797382175922394,0.011771009303629398,0.0012411294737830758,0.0010034433798864484,0.009533929638564587,0.009448027238249779,0.010597898624837399,-0.008650767616927624,0.0018093571998178959,0.0008835040498524904,0.0,0.8888888955116272,0.8888888955116272
60,train,0.00800587267925342,0.0037261478137224913,0.004347173031419516,0.0,1.0,1.0,1.0,1.0,0.9917497038841248,0.9783845543861389,1.0,0.4886653209910367,0.002726447768509388,0.21378572285175323,0.22385264933109283,0.007945300079882145,0.10067101567983627,0.10770059376955032,-0.018094880506396294,0.0449872724711895,0.06782600283622742,0.023923521861433983,0.2521902024745941,0.2797382175922394,-0.01210526842623949,0.0011997699039056897,0.0010034433798864484,-0.011098592542111874,0.009147635661065578,0.010597898624837399,0.0037115318700671196,0.0017680595628917217,0.0008835040498524904,0.0,0.8888888955116272,0.8888888955116272
60,eval,,0.0037261475808918476,0.004347173031419516,0.0,1.0,1.0,1.0,1.0,0.9917494654655457,0.9783845543861389,0.9999997615814209,,,0.21378572285175323,0.22385264933109283,0.007945308461785316,0.10067101567983627,0.10770059376955032,-0.0180948656052351,0.0449872761964798,0.06782600283622742,0.02392352931201458,0.2521902024745941,0.2797382175922394,-0.012105253525078297,0.0011997697874903679,0.0010034433798864484,-0.011098586954176426,0.009147636592388153,0.010597898624837399,0.0037115297745913267,0.0017680599121376872,0.0008835040498524904,0.0,0.8888888955116272,0.8888888955116272
61,train,0.006776596885174513,0.0036206436343491077,0.004224084783345461,0.0,1.0,1.0,1.0,1.0,0.9919854402542114,0.9786390662193298,1.0000001192092896,0.28374984639554474,0.0029526837170124054,0.21603210270404816,0.22385264933109283,-0.0056249178014695644,0.10118042677640915,0.10770059376955032,0.014965112321078777,0.04557906836271286,0.06782600283622742,0.017899896949529648,0.2630976736545563,0.2797382175922394,0.0022267738822847605,0.0011922240955755115,0.0010034433798864484,0.020122911781072617,0.009309251792728901,0.010597898624837399,-0.013739337213337421,0.0017833062447607517,0.0008835040498524904,0.0,0.8888888955116272,0.8888888955116272
61,eval,,0.003620644100010395,0.004224085249006748,0.0,1.0,1.0,1.0,1.0,0.9919854402542114,0.9786390066146851,0.9999997615814209,,,0.21603210270404816,0.22385264933109283,-0.005624925717711449,0.10118041932582855,0.10770059376955032,0.01496510673314333,0.04557906836271286,0.06782600283622742,0.0178998913615942,0.2630976736545563,0.2797382175922394,0.0022267745807766914,0.0011922232806682587,0.0010034433798864484,0.020122898742556572,0.009309251792728901,0.010597898624837399,-0.01373931672424078,0.0017833063611760736,0.0008835040498524904,0.0,0.8888888955116272,0.8888888955116272
62,train,0.008108594765265783,0.003581136465072632,0.004177992232143879,0.0,1.0,1.0,1.0,1.0,0.9919725060462952,0.9784387946128845,1.0000001192092896,0.49740923843450074,0.0031629629665985703,0.2213418185710907,0.22385264933109283,0.009100404568016529,0.10730937868356705,0.10770059376955032,-0.008115566335618496,0.04594464227557182,0.06782600283622742,-0.015566161833703518,0.2764301896095276,0.2797382175922394,0.010177346877753735,0.00117723539005965,0.0010034433798864484,-0.012325286865234375,0.009093261323869228,0.010597898624837399,0.021143512800335884,0.0017343451036140323,0.0008835040498524904,0.0,0.8888888955116272,0.8888888955116272
62,eval,,0.003581136465072632,0.004177992232143879,0.0,1.0,1.0,1.0,1.0,0.9919725060462952,0.9784389138221741,0.9999997615814209,,,0.2213418185710907,0.22385264933109283,0.009100415743887424,0.10730938613414764,0.10770059376955032,-0.008115572854876518,0.04594464600086212,0.06782600283622742,-0.015566165558993816,0.2764301598072052,0.2797382175922394,0.01017735805362463,0.0011772357393056154,0.0010034433798864484,-0.012325298972427845,0.009093261323869228,0.010597898624837399,0.021143505349755287,0.0017343454528599977,0.0008835040498524904,0.0,0.8888888955116272,0.8888888955116272
63,train,0.006905900159229835,0.003583451732993126,0.0041806939989328384,0.0,1.0,1.0,1.0,1.0,0.991986870765686,0.9784709215164185,1.000000238418579,0.3062451847679786,0.0028673610650002956,0.22096236050128937,0.22385264933109283,-0.019185299053788185,0.10754581540822983,0.10770059376955032,0.007452953141182661,0.047712843865156174,0.06782600283622742,0.002598993480205536,0.2816977798938751,0.2797382175922394,-0.004177363123744726,0.0016154906479641795,0.0010034433798864484,-0.0018491953378543258,0.009658539667725563,0.010597898624837399,-0.0067955791018903255,0.0017377795884385705,0.0008835040498524904,0.0,0.8888888955116272,0.8888888955116272
63,eval,,0.003583451732993126,0.0041806939989328384,0.0,1.0,1.0,1.0,1.0,0.9919867515563965,0.9784708619117737,0.9999997615814209,,,0.22096236050128937,0.22385264933109283,-0.019185299053788185,0.10754580795764923,0.10770059376955032,0.007452955935150385,0.047712843865156174,0.06782600283622742,0.00259898672811687,0.2816978096961975,0.2797382175922394,-0.004177367314696312,0.0016154908807948232,0.0010034433798864484,-0.0018491997616365552,0.009658537805080414,0.010597898624837399,-0.0067955865524709225,0.0017377794720232487,0.0008835040498524904,0.0,0.8888888955116272,0.8888888955116272
64,train,0.006411534268409014,0.003533339826390147,0.0041222297586500645,0.0,1.0,1.0,1.0,1.0,0.9922534823417664,0.9795286059379578,1.0000001192092896,0.24233808992067868,0.0035454961471259594,0.21462206542491913,0.22385264933109283,0.013212527148425579,0.09847348928451538,0.10770059376955032,-0.012866650708019733,0.046835821121931076,0.06782600283622742,0.030442209914326668,0.263154000043869,0.2797382175922394,0.0082623939961195,0.00113242759834975,0.0010034433798864484,0.009404637850821018,0.01003420539200306,0.010597898624837399,-0.004013994242995977,0.001774516305886209,0.0008835040498524904,0.0,0.8888888955116272,0.8888888955116272
64,eval,,0.0035333384294062853,0.004122229292988777,0.0,1.0,1.0,1.0,1.0,0.9922534823417664,0.9795286655426025,0.9999997615814209,,,0.21462206542491913,0.22385264933109283,0.013212512247264385,0.09847349673509598,0.10770059376955032,-0.012866642326116562,0.046835821121931076,0.06782600283622742,0.030442213639616966,0.263154000043869,0.2797382175922394,0.00826238188892603,0.001132427016273141,0.0010034433798864484,0.009404633194208145,0.010034209117293358,0.010597898624837399,-0.0040139988996088505,0.0017745160730555654,0.0008835040498524904,0.0,0.8888888955116272,0.8888888955116272
65,train,0.007337282101313273,0.003618032904341817,0.004221039358526468,0.0,1.0,1.0,1.0,1.0,0.9922451972961426,0.9798033833503723,1.0000001192092896,0.2874444771810234,0.0034354301169514656,0.21585658192634583,0.22385264933109283,-0.03028736263513565,0.10029205679893494,0.10770059376955032,-0.01798280142247677,0.04567934200167656,0.06782600283622742,-0.021776506677269936,0.24958214163780212,0.2797382175922394,-0.011212036944925785,0.0014123262371867895,0.0010034433798864484,0.000907660461962223,0.00930058117955923,0.010597898624837399,-0.0012916784035041928,0.0017544319853186607,0.0008835040498524904,0.0,0.8888888955116272,0.8888888955116272
65,eval,,0.0036180331371724606,0.004221039358526468,0.0,1.0,1.0,1.0,1.0,0.9922450184822083,0.9798033833503723,0.9999997615814209,,,0.21585658192634583,0.22385264933109283,-0.030287345871329308,0.10029205679893494,0.10770059376955032,-0.01798279397189617,0.045679349452257156,0.06782600283622742,-0.021776502951979637,0.24958214163780212,0.2797382175922394,-0.011212042532861233,0.0014123262371867895,0.0010034433798864484,0.0009076648857444525,0.009300582110881805,0.010597898624837399,-0.0012916751438751817,0.001754431752488017,0.0008835040498524904,0.0,0.8888888955116272,0.8888888955116272
66,train,0.007361969755341609,0.0031442667823284864,0.0036683115176856518,0.0,1.0,1.0,1.0,1.0,0.9929872751235962,0.981184720993042,1.0,0.5029383054764234,0.004418420139700174,0.2194952368736267,0.22385264933109283,0.010411683470010757,0.10414229333400726,0.10770059376955032,0.01698252744972706,0.04748263955116272,0.06782600283622742,0.016427472233772278,0.27413851022720337,0.2797382175922394,-0.009146968834102154,0.0010357730789110065,0.0010034433798864484,-0.0077367499470710754,0.009609906002879143,0.010597898624837399,-0.0008095104130916297,0.0014912014594301581,0.0008835040498524904,0.0,0.8888888955116272,0.8888888955116272
66,eval,,0.003144266316667199,0.003668310819193721,0.0,1.0,1.0,1.0,1.0,0.9929870367050171,0.9811848402023315,0.9999997615814209,,,0.2194952368736267,0.22385264933109283,0.01041167601943016,0.10414228588342667,0.10770059376955032,0.01698251999914646,0.04748263582587242,0.06782600283622742,0.01642747037112713,0.27413851022720337,0.2797382175922394,-0.009146970696747303,0.0010357731953263283,0.0010034433798864484,-0.007736748084425926,0.009609904140233994,0.010597898624837399,-0.0008095079101622105,0.0014912007609382272,0.0008835040498524904,0.0,0.8888888955116272,0.8888888955116272
67,train,0.006323058934261401,0.003492580959573388,0.0040746768936514854,0.0,1.0,1.0,1.0,1.0,0.9922467470169067,0.9792119860649109,1.0000001192092896,0.3213319563598112,0.003827846026979387,0.2183431088924408,0.22385264933109283,-0.013740976341068745,0.10714361071586609,0.10770059376955032,-0.01748819462954998,0.047078896313905716,0.06782600283622742,0.03287627175450325,0.29247644543647766,0.2797382175922394,0.013814727775752544,0.0010394544806331396,0.0010034433798864484,0.00848457869142294,0.010152840055525303,0.010597898624837399,0.014485328458249569,0.00139032700099051,0.0008835040498524904,0.0,0.8888888955116272,0.8888888955116272
67,eval,,0.003492580959573388,0.00407467782497406,0.0,1.0,1.0,1.0,1.0,0.9922469854354858,0.9792121052742004,0.9999997615814209,,,0.2183431088924408,0.22385264933109283,-0.013740976341068745,0.10714361071586609,0.10770059376955032,-0.017488183453679085,0.047078896313905716,0.06782600283622742,0.03287626802921295,0.29247644543647766,0.2797382175922394,0.013814724050462246,0.0010394545970484614,0.0010034433798864484,0.008484573103487492,0.010152837261557579,0.010597898624837399,0.01448532473295927,0.0013903266517445445,0.0008835040498524904,0.0,0.8888888955116272,0.8888888955116272
68,train,0.006158220426489909,0.0033060400746762753,0.003857046365737915,0.0,1.0,1.0,1.0,1.0,0.9927785396575928,0.9806978106498718,1.0000001192092896,0.389196645141362,0.0035331639228388667,0.22345852851867676,0.22385264933109283,0.005735104903578758,0.10382453352212906,0.10770059376955032,-0.002770066261291504,0.04874153807759285,0.06782600283622742,-0.04634489119052887,0.26497024297714233,0.2797382175922394,0.009550255723297596,0.0011624885955825448,0.0010034433798864484,-0.006410662084817886,0.010161200538277626,0.010597898624837399,-0.020647456869482994,0.0018184876535087824,0.0008835040498524904,0.0,0.8888888955116272,0.8888888955116272
68,eval,,0.0033060400746762753,0.0038570472970604897,0.0,1.0,1.0,1.0,1.0,0.9927785396575928,0.9806978106498718,0.9999997615814209,,,0.22345852851867676,0.22385264933109283,0.0057351128198206425,0.10382453352212906,0.10770059376955032,-0.002770066959783435,0.04874153807759285,0.06782600283622742,-0.046344876289367676,0.26497024297714233,0.2797382175922394,0.009550243616104126,0.001162487780675292,0.0010034433798864484,-0.006410662084817886,0.010161202400922775,0.010597898624837399,-0.02064746432006359,0.0018184881191700697,0.0008835040498524904,0.0,0.8888888955116272,0.8888888955116272
69,train,0.005905982106924057,0.0032302956096827984,0.0037686775904148817,0.0,1.0,1.0,1.0,1.0,0.9929104447364807,0.9810202717781067,1.0000001192092896,0.2387503834909417,0.003281481796875596,0.21927988529205322,0.22385264933109283,-0.001290445332415402,0.1044546514749527,0.10770059376955032,0.03631676360964775,0.052813224494457245,0.06782600283622742,0.0061131250113248825,0.26369649171829224,0.2797382175922394,-0.017976906150579453,0.00102074327878654,0.0010034433798864484,0.005459240172058344,0.010304667986929417,0.010597898624837399,0.027968941256403923,0.001295494264923036,0.0008835040498524904,0.0,0.8888888955116272,0.8888888955116272
69,eval,,0.003230293979868293,0.0037686761934310198,0.0,1.0,1.0,1.0,1.0,0.9929104447364807,0.9810203909873962,0.9999997615814209,,,0.21927988529205322,0.22385264933109283,-0.001290454063564539,0.1044546514749527,0.10770059376955032,0.036316756159067154,0.05281321704387665,0.06782600283622742,0.006113120820373297,0.26369649171829224,0.2797382175922394,-0.017976917326450348,0.00102074327878654,0.0010034433798864484,0.005459228064864874,0.010304665192961693,0.010597898624837399,0.027968937531113625,0.0012954946141690016,0.0008835040498524904,0.0,0.8888888955116272,0.8888888955116272
70,train,0.005553153498719136,0.0030595604330301285,0.0035694874823093414,0.0,1.0,1.0,1.0,1.0,0.9932615160942078,0.9820683598518372,1.0000001192092896,0.3767269213862075,0.003327309968881309,0.21880275011062622,0.22385264933109283,-0.028712408617138863,0.10379733890295029,0.10770059376955032,-0.015545383095741272,0.049816738814115524,0.06782600283622742,0.0014543794095516205,0.27402573823928833,0.2797382175922394,0.017102252691984177,0.001523245358839631,0.0010034433798864484,-0.011371549218893051,0.009913334622979164,0.010597898624837399,-0.01146895531564951,0.0012843796284869313,0.0008835040498524904,0.0,0.8888888955116272,0.8888888955116272
70,eval,,0.003059560665860772,0.003569487016648054,0.0,1.0,1.0,1.0,1.0,0.9932612776756287,0.9820684194564819,0.9999997615814209,,,0.21880275011062622,0.22385264933109283,-0.028712408617138863,0.10379734635353088,0.10770059376955032,-0.015545371919870377,0.049816738814115524,0.06782600283622742,0.0014543881407007575,0.27402573823928833,0.2797382175922394,0.017102248966693878,0.0015232455916702747,0.0010034433798864484,-0.011371535249054432,0.00991333182901144,0.010597898624837399,-0.011468936689198017,0.0012843792792409658,0.0008835040498524904,0.0,0.8888888955116272,0.8888888955116272
71,train,0.005361906097580989,0.003166796639561653,0.003694596467539668,0.0,1.0,1.0,1.0,1.0,0.992912769317627,0.9809876084327698,1.0000001192092896,0.39089273482314124,0.0032171508064493537,0.2222442924976349,0.22385264933109283,0.037857625633478165,0.10373646765947342,0.10770059376955032,-0.023238038644194603,0.049918171018362045,0.06782600283622742,-0.010848090052604675,0.27535542845726013,0.2797382175922394,-0.023341266438364983,0.001013970235362649,0.0010034433798864484,0.0210738405585289,0.01017733197659254,0.010597898624837399,-0.01212542038410902,0.001401744200848043,0.0008835040498524904,0.0,0.8888888955116272,0.8888888955116272
71,eval,,0.003166796639561653,0.003694596467539668,0.0,1.0,1.0,1.0,1.0,0.992912769317627,0.9809874892234802,0.9999997615814209,,,0.2222442924976349,0.22385264933109283,0.03785761073231697,0.10373646765947342,0.10770059376955032,-0.023238038644194603,0.049918174743652344,0.06782600283622742,-0.01084810495376587,0.27535542845726013,0.2797382175922394,-0.023341262713074684,0.0010139701189473271,0.0010034433798864484,0.021073857322335243,0.010177332907915115,0.010597898624837399,-0.012125409208238125,0.0014017446665093303,0.0008835040498524904,0.0,0.8888888955116272,0.8888888955116272
72,train,0.005978745097915332,0.002968838205561042,0.003463644301518798,0.0,1.0,1.0,1.0,1.0,0.9935842156410217,0.9829722046852112,1.0000001192092896,0.41295189154127876,0.0030976278940215707,0.21664316952228546,0.22385264933109283,-0.010556680150330067,0.10748213529586792,0.10770059376955032,0.023953735828399658,0.05246248468756676,0.06782600283622742,0.026642462238669395,0.25987645983695984,0.2797382175922394,0.013333919458091259,0.0011254084529355168,0.0010034433798864484,-0.0012545654317364097,0.01033188495784998,0.010597898624837399,0.012086120434105396,0.001360247959382832,0.0008835040498524904,0.0,0.8888888955116272,0.8888888955116272
72,eval,,0.002968837507069111,0.003463644301518798,0.0,1.0,1.0,1.0,1.0,0.9935842156410217,0.9829722046852112,0.9999997615814209,,,0.21664315462112427,0.22385264933109283,-0.010556680150330067,0.10748214274644852,0.10770059376955032,0.023953741416335106,0.05246248096227646,0.06782600283622742,0.026642469689249992,0.25987645983695984,0.2797382175922394,0.01333391759544611,0.0011254084529355168,0.0010034433798864484,-0.001254541683010757,0.01033188309520483,0.010597898624837399,0.012086119502782822,0.0013602478429675102,0.0008835040498524904,0.0,0.8888888955116272,0.8888888955116272
73,train,0.0053728639613837,0.0026485775597393513,0.0030900074634701014,0.0,1.0,1.0,1.0,1.0,0.994110643863678,0.9843500256538391,1.0000001192092896,0.42737227832922264,0.002863162662833929,0.21830157935619354,0.22385264933109283,-0.005146547686308622,0.10594985634088516,0.10770059376955032,-0.006699828431010246,0.051674891263246536,0.06782600283622742,0.0032403580844402313,0.26028910279273987,0.2797382175922394,0.006693083327263594,0.0010023474460467696,0.0010034433798864484,-0.019355161115527153,0.010046438314020634,0.010597898624837399,-0.000829208642244339,0.0015376488445326686,0.0008835040498524904,0.0,0.8888888955116272,0.8888888955116272
73,eval,,0.002648577094078064,0.0030900074634701014,0.0,1.0,1.0,1.0,1.0,0.994110643863678,0.9843499660491943,0.9999997615814209,,,0.21830157935619354,0.22385264933109283,-0.005146558862179518,0.10594984889030457,0.10770059376955032,-0.006699822843074799,0.051674894988536835,0.06782600283622742,0.0032403452787548304,0.26028910279273987,0.2797382175922394,0.006693078204989433,0.0010023469803854823,0.0010034433798864484,-0.0193551667034626,0.01004643552005291,0.010597898624837399,-0.0008292221464216709,0.0015376488445326686,0.0008835040498524904,0.0,0.8888888955116272,0.8888888955116272
74,train,0.0048964726738631725,0.003047774313017726,0.003555736970156431,0.0,1.0,1.0,1.0,1.0,0.993205189704895,0.9818117618560791,1.0000001192092896,0.28087124708676553,0.0028067640960216522,0.22331847250461578,0.22385264933109283,0.014337624423205853,0.10332749038934708,0.10770059376955032,-0.016327381134033203,0.05195112153887749,0.06782600283622742,-0.026685038581490517,0.2789919674396515,0.2797382175922394,-0.01959758624434471,0.001111864228732884,0.0010034433798864484,0.03599000349640846,0.010688729584217072,0.010597898624837399,-0.008768183179199696,0.001521047786809504,0.0008835040498524904,0.0,0.8888888955116272,0.8888888955116272
74,eval,,0.0030477745458483696,0.003555737901479006,0.0,1.0,1.0,1.0,1.0,0.9932050704956055,0.9818118214607239,0.9999997615814209,,,0.22331847250461578,0.22385264933109283,0.014337614178657532,0.10332748293876648,0.10770059376955032,-0.016327381134033203,0.05195111036300659,0.06782600283622742,-0.026685023680329323,0.2789919674396515,0.2797382175922394,-0.019597582519054413,0.001111864112317562,0.0010034433798864484,0.035989996045827866,0.010688727721571922,0.010597898624837399,-0.008768182247877121,0.001521047786809504,0.0008835040498524904,0.0,0.8888888955116272,0.8888888955116272
75,train,0.005195772275328636,0.0027330941520631313,0.003188610076904297,0.0,1.0,1.0,1.0,1.0,0.9938798546791077,0.9835795760154724,1.0000001192092896,0.21034107616491227,0.0030515746911987662,0.22053036093711853,0.22385264933109283,-0.010189435444772243,0.10869626700878143,0.10770059376955032,0.00687264883890748,0.052615728229284286,0.06782600283622742,0.01820611022412777,0.27853336930274963,0.2797382175922394,0.019764529541134834,0.0011997551191598177,0.0010034433798864484,-0.02662253938615322,0.010002190247178078,0.010597898624837399,-0.0006635831668972969,0.0013281024293974042,0.0008835040498524904,0.0,0.8888888955116272,0.8888888955116272
75,eval,,0.0027330939192324877,0.0031886091455817223,0.0,1.0,1.0,1.0,1.0,0.9938799738883972,0.9835793972015381,0.9999997615814209,,,0.22053036093711853,0.22385264933109283,-0.010189433582127094,0.10869627445936203,0.10770059376955032,0.006872657686471939,0.052615728229284286,0.06782600283622742,0.018206113949418068,0.27853336930274963,0.2797382175922394,0.019764527678489685,0.001199754886329174,0.0010034433798864484,-0.026622533798217773,0.010002190247178078,0.010597898624837399,-0.0006635803729295731,0.0013281035935506225,0.0008835040498524904,0.0,0.8888888955116272,0.8888888955116272
76,train,0.005034364139040311,0.0027990215457975864,0.0032655249815434217,0.0,1.0,1.0,1.0,1.0,0.9938052296638489,0.9834452271461487,1.0000001192092896,0.3381190349472071,0.002666706684976816,0.22210995852947235,0.22385264933109283,0.02619285322725773,0.1105075553059578,0.10770059376955032,0.021885745227336884,0.052330177277326584,0.06782600283622742,-0.007851595059037209,0.2634258568286896,0.2797382175922394,-0.01375417411327362,0.0014642867026850581,0.0010034433798864484,0.007168855518102646,0.010027030482888222,0.010597898624837399,0.0065975249744951725,0.0015425786841660738,0.0008835040498524904,0.0,0.8888888955116272,0.8888888955116272
76,eval,,0.002799021080136299,0.0032655249815434217,0.0,1.0,1.0,1.0,1.0,0.9938052296638489,0.9834450483322144,0.9999997615814209,,,0.22210995852947235,0.22385264933109283,0.026192860677838326,0.11050756275653839,0.10770059376955032,0.021885747089982033,0.052330173552036285,0.06782600283622742,-0.00785160530358553,0.2634258270263672,0.2797382175922394,-0.013754169456660748,0.00146428681910038,0.0010034433798864484,0.007168849464505911,0.010027029551565647,0.010597898624837399,0.006597528234124184,0.001542578567750752,0.0008835040498524904,0.0,0.8888888955116272,0.8888888955116272
77,train,0.004652176789628963,0.0025553186424076557,0.002981203841045499,0.0,1.0,1.0,1.0,1.0,0.9943322539329529,0.9848527908325195,1.0000001192092896,0.25360851884683927,0.002925430075265467,0.2203589230775833,0.22385264933109283,-0.0016249913023784757,0.10121271759271622,0.10770059376955032,-0.008958389051258564,0.05102964863181114,0.06782600283622742,-0.024414481595158577,0.2647702991962433,0.2797382175922394,0.006403841078281403,0.0011767866089940071,0.0010034433798864484,0.004093007650226355,0.01000162586569786,0.010597898624837399,-0.009829341433942318,0.0017990905325859785,0.0008835040498524904,0.0,0.8888888955116272,0.8888888955116272
77,eval,,0.0025553174782544374,0.002981203608214855,0.0,1.0,1.0,1.0,1.0,0.9943323135375977,0.9848528504371643,0.9999997615814209,,,0.2203589230775833,0.22385264933109283,-0.0016250046901404858,0.10121271759271622,0.10770059376955032,-0.008958392776548862,0.051029644906520844,0.06782600283622742,-0.02441447786986828,0.2647702991962433,0.2797382175922394,0.006403840612620115,0.0011767857940867543,0.0010034433798864484,0.004092992749065161,0.010001619346439838,0.010597898624837399,-0.009829330258071423,0.0017990892520174384,0.0008835040498524904,0.0,0.8888888955116272,0.8888888955116272
78,train,0.004547519454111655,0.0025456524454057217,0.0029699280858039856,0.0,1.0,1.0,1.0,1.0,0.9943493008613586,0.9849212765693665,1.0000001192092896,0.4588030188374133,0.0026289767120033503,0.21845512092113495,0.22385264933109283,-0.0010846770601347089,0.10042404383420944,0.10770059376955032,0.009405185468494892,0.052789825946092606,0.06782600283622742,0.022328441962599754,0.27444371581077576,0.2797382175922394,-0.0019641804974526167,0.0013045071391388774,0.0010034433798864484,-0.009470202028751373,0.009862064383924007,0.010597898624837399,0.006536319386214018,0.0014963253634050488,0.0008835040498524904,0.0,0.8888888955116272,0.8888888955116272
78,eval,,0.0025456524454057217,0.002969928551465273,0.0,1.0,1.0,1.0,1.0,0.9943491816520691,0.9849212765693665,0.9999997615814209,,,0.21845512092113495,0.22385264933109283,-0.0010846750810742378,0.10042405128479004,0.10770059376955032,0.009405192919075489,0.05278982222080231,0.06782600283622742,0.022328443825244904,0.27444371581077576,0.2797382175922394,-0.001964174909517169,0.0013045077212154865,0.0010034433798864484,-0.009470217861235142,0.009862061589956284,0.010597898624837399,0.006536311004310846,0.0014963257126510143,0.0008835040498524904,0.0,0.8888888955116272,0.8888888955116272
79,train,0.0046080548005799455,0.0027893735095858574,0.0032542692497372627,0.0,1.0,1.0,1.0,1.0,0.9937623739242554,0.9833080768585205,1.0000001192092896,0.28988862744856614,0.0022571973968297243,0.22320838272571564,0.22385264933109283,0.004573387559503317,0.10356665402650833,0.10770059376955032,0.035174813121557236,0.05527978390455246,0.06782600283622742,-0.03243369236588478,0.26062190532684326,0.2797382175922394,-0.013988453894853592,0.0011117313988506794,0.0010034433798864484,-0.00013525511894840747,0.009638245217502117,0.010597898624837399,0.0027866086456924677,0.0014458842342719436,0.0008835040498524904,0.0,0.8888888955116272,0.8888888955116272
79,eval,,0.0027893735095858574,0.0032542692497372627,0.0,1.0,1.0,1.0,1.0,0.9937623739242554,0.9833078980445862,0.9999997615814209,,,0.22320838272571564,0.22385264933109283,0.004573389422148466,0.10356664657592773,0.10770059376955032,0.03517480939626694,0.05527979135513306,0.06782600283622742,-0.03243369981646538,0.2606218755245209,0.2797382175922394,-0.01398845762014389,0.0011117312824353576,0.0010034433798864484,-0.00013525963004212826,0.009638245217502117,0.010597898624837399,0.0027866053860634565,0.0014458843506872654,0.0008835040498524904,0.0,0.8888888955116272,0.8888888955116272
80,train,0.004725570324808359,0.002533725230023265,0.0029560131952166557,0.0,1.0,1.0,1.0,1.0,0.9943851232528687,0.9852145314216614,1.0000001192092896,0.3277439038695963,0.0024040500866249204,0.21708343923091888,0.22385264933109283,0.000361747108399868,0.10282307863235474,0.10770059376955032,-0.033070120960474014,0.05145541951060295,0.06782600283622742,0.01491669099777937,0.26748889684677124,0.2797382175922394,0.014371588826179504,0.0010372012620791793,0.0010034433798864484,-0.018033063039183617,0.009384414181113243,0.010597898624837399,0.0038760844618082047,0.001435875310562551,0.0008835040498524904,0.0,0.8888888955116272,0.8888888955116272
80,eval,,0.002533725695684552,0.0029560127295553684,0.0,1.0,1.0,1.0,1.0,0.9943849444389343,0.9852146506309509,0.9999997615814209,,,0.2170834243297577,0.22385264933109283,0.0003617522306740284,0.10282307118177414,0.10770059376955032,-0.033070120960474014,0.05145541578531265,0.06782600283622742,0.014916673302650452,0.26748886704444885,0.2797382175922394,0.014371593482792377,0.001037201494909823,0.0010034433798864484,-0.018033074215054512,0.009384410455822945,0.010597898624837399,0.003876079572364688,0.0014358748449012637,0.0008835040498524904,0.0,0.8888888955116272,0.8888888955116272
81,train,0.004369759311278661,0.002515476429834962,0.0029347219970077276,0.0,1.0,1.0,1.0,1.0,0.9944576025009155,0.9851906895637512,1.0000001192092896,0.2177199212554663,0.002070948830805719,0.21910271048545837,0.22385264933109283,0.0039651961997151375,0.10205454379320145,0.10770059376955032,0.012880582362413406,0.052643071860075,0.06782600283622742,0.022716404870152473,0.27680709958076477,0.2797382175922394,-0.011591906659305096,0.0010848268866539001,0.0010034433798864484,0.027621960267424583,0.009810501709580421,0.010597898624837399,-0.014090592972934246,0.0014697611331939697,0.0008835040498524904,0.0,0.8888888955116272,0.8888888955116272
81,eval,,0.0025154750328511,0.0029347206000238657,0.0,1.0,1.0,1.0,1.0,0.9944576025009155,0.9851908683776855,0.9999997615814209,,,0.21910271048545837,0.22385264933109283,0.003965211100876331,0.10205454379320145,0.10770059376955032,0.012880593538284302,0.0526430681347847,0.06782600283622742,0.02271641045808792,0.27680709958076477,0.2797382175922394,-0.011591900140047073,0.001084827003069222,0.0010034433798864484,0.027621963992714882,0.009810501709580421,0.010597898624837399,-0.014090602286159992,0.0014697606675326824,0.0008835040498524904,0.0,0.8888888955116272,0.8888888955116272
82,train,0.004085777482638757,0.0024700709618628025,0.0028817502316087484,0.0,1.0,1.0,1.0,1.0,0.9945705533027649,0.985498309135437,1.0000001192092896,0.2023840747314796,0.002368871937505901,0.22121325135231018,0.22385264933109283,-0.011150856502354145,0.10301793366670609,0.10770059376955032,0.004553128499537706,0.052286628633737564,0.06782600283622742,-0.03099888749420643,0.26244840025901794,0.2797382175922394,0.0008557853871025145,0.0009896198753267527,0.0010034433798864484,-0.02698582410812378,0.009052223525941372,0.010597898624837399,0.016323838382959366,0.0012675313046202064,0.0008835040498524904,0.0,0.8888888955116272,0.8888888955116272
82,eval,,0.002470070496201515,0.00288174906745553,0.0,1.0,1.0,1.0,1.0,0.9945705533027649,0.9854983687400818,0.9999997615814209,,,0.221213236451149,0.22385264933109283,-0.011150874197483063,0.10301792621612549,0.10770059376955032,0.004553127568215132,0.052286628633737564,0.06782600283622742,-0.030998865142464638,0.26244840025901794,0.2797382175922394,0.0008557929540984333,0.0009896202245727181,0.0010034433798864484,-0.02698581852018833,0.009052222594618797,0.010597898624837399,0.016323836520314217,0.001267530838958919,0.0008835040498524904,0.0,0.8888888955116272,0.8888888955116272
83,train,0.004009099444374442,0.00222684140317142,0.00259798183105886,0.0,1.0,1.0,1.0,1.0,0.995132565498352,0.9871039986610413,1.0000001192092896,0.17873045302928647,0.0019830710953101516,0.2177029848098755,0.22385264933109283,-0.003787451423704624,0.10641157627105713,0.10770059376955032,0.012151151895523071,0.054871220141649246,0.06782600283622742,0.024290630593895912,0.26562026143074036,0.2797382175922394,-0.0014192289672791958,0.000940354133490473,0.0010034433798864484,0.008237779140472412,0.009485072456300259,0.010597898624837399,0.0019361308077350259,0.0011904865968972445,0.0008835040498524904,0.0,0.8888888955116272,0.8888888955116272
83,eval,,0.0022268423344939947,0.002597982529550791,0.0,1.0,1.0,1.0,1.0,0.9951324462890625,0.9871039986610413,0.9999997615814209,,,0.2177029848098755,0.22385264933109283,-0.0037874383851885796,0.10641157627105713,0.10770059376955032,0.01215112954378128,0.054871220141649246,0.06782600283622742,0.024290621280670166,0.26562026143074036,0.2797382175922394,-0.0014192307135090232,0.0009403543081134558,0.0010034433798864484,0.008237781934440136,0.009485071524977684,0.010597898624837399,0.001936144195497036,0.00119048694614321,0.0008835040498524904,0.0,0.8888888955116272,0.8888888955116272
84,train,0.0038239040101567903,0.0021820852998644114,0.002545766532421112,0.0,1.0,1.0,1.0,1.0,0.9951597452163696,0.9870439171791077,1.000000238418579,0.18943220507739095,0.001888999540824443,0.22208450734615326,0.22385264933109283,0.010405655950307846,0.1045711487531662,0.10770059376955032,-0.012981719337403774,0.05470813065767288,0.06782600283622742,-0.01735166646540165,0.2712957561016083,0.2797382175922394,0.002237990265712142,0.0009494128753431141,0.0010034433798864484,0.004687020089477301,0.009588461369276047,0.010597898624837399,-0.018398787826299667,0.0012474947143346071,0.0008835040498524904,0.0,0.8888888955116272,0.8888888955116272
84,eval,,0.0021820846013724804,0.0025457660667598248,0.0,1.0,1.0,1.0,1.0,0.9951594471931458,0.9870440363883972,0.9999997615814209,,,0.22208450734615326,0.22385264933109283,0.01040565688163042,0.1045711413025856,0.10770059376955032,-0.012981705367565155,0.05470813438296318,0.06782600283622742,-0.017351672053337097,0.2712957561016083,0.2797382175922394,0.0022379921283572912,0.0009494127007201314,0.0010034433798864484,0.004687028005719185,0.009588459506630898,0.010597898624837399,-0.018398797139525414,0.001247494830749929,0.0008835040498524904,0.0,0.8888888955116272,0.8888888955116272
85,train,0.00371628658225139,0.0021106756757944822,0.0024624555371701717,0.0,1.0,1.0,1.0,1.0,0.9952826499938965,0.9873618483543396,1.0,0.23051140183429306,0.001941473106853664,0.2209615558385849,0.22385264933109283,-0.002564304741099477,0.106270432472229,0.10770059376955032,0.0017384933307766914,0.05568648502230644,0.06782600283622742,0.006575200706720352,0.2786065638065338,0.2797382175922394,-0.0009943308541551232,0.001004028250463307,0.0010034433798864484,-0.010550808161497116,0.009722549468278885,0.010597898624837399,0.017926355823874474,0.0010831733234226704,0.0008835040498524904,0.0,0.8888888955116272,0.8888888955116272
85,eval,,0.0021106756757944822,0.0024624550715088844,0.0,1.0,1.0,1.0,1.0,0.9952825307846069,0.9873619079589844,0.9999997615814209,,,0.2209615558385849,0.22385264933109283,-0.0025642940308898687,0.10627042502164841,0.10770059376955032,0.0017384834354743361,0.05568648502230644,0.06782600283622742,0.006575204432010651,0.2786065340042114,0.2797382175922394,-0.0009943204931914806,0.0010040283668786287,0.0010034433798864484,-0.010550807230174541,0.009722547605633736,0.010597898624837399,0.01792634278535843,0.0010831732070073485,0.0008835040498524904,0.0,0.8888888955116272,0.8888888955116272
86,train,0.0036936637091760836,0.002177800051867962,0.002540766494348645,0.0,1.0,1.0,1.0,1.0,0.9951851963996887,0.9871190190315247,1.0000001192092896,0.19528019136885186,0.001769174647051841,0.22059136629104614,0.22385264933109283,2.952711656689644e-05,0.10802846401929855,0.10770059376955032,0.0259262528270483,0.05622206628322601,0.06782600283622742,0.00986019242554903,0.2674963176250458,0.2797382175922394,0.005452573299407959,0.0009873600210994482,0.0010034433798864484,0.0046490393579006195,0.010021403431892395,0.010597898624837399,-0.010228523053228855,0.001359741436317563,0.0008835040498524904,0.0,0.8888888955116272,0.8888888955116272
86,eval,,0.002177800051867962,0.0025407669600099325,0.0,1.0,1.0,1.0,1.0,0.9951850771903992,0.9871189594268799,0.9999997615814209,,,0.22059136629104614,0.22385264933109283,2.9525719583034515e-05,0.10802845656871796,0.10770059376955032,0.025926237925887108,0.056222058832645416,0.06782600283622742,0.009860171936452389,0.2674963176250458,0.2797382175922394,0.0054525695741176605,0.0009873609524220228,0.0010034433798864484,0.004649051930755377,0.010021403431892395,0.010597898624837399,-0.010228519327938557,0.0013597420183941722,0.0008835040498524904,0.0,0.8888888955116272,0.8888888955116272
87,train,0.00395978366335233,0.0022016246803104877,0.002568561350926757,0.0,1.0,1.0,1.0,1.0,0.9952321648597717,0.9874716997146606,1.0000001192092896,0.33864459969545213,0.0020552646601572633,0.21894975006580353,0.22385264933109283,-0.013303925283253193,0.10463229566812515,0.10770059376955032,-0.03064505010843277,0.05418873205780983,0.06782600283622742,-0.010254673659801483,0.2658853828907013,0.2797382175922394,-0.012884779833257198,0.0010432804701849818,0.0010034433798864484,0.0039000867400318384,0.009826240129768848,0.010597898624837399,0.007433401420712471,0.0011623733444139361,0.0008835040498524904,0.0,0.8888888955116272,0.8888888955116272
87,eval,,0.0022016246803104877,0.0025685615837574005,0.0,1.0,1.0,1.0,1.0,0.9952321648597717,0.9874714612960815,0.9999997615814209,,,0.21894973516464233,0.22385264933109283,-0.01330393087118864,0.10463228076696396,0.10770059376955032,-0.030645066872239113,0.05418872460722923,0.06782600283622742,-0.010254682041704655,0.2658853828907013,0.2797382175922394,-0.012884783558547497,0.0010432795388624072,0.0010034433798864484,0.003900079755112529,0.009826241061091423,0.010597898624837399,0.00743340328335762,0.001162374159321189,0.0008835040498524904,0.0,0.8888888955116272,0.8888888955116272
88,train,0.003716012230142951,0.0020556251984089613,0.002398229204118252,0.0,1.0,1.0,1.0,1.0,0.9954005479812622,0.9876835346221924,1.000000238418579,0.3645460217436838,0.0024716801708564162,0.2227889597415924,0.22385264933109283,-0.0012596313608810306,0.10600107908248901,0.10770059376955032,0.011976617388427258,0.05641836300492287,0.06782600283622742,-0.0004145149141550064,0.2799927592277527,0.2797382175922394,0.009431297890841961,0.0010963862296193838,0.0010034433798864484,-0.0005521953571587801,0.009877320379018784,0.010597898624837399,-0.021338650956749916,0.0010556784691289067,0.0008835040498524904,0.0,0.8888888955116272,0.8888888955116272
88,eval,,0.0020556251984089613,0.0023982294369488955,0.0,1.0,1.0,1.0,1.0,0.9954004287719727,0.9876835942268372,0.9999997615814209,,,0.2227889597415924,0.22385264933109283,-0.0012596194865182042,0.10600107163190842,0.10770059376955032,0.011976607143878937,0.05641835927963257,0.06782600283622742,-0.0004145245475228876,0.2799927294254303,0.2797382175922394,0.009431305341422558,0.0010963858803734183,0.0010034433798864484,-0.0005522016435861588,0.009877320379018784,0.010597898624837399,-0.02133866213262081,0.001055678934790194,0.0008835040498524904,0.0,0.8888888955116272,0.8888888955116272
89,train,0.003684082922215263,0.0022412831895053387,0.002614830620586872,0.0,1.0,1.0,1.0,1.0,0.9949920177459717,0.9865798354148865,1.0000001192092896,0.20825067449188012,0.0021090690279379487,0.22231805324554443,0.22385264933109283,-0.0209964606910944,0.11027839779853821,0.10770059376955032,0.007068255916237831,0.057253286242485046,0.06782600283622742,-0.021059179678559303,0.2704862952232361,0.2797382175922394,-0.0023473072797060013,0.0011764344526454806,0.0010034433798864484,-0.0025430198293179274,0.009760999120771885,0.010597898624837399,0.025280216708779335,0.0010137703502550721,0.0008835040498524904,0.0,0.8888888955116272,0.8888888955116272
89,eval,,0.002241282956674695,0.0026148308534175158,0.0,1.0,1.0,1.0,1.0,0.9949920773506165,0.9865797758102417,0.9999997615814209,,,0.22231805324554443,0.22385264933109283,-0.020996475592255592,0.1102784052491188,0.10770059376955032,0.00706825964152813,0.05725328251719475,0.06782600283622742,-0.021059183403849602,0.2704862952232361,0.2797382175922394,-0.0023473042529076338,0.001176434219814837,0.0010034433798864484,-0.002543010748922825,0.00976099818944931,0.010597898624837399,0.025280220434069633,0.0010137696517631412,0.0008835040498524904,0.0,0.8888888955116272,0.8888888955116272
90,train,0.0038683394280572734,0.0021917365957051516,0.0025570259895175695,0.0,1.0,1.0,1.0,1.0,0.9952006340026855,0.9871821403503418,1.0000001192092896,0.24871820518209248,0.002387693617492914,0.22119629383087158,0.22385264933109283,0.039282288402318954,0.1053229346871376,0.10770059376955032,-0.0034617064520716667,0.056142911314964294,0.06782600283622742,0.02187461592257023,0.27528828382492065,0.2797382175922394,0.008843419142067432,0.0010896578896790743,0.0010034433798864484,0.002086584223434329,0.01001829095184803,0.010597898624837399,-0.020142821595072746,0.001183239626698196,0.0008835040498524904,0.0,0.8888888955116272,0.8888888955116272
90,eval,,0.002191736828535795,0.0025570252910256386,0.0,1.0,1.0,1.0,1.0,0.9952007532119751,0.9871823191642761,0.9999997615814209,,,0.22119629383087158,0.22385264933109283,0.039282288402318954,0.1053229495882988,0.10770059376955032,-0.0034617118071764708,0.056142907589673996,0.06782600283622742,0.02187461219727993,0.27528828382492065,0.2797382175922394,0.008843432180583477,0.0010896571911871433,0.0010034433798864484,0.002086587017402053,0.01001829095184803,0.010597898624837399,-0.020142829045653343,0.0011832397431135178,0.0008835040498524904,0.0,0.8888888955116272,0.8888888955116272
91,train,0.0038414890877902508,0.0022625199053436518,0.0026396061293780804,0.0,1.0,1.0,1.0,1.0,0.9950745105743408,0.9869726300239563,1.000000238418579,0.3084901375742551,0.002679013297893107,0.21959449350833893,0.22385264933109283,-0.05059820041060448,0.10484150052070618,0.10770059376955032,-0.003502924693748355,0.05495342239737511,0.06782600283622742,-0.012546002864837646,0.27161145210266113,0.2797382175922394,-0.006739723030477762,0.001081357360817492,0.0010034433798864484,0.013262529857456684,0.010088414885103703,0.010597898624837399,0.006838452536612749,0.0010942472144961357,0.0008835040498524904,0.0,0.8888888955116272,0.8888888955116272
91,eval,,0.002262519672513008,0.0026396072935312986,0.0,1.0,1.0,1.0,1.0,0.9950742721557617,0.9869729280471802,0.9999997615814209,,,0.21959449350833893,0.22385264933109283,-0.05059818923473358,0.10484150052070618,0.10770059376955032,-0.0035029295831918716,0.054953429847955704,0.06782600283622742,-0.012545990757644176,0.27161142230033875,0.2797382175922394,-0.006739714648574591,0.0010813575936481357,0.0010034433798864484,0.013262531720101833,0.010088413953781128,0.010597898624837399,0.006838467437773943,0.0010942466324195266,0.0008835040498524904,0.0,0.8888888955116272,0.8888888955116272
92,train,0.0034228875301778316,0.002596067963168025,0.00302874599583447,0.0,1.0,1.0,1.0,1.0,0.9943550825119019,0.9850009083747864,1.0000001192092896,0.29152587890319015,0.002615931909531355,0.22266645729541779,0.22385264933109283,0.05946044251322746,0.10169844329357147,0.10770059376955032,0.019779376685619354,0.05650182068347931,0.06782600283622742,0.011029175482690334,0.2671222984790802,0.2797382175922394,0.0015084659680724144,0.0011511222692206502,0.0010034433798864484,-0.032042622566223145,0.00994662195444107,0.010597898624837399,0.00045708674588240683,0.0012010365026071668,0.0008835040498524904,0.0,0.8888888955116272,0.8888888955116272
92,eval,,0.0025960677303373814,0.0030287469271570444,0.0,1.0,1.0,1.0,1.0,0.9943549633026123,0.9850009679794312,0.9999997615814209,,,0.22266645729541779,0.22385264933109283,0.05946042761206627,0.10169843584299088,0.10770059376955032,0.019779382273554802,0.05650182068347931,0.06782600283622742,0.011029177345335484,0.2671222984790802,0.2797382175922394,0.0015084641054272652,0.0011511227348819375,0.0010034433798864484,-0.03204263374209404,0.009946624748408794,0.010597898624837399,0.00045707946992479265,0.0012010373175144196,0.0008835040498524904,0.0,0.8888888955116272,0.8888888955116272
93,train,0.003419591890027126,0.0025765253230929375,0.0030059462878853083,0.0,1.0,1.0,1.0,1.0,0.9943286180496216,0.9850000739097595,1.0000001192092896,0.2821455469374837,0.0029040833469480276,0.21837292611598969,0.22385264933109283,-0.06246422231197357,0.1080845445394516,0.10770059376955032,-0.009799040853977203,0.056845057755708694,0.06782600283622742,0.004876408260315657,0.27197325229644775,0.2797382175922394,-0.008531573228538036,0.0010587694123387337,0.0010034433798864484,0.032545339316129684,0.010564856231212616,0.010597898624837399,0.0020593786612153053,0.0011631902307271957,0.0008835040498524904,0.0,0.8888888955116272,0.8888888955116272
93,eval,,0.002576525090262294,0.0030059460550546646,0.0,1.0,1.0,1.0,1.0,0.9943286180496216,0.9850002527236938,0.9999997615814209,,,0.21837292611598969,0.22385264933109283,-0.06246422603726387,0.1080845519900322,0.10770059376955032,-0.009799043647944927,0.056845054030418396,0.06782600283622742,0.004876408725976944,0.27197325229644775,0.2797382175922394,-0.008531584404408932,0.0010587702272459865,0.0010034433798864484,0.03254532441496849,0.010564856231212616,0.010597898624837399,0.002059382386505604,0.0011631904635578394,0.0008835040498524904,0.0,0.8888888955116272,0.8888888955116272
94,train,0.0033088604298730693,0.00265682814642787,0.0030996324494481087,0.0,1.0,1.0,1.0,1.0,0.994093656539917,0.9843473434448242,1.000000238418579,0.3409015023730549,0.0030642036581411958,0.2250804752111435,0.22385264933109283,0.06486985087394714,0.1019601970911026,0.10770059376955032,-0.01151588186621666,0.05858759582042694,0.06782600283622742,-0.00418134918436408,0.2755542993545532,0.2797382175922394,0.012617100961506367,0.0009970635874196887,0.0010034433798864484,-0.03400158882141113,0.009732152335345745,0.010597898624837399,-0.014508000575006008,0.0009793235221877694,0.0008835040498524904,0.0,0.8888888955116272,0.8888888955116272
94,eval,,0.00265682814642787,0.0030996324494481087,0.0,1.0,1.0,1.0,1.0,0.994093656539917,0.9843472242355347,0.9999997615814209,,,0.2250804752111435,0.22385264933109283,0.06486984342336655,0.1019602045416832,0.10770059376955032,-0.011515884660184383,0.05858759954571724,0.06782600283622742,-0.004181354772299528,0.2755543291568756,0.2797382175922394,0.012617104686796665,0.0009970637038350105,0.0010034433798864484,-0.03400160372257233,0.009732155129313469,0.010597898624837399,-0.01450800895690918,0.0009793235221877694,0.0008835040498524904,0.0,0.8888888955116272,0.8888888955116272
95,train,0.0037535229542603097,0.0027806563302874565,0.0032440994400531054,0.0,1.0,1.0,1.0,1.0,0.9938717484474182,0.9837671518325806,1.0000001192092896,0.5468016228789627,0.0033268401166424155,0.21821053326129913,0.22385264933109283,-0.07627739757299423,0.10738580673933029,0.10770059376955032,-0.006317082792520523,0.05871249735355377,0.06782600283622742,0.00772786745801568,0.2744266986846924,0.2797382175922394,-0.012743758969008923,0.0011270182440057397,0.0010034433798864484,0.02566615492105484,0.009718431159853935,0.010597898624837399,0.020014846697449684,0.000988848158158362,0.0008835040498524904,0.0,0.8888888955116272,0.8888888955116272
95,eval,,0.0027806577272713184,0.0032441008370369673,0.0,1.0,1.0,1.0,1.0,0.9938715696334839,0.9837672710418701,0.9999997615814209,,,0.21821053326129913,0.22385264933109283,-0.07627741247415543,0.1073857992887497,0.10770059376955032,-0.0063170758076012135,0.05871250107884407,0.06782600283622742,0.007727872114628553,0.2744266986846924,0.2797382175922394,-0.012743749655783176,0.0011270189424976707,0.0010034433798864484,0.025666145607829094,0.009718435816466808,0.010597898624837399,0.020014846697449684,0.0009888488566502929,0.0008835040498524904,0.0,0.8888888955116272,0.8888888955116272
96,train,0.003978820672879617,0.0023771135602146387,0.0027732993476092815,0.0,1.0,1.0,1.0,1.0,0.9946803450584412,0.9857519268989563,1.0,0.30256161001790893,0.002971565001644194,0.22274336218833923,0.22385264933109283,0.04153856262564659,0.10064101964235306,0.10770059376955032,-0.025474371388554573,0.05585587024688721,0.06782600283622742,0.00578297907486558,0.2819356918334961,0.2797382175922394,0.018194742500782013,0.0011269788956269622,0.0010034433798864484,-0.02079886570572853,0.009459706023335457,0.010597898624837399,-0.020069321617484093,0.0012148102978244424,0.0008835040498524904,0.0,0.8888888955116272,0.8888888955116272
96,eval,,0.0023771130945533514,0.002773298416286707,0.0,1.0,1.0,1.0,1.0,0.9946802258491516,0.9857519268989563,0.9999997615814209,,,0.22274336218833923,0.22385264933109283,0.04153856262564659,0.10064101964235306,0.10770059376955032,-0.025474369525909424,0.05585586652159691,0.06782600283622742,0.005782973021268845,0.2819356620311737,0.2797382175922394,0.018194736912846565,0.001126979012042284,0.0010034433798864484,-0.020798873156309128,0.009459706954658031,0.010597898624837399,-0.020069312304258347,0.0012148102978244424,0.0008835040498524904,0.0,0.8888888955116272,0.8888888955116272
97,train,0.0034206433532138667,0.002338225021958351,0.0027279292698949575,0.0,1.0,1.0,1.0,1.0,0.9947644472122192,0.9859638214111328,1.0000001192092896,0.31705658977361145,0.0028190904995426536,0.22207041084766388,0.22385264933109283,-0.03880111128091812,0.10772835463285446,0.10770059376955032,0.03169242665171623,0.05685221403837204,0.06782600283622742,-0.014614528976380825,0.27315500378608704,0.2797382175922394,-0.023121273145079613,0.0011299382895231247,0.0010034433798864484,0.021538393571972847,0.00999609287828207,0.010597898624837399,0.02189883030951023,0.0010201926343142986,0.0008835040498524904,0.0,0.8888888955116272,0.8888888955116272
97,eval,,0.002338225254788995,0.0027279292698949575,0.0,1.0,1.0,1.0,1.0,0.9947642087936401,0.985963761806488,0.9999997615814209,,,0.22207041084766388,0.22385264933109283,-0.03880109265446663,0.10772836208343506,0.10770059376955032,0.03169242665171623,0.05685220658779144,0.06782600283622742,-0.014614532701671124,0.2731550335884094,0.2797382175922394,-0.023121284320950508,0.0011299386387690902,0.0010034433798864484,0.021538397297263145,0.009996091946959496,0.010597898624837399,0.02189883030951023,0.0010201939148828387,0.0008835040498524904,0.0,0.8888888955116272,0.8888888955116272
98,train,0.003206111335506042,0.002131133573129773,0.0024863225407898426,0.0,1.0,1.0,1.0,1.0,0.9952333569526672,0.9872255921363831,1.0000001192092896,0.372783799595755,0.002910223905928433,0.22172336280345917,0.22385264933109283,0.027387568727135658,0.10282422602176666,0.10770059376955032,-1.4047138392925262e-05,0.05723368376493454,0.06782600283622742,0.010374984703958035,0.27141720056533813,0.2797382175922394,0.022665763273835182,0.001035467255860567,0.0010034433798864484,-0.04274626076221466,0.009438022039830685,0.010597898624837399,-0.00733991339802742,0.0012157330056652427,0.0008835040498524904,0.0,0.8888888955116272,0.8888888955116272
98,eval,,0.002131133805960417,0.0024863232392817736,0.0,1.0,1.0,1.0,1.0,0.9952332377433777,0.9872257113456726,0.9999997615814209,,,0.22172337770462036,0.22385264933109283,0.027387579903006554,0.10282422602176666,0.10770059376955032,-1.4060176908969879e-05,0.057233672589063644,0.06782600283622742,0.010374977253377438,0.2714172303676605,0.2797382175922394,0.022665761411190033,0.0010354677215218544,0.0010034433798864484,-0.04274626448750496,0.00943801924586296,0.010597898624837399,-0.007339903619140387,0.0012157328892499208,0.0008835040498524904,0.0,0.8888888955116272,0.8888888955116272
99,train,0.0029079465505977473,0.00222524581477046,0.002596120350062847,0.0,1.0,1.0,1.0,1.0,0.9950404167175293,0.9867134690284729,1.0,0.2328106169858517,0.0027853039791807532,0.22190706431865692,0.22385264933109283,-0.020288780331611633,0.10021226108074188,0.10770059376955032,-0.007645489647984505,0.06072389334440231,0.06782600283622742,-0.021463798359036446,0.27729299664497375,0.2797382175922394,-0.01842198707163334,0.0011943045537918806,0.0010034433798864484,0.042783141136169434,0.009979471564292908,0.010597898624837399,0.0026287026703357697,0.0010278206318616867,0.0008835040498524904,0.0,0.8888888955116272,0.8888888955116272
99,eval,,0.0022252462804317474,0.002596120582893491,0.0,1.0,1.0,1.0,1.0,0.995040237903595,0.9867135882377625,0.9999997615814209,,,0.22190706431865692,0.22385264933109283,-0.020288771018385887,0.10021227598190308,0.10770059376955032,-0.007645485922694206,0.06072390079498291,0.06782600283622742,-0.02146380953490734,0.27729299664497375,0.2797382175922394,-0.018421992659568787,0.0011943052522838116,0.0010034433798864484,0.04278315231204033,0.009979472495615482,0.010597898624837399,0.002628704532980919,0.0010278212139382958,0.0008835040498524904,0.0,0.8888888955116272,0.8888888955116272
100,train,0.002949296923664709,0.0021115844137966633,0.002463514916598797,0.0,1.0,1.0,1.0,1.0,0.9952940940856934,0.9874891042709351,1.0000001192092896,0.31005599276032164,0.0028225231217220426,0.21883030235767365,0.22385264933109283,0.007434310391545296,0.10449189692735672,0.10770059376955032,-0.030814029276371002,0.059877824038267136,0.06782600283622742,0.03621051833033562,0.27633213996887207,0.2797382175922394,0.020039884373545647,0.0010535528417676687,0.0010034433798864484,-0.02203916572034359,0.00980587862432003,0.010597898624837399,-0.00997310969978571,0.0009897013660520315,0.0008835040498524904,0.0,0.8888888955116272,0.8888888955116272
100,eval,,0.0021115844137966633,0.002463515382260084,0.0,1.0,1.0,1.0,1.0,0.9952940940856934,0.9874892234802246,0.9999997615814209,,,0.21883030235767365,0.22385264933109283,0.00743431830778718,0.10449189692735672,0.10770059376955032,-0.030814027413725853,0.059877827763557434,0.06782600283622742,0.036210522055625916,0.27633213996887207,0.2797382175922394,0.020039884373545647,0.0010535536566749215,0.0010034433798864484,-0.022039160132408142,0.009805875830352306,0.010597898624837399,-0.009973111562430859,0.000989701715297997,0.0008835040498524904,0.0,0.8888888955116272,0.8888888955116272
101,train,0.0030022094336648784,0.0020583802834153175,0.0024014438968151808,0.0,1.0,1.0,1.0,1.0,0.995439350605011,0.9879841208457947,1.0000001192092896,0.38688965042363194,0.002734308480285108,0.22588424384593964,0.22385264933109283,0.012671378441154957,0.10919727385044098,0.10770059376955032,0.03024049662053585,0.05995599552989006,0.06782600283622742,-0.02885664813220501,0.2716028690338135,0.2797382175922394,-0.01782883144915104,0.001041990122757852,0.0010034433798864484,0.018044987693428993,0.010360975749790668,0.010597898624837399,-0.0026719148736447096,0.0010909801349043846,0.0008835040498524904,0.0,0.8888888955116272,0.8888888955116272
101,eval,,0.002058380050584674,0.0024014438968151808,0.0,1.0,1.0,1.0,1.0,0.995439350605011,0.9879841208457947,0.9999997615814209,,,0.22588422894477844,0.22385264933109283,0.012671374715864658,0.10919725894927979,0.10770059376955032,0.03024049662053585,0.05995599552989006,0.06782600283622742,-0.028856664896011353,0.2716028392314911,0.2797382175922394,-0.01782882772386074,0.0010419911704957485,0.0010034433798864484,0.0180449727922678,0.010360975749790668,0.010597898624837399,-0.0026719074230641127,0.0010909807169809937,0.0008835040498524904,0.0,0.8888888955116272,0.8888888955116272
102,train,0.0028902259655296803,0.0018814310897141695,0.0021950032096356153,0.0,1.0,1.0,1.0,1.0,0.9958130121231079,0.9888958930969238,1.0,0.3741689844239692,0.0031528972322121263,0.21912048757076263,0.22385264933109283,-0.020215123891830444,0.10204260796308517,0.10770059376955032,-0.0024387023877352476,0.0591285303235054,0.06782600283622742,0.01417491864413023,0.2731434106826782,0.2797382175922394,0.01045740395784378,0.0010116765042766929,0.0010034433798864484,-0.024826928973197937,0.010013955645263195,0.010597898624837399,0.01417914405465126,0.0010805405909195542,0.0008835040498524904,0.0,0.8888888955116272,0.8888888955116272
102,eval,,0.0018814312061294913,0.0021950029768049717,0.0,1.0,1.0,1.0,1.0,0.9958127737045288,0.9888960123062134,0.9999997615814209,,,0.21912048757076263,0.22385264933109283,-0.020215144380927086,0.10204259306192398,0.10770059376955032,-0.002438705414533615,0.0591285303235054,0.06782600283622742,0.014174934476613998,0.2731434106826782,0.2797382175922394,0.010457414202392101,0.0010116762714460492,0.0010034433798864484,-0.024826938286423683,0.010013957507908344,0.010597898624837399,0.014179147779941559,0.0010805409401655197,0.0008835040498524904,0.0,0.8888888955116272,0.8888888955116272
103,train,0.002825496873507897,0.0015964200720191002,0.001862489734776318,0.0,1.0,1.0,1.0,1.0,0.9964327216148376,0.990450382232666,1.0,0.40671754435419405,0.0027965392218902707,0.2223413586616516,0.22385264933109283,0.0009998230962082744,0.10476796329021454,0.10770059376955032,-0.00431668758392334,0.0607648529112339,0.06782600283622742,-0.011911298148334026,0.27323663234710693,0.2797382175922394,-0.0017162682488560677,0.0010103635722771287,0.0010034433798864484,0.01730736345052719,0.010118890553712845,0.010597898624837399,-0.010856159031391144,0.0011019108351320028,0.0008835040498524904,0.0,0.8888888955116272,0.8888888955116272
103,eval,,0.0015964203048497438,0.0018624900840222836,0.0,1.0,1.0,1.0,1.0,0.9964327216148376,0.990450382232666,0.9999997615814209,,,0.2223413586616516,0.22385264933109283,0.0009998241439461708,0.10476796329021454,0.10770059376955032,-0.004316690843552351,0.0607648529112339,0.06782600283622742,-0.011911300010979176,0.27323663234710693,0.2797382175922394,-0.0017162536969408393,0.0010103642707690597,0.0010034433798864484,0.017307372763752937,0.01011888962239027,0.010597898624837399,-0.010856145061552525,0.0011019103694707155,0.0008835040498524904,0.0,0.8888888955116272,0.8888888955116272
104,train,0.002704393584281206,0.0018352392362430692,0.0021411124616861343,0.0,1.0,1.0,1.0,1.0,0.9959312081336975,0.9891951680183411,1.0,0.3619486601058634,0.002690346329472959,0.2242835909128189,0.22385264933109283,0.025643691420555115,0.11222842335700989,0.10770059376955032,0.005333498120307922,0.06267054378986359,0.06782600283622742,0.0038196530658751726,0.27683019638061523,0.2797382175922394,-0.010347018949687481,0.0010120763909071684,0.0010034433798864484,-0.007370446342974901,0.010062399320304394,0.010597898624837399,0.006826861295849085,0.0008762465440668166,0.0008835040498524904,0.0,0.8888888955116272,0.8888888955116272
104,eval,,0.0018352392362430692,0.0021411117631942034,0.0,1.0,1.0,1.0,1.0,0.9959309101104736,0.9891953468322754,0.9999997615814209,,,0.2242835909128189,0.22385264933109283,0.025643683969974518,0.11222842335700989,0.10770059376955032,0.005333505570888519,0.06267054378986359,0.06782600283622742,0.0038196577224880457,0.27683019638061523,0.2797382175922394,-0.010347000323235989,0.001012075925245881,0.0010034433798864484,-0.007370439823716879,0.010062402114272118,0.010597898624837399,0.0068268622271716595,0.0008762472425587475,0.0008835040498524904,0.0,0.8888888955116272,0.8888888955116272
105,train,0.002772395654271046,0.0019278874387964606,0.0022492019925266504,0.0,1.0,1.0,1.0,1.0,0.9957433342933655,0.988689661026001,1.0,0.32982663285903663,0.003118439228273928,0.22018040716648102,0.22385264933109283,-0.04826679825782776,0.1040039137005806,0.10770059376955032,-0.005035093519836664,0.060905978083610535,0.06782600283622742,0.007392465602606535,0.280007004737854,0.2797382175922394,0.024804167449474335,0.0009799470426514745,0.0010034433798864484,-0.004594912752509117,0.01010685134679079,0.010597898624837399,-0.0076413569040596485,0.0009274730691686273,0.0008835040498524904,0.0,0.8888888955116272,0.8888888955116272
105,eval,,0.0019278867403045297,0.002249201526865363,0.0,1.0,1.0,1.0,1.0,0.9957433342933655,0.988689661026001,0.9999997615814209,,,0.2201804220676422,0.22385264933109283,-0.04826678708195686,0.1040039137005806,0.10770059376955032,-0.005035105161368847,0.06090597063302994,0.06782600283622742,0.0073924376629292965,0.280007004737854,0.2797382175922394,0.024804173037409782,0.0009799485560506582,0.0010034433798864484,-0.004594932775944471,0.010106850415468216,0.010597898624837399,-0.007641354575753212,0.0009274735930375755,0.0008835040498524904,0.0,0.8888888955116272,0.8888888955116272
106,train,0.0027066923988362155,0.002173859626054764,0.0025361692532896996,0.0,1.0,1.0,1.0,1.0,0.9952096343040466,0.987311601638794,1.0000001192092896,0.2816804342162771,0.0029476534109562635,0.22434712946414948,0.22385264933109283,0.04788566753268242,0.0991976335644722,0.10770059376955032,0.0056697349064052105,0.060413602739572525,0.06782600283622742,-0.019882773980498314,0.2726307213306427,0.2797382175922394,-0.020034974440932274,0.0009900028817355633,0.0010034433798864484,0.0140187107026577,0.01008070632815361,0.010597898624837399,0.008416487835347652,0.0014373057056218386,0.0008835040498524904,0.0,0.8888888955116272,0.8888888955116272
106,eval,,0.00217385939322412,0.002536169718950987,0.0,1.0,1.0,1.0,1.0,0.9952096343040466,0.9873115420341492,0.9999997615814209,,,0.22434712946414948,0.22385264933109283,0.04788566008210182,0.0991976335644722,0.10770059376955032,0.005669738631695509,0.06041359901428223,0.06782600283622742,-0.019882794469594955,0.2726307213306427,0.2797382175922394,-0.020034978166222572,0.0009900021832436323,0.0010034433798864484,0.014018718153238297,0.010080702602863312,0.010597898624837399,0.008416485972702503,0.0014373052399605513,0.0008835040498524904,0.0,0.8888888955116272,0.8888888955116272
107,train,0.002617773056651155,0.002292594639584422,0.002674694173038006,0.0,1.0,1.0,1.0,1.0,0.9949067831039429,0.9865402579307556,1.0000001192092896,0.16528676940680126,0.003193893004208803,0.21782775223255157,0.22385264933109283,-0.04558391869068146,0.1130046397447586,0.10770059376955032,0.00579253351315856,0.060359712690114975,0.06782600283622742,0.033239878714084625,0.26572704315185547,0.2797382175922394,0.01157702598720789,0.0009609432308934629,0.0010034433798864484,-0.014332644641399384,0.00972097646445036,0.010597898624837399,-0.000842640467453748,0.000863324326928705,0.0008835040498524904,0.0,0.8888888955116272,0.8888888955116272
107,eval,,0.002292594639584422,0.0026746937073767185,0.0,1.0,1.0,1.0,1.0,0.9949066042900085,0.9865405559539795,0.9999997615814209,,,0.21782775223255157,0.22385264933109283,-0.04558391496539116,0.1130046397447586,0.10770059376955032,0.0057925391010940075,0.060359712690114975,0.06782600283622742,0.033239882439374924,0.26572704315185547,0.2797382175922394,0.011577042751014233,0.0009609428234398365,0.0010034433798864484,-0.014332638122141361,0.009720977395772934,0.010597898624837399,-0.0008426406420767307,0.0008633244433440268,0.0008835040498524904,0.0,0.8888888955116272,0.8888888955116272
108,train,0.0026675842624778547,0.002002732129767537,0.002336521167308092,0.0,1.0,1.0,1.0,1.0,0.9956650137901306,0.9888689517974854,1.0000001192092896,0.22701235508209494,0.002833349397405982,0.22767944633960724,0.22385264933109283,0.05215385556221008,0.10218679904937744,0.10770059376955032,0.0069144852459430695,0.06276863068342209,0.06782600283622742,-0.01833716593682766,0.2894520163536072,0.2797382175922394,-0.006279369816184044,0.001036233501508832,0.0010034433798864484,0.000424523139372468,0.009902287274599075,0.010597898624837399,0.0029831959400326014,0.0008387716952711344,0.0008835040498524904,0.0,0.8888888955116272,0.8888888955116272
108,eval,,0.00200273166410625,0.00233651977032423,0.0,1.0,1.0,1.0,1.0,0.9956649541854858,0.988868772983551,0.9999997615814209,,,0.22767944633960724,0.22385264933109283,0.052153851836919785,0.10218679159879684,0.10770059376955032,0.006914475932717323,0.06276863068342209,0.06782600283622742,-0.018337180837988853,0.2894519865512848,0.2797382175922394,-0.006279369816184044,0.0010362329194322228,0.0010034433798864484,0.00042452701018191874,0.0099022900685668,0.010597898624837399,0.0029831938445568085,0.000838771287817508,0.0008835040498524904,0.0,0.8888888955116272,0.8888888955116272
109,train,0.002563037443906069,0.002019335515797138,0.002355891279876232,0.0,1.0,1.0,1.0,1.0,0.9957478046417236,0.9888216853141785,1.000000238418579,0.296486789980926,0.002714334987103939,0.22060145437717438,0.22385264933109283,-0.059546906501054764,0.10297711938619614,0.10770059376955032,-0.01893024332821369,0.06145018711686134,0.06782600283622742,-0.004703547339886427,0.28203821182250977,0.2797382175922394,0.0037301378324627876,0.0010006172815337777,0.0010034433798864484,0.009500334970653057,0.009879049845039845,0.010597898624837399,-0.005956771317869425,0.001269787666387856,0.0008835040498524904,0.0,0.8888888955116272,0.8888888955116272
109,eval,,0.002019335748627782,0.002355891978368163,0.0,1.0,1.0,1.0,1.0,0.9957478046417236,0.988821804523468,0.9999997615814209,,,0.22060145437717438,0.22385264933109283,-0.05954693257808685,0.10297711193561554,0.10770059376955032,-0.01893024891614914,0.061450183391571045,0.06782600283622742,-0.0047035436145961285,0.28203821182250977,0.2797382175922394,0.0037301210686564445,0.0010006172815337777,0.0010034433798864484,0.00950031541287899,0.009879047982394695,0.010597898624837399,-0.005956771317869425,0.001269787666387856,0.0008835040498524904,0.0,0.8888888955116272,0.8888888955116272
110,train,0.002514505060389638,0.0023057046346366405,0.0026899883523583412,0.0,1.0,1.0,1.0,1.0,0.9952309131622314,0.9875286817550659,1.0000001192092896,0.34022134084070155,0.003072474035434425,0.22357448935508728,0.22385264933109283,0.06483665108680725,0.10608167201280594,0.10770059376955032,0.0280607882887125,0.06236542388796806,0.06782600283622742,0.023218071088194847,0.2693077027797699,0.2797382175922394,-0.008518771268427372,0.0010360779706388712,0.0010034433798864484,-0.01976744644343853,0.009764093905687332,0.010597898624837399,0.003926172852516174,0.0009582578204572201,0.0008835040498524904,0.0,0.8888888955116272,0.8888888955116272
110,eval,,0.0023057041689753532,0.0026899883523583412,0.0,1.0,1.0,1.0,1.0,0.9952309131622314,0.9875287413597107,0.9999997615814209,,,0.2235744744539261,0.22385264933109283,0.06483664363622665,0.10608167201280594,0.10770059376955032,0.0280607882887125,0.06236542388796806,0.06782600283622742,0.023218082264065742,0.2693076729774475,0.2797382175922394,-0.008518757298588753,0.001036078087054193,0.0010034433798864484,-0.01976744644343853,0.009764092974364758,0.010597898624837399,0.0039261761121451855,0.0009582582279108465,0.0008835040498524904,0.0,0.8888888955116272,0.8888888955116272
111,train,0.0026014530255148807,0.001983501249924302,0.0023140846751630306,0.0,1.0,1.0,1.0,1.0,0.9956632852554321,0.9884410500526428,1.000000238418579,0.3845828642485216,0.0030081087024882436,0.2216513752937317,0.22385264933109283,-0.04923229292035103,0.10554150491952896,0.10770059376955032,-0.00984990131109953,0.05961671471595764,0.06782600283622742,-0.021812476217746735,0.27847546339035034,0.2797382175922394,-0.0013429283862933517,0.0010257698595523834,0.0010034433798864484,0.021863922476768494,0.010135202668607235,0.010597898624837399,0.012864376418292522,0.0009101791074499488,0.0008835040498524904,0.0,0.8888888955116272,0.8888888955116272
111,eval,,0.0019835017155855894,0.0023140849079936743,0.0,1.0,1.0,1.0,1.0,0.9956631660461426,0.9884410500526428,0.9999997615814209,,,0.2216513752937317,0.22385264933109283,-0.04923231527209282,0.10554148256778717,0.10770059376955032,-0.009849914349615574,0.05961671844124794,0.06782600283622742,-0.021812478080391884,0.27847546339035034,0.2797382175922394,-0.0013429397949948907,0.0010257703252136707,0.0010034433798864484,0.021863913163542747,0.010135204531252384,0.010597898624837399,0.012864376418292522,0.0009101788746193051,0.0008835040498524904,0.0,0.8888888955116272,0.8888888955116272
112,train,0.002611895091831684,0.001996357226744294,0.002329083625227213,0.0,1.0,1.0,1.0,1.0,0.9955460429191589,0.9880926012992859,1.0,0.4480809056238993,0.003182342159561813,0.2229498326778412,0.22385264933109283,0.039997462183237076,0.09974405914545059,0.10770059376955032,-0.006688068155199289,0.0610574446618557,0.06782600283622742,0.023027891293168068,0.2841565012931824,0.2797382175922394,6.907185161253437e-05,0.0009913485264405608,0.0010034433798864484,-0.0165837574750185,0.00991864874958992,0.010597898624837399,-0.023540882393717766,0.0014654132537543774,0.0008835040498524904,0.0,0.8888888955116272,0.8888888955116272
112,eval,,0.0019963576924055815,0.0023290845565497875,0.0,1.0,1.0,1.0,1.0,0.9955459237098694,0.9880926012992859,0.9999997615814209,,,0.22294984757900238,0.22385264933109283,0.039997465908527374,0.09974405914545059,0.10770059376955032,-0.006688077002763748,0.0610574446618557,0.06782600283622742,0.023027902469038963,0.2841565012931824,0.2797382175922394,6.90676606609486e-05,0.0009913486428558826,0.0010034433798864484,-0.016583772376179695,0.00991864688694477,0.010597898624837399,-0.023540889844298363,0.0014654132537543774,0.0008835040498524904,0.0,0.8888888955116272,0.8888888955116272
113,train,0.0025793065627415976,0.002265247981995344,0.0026427889242768288,0.0,1.0,1.0,1.0,1.0,0.9949301481246948,0.9864087104797363,1.0,0.3228232526633291,0.003097659908235073,0.22114595770835876,0.22385264933109283,-0.04237515851855278,0.10982547700405121,0.10770059376955032,0.02655733935534954,0.06206469237804413,0.06782600283622742,-0.017387166619300842,0.2624117136001587,0.2797382175922394,-0.008225684054195881,0.0009676396730355918,0.0010034433798864484,0.02012696862220764,0.009960386902093887,0.010597898624837399,0.028234101831912994,0.0008829360012896359,0.0008835040498524904,0.0,0.8888888955116272,0.8888888955116272
113,eval,,0.002265248214825988,0.002642789389938116,0.0,1.0,1.0,1.0,1.0,0.9949300289154053,0.9864086508750916,0.9999997615814209,,,0.22114595770835876,0.22385264933109283,-0.04237515851855278,0.10982546955347061,0.10770059376955032,0.026557335630059242,0.06206469610333443,0.06782600283622742,-0.01738717220723629,0.2624116837978363,0.2797382175922394,-0.008225688710808754,0.00096763955662027,0.0010034433798864484,0.02012697421014309,0.009960387833416462,0.010597898624837399,0.028234116733074188,0.0008829356520436704,0.0008835040498524904,0.0,0.8888888955116272,0.8888888955116272
114,train,0.0024900579980264106,0.0022588674910366535,0.0026353448629379272,0.0,1.0,1.0,1.0,1.0,0.9949750304222107,0.9865530133247375,1.0000001192092896,0.26064290869345164,0.0031818770803511143,0.2211609035730362,0.22385264933109283,0.021397335454821587,0.09977477788925171,0.10770059376955032,-0.037086404860019684,0.057731252163648605,0.06782600283622742,0.02666778303682804,0.2869197428226471,0.2797382175922394,0.017566516995429993,0.0009758530068211257,0.0010034433798864484,-0.028803424909710884,0.009742066264152527,0.010597898624837399,-0.026458142325282097,0.0009044706239365041,0.0008835040498524904,0.0,0.8888888955116272,0.8888888955116272
114,eval,,0.0022588681895285845,0.0026353460270911455,0.0,1.0,1.0,1.0,1.0,0.9949750304222107,0.9865530133247375,0.9999997615814209,,,0.2211609035730362,0.22385264933109283,0.021397357806563377,0.09977477788925171,0.10770059376955032,-0.03708639740943909,0.0577312596142292,0.06782600283622742,0.026667803525924683,0.2869197428226471,0.2797382175922394,0.017566515132784843,0.0009758537635207176,0.0010034433798864484,-0.028803402557969093,0.009742066264152527,0.010597898624837399,-0.026458142325282097,0.0009044711478054523,0.0008835040498524904,0.0,0.8888888955116272,0.8888888955116272
115,train,0.002529942197725177,0.0019610736053436995,0.0022879191674292088,0.0,1.0,1.0,1.0,1.0,0.9956948161125183,0.9885125160217285,1.0,0.3341189690702129,0.0029513222398236394,0.2220880687236786,0.22385264933109283,-0.015558094717562199,0.10646577179431915,0.10770059376955032,0.015598897822201252,0.05956759676337242,0.06782600283622742,-0.0032734032720327377,0.28040748834609985,0.2797382175922394,-0.02155267633497715,0.001001231838017702,0.0010034433798864484,0.05594411492347717,0.010578489862382412,0.010597898624837399,0.01190549973398447,0.0008238755981437862,0.0008835040498524904,0.0,0.8888888955116272,0.8888888955116272
115,eval,,0.001961073838174343,0.0022879194002598524,0.0,1.0,1.0,1.0,1.0,0.9956948161125183,0.9885124564170837,0.9999997615814209,,,0.2220880687236786,0.22385264933109283,-0.01555810496211052,0.10646578669548035,0.10770059376955032,0.015598908066749573,0.05956759676337242,0.06782600283622742,-0.0032733918633311987,0.28040745854377747,0.2797382175922394,-0.021552674472332,0.0010012323036789894,0.0010034433798864484,0.05594411492347717,0.010578492656350136,0.010597898624837399,0.011905490420758724,0.0008238762384280562,0.0008835040498524904,0.0,0.8888888955116272,0.8888888955116272
116,train,0.0023907401288549104,0.0021678812336176634,0.002529195509850979,0.0,1.0,1.0,1.0,1.0,0.9952242970466614,0.9872812628746033,1.0000001192092896,0.3031959121025756,0.0031087028328329325,0.22477543354034424,0.22385264933109283,0.003835727460682392,0.10781382024288177,0.10770059376955032,0.011079370975494385,0.05996300280094147,0.06782600283622742,-0.006934924051165581,0.27372071146965027,0.2797382175922394,0.023282276466488838,0.0009462407906539738,0.0010034433798864484,-0.06524098664522171,0.010258295573294163,0.010597898624837399,-0.0006491508684121072,0.0008134794188663363,0.0008835040498524904,0.0,0.8888888955116272,0.8888888955116272
116,eval,,0.0021678812336176634,0.0025291945785284042,0.0,1.0,1.0,1.0,1.0,0.9952242970466614,0.9872812628746033,0.9999997615814209,,,0.22477543354034424,0.22385264933109283,0.003835743060335517,0.10781382024288177,0.10770059376955032,0.011079366318881512,0.05996299907565117,0.06782600283622742,-0.0069349221885204315,0.27372071146965027,0.2797382175922394,0.02328229695558548,0.0009462404414080083,0.0010034433798864484,-0.06524097174406052,0.010258296504616737,0.010597898624837399,-0.000649136258289218,0.0008134798845276237,0.0008835040498524904,0.0,0.8888888955116272,0.8888888955116272
117,train,0.002447878553842505,0.001916845329105854,0.0022363197058439255,0.0,1.0,1.0,1.0,1.0,0.9957313537597656,0.9885932207107544,1.0,0.2907312892274535,0.003210769034922123,0.22291021049022675,0.22385264933109283,-0.011138024739921093,0.10461993515491486,0.10770059376955032,-0.0032796410378068686,0.061393655836582184,0.06782600283622742,0.011533394455909729,0.29369020462036133,0.2797382175922394,-0.021530726924538612,0.0011761320056393743,0.0010034433798864484,0.04662499949336052,0.012245004996657372,0.010597898624837399,-0.0014576109824702144,0.0007640893454663455,0.0008835040498524904,0.0,0.8888888955116272,0.8888888955116272
117,eval,,0.001916844747029245,0.002236318774521351,0.0,1.0,1.0,1.0,1.0,0.9957312345504761,0.9885931611061096,0.9999997615814209,,,0.22291021049022675,0.22385264933109283,-0.01113802194595337,0.10461993515491486,0.10770059376955032,-0.0032796384766697884,0.061393655836582184,0.06782600283622742,0.011533386074006557,0.29369017481803894,0.2797382175922394,-0.021530719473958015,0.0011761313071474433,0.0010034433798864484,0.04662499204277992,0.012245001271367073,0.010597898624837399,-0.0014576216926798224,0.0007640897529199719,0.0008835040498524904,0.0,0.8888888955116272,0.8888888955116272
118,train,0.002313660147289435,0.0016515778843313456,0.0019268406322225928,0.0,1.0,1.0,1.0,1.0,0.9964054822921753,0.9904316663742065,1.0,0.38965005681880416,0.002632358460687101,0.22209547460079193,0.22385264933109283,-0.002845155308023095,0.10241921991109848,0.10770059376955032,-0.026935791596770287,0.06118253991007805,0.06782600283622742,-0.019022049382328987,0.27062711119651794,0.2797382175922394,0.028885649517178535,0.0009973030537366867,0.0010034433798864484,-0.020694004371762276,0.010696198791265488,0.010597898624837399,-0.006447843741625547,0.0009275081101804972,0.0008835040498524904,0.0,0.8888888955116272,0.8888888955116272
118,eval,,0.001651577651500702,0.0019268406322225928,0.0,1.0,1.0,1.0,1.0,0.9964054226875305,0.990431547164917,0.9999997615814209,,,0.22209547460079193,0.22385264933109283,-0.0028451469261199236,0.10241921246051788,0.10770059376955032,-0.026935778558254242,0.061182547360658646,0.06782600283622742,-0.019022060558199883,0.27062711119651794,0.2797382175922394,0.028885649517178535,0.0009973029373213649,0.0010034433798864484,-0.020694000646471977,0.010696198791265488,0.010597898624837399,-0.006447851657867432,0.0009275077609345317,0.0008835040498524904,0.0,0.8888888955116272,0.8888888955116272
119,train,0.0022086058743298054,0.0018172686686739326,0.002120146993547678,0.0,1.0,1.0,1.0,1.0,0.9960556030273438,0.9895151257514954,1.0000001192092896,0.38042720503483857,0.002652741619385779,0.22264514863491058,0.22385264933109283,0.009692233987152576,0.1055578663945198,0.10770059376955032,0.036690812557935715,0.06521274894475937,0.06782600283622742,0.018350480124354362,0.27371737360954285,0.2797382175922394,-0.03400600329041481,0.001170643139630556,0.0010034433798864484,0.006083965767174959,0.01093730516731739,0.010597898624837399,0.014900478534400463,0.0007420434849336743,0.0008835040498524904,0.0,0.8888888955116272,0.8888888955116272
119,eval,,0.0018172686686739326,0.002120146993547678,0.0,1.0,1.0,1.0,1.0,0.9960556626319885,0.989514946937561,0.9999997615814209,,,0.22264514863491058,0.22385264933109283,0.009692228399217129,0.1055578663945198,0.10770059376955032,0.03669081628322601,0.06521274149417877,0.06782600283622742,0.018350468948483467,0.27371737360954285,0.2797382175922394,-0.03400601074099541,0.0011706433724611998,0.0010034433798864484,0.006083965301513672,0.010937304235994816,0.010597898624837399,0.014900486916303635,0.0007420438341796398,0.0008835040498524904,0.0,0.8888888955116272,0.8888888955116272
120,train,0.0021333829887832203,0.0017769173718988895,0.002073070500046015,0.0,1.0,1.0,1.0,1.0,0.9960691928863525,0.9895038604736328,1.0000001192092896,0.2506017221465073,0.0028941265773028135,0.22166645526885986,0.22385264933109283,-0.011131678707897663,0.10306771099567413,0.10770059376955032,-0.033957526087760925,0.06122557818889618,0.06782600283622742,0.003703806549310684,0.2843240797519684,0.2797382175922394,0.03354069963097572,0.001195299904793501,0.0010034433798864484,-0.006076607387512922,0.010738341137766838,0.010597898624837399,-0.01766635850071907,0.000921151484362781,0.0008835040498524904,0.0,0.8888888955116272,0.8888888955116272
120,eval,,0.0017769174883142114,0.0020730707328766584,0.0,1.0,1.0,1.0,1.0,0.9960691332817078,0.9895040988922119,0.9999997615814209,,,0.22166645526885986,0.22385264933109283,-0.01113168615847826,0.10306771099567413,0.10770059376955032,-0.03395754471421242,0.06122557073831558,0.06782600283622742,0.0037037923466414213,0.284324049949646,0.2797382175922394,0.03354069963097572,0.001195299788378179,0.0010034433798864484,-0.006076595280319452,0.010738343931734562,0.010597898624837399,-0.017666369676589966,0.0009211509604938328,0.0008835040498524904,0.0,0.8888888955116272,0.8888888955116272
121,train,0.0022112991816053786,0.0017517255619168282,0.002043679589405656,0.0,1.0,1.0,1.0,1.0,0.9962078332901001,0.9900698065757751,1.0000001192092896,0.49454211471945436,0.003042016294784844,0.22525587677955627,0.22385264933109283,0.03523717820644379,0.1032959595322609,0.10770059376955032,0.028137484565377235,0.0640910342335701,0.06782600283622742,-0.004991189111024141,0.27674880623817444,0.2797382175922394,-0.025488661602139473,0.0013226988958194852,0.0010034433798864484,0.015233072452247143,0.010762803256511688,0.010597898624837399,-0.0003873407549690455,0.0009313502814620733,0.0008835040498524904,0.0,0.8888888955116272,0.8888888955116272
121,eval,,0.0017517255619168282,0.0020436798222362995,0.0,1.0,1.0,1.0,1.0,0.9962078332901001,0.9900698065757751,0.9999997615814209,,,0.22525587677955627,0.22385264933109283,0.03523717820644379,0.1032959595322609,0.10770059376955032,0.028137488290667534,0.0640910342335701,0.06782600283622742,-0.004991188645362854,0.2767488360404968,0.2797382175922394,-0.02548867277801037,0.0013226994778960943,0.0010034433798864484,0.015233077108860016,0.010762802325189114,0.010597898624837399,-0.0003873344976454973,0.0009313501650467515,0.0008835040498524904,0.0,0.8888888955116272,0.8888888955116272
122,train,0.002278570939476291,0.0017006145790219307,0.0019840500317513943,0.0,1.0,1.0,1.0,1.0,0.9962344765663147,0.990047037601471,1.0000001192092896,0.5068576205529084,0.0030017896788194776,0.21942941844463348,0.22385264933109283,-0.03359079733490944,0.1103176400065422,0.10770059376955032,-0.012270377017557621,0.06158338114619255,0.06782600283622742,0.011642120778560638,0.2693101465702057,0.2797382175922394,0.022123729810118675,0.0009208339033648372,0.0010034433798864484,-0.02313770167529583,0.009902553632855415,0.010597898624837399,0.013719218783080578,0.0007391446270048618,0.0008835040498524904,0.0,0.8888888955116272,0.8888888955116272
122,eval,,0.0017006146954372525,0.0019840504974126816,0.0,1.0,1.0,1.0,1.0,0.9962343573570251,0.9900472164154053,0.9999997615814209,,,0.21942941844463348,0.22385264933109283,-0.03359078988432884,0.1103176400065422,0.10770059376955032,-0.012270398437976837,0.061583369970321655,0.06782600283622742,0.011642113327980042,0.2693101465702057,0.2797382175922394,0.022123729810118675,0.0009208339615724981,0.0010034433798864484,-0.02313770353794098,0.009902553632855415,0.010597898624837399,0.013719222508370876,0.0007391447434201837,0.0008835040498524904,0.0,0.8888888955116272,0.8888888955116272
123,train,0.00218584838633736,0.001911407569423318,0.002229975536465645,0.0,1.0,1.0,1.0,1.0,0.9957960844039917,0.988987922668457,1.0000001192092896,0.5329755222774376,0.003365153563208878,0.22610056400299072,0.22385264933109283,0.04633806273341179,0.10457602888345718,0.10770059376955032,-0.002892634831368923,0.06177135929465294,0.06782600283622742,0.0018660166533663869,0.28977543115615845,0.2797382175922394,-0.023678628727793694,0.0009254607139155269,0.0010034433798864484,0.02853153459727764,0.01020983885973692,0.010597898624837399,-0.02378772385418415,0.0009749004384502769,0.0008835040498524904,0.0,0.8888888955116272,0.8888888955116272
123,eval,,0.001911408151499927,0.002229976002126932,0.0,1.0,1.0,1.0,1.0,0.9957957863807678,0.9889880418777466,0.9999997615814209,,,0.22610056400299072,0.22385264933109283,0.04633806645870209,0.10457602888345718,0.10770059376955032,-0.0028926339000463486,0.061771366745233536,0.06782600283622742,0.001866013160906732,0.28977546095848083,0.2797382175922394,-0.0236786138266325,0.0009254614124074578,0.0010034433798864484,0.02853153645992279,0.010209837928414345,0.010597898624837399,-0.023787731304764748,0.0009749013115651906,0.0008835040498524904,0.0,0.8888888955116272,0.8888888955116272
124,train,0.002159291955952843,0.0014407323906198144,0.001680854707956314,0.0,1.0,1.0,1.0,1.0,0.9967791438102722,0.9913886785507202,1.0000001192092896,0.37795693271406655,0.002910417038947344,0.22148916125297546,0.22385264933109283,-0.02114257775247097,0.10462421923875809,0.10770059376955032,0.008992423303425312,0.06188325583934784,0.06782600283622742,-0.009736631996929646,0.2710658311843872,0.2797382175922394,0.018760381266474724,0.0008779902709648013,0.0010034433798864484,-0.017430296167731285,0.0097903897985816,0.010597898624837399,0.018569525331258774,0.0008098547696135938,0.0008835040498524904,0.0,0.8888888955116272,0.8888888955116272
124,eval,,0.0014407327398657799,0.0016808545915409923,0.0,1.0,1.0,1.0,1.0,0.9967790246009827,0.991388738155365,0.9999997615814209,,,0.22148916125297546,0.22385264933109283,-0.02114255167543888,0.10462421923875809,0.10770059376955032,0.00899242889136076,0.061883267015218735,0.06782600283622742,-0.009736605919897556,0.2710658311843872,0.2797382175922394,0.018760377541184425,0.0008779899799264967,0.0010034433798864484,-0.017430292442440987,0.009790390729904175,0.010597898624837399,0.018569521605968475,0.000809855293482542,0.0008835040498524904,0.0,0.8888888955116272,0.8888888955116272
125,train,0.001904314539084832,0.001384442439302802,0.001615182962268591,0.0,1.0,1.0,1.0,1.0,0.9969128370285034,0.9917840957641602,1.0000001192092896,0.35166481481830336,0.0023918828810565174,0.22048595547676086,0.22385264933109283,0.010802090167999268,0.10858414322137833,0.10770059376955032,-0.011069010011851788,0.0612090639770031,0.06782600283622742,0.012328165583312511,0.26768580079078674,0.2797382175922394,-0.003725638845935464,0.0008815267938189209,0.0010034433798864484,-0.002730747452005744,0.009764213114976883,0.010597898624837399,-0.00625541852787137,0.000894850236363709,0.0008835040498524904,0.0,0.8888888955116272,0.8888888955116272
125,eval,,0.001384442439302802,0.001615182962268591,0.0,1.0,1.0,1.0,1.0,0.9969127178192139,0.9917841553688049,0.9999997615814209,,,0.22048595547676086,0.22385264933109283,0.010802092961966991,0.10858414322137833,0.10770059376955032,-0.011068993248045444,0.061209071427583694,0.06782600283622742,0.012328158132731915,0.26768583059310913,0.2797382175922394,-0.003725634189322591,0.0008815265609882772,0.0010034433798864484,-0.0027307376731187105,0.009764213114976883,0.010597898624837399,-0.0062554217875003815,0.0008948498871177435,0.0008835040498524904,0.0,0.8888888955116272,0.8888888955116272
126,train,0.002058134414255619,0.0014173837844282389,0.0016536143375560641,0.0,1.0,1.0,1.0,1.0,0.9968318939208984,0.9915253520011902,1.0,0.38228296148103413,0.0026421777438372374,0.2232288271188736,0.22385264933109283,-0.004197116009891033,0.10478995740413666,0.10770059376955032,-0.012848437763750553,0.06155786290764809,0.06782600283622742,0.0001609080209163949,0.2903440296649933,0.2797382175922394,-0.0009263409883715212,0.000921701779589057,0.0010034433798864484,0.02210361510515213,0.010112432762980461,0.010597898624837399,-0.009538582526147366,0.0007171464385464787,0.0008835040498524904,0.0,0.8888888955116272,0.8888888955116272
126,eval,,0.0014173835515975952,0.0016536139883100986,0.0,1.0,1.0,1.0,1.0,0.9968317151069641,0.9915252327919006,0.9999997615814209,,,0.2232288271188736,0.22385264933109283,-0.004197148140519857,0.10478996485471725,0.10770059376955032,-0.01284844521433115,0.06155785545706749,0.06782600283622742,0.00016089559358078986,0.2903440296649933,0.2797382175922394,-0.0009263350511901081,0.0009217010228894651,0.0010034433798864484,0.022103602066636086,0.010112432762980461,0.010597898624837399,-0.009538580663502216,0.0007171476609073579,0.0008835040498524904,0.0,0.8888888955116272,0.8888888955116272
127,train,0.0019542249695708356,0.0013309380738064647,0.0015527610667049885,0.0,1.0,1.0,1.0,1.0,0.9970348477363586,0.9920796155929565,1.0000001192092896,0.25506787224452016,0.0023818694753572345,0.2218838632106781,0.22385264933109283,-0.019057145342230797,0.10559060424566269,0.10770059376955032,0.004083031788468361,0.0628456100821495,0.06782600283622742,0.007451978046447039,0.2793741226196289,0.2797382175922394,0.0038807708770036697,0.0009857488330453634,0.0010034433798864484,-0.024867499247193336,0.009935029782354832,0.010597898624837399,0.012952815741300583,0.0008005885756574571,0.0008835040498524904,0.0,0.8888888955116272,0.8888888955116272
127,eval,,0.001330938539467752,0.0015527615323662758,0.0,1.0,1.0,1.0,1.0,0.9970347881317139,0.9920797944068909,0.9999997615814209,,,0.2218838632106781,0.22385264933109283,-0.01905716396868229,0.10559060424566269,0.10770059376955032,0.004083024337887764,0.0628456100821495,0.06782600283622742,0.007451997604221106,0.2793741226196289,0.2797382175922394,0.003880765289068222,0.0009857488330453634,0.0010034433798864484,-0.02486748993396759,0.009935029782354832,0.010597898624837399,0.012952824123203754,0.0008005890995264053,0.0008835040498524904,0.0,0.8888888955116272,0.8888888955116272
128,train,0.0018222726260622342,0.0015250653959810734,0.0017792433500289917,0.0,1.0,1.0,1.0,1.0,0.9966768026351929,0.9911842346191406,1.0000001192092896,0.18274948967695628,0.0019730240455828607,0.22349868714809418,0.22385264933109283,0.019245171919465065,0.11083467304706573,0.10770059376955032,0.01867692358791828,0.0644223615527153,0.06782600283622742,-0.0009288818691857159,0.26917916536331177,0.2797382175922394,-0.011312405578792095,0.0010280738351866603,0.0010034433798864484,0.02096899412572384,0.01024449709802866,0.010597898624837399,-0.0033450834453105927,0.0009567455272190273,0.0008835040498524904,0.0,0.8888888955116272,0.8888888955116272
128,eval,,0.001525065046735108,0.0017792428843677044,0.0,1.0,1.0,1.0,1.0,0.9966765642166138,0.9911843538284302,0.9999997615814209,,,0.22349868714809418,0.22385264933109283,0.019245168194174767,0.11083466559648514,0.10770059376955032,0.01867692358791828,0.0644223541021347,0.06782600283622742,-0.0009288694709539413,0.26917916536331177,0.2797382175922394,-0.01131240651011467,0.0010280734859406948,0.0010034433798864484,0.020968973636627197,0.01024449523538351,0.010597898624837399,-0.00334508647210896,0.0009567455854266882,0.0008835040498524904,0.0,0.8888888955116272,0.8888888955116272
129,train,0.0018472523661330342,0.0013765350449830294,0.0016059573972597718,0.0,1.0,1.0,1.0,1.0,0.997001051902771,0.9920050501823425,1.0,0.2679044458714022,0.0024254537420347333,0.22349776327610016,0.22385264933109283,-0.014958113431930542,0.10418271273374557,0.10770059376955032,-0.012701448984444141,0.06337323039770126,0.06782600283622742,0.0011674663983285427,0.2895972728729248,0.2797382175922394,0.00926923006772995,0.0009910608641803265,0.0010034433798864484,-0.01792689971625805,0.009958767332136631,0.010597898624837399,-0.006152892950922251,0.0006946155917830765,0.0008835040498524904,0.0,0.8888888955116272,0.8888888955116272
129,eval,,0.0013765353942289948,0.0016059583285823464,0.0,1.0,1.0,1.0,1.0,0.9970009326934814,0.9920051097869873,0.9999997615814209,,,0.22349776327610016,0.22385264933109283,-0.014958118088543415,0.10418269783258438,0.10770059376955032,-0.012701454572379589,0.06337322294712067,0.06782600283622742,0.0011674814159050584,0.2895972430706024,0.2797382175922394,0.009269241243600845,0.0009910608641803265,0.0010034433798864484,-0.017926905304193497,0.009958766400814056,0.010597898624837399,-0.006152889225631952,0.0006946161156520247,0.0008835040498524904,0.0,0.8888888955116272,0.8888888955116272
130,train,0.0017929084909458954,0.0012456056429073215,0.0014532069908455014,0.0,1.0,1.0,1.0,1.0,0.9972904920578003,0.992782711982727,1.0000001192092896,0.24773641888539294,0.0017760417540557683,0.2213217169046402,0.22385264933109283,-0.0038823578506708145,0.10507726669311523,0.10770059376955032,0.011088673956692219,0.06425376981496811,0.06782600283622742,0.0139826824888587,0.278651624917984,0.2797382175922394,-0.0037653620820492506,0.0009742190595716238,0.0010034433798864484,0.01855148747563362,0.010035262443125248,0.010597898624837399,0.003818951779976487,0.0007740972796455026,0.0008835040498524904,0.0,0.8888888955116272,0.8888888955116272
130,eval,,0.0012456054100766778,0.0014532060595229268,0.0,1.0,1.0,1.0,1.0,0.9972906112670898,0.992782711982727,0.9999997615814209,,,0.2213217169046402,0.22385264933109283,-0.003882371122017503,0.10507726669311523,0.10770059376955032,0.011088681407272816,0.06425376981496811,0.06782600283622742,0.01398266851902008,0.278651624917984,0.2797382175922394,-0.003765355795621872,0.0009742188267409801,0.0010034433798864484,0.018551481887698174,0.010035261511802673,0.010597898624837399,0.003818949917331338,0.0007740975124761462,0.0008835040498524904,0.0,0.8888888955116272,0.8888888955116272
131,train,0.0017237342738856871,0.001455696881748736,0.0016983128152787685,0.0,1.0,1.0,1.0,1.0,0.9968345165252686,0.9916214942932129,1.0,0.23102733149084412,0.0018586711375974119,0.22112368047237396,0.22385264933109283,0.0037848788779228926,0.10685255378484726,0.10770059376955032,-0.020471135154366493,0.060450781136751175,0.06782600283622742,-0.014712289907038212,0.2607112526893616,0.2797382175922394,0.012511207722127438,0.0010460054036229849,0.0010034433798864484,-0.015489909797906876,0.009572962298989296,0.010597898624837399,-0.00923048797994852,0.0010009203106164932,0.0008835040498524904,0.0,0.8888888955116272,0.8888888955116272
131,eval,,0.0014556965325027704,0.0016983123496174812,0.0,1.0,1.0,1.0,1.0,0.9968344569206238,0.9916214346885681,0.9999997615814209,,,0.22112368047237396,0.22385264933109283,0.0037848588544875383,0.10685255378484726,0.10770059376955032,-0.020471131429076195,0.06045076996088028,0.06782600283622742,-0.014712310396134853,0.2607112526893616,0.2797382175922394,0.012511209584772587,0.0010460057528689504,0.0010034433798864484,-0.015489916317164898,0.00957296323031187,0.010597898624837399,-0.009230494499206543,0.001000920427031815,0.0008835040498524904,0.0,0.8888888955116272,0.8888888955116272
132,train,0.0018288806701699893,0.0015415257075801492,0.0017984467558562756,0.0,1.0,1.0,1.0,1.0,0.9965523481369019,0.9907732009887695,1.0000001192092896,0.2765602576410906,0.002499620779417455,0.22167517244815826,0.22385264933109283,-0.025007272139191628,0.10358411818742752,0.10770059376955032,0.016032839193940163,0.06206004321575165,0.06782600283622742,0.015746919438242912,0.285744845867157,0.2797382175922394,-0.02077339217066765,0.0010088080307468772,0.0010034433798864484,0.009205148555338383,0.010629398748278618,0.010597898624837399,0.008232888765633106,0.0007566299173049629,0.0008835040498524904,0.0,0.8888888955116272,0.8888888955116272
132,eval,,0.001541525823995471,0.00179844640661031,0.0,1.0,1.0,1.0,1.0,0.9965522289276123,0.9907731413841248,0.9999997615814209,,,0.22167517244815826,0.22385264933109283,-0.025007277727127075,0.10358412563800812,0.10770059376955032,0.016032837331295013,0.06206003949046135,0.06782600283622742,0.015746919438242912,0.285744845867157,0.2797382175922394,-0.0207733903080225,0.0010088086128234863,0.0010034433798864484,0.009205128066241741,0.010629396885633469,0.010597898624837399,0.008232885040342808,0.0007566296844743192,0.0008835040498524904,0.0,0.8888888955116272,0.8888888955116272
133,train,0.0017854426987469196,0.0012811787892132998,0.0014947083545848727,0.0,1.0,1.0,1.0,1.0,0.9971407055854797,0.9923531413078308,1.0000001192092896,0.20460269287832447,0.002257726271636784,0.2223869264125824,0.22385264933109283,0.012462370097637177,0.10354247689247131,0.10770059376955032,-0.014500412158668041,0.06242303177714348,0.06782600283622742,-0.009943714365363121,0.2716367542743683,0.2797382175922394,0.018466534093022346,0.0008297066087834537,0.0010034433798864484,-0.014459758996963501,0.009714998304843903,0.010597898624837399,-0.003943014889955521,0.0012184371007606387,0.0008835040498524904,0.0,0.8888888955116272,0.8888888955116272
133,eval,,0.0012811789056286216,0.001494708238169551,0.0,1.0,1.0,1.0,1.0,0.9971408247947693,0.9923533201217651,0.9999997615814209,,,0.2223869264125824,0.22385264933109283,0.0124623728916049,0.10354246944189072,0.10770059376955032,-0.01450041402131319,0.06242303177714348,0.06782600283622742,-0.009943721815943718,0.2716367244720459,0.2797382175922394,0.01846652291715145,0.0008297065505757928,0.0010034433798864484,-0.014459746889770031,0.009715002030134201,0.010597898624837399,-0.00394300976768136,0.0012184381484985352,0.0008835040498524904,0.0,0.8888888955116272,0.8888888955116272
134,train,0.0016588177143906553,0.001290255575440824,0.0015052981907501817,0.0,1.0,1.0,1.0,1.0,0.9971253871917725,0.9923332333564758,1.0,0.23936211673450677,0.0019852628465741873,0.22092024981975555,0.22385264933109283,-0.008341006003320217,0.11031994223594666,0.10770059376955032,0.0015879669226706028,0.06318198889493942,0.06782600283622742,0.00922399666160345,0.2706661820411682,0.2797382175922394,-0.011478827334940434,0.0007879187469370663,0.0010034433798864484,0.021066168323159218,0.010027087293565273,0.010597898624837399,-0.0019096728647127748,0.000748198654036969,0.0008835040498524904,0.0,0.8888888955116272,0.8888888955116272
134,eval,,0.001290255575440824,0.0015052985399961472,0.0,1.0,1.0,1.0,1.0,0.9971253275871277,0.992333173751831,0.9999997615814209,,,0.22092024981975555,0.22385264933109283,-0.008340999484062195,0.11031994968652725,0.10770059376955032,0.0015879719285294414,0.06318198889493942,0.06782600283622742,0.009223994798958302,0.2706661522388458,0.2797382175922394,-0.011478838510811329,0.0007879186887294054,0.0010034433798864484,0.021066157147288322,0.010027090087532997,0.010597898624837399,-0.0019096718169748783,0.0007481980137526989,0.0008835040498524904,0.0,0.8888888955116272,0.8888888955116272
135,train,0.001575478003360331,0.0014482558472082019,0.0016896318411454558,0.0,1.0,1.0,1.0,1.0,0.9968026876449585,0.9916318655014038,1.0000001192092896,0.24480504240376733,0.002195559674873948,0.22653204202651978,0.22385264933109283,0.017909133806824684,0.10223972797393799,0.10770059376955032,0.011264972388744354,0.06272009015083313,0.06782600283622742,-0.012004748918116093,0.29158514738082886,0.2797382175922394,0.012554104439914227,0.000758887326810509,0.0010034433798864484,-0.019255081191658974,0.010365625843405724,0.010597898624837399,-0.006513529922813177,0.0006745577557012439,0.0008835040498524904,0.0,0.8888888955116272,0.8888888955116272
135,eval,,0.0014482556143775582,0.0016896319575607777,0.0,1.0,1.0,1.0,1.0,0.996802568435669,0.991631805896759,0.9999997615814209,,,0.22653204202651978,0.22385264933109283,0.017909133806824684,0.10223972797393799,0.10770059376955032,0.011264949105679989,0.06272009015083313,0.06782600283622742,-0.012004752643406391,0.29158514738082886,0.2797382175922394,0.012554106302559376,0.0007588875014334917,0.0010034433798864484,-0.019255084916949272,0.010365624912083149,0.010597898624837399,-0.006513534113764763,0.000674557639285922,0.0008835040498524904,0.0,0.8888888955116272,0.8888888955116272
136,train,0.0016939043998718262,0.001256797811947763,0.0014662641333416104,0.0,1.0,1.0,1.0,1.0,0.9971958994865417,0.9925315976142883,1.0000001192092896,0.25180916835409245,0.001987903960980475,0.22092686593532562,0.22385264933109283,-0.016988156363368034,0.10638567805290222,0.10770059376955032,-0.011760488152503967,0.06309426575899124,0.06782600283622742,0.008060495369136333,0.27924448251724243,0.2797382175922394,-0.011350654996931553,0.000905573193449527,0.0010034433798864484,0.015032957307994366,0.010799326933920383,0.010597898624837399,0.014718550257384777,0.0010650006588548422,0.0008835040498524904,0.0,0.8888888955116272,0.8888888955116272
136,eval,,0.0012567979283630848,0.001466264366172254,0.0,1.0,1.0,1.0,1.0,0.9971960783004761,0.9925316572189331,0.9999997615814209,,,0.22092686593532562,0.22385264933109283,-0.01698816753923893,0.10638567805290222,0.10770059376955032,-0.01176050677895546,0.06309425085783005,0.06782600283622742,0.008060474880039692,0.2792445123195648,0.2797382175922394,-0.011350661516189575,0.0009055730188265443,0.0010034433798864484,0.015032964758574963,0.010799323208630085,0.010597898624837399,0.014718547463417053,0.0010650004260241985,0.0008835040498524904,0.0,0.8888888955116272,0.8888888955116272
137,train,0.0016148217643300693,0.0012271868763491511,0.0014317181194201112,0.0,1.0,1.0,1.0,1.0,0.9972555637359619,0.9926567077636719,1.0000001192092896,0.24534143681088863,0.00201315589947626,0.22289234399795532,0.22385264933109283,0.015495737083256245,0.10692756623029709,0.10770059376955032,-0.01523928064852953,0.06408849358558655,0.06782600283622742,0.005642658565193415,0.2774532735347748,0.2797382175922394,0.012231145985424519,0.0010628467425704002,0.0010034433798864484,-0.010656449012458324,0.01062068808823824,0.010597898624837399,-0.009028170257806778,0.0008525738958269358,0.0008835040498524904,0.0,0.8888888955116272,0.8888888955116272
137,eval,,0.0012271861778572202,0.0014317170716822147,0.0,1.0,1.0,1.0,1.0,0.9972553849220276,0.9926564693450928,0.9999997615814209,,,0.22289234399795532,0.22385264933109283,0.015495735220611095,0.10692758113145828,0.10770059376955032,-0.01523926854133606,0.06408850103616714,0.06782600283622742,0.0056426567025482655,0.2774532735347748,0.2797382175922394,0.012231151573359966,0.0010628465097397566,0.0010034433798864484,-0.01065645832568407,0.01062068808823824,0.010597898624837399,-0.009028173051774502,0.0008525745361112058,0.0008835040498524904,0.0,0.8888888955116272,0.8888888955116272
138,train,0.0015376863690714042,0.00129800196737051,0.0015143357450142503,0.0,1.0,1.0,1.0,1.0,0.9971446394920349,0.9925731420516968,1.0000001192092896,0.2040910584221813,0.0019585886620916426,0.22689330577850342,0.22385264933109283,0.004881898872554302,0.10443784296512604,0.10770059376955032,0.016259923577308655,0.06534099578857422,0.06782600283622742,-0.0064626126550138,0.2968524694442749,0.2797382175922394,-0.014072000980377197,0.000998112722299993,0.0010034433798864484,0.007929000072181225,0.011051763780415058,0.010597898624837399,-0.0021954358089715242,0.000748639227822423,0.0008835040498524904,0.0,0.8888888955116272,0.8888888955116272
138,eval,,0.0012980017345398664,0.0015143353957682848,0.0,1.0,1.0,1.0,1.0,0.9971445798873901,0.992573082447052,0.9999997615814209,,,0.2268933206796646,0.22385264933109283,0.0048818993382155895,0.10443784296512604,0.10770059376955032,0.0162599328905344,0.06534100323915482,0.06782600283622742,-0.006462638732045889,0.2968524694442749,0.2797382175922394,-0.014071997255086899,0.0009981123730540276,0.0010034433798864484,0.007928997278213501,0.011051760986447334,0.010597898624837399,-0.002195446752011776,0.0007486380054615438,0.0008835040498524904,0.0,0.8888888955116272,0.8888888955116272
139,train,0.0015554176643490791,0.0011639900039881468,0.001357988570816815,0.0,1.0,1.0,1.0,1.0,0.997413694858551,0.9931364059448242,1.0,0.16319438677492115,0.001809218607377261,0.22087383270263672,0.22385264933109283,-0.010689985938370228,0.1062103658914566,0.10770059376955032,-0.014125007204711437,0.06402673572301865,0.06782600283622742,0.004569794982671738,0.2720777094364166,0.2797382175922394,0.011102513410151005,0.0010623643174767494,0.0010034433798864484,-0.005641713738441467,0.010603228583931923,0.010597898624837399,0.001002372009679675,0.0011952092172577977,0.0008835040498524904,0.0,0.8888888955116272,0.8888888955116272
139,eval,,0.0011639902368187904,0.001357988570816815,0.0,1.0,1.0,1.0,1.0,0.9974138140678406,0.9931367039680481,0.9999997615814209,,,0.22087383270263672,0.22385264933109283,-0.01068998035043478,0.10621035844087601,0.10770059376955032,-0.014125007204711437,0.06402673572301865,0.06782600283622742,0.004569796845316887,0.2720777094364166,0.2797382175922394,0.011102513410151005,0.001062363968230784,0.0010034433798864484,-0.005641719326376915,0.010603227652609348,0.010597898624837399,0.0010023746872320771,0.001195208984427154,0.0008835040498524904,0.0,0.8888888955116272,0.8888888955116272
140,train,0.0014881580136716366,0.0012198714539408684,0.001423183362931013,0.0,1.0,1.0,1.0,1.0,0.9973877668380737,0.9931284189224243,1.0000001192092896,0.22802242424247465,0.001749008020851761,0.22422660887241364,0.22385264933109283,0.03172126039862633,0.10465922951698303,0.10770059376955032,0.016885457560420036,0.06496453285217285,0.06782600283622742,0.002412821166217327,0.2772967517375946,0.2797382175922394,-0.0069946423172950745,0.0010930687421932817,0.0010034433798864484,0.005171311087906361,0.010526097379624844,0.010597898624837399,-7.435888983309269e-05,0.0009349363390356302,0.0008835040498524904,0.0,0.8888888955116272,0.8888888955116272
140,eval,,0.001219871104694903,0.0014231830136850476,0.0,1.0,1.0,1.0,1.0,0.997387707233429,0.9931285381317139,0.9999997615814209,,,0.22422660887241364,0.22385264933109283,0.031721241772174835,0.10465922951698303,0.10770059376955032,0.016885465011000633,0.06496453285217285,0.06782600283622742,0.0024128120858222246,0.2772967219352722,0.2797382175922394,-0.006994630675762892,0.001093069207854569,0.0010034433798864484,0.0051713138818740845,0.01052609272301197,0.010597898624837399,-7.436719170073047e-05,0.0009349366882815957,0.0008835040498524904,0.0,0.8888888955116272,0.8888888955116272
141,train,0.0015066913329064846,0.0010822245385497808,0.0012625954113900661,0.0,1.0,1.0,1.0,1.0,0.9976135492324829,0.9936308264732361,1.0,0.1830938653208464,0.0016506280517205596,0.22311562299728394,0.22385264933109283,-0.01172770094126463,0.10534127801656723,0.10770059376955032,-0.0022128962446004152,0.06288985162973404,0.06782600283622742,-0.009352765046060085,0.2786124646663666,0.2797382175922394,0.007411679718643427,0.0010771600063890219,0.0010034433798864484,-0.010764759965240955,0.010227921418845654,0.010597898624837399,-0.0004810751706827432,0.0008055641665123403,0.0008835040498524904,0.0,0.8888888955116272,0.8888888955116272
141,eval,,0.0010822241893038154,0.0012625947128981352,0.0,1.0,1.0,1.0,1.0,0.9976134300231934,0.9936308264732361,0.9999997615814209,,,0.22311562299728394,0.22385264933109283,-0.011727721430361271,0.10534127056598663,0.10770059376955032,-0.0022128804121166468,0.06288985162973404,0.06782600283622742,-0.009352789260447025,0.2786124646663666,0.2797382175922394,0.0074116941541433334,0.0010771594243124127,0.0010034433798864484,-0.010764743201434612,0.010227920487523079,0.010597898624837399,-0.00048107057227753103,0.0008055636426433921,0.0008835040498524904,0.0,0.8888888955116272,0.8888888955116272
142,train,0.0014089935769637425,0.0013444123324006796,0.001568481558933854,0.0,1.0,1.0,1.0,1.0,0.9970604181289673,0.992171049118042,1.0000001192092896,0.2558098397175952,0.0018599227187223732,0.2227138876914978,0.22385264933109283,0.023481741547584534,0.10586488246917725,0.10770059376955032,0.01990439184010029,0.06441276520490646,0.06782600283622742,-0.007819541729986668,0.26175668835639954,0.2797382175922394,-0.00454425485804677,0.0012044899631291628,0.0010034433798864484,0.01133110374212265,0.010244853794574738,0.010597898624837399,-0.0038471324369311333,0.0013320089783519506,0.0008835040498524904,0.0,0.8888888955116272,0.8888888955116272
142,eval,,0.0013444125652313232,0.0015684812096878886,0.0,1.0,1.0,1.0,1.0,0.9970602989196777,0.9921712279319763,0.9999997615814209,,,0.222713902592659,0.22385264933109283,0.023481741547584534,0.10586488246917725,0.10770059376955032,0.019904393702745438,0.06441277265548706,0.06782600283622742,-0.007819564081728458,0.26175668835639954,0.2797382175922394,-0.0045442539267241955,0.0012044899631291628,0.0010034433798864484,0.011331108398735523,0.010244854725897312,0.010597898624837399,-0.0038471363950520754,0.0013320082798600197,0.0008835040498524904,0.0,0.8888888955116272,0.8888888955116272
143,train,0.0015054642378042142,0.0013114312896504998,0.0015300031518563628,0.0,1.0,1.0,1.0,1.0,0.9971413016319275,0.9924870133399963,1.0000001192092896,0.1866269495179636,0.002073579700663686,0.22028779983520508,0.22385264933109283,-0.03294092044234276,0.10332317650318146,0.10770059376955032,-0.018223533406853676,0.06324959546327591,0.06782600283622742,0.005454434081912041,0.2786802649497986,0.2797382175922394,0.01153935119509697,0.001020158058963716,0.0010034433798864484,-0.012909811921417713,0.01012395415455103,0.010597898624837399,0.010380572639405727,0.0007786095957271755,0.0008835040498524904,0.0,0.8888888955116272,0.8888888955116272
143,eval,,0.0013114312896504998,0.0015300028026103973,0.0,1.0,1.0,1.0,1.0,0.9971411228179932,0.9924869537353516,0.9999997615814209,,,0.22028779983520508,0.22385264933109283,-0.032940950244665146,0.10332317650318146,0.10770059376955032,-0.01822352223098278,0.0632496029138565,0.06782600283622742,0.0054544247686862946,0.2786802649497986,0.2797382175922394,0.011539340950548649,0.0010201579425483942,0.0010034433798864484,-0.012909810990095139,0.01012395415455103,0.010597898624837399,0.010380560532212257,0.0007786096539348364,0.0008835040498524904,0.0,0.8888888955116272,0.8888888955116272
144,train,0.0016079201207806666,0.0020522859413176775,0.002394333714619279,0.0,1.0,1.0,1.0,1.0,0.995539128780365,0.9885387420654297,1.0,0.3731348952704682,0.005556870601139963,0.22895869612693787,0.22385264933109283,0.04355672001838684,0.10706515610218048,0.10770059376955032,-0.03545139729976654,0.06451675295829773,0.06782600283622742,-0.057411808520555496,0.27911093831062317,0.2797382175922394,0.024630002677440643,0.000980270211584866,0.0010034433798864484,0.01641014777123928,0.01023098360747099,0.010597898624837399,-0.005332559812813997,0.0008637994760647416,0.0008835040498524904,0.0,0.8888888955116272,0.8888888955116272
144,eval,,0.002052286406978965,0.0023943339474499226,0.0,1.0,1.0,1.0,1.0,0.995539128780365,0.9885388612747192,0.9999997615814209,,,0.22895868122577667,0.22385264933109283,0.04355672001838684,0.10706514865159988,0.10770059376955032,-0.035451408475637436,0.06451674550771713,0.06782600283622742,-0.0574118010699749,0.2791109085083008,0.2797382175922394,0.024629993364214897,0.000980270910076797,0.0010034433798864484,0.016410164535045624,0.01023098174482584,0.010597898624837399,-0.005332557018846273,0.0008637988939881325,0.0008835040498524904,0.0,0.8888888955116272,0.8888888955116272
145,train,0.0018045696391103168,0.0014048176817595959,0.001638953690417111,0.0,1.0,1.0,1.0,1.0,0.9968647956848145,0.9916351437568665,1.0000001192092896,0.2514629557329766,0.007716720458120108,0.22084005177021027,0.22385264933109283,-0.01584775187075138,0.10946620255708694,0.10770059376955032,0.008376562967896461,0.06659005582332611,0.06782600283622742,0.04094654694199562,0.27845561504364014,0.2797382175922394,-0.011082659475505352,0.0014119542902335525,0.0010034433798864484,-0.01337093859910965,0.01050494983792305,0.010597898624837399,-0.004148687236011028,0.0006795851513743401,0.0008835040498524904,0.0,0.8888888955116272,0.8888888955116272
145,eval,,0.0014048172160983086,0.0016389533411711454,0.0,1.0,1.0,1.0,1.0,0.9968646764755249,0.9916351437568665,0.9999997615814209,,,0.22084005177021027,0.22385264933109283,-0.01584775559604168,0.10946619510650635,0.10770059376955032,0.008376573212444782,0.06659005582332611,0.06782600283622742,0.04094654694199562,0.2784556448459625,0.2797382175922394,-0.011082655750215054,0.0014119544066488743,0.0010034433798864484,-0.013370922766625881,0.01050494983792305,0.010597898624837399,-0.004148667678236961,0.000679585849866271,0.0008835040498524904,0.0,0.8888888955116272,0.8888888955116272
146,train,0.0015512981141606967,0.0015052104135975242,0.0017560790292918682,0.0,1.0,1.0,1.0,1.0,0.9966996908187866,0.9914577007293701,1.0,0.30525932242566545,0.006489966064691544,0.22733479738235474,0.22385264933109283,0.009436849504709244,0.10447735339403152,0.10770059376955032,0.016966531053185463,0.06506539136171341,0.06782600283622742,-0.044857848435640335,0.2784309983253479,0.2797382175922394,0.014902330935001373,0.001440165564417839,0.0010034433798864484,0.002568730153143406,0.010278056375682354,0.010597898624837399,0.012777365744113922,0.0007281375001184642,0.0008835040498524904,0.0,0.8888888955116272,0.8888888955116272
146,eval,,0.0015052106464281678,0.0017560789128765464,0.0,1.0,1.0,1.0,1.0,0.9966999292373657,0.9914577007293701,0.9999997615814209,,,0.22733479738235474,0.22385264933109283,0.009436850436031818,0.10447735339403152,0.10770059376955032,0.016966521739959717,0.06506538391113281,0.06782600283622742,-0.04485784098505974,0.2784309983253479,0.2797382175922394,0.01490233838558197,0.0014401654480025172,0.0010034433798864484,0.002568738302215934,0.01027805544435978,0.010597898624837399,0.012777373194694519,0.0007281379657797515,0.0008835040498524904,0.0,0.8888888955116272,0.8888888955116272
147,train,0.0015805310104042292,0.001369280507788062,0.00159749377053231,0.0,1.0,1.0,1.0,1.0,0.9969519376754761,0.9918502569198608,1.0000001192092896,0.2815688699572506,0.005405824398621917,0.22333723306655884,0.22385264933109283,0.019109416753053665,0.1090296134352684,0.10770059376955032,-0.020322397351264954,0.06421544402837753,0.06782600283622742,0.026855194941163063,0.2860875129699707,0.2797382175922394,-0.013917031697928905,0.000903420033864677,0.0010034433798864484,-0.003830793546512723,0.010304740630090237,0.010597898624837399,-0.025044409558176994,0.0010233429493382573,0.0008835040498524904,0.0,0.8888888955116272,0.8888888955116272
147,eval,,0.0013692803913727403,0.0015974936541169882,0.0,1.0,1.0,1.0,1.0,0.9969519972801208,0.9918501973152161,0.9999997615814209,,,0.22333723306655884,0.22385264933109283,0.01910942792892456,0.1090296059846878,0.10770059376955032,-0.020322399213910103,0.06421544402837753,0.06782600283622742,0.026855187490582466,0.2860874831676483,0.2797382175922394,-0.013917031697928905,0.0009034195099957287,0.0010034433798864484,-0.003830796340480447,0.010304741561412811,0.010597898624837399,-0.025044411420822144,0.0010233427165076137,0.0008835040498524904,0.0,0.8888888955116272,0.8888888955116272
148,train,0.0015197164223839839,0.0013063529040664434,0.00152407877612859,0.0,1.0,1.0,1.0,1.0,0.9970778822898865,0.9921799302101135,1.0,0.2644821074027504,0.004596578422933817,0.22269168496131897,0.22385264933109283,-0.020790547132492065,0.10651412606239319,0.10770059376955032,-0.001296576694585383,0.06533371657133102,0.06782600283622742,-0.023857252672314644,0.2708704471588135,0.2797382175922394,0.020928630605340004,0.0010527296690270305,0.0010034433798864484,0.004369087517261505,0.010516650043427944,0.010597898624837399,0.0210445374250412,0.0006915611447766423,0.0008835040498524904,0.0,0.8888888955116272,0.8888888955116272
148,eval,,0.0013063530204817653,0.00152407877612859,0.0,1.0,1.0,1.0,1.0,0.9970776438713074,0.9921798706054688,0.9999997615814209,,,0.22269168496131897,0.22385264933109283,-0.02079055644571781,0.10651411861181259,0.10770059376955032,-0.0012965748319402337,0.06533371657133102,0.06782600283622742,-0.023857252672314644,0.2708704471588135,0.2797382175922394,0.0209286417812109,0.0010527295526117086,0.0010034433798864484,0.004369086120277643,0.01051664911210537,0.010597898624837399,0.0210445374250412,0.0006915610865689814,0.0008835040498524904,0.0,0.8888888955116272,0.8888888955116272
149,train,0.001441152145465215,0.0013444845099002123,0.0015685653779655695,0.0,1.0,1.0,1.0,1.0,0.9970234632492065,0.9920762777328491,1.0,0.3201998685624973,0.003978622960858047,0.22139759361743927,0.22385264933109283,0.00017934455536305904,0.10307146608829498,0.10770059376955032,-0.012641478329896927,0.06397248804569244,0.06782600283622742,0.033252738416194916,0.2855175733566284,0.2797382175922394,-0.014876672066748142,0.000951142399571836,0.0010034433798864484,-0.0071143279783427715,0.010318337939679623,0.010597898624837399,-0.0234223585575819,0.0009463162859901786,0.0008835040498524904,0.0,0.8888888955116272,0.8888888955116272
149,eval,,0.0013444841606542468,0.0015685646794736385,0.0,1.0,1.0,1.0,1.0,0.997023344039917,0.9920763373374939,0.9999997615814209,,,0.22139757871627808,0.22385264933109283,0.00017934229981619865,0.10307147353887558,0.10770059376955032,-0.012641477398574352,0.06397248059511185,0.06782600283622742,0.03325274959206581,0.2855175733566284,0.2797382175922394,-0.014876668341457844,0.0009511422831565142,0.0010034433798864484,-0.007114327047020197,0.010318338871002197,0.010597898624837399,-0.023422354832291603,0.0009463160531595349,0.0008835040498524904,0.0,0.8888888955116272,0.8888888955116272
150,train,0.001432711724191904,0.0011865614214912057,0.001384322065860033,0.0,1.0,1.0,1.0,1.0,0.9973581433296204,0.9929551482200623,1.000000238418579,0.2331113980301806,0.003340982715599239,0.22371435165405273,0.22385264933109283,-0.006655421108007431,0.10871650278568268,0.10770059376955032,0.0064327954314649105,0.06309743970632553,0.06782600283622742,-0.024010146036744118,0.2734270691871643,0.2797382175922394,0.0093629015609622,0.0010869052493944764,0.0010034433798864484,0.012620575726032257,0.010015956126153469,0.010597898624837399,0.016441846266388893,0.0007691595237702131,0.0008835040498524904,0.0,0.8888888955116272,0.8888888955116272
150,eval,,0.0011865617707371712,0.0013843221822753549,0.0,1.0,1.0,1.0,1.0,0.9973580241203308,0.9929550886154175,0.9999997615814209,,,0.22371435165405273,0.22385264933109283,-0.006655408069491386,0.10871650278568268,0.10770059376955032,0.006432796362787485,0.06309743970632553,0.06782600283622742,-0.024010149762034416,0.2734270691871643,0.2797382175922394,0.009362909942865372,0.001086905598640442,0.0010034433798864484,0.012620579451322556,0.010015955194830894,0.010597898624837399,0.016441859304904938,0.0007691596983931959,0.0008835040498524904,0.0,0.8888888955116272,0.8888888955116272
151,train,0.0014236374214912455,0.0011503261048346758,0.0013420474715530872,0.0,1.0,1.0,1.0,1.0,0.9974444508552551,0.9932417869567871,1.0000001192092896,0.33163238778027915,0.0031180980149656534,0.22029411792755127,0.22385264933109283,-0.0053638615645468235,0.10472896695137024,0.10770059376955032,-0.0006905722548253834,0.06321416050195694,0.06782600283622742,0.027134448289871216,0.27490413188934326,0.2797382175922394,-0.005126286763697863,0.0014201255980879068,0.0010034433798864484,-0.01654655672609806,0.010209938511252403,0.010597898624837399,-0.006646906491369009,0.0007553590694442391,0.0008835040498524904,0.0,0.8888888955116272,0.8888888955116272
151,eval,,0.0011503258720040321,0.0013420465402305126,0.0,1.0,1.0,1.0,1.0,0.9974443316459656,0.9932417869567871,0.9999997615814209,,,0.22029413282871246,0.22385264933109283,-0.005363854113966227,0.10472896695137024,0.10770059376955032,-0.0006905717891640961,0.06321416050195694,0.06782600283622742,0.027134433388710022,0.27490416169166565,0.2797382175922394,-0.005126276984810829,0.0014201244339346886,0.0010034433798864484,-0.016546575352549553,0.010209938511252403,0.010597898624837399,-0.0066469148732721806,0.0007553595933131874,0.0008835040498524904,0.0,0.8888888955116272,0.8888888955116272
152,train,0.0013246162173648675,0.0011748606339097023,0.0013706707395613194,0.0,1.0,1.0,1.0,1.0,0.9973810911178589,0.9929963946342468,1.0000001192092896,0.21504424445736206,0.002671459107659757,0.22297753393650055,0.22385264933109283,-0.0020366006065160036,0.1019299253821373,0.10770059376955032,-0.02405911684036255,0.0631251186132431,0.06782600283622742,-0.013654719106853008,0.2843470573425293,0.2797382175922394,0.0077475979924201965,0.001038293819874525,0.0010034433798864484,0.009848381392657757,0.010523630306124687,0.010597898624837399,0.00849100574851036,0.0008994920062832534,0.0008835040498524904,0.0,0.8888888955116272,0.8888888955116272
152,eval,,0.0011748606339097023,0.0013706710888072848,0.0,1.0,1.0,1.0,1.0,0.9973809719085693,0.9929963946342468,0.9999997615814209,,,0.22297753393650055,0.22385264933109283,-0.00203659082762897,0.1019299328327179,0.10770059376955032,-0.0240591112524271,0.0631251186132431,0.06782600283622742,-0.013654693961143494,0.2843470573425293,0.2797382175922394,0.0077475993894040585,0.001038293936289847,0.0010034433798864484,0.009848394431173801,0.010523631237447262,0.010597898624837399,0.008491000160574913,0.0008994921809062362,0.0008835040498524904,0.0,0.8888888955116272,0.8888888955116272
153,train,0.0013270046523151298,0.0011427117278799415,0.0013331635855138302,0.0,1.0,1.0,1.0,1.0,0.9974451661109924,0.9931661486625671,1.0000001192092896,0.23768954625105101,0.0024093216052278876,0.22282539308071136,0.22385264933109283,0.005487352609634399,0.10911369323730469,0.10770059376955032,0.0026996443048119545,0.06387708336114883,0.06782600283622742,0.017946714535355568,0.28087908029556274,0.2797382175922394,-0.017497926950454712,0.0009649326675571501,0.0010034433798864484,0.003335528774186969,0.010650144889950752,0.010597898624837399,-0.007344753947108984,0.0008261154289357364,0.0008835040498524904,0.0,0.8888888955116272,0.8888888955116272
153,eval,,0.001142711378633976,0.0013331634690985084,0.0,1.0,1.0,1.0,1.0,0.9974450469017029,0.9931661486625671,0.9999997615814209,,,0.22282539308071136,0.22385264933109283,0.0054873391054570675,0.10911369323730469,0.10770059376955032,0.002699637785553932,0.06387708336114883,0.06782600283622742,0.017946725711226463,0.28087908029556274,0.2797382175922394,-0.01749793440103531,0.0009649332496337593,0.0010034433798864484,0.003335527377203107,0.010650147683918476,0.010597898624837399,-0.007344750687479973,0.0008261163020506501,0.0008835040498524904,0.0,0.8888888955116272,0.8888888955116272
154,train,0.001333479885943234,0.0012735833879560232,0.0014858475187793374,0.0,1.0,1.0,1.0,1.0,0.9971920251846313,0.9926641583442688,1.0,0.35988319139486696,0.0025676845107227564,0.22642399370670319,0.22385264933109283,0.0054483250714838505,0.10306589305400848,0.10770059376955032,0.017049631103873253,0.06471771746873856,0.06782600283622742,-0.0365593321621418,0.27911609411239624,0.2797382175922394,0.01975160650908947,0.0009237627382390201,0.0010034433798864484,-0.004504762589931488,0.010770794004201889,0.010597898624837399,0.008638259023427963,0.0006773348432034254,0.0008835040498524904,0.0,0.8888888955116272,0.8888888955116272
154,eval,,0.001273583504371345,0.0014858474023640156,0.0,1.0,1.0,1.0,1.0,0.9971920251846313,0.9926641583442688,0.9999997615814209,,,0.22642399370670319,0.22385264933109283,0.0054483297280967236,0.10306589305400848,0.10770059376955032,0.01704963855445385,0.06471771746873856,0.06782600283622742,-0.0365593396127224,0.27911609411239624,0.2797382175922394,0.01975160278379917,0.000923762796446681,0.0010034433798864484,-0.004504750482738018,0.010770795866847038,0.010597898624837399,0.008638258092105389,0.0006773357163183391,0.0008835040498524904,0.0,0.8888888955116272,0.8888888955116272
155,train,0.0013614601145188014,0.0011172427330166101,0.0013034497387707233,0.0,1.0,1.0,1.0,1.0,0.9975131154060364,0.9933559894561768,1.0000001192092896,0.24773897651510993,0.0021011829958297312,0.22177541255950928,0.22385264933109283,-0.0031048033852130175,0.10432777553796768,0.10770059376955032,0.0018757442012429237,0.06620204448699951,0.06782600283622742,0.02667444385588169,0.2842707931995392,0.2797382175922394,-0.011912253685295582,0.0009620705968700349,0.0010034433798864484,0.009150027297437191,0.010987520217895508,0.010597898624837399,-0.00828418880701065,0.0008058987441472709,0.0008835040498524904,0.0,0.8888888955116272,0.8888888955116272
155,eval,,0.001117242849431932,0.001303449971601367,0.0,1.0,1.0,1.0,1.0,0.9975131154060364,0.9933560490608215,0.9999997615814209,,,0.22177541255950928,0.22385264933109283,-0.0031048066448420286,0.10432777553796768,0.10770059376955032,0.0018757531652227044,0.06620203703641891,0.06782600283622742,0.02667444758117199,0.2842707931995392,0.2797382175922394,-0.011912256479263306,0.0009620699565857649,0.0010034433798864484,0.009150040335953236,0.010987523011863232,0.010597898624837399,-0.008284186013042927,0.00080589868593961,0.0008835040498524904,0.0,0.8888888955116272,0.8888888955116272
156,train,0.0012773120931039255,0.0012931299861520529,0.0015086517669260502,0.0,1.0,1.0,1.0,1.0,0.9972145557403564,0.9925970435142517,1.0,0.2838804555826656,0.0022193206823430955,0.22287017107009888,0.22385264933109283,-0.005575134884566069,0.10958875715732574,0.10770059376955032,-0.023577390238642693,0.06438243389129639,0.06782600283622742,-0.020753899589180946,0.26794612407684326,0.2797382175922394,0.0011755740270018578,0.0012771068140864372,0.0010034433798864484,-0.009399854578077793,0.01031123660504818,0.010597898624837399,0.009717977605760098,0.0006808959296904504,0.0008835040498524904,0.0,0.8888888955116272,0.8888888955116272
156,eval,,0.0012931290548294783,0.0015086507191881537,0.0,1.0,1.0,1.0,1.0,0.9972145557403564,0.9925970435142517,0.9999997615814209,,,0.22287018597126007,0.22385264933109283,-0.005575142335146666,0.10958877950906754,0.10770059376955032,-0.023577382788062096,0.06438243389129639,0.06782600283622742,-0.020753910765051842,0.26794615387916565,0.2797382175922394,0.0011755767045542598,0.0012771070469170809,0.0010034433798864484,-0.009399853646755219,0.010311238467693329,0.010597898624837399,0.009717979468405247,0.0006808959878981113,0.0008835040498524904,0.0,0.8888888955116272,0.8888888955116272
157,train,0.0013280028942972422,0.001256211893633008,0.0014655808918178082,0.0,1.0,1.0,1.0,1.0,0.9972122311592102,0.9926117658615112,1.0,0.2524926370976784,0.0022915584268048406,0.2247570902109146,0.22385264933109283,-0.011624733917415142,0.10548637062311172,0.10770059376955032,0.04053930565714836,0.06643988937139511,0.06782600283622742,-0.005901125725358725,0.2778138518333435,0.2797382175922394,-0.006730927154421806,0.0011038666125386953,0.0010034433798864484,0.00869418028742075,0.010332883335649967,0.010597898624837399,-0.009813652373850346,0.0006684294785372913,0.0008835040498524904,0.0,0.8888888955116272,0.8888888955116272
157,eval,,0.0012562120100483298,0.001465580309741199,0.0,1.0,1.0,1.0,1.0,0.9972122311592102,0.9926117658615112,0.9999997615814209,,,0.2247571051120758,0.22385264933109283,-0.011624728329479694,0.10548636317253113,0.10770059376955032,0.04053930193185806,0.06643988937139511,0.06782600283622742,-0.00590113177895546,0.2778138518333435,0.2797382175922394,-0.006730922032147646,0.001103866845369339,0.0010034433798864484,0.008694162592291832,0.010332884266972542,0.010597898624837399,-0.009813656099140644,0.0006684302352368832,0.0008835040498524904,0.0,0.8888888955116272,0.8888888955116272
158,train,0.00129974284209311,0.001336234505288303,0.0015589400427415967,0.0,1.0,1.0,1.0,1.0,0.997037947177887,0.9920926690101624,1.0,0.17485642322391015,0.0017198850400745869,0.22214601933956146,0.22385264933109283,-0.0028609668370336294,0.10397538542747498,0.10770059376955032,-0.02819715440273285,0.06395997852087021,0.06782600283622742,0.0031773492228239775,0.2819536328315735,0.2797382175922394,0.019678829237818718,0.001045110635459423,0.0010034433798864484,-0.028690457344055176,0.00984867662191391,0.010597898624837399,0.012733392417430878,0.0009393729269504547,0.0008835040498524904,0.0,0.8888888955116272,0.8888888955116272
158,eval,,0.001336234388872981,0.0015589395770803094,0.0,1.0,1.0,1.0,1.0,0.9970378279685974,0.9920926094055176,0.9999997615814209,,,0.22214601933956146,0.22385264933109283,-0.002860960317775607,0.10397540032863617,0.10770059376955032,-0.028197145089507103,0.06395997852087021,0.06782600283622742,0.0031773450318723917,0.2819536328315735,0.2797382175922394,0.019678829237818718,0.0010451109847053885,0.0010034433798864484,-0.02869044430553913,0.009848677553236485,0.010597898624837399,0.012733392417430878,0.0009393726359121501,0.0008835040498524904,0.0,0.8888888955116272,0.8888888955116272
159,train,0.0013418509624898434,0.00157929549459368,0.0018425113521516323,0.0,1.0,1.0,1.0,1.0,0.9965583086013794,0.9909918308258057,1.0000001192092896,0.2759976393979066,0.002581946086138487,0.2255886197090149,0.22385264933109283,0.016039442270994186,0.11130702495574951,0.10770059376955032,0.037142518907785416,0.0662674605846405,0.06782600283622742,-0.01796179823577404,0.26581451296806335,0.2797382175922394,-0.019404036924242973,0.0009992832783609629,0.0010034433798864484,0.033972397446632385,0.01023879088461399,0.010597898624837399,-0.012011154554784298,0.0007769325166009367,0.0008835040498524904,0.0,0.8888888955116272,0.8888888955116272
159,eval,,0.0015792956110090017,0.0018425113521516323,0.0,1.0,1.0,1.0,1.0,0.9965583086013794,0.9909918308258057,0.9999997615814209,,,0.2255886197090149,0.22385264933109283,0.016039425507187843,0.1113070398569107,0.10770059376955032,0.037142518907785416,0.0662674680352211,0.06782600283622742,-0.017961816862225533,0.26581451296806335,0.2797382175922394,-0.019404031336307526,0.0009992823470383883,0.0010034433798864484,0.03397240489721298,0.010238787159323692,0.010597898624837399,-0.012011158280074596,0.000776932924054563,0.0008835040498524904,0.0,0.8888888955116272,0.8888888955116272
160,train,0.0014357453134531777,0.0011243077460676432,0.001311692176386714,0.0,1.0,1.0,1.0,1.0,0.9975268244743347,0.9934139847755432,1.0000001192092896,0.21447133862044673,0.0024160239845514297,0.22227880358695984,0.22385264933109283,-0.007335146889090538,0.1044468805193901,0.10770059376955032,-0.0034936771262437105,0.06546071916818619,0.06782600283622742,0.009619860909879208,0.276816189289093,0.2797382175922394,0.008794444613158703,0.0008713651914149523,0.0010034433798864484,-0.03626348078250885,0.010148380883038044,0.010597898624837399,-0.0011500342516228557,0.0007014006259851158,0.0008835040498524904,0.0,0.8888888955116272,0.8888888955116272
160,eval,,0.0011243072804063559,0.0013116917107254267,0.0,1.0,1.0,1.0,1.0,0.9975266456604004,0.9934142231941223,0.9999997615814209,,,0.22227880358695984,0.22385264933109283,-0.007335145026445389,0.10444686561822891,0.10770059376955032,-0.0034936927258968353,0.06546071171760559,0.06782600283622742,0.009619859978556633,0.2768162488937378,0.2797382175922394,0.008794439025223255,0.0008713648421689868,0.0010034433798864484,-0.036263491958379745,0.010148381814360619,0.010597898624837399,-0.0011500444961711764,0.0007014008006080985,0.0008835040498524904,0.0,0.8888888955116272,0.8888888955116272
161,train,0.001357217978996535,0.0012975038262084126,0.0015137544833123684,0.0,1.0,1.0,1.0,1.0,0.9972902536392212,0.992831826210022,1.0000001192092896,0.3340973911531518,0.0029838327318429947,0.22191442549228668,0.22385264933109283,0.029141873121261597,0.10499712079763412,0.10770059376955032,-0.011621159501373768,0.06545696407556534,0.06782600283622742,0.018481455743312836,0.2804420590400696,0.2797382175922394,-0.010126089677214622,0.0010275131789967418,0.0010034433798864484,0.031844135373830795,0.010903250426054,0.010597898624837399,0.00698852026835084,0.0011590620269998908,0.0008835040498524904,0.0,0.8888888955116272,0.8888888955116272
161,eval,,0.0012975042918697,0.0015137551818042994,0.0,1.0,1.0,1.0,1.0,0.9972902536392212,0.992831826210022,0.9999997615814209,,,0.22191442549228668,0.22385264933109283,0.029141893610358238,0.10499712079763412,0.10770059376955032,-0.01162116602063179,0.06545696407556534,0.06782600283622742,0.018481461331248283,0.2804420590400696,0.2797382175922394,-0.010126098990440369,0.0010275135282427073,0.0010034433798864484,0.03184415027499199,0.010903251357376575,0.010597898624837399,0.006988521199673414,0.0011590624926611781,0.0008835040498524904,0.0,0.8888888955116272,0.8888888955116272
162,train,0.0012676059268414974,0.0015539844753220677,0.0018129819072782993,0.0,1.0,1.0,1.0,1.0,0.9967144727706909,0.9912932515144348,1.0000001192092896,0.20996601007826454,0.0025306339375674725,0.2250237762928009,0.22385264933109283,-0.01960158348083496,0.11518410593271255,0.10770059376955032,0.0062934295274317265,0.06394612044095993,0.06782600283622742,-0.022672854363918304,0.26858657598495483,0.2797382175922394,0.010360599495470524,0.0009899571305140853,0.0010034433798864484,-0.023405492305755615,0.010326736606657505,0.010597898624837399,-0.01266538631170988,0.0007448359974659979,0.0008835040498524904,0.0,0.8888888955116272,0.8888888955116272
162,eval,,0.0015539841260761023,0.001812981441617012,0.0,1.0,1.0,1.0,1.0,0.9967144727706909,0.99129319190979,0.9999997615814209,,,0.2250237762928009,0.22385264933109283,-0.01960158161818981,0.11518412083387375,0.10770059376955032,0.0062934341840445995,0.06394612789154053,0.06782600283622742,-0.022672852501273155,0.26858657598495483,0.2797382175922394,0.010360580869019032,0.0009899574797600508,0.0010034433798864484,-0.023405471816658974,0.010326738469302654,0.010597898624837399,-0.012665387243032455,0.0007448362885043025,0.0008835040498524904,0.0,0.8888888955116272,0.8888888955116272
163,train,0.001385147819140305,0.001308303908444941,0.0015263542300090194,0.0,1.0,1.0,1.0,1.0,0.9972983598709106,0.9929311275482178,1.000000238418579,0.2255175925499589,0.002704273909330368,0.2237151861190796,0.22385264933109283,0.030248461291193962,0.10309778153896332,0.10770059376955032,0.00720632029697299,0.06492357701063156,0.06782600283622742,0.01860600896179676,0.2902502119541168,0.2797382175922394,-0.01412131916731596,0.0009103912743739784,0.0010034433798864484,0.00932804960757494,0.010851770639419556,0.010597898624837399,0.018428094685077667,0.0008020020904950798,0.0008835040498524904,0.0,0.8888888955116272,0.8888888955116272
163,eval,,0.0013083041412755847,0.0015263546956703067,0.0,1.0,1.0,1.0,1.0,0.9972982406616211,0.9929313063621521,0.9999997615814209,,,0.2237151861190796,0.22385264933109283,0.030248461291193962,0.10309778898954391,0.10770059376955032,0.007206344977021217,0.06492357701063156,0.06782600283622742,0.01860601082444191,0.2902502119541168,0.2797382175922394,-0.01412133127450943,0.0009103909833356738,0.0010034433798864484,0.009328048676252365,0.010851768776774406,0.010597898624837399,0.018428081646561623,0.0008020022069104016,0.0008835040498524904,0.0,0.8888888955116272,0.8888888955116272
164,train,0.0013328403777753313,0.0010987184941768646,0.0012818381655961275,0.0,1.0,1.0,1.0,1.0,0.9977188110351562,0.9939721822738647,1.0000001192092896,0.25460257647935136,0.002322941436432302,0.22361232340335846,0.22385264933109283,-0.02138470858335495,0.10739465802907944,0.10770059376955032,-0.01618095487356186,0.06398870050907135,0.06782600283622742,-0.020957820117473602,0.27603569626808167,0.2797382175922394,0.010611999779939651,0.0009130150428973138,0.0010034433798864484,-0.00035991278127767146,0.010489980690181255,0.010597898624837399,-0.013516701757907867,0.001286648097448051,0.0008835040498524904,0.0,0.8888888955116272,0.8888888955116272
164,eval,,0.0010987184941768646,0.0012818382820114493,0.0,1.0,1.0,1.0,1.0,0.9977188110351562,0.9939722418785095,0.9999997615814209,,,0.22361232340335846,0.22385264933109283,-0.02138470858335495,0.10739465802907944,0.10770059376955032,-0.016180939972400665,0.06398870795965195,0.06782600283622742,-0.02095782198011875,0.27603569626808167,0.2797382175922394,0.01061198953539133,0.0009130149846896529,0.0010034433798864484,-0.000359892233973369,0.01048997975885868,0.010597898624837399,-0.013516710139811039,0.0012866475153714418,0.0008835040498524904,0.0,0.8888888955116272,0.8888888955116272
165,train,0.0011763844910698633,0.0012240649666637182,0.0014280759496614337,0.0,1.0,1.0,1.0,1.0,0.9975064992904663,0.9935111403465271,1.0000001192092896,0.21428733833582536,0.0020637374836951494,0.22399874031543732,0.22385264933109283,0.03361738845705986,0.10971466451883316,0.10770059376955032,0.017662236467003822,0.06571575999259949,0.06782600283622742,0.019739313051104546,0.27996543049812317,0.2797382175922394,-0.0013104000827297568,0.0009723023395054042,0.0010034433798864484,-0.0038364154752343893,0.010497039183974266,0.010597898624837399,0.006671315524727106,0.0008527436293661594,0.0008835040498524904,0.0,0.8888888955116272,0.8888888955116272
165,eval,,0.0012240653159096837,0.00142807571683079,0.0,1.0,1.0,1.0,1.0,0.9975064992904663,0.9935113191604614,0.9999997615814209,,,0.22399874031543732,0.22385264933109283,0.03361739590764046,0.10971466451883316,0.10770059376955032,0.017662251368165016,0.06571576744318008,0.06782600283622742,0.01973930560052395,0.2799654006958008,0.2797382175922394,-0.0013103921664878726,0.0009723019902594388,0.0010034433798864484,-0.003836403600871563,0.010497038252651691,0.010597898624837399,0.006671308074146509,0.0008527434547431767,0.0008835040498524904,0.0,0.8888888955116272,0.8888888955116272
166,train,0.0011805225318918626,0.001402715570293367,0.0016365014016628265,0.0,1.0,1.0,1.0,1.0,0.9972236156463623,0.9928153157234192,1.0000001192092896,0.17625507907990376,0.0026996606029570103,0.22164978086948395,0.22385264933109283,-0.04652027413249016,0.10267922282218933,0.10770059376955032,-0.028993738815188408,0.06389496475458145,0.06782600283622742,-0.004979751538485289,0.28479576110839844,0.2797382175922394,-0.0013733538798987865,0.000996186165139079,0.0010034433798864484,0.0013524125097319484,0.010353566147387028,0.010597898624837399,-0.008162976242601871,0.001116482773795724,0.0008835040498524904,0.0,0.8888888955116272,0.8888888955116272
166,eval,,0.001402715570293367,0.001636501052416861,0.0,1.0,1.0,1.0,1.0,0.9972234964370728,0.9928152561187744,0.9999997615814209,,,0.22164978086948395,0.22385264933109283,-0.04652027413249016,0.10267920047044754,0.10770059376955032,-0.028993746265769005,0.06389496475458145,0.06782600283622742,-0.004979753401130438,0.28479576110839844,0.2797382175922394,-0.0013733530649915338,0.0009961863979697227,0.0010034433798864484,0.001352410763502121,0.010353568010032177,0.010597898624837399,-0.00816299021244049,0.0011164828902110457,0.0008835040498524904,0.0,0.8888888955116272,0.8888888955116272
167,train,0.0013016425849248965,0.001201692153699696,0.0014019741211086512,0.0,1.0,1.0,1.0,1.0,0.997624933719635,0.9938160181045532,1.0000001192092896,0.25893906886084694,0.002225675620138645,0.2230382263660431,0.22385264933109283,0.022576136514544487,0.10415326803922653,0.10770059376955032,0.0274395439773798,0.06715918332338333,0.06782600283622742,-0.00600191717967391,0.26818111538887024,0.2797382175922394,0.007367811631411314,0.0010498057818040252,0.0010034433798864484,0.017671803012490273,0.010228794068098068,0.010597898624837399,0.013645920902490616,0.0011200314620509744,0.0008835040498524904,0.0,0.8888888955116272,0.8888888955116272
167,eval,,0.0012016922701150179,0.0014019741211086512,0.0,1.0,1.0,1.0,1.0,0.9976247549057007,0.9938159584999084,0.9999997615814209,,,0.2230382263660431,0.22385264933109283,0.022576140239834785,0.10415326803922653,0.10770059376955032,0.027439555153250694,0.06715919077396393,0.06782600283622742,-0.006001904606819153,0.26818111538887024,0.2797382175922394,0.007367818150669336,0.0010498055489733815,0.0010034433798864484,0.01767180673778057,0.010228794068098068,0.010597898624837399,0.013645927421748638,0.0011200320441275835,0.0008835040498524904,0.0,0.8888888955116272,0.8888888955116272
168,train,0.0012244056755055983,0.0013525160029530525,0.0015779354143887758,0.0,1.0,1.0,1.0,1.0,0.9971292018890381,0.9925116300582886,1.0,0.3323425217513884,0.002247109485324472,0.22038616240024567,0.22385264933109283,-0.023195499554276466,0.11087154597043991,0.10770059376955032,-0.028484687209129333,0.0640033408999443,0.06782600283622742,0.03084973245859146,0.27930977940559387,0.2797382175922394,-0.004177507944405079,0.0010202873963862658,0.0010034433798864484,-0.02228151448071003,0.009963281452655792,0.010597898624837399,-0.008562947623431683,0.0008281259215436876,0.0008835040498524904,0.0,0.8888888955116272,0.8888888955116272
168,eval,,0.0013525160029530525,0.0015779351815581322,0.0,1.0,1.0,1.0,1.0,0.9971290826797485,0.9925115704536438,0.9999997615814209,,,0.22038616240024567,0.22385264933109283,-0.023195484653115273,0.11087153851985931,0.10770059376955032,-0.02848469465970993,0.0640033483505249,0.06782600283622742,0.030849739909172058,0.27930977940559387,0.2797382175922394,-0.004177501425147057,0.001020287163555622,0.0010034433798864484,-0.022281507030129433,0.009963284246623516,0.010597898624837399,-0.008562940172851086,0.0008281260961666703,0.0008835040498524904,0.0,0.8888888955116272,0.8888888955116272
169,train,0.0012395362136885524,0.0013096433831378818,0.0015279174549505115,0.0,1.0,1.0,1.0,1.0,0.9971388578414917,0.9926257133483887,1.0000001192092896,0.2418105007698263,0.0022417071741074324,0.22731922566890717,0.22385264933109283,0.013807259500026703,0.10507060587406158,0.10770059376955032,0.003237216966226697,0.0651162639260292,0.06782600283622742,-0.04005724564194679,0.28453266620635986,0.2797382175922394,0.0047739120200276375,0.0010437867604196072,0.0010034433798864484,0.0329405702650547,0.010451891459524632,0.010597898624837399,0.0017962572164833546,0.0008679193560965359,0.0008835040498524904,0.0,0.8888888955116272,0.8888888955116272
169,eval,,0.001309643848799169,0.0015279180370271206,0.0,1.0,1.0,1.0,1.0,0.9971388578414917,0.9926255941390991,0.9999997615814209,,,0.22731922566890717,0.22385264933109283,0.013807269744575024,0.10507060587406158,0.10770059376955032,0.0032372239511460066,0.0651162713766098,0.06782600283622742,-0.04005724936723709,0.2845326364040375,0.2797382175922394,0.00477391155436635,0.0010437865275889635,0.0010034433798864484,0.0329405702650547,0.010451891459524632,0.010597898624837399,0.0017962679266929626,0.0008679194143041968,0.0008835040498524904,0.0,0.8888888955116272,0.8888888955116272
170,train,0.0012031424945841234,0.0013548738788813353,0.0015806863084435463,0.0,1.0,1.0,1.0,1.0,0.9969955682754517,0.9920653700828552,1.0,0.2371736969622871,0.0023863898823037744,0.21986077725887299,0.22385264933109283,-0.01987265609204769,0.1097562238574028,0.10770059376955032,-0.006144994404166937,0.0649266168475151,0.06782600283622742,0.0442739836871624,0.2777053415775299,0.2797382175922394,-0.005289383698254824,0.0010012023849412799,0.0010034433798864484,-0.032514285296201706,0.010064554400742054,0.010597898624837399,0.0057898410595953465,0.000830303761176765,0.0008835040498524904,0.0,0.8888888955116272,0.8888888955116272
170,eval,,0.0013548738788813353,0.0015806866576895118,0.0,1.0,1.0,1.0,1.0,0.9969954490661621,0.9920653700828552,0.9999997615814209,,,0.21986077725887299,0.22385264933109283,-0.019872672855854034,0.1097562238574028,0.10770059376955032,-0.006145014893263578,0.06492660939693451,0.06782600283622742,0.0442739836871624,0.2777053415775299,0.2797382175922394,-0.0052893925458192825,0.0010012027341872454,0.0010034433798864484,-0.03251427784562111,0.010064559057354927,0.010597898624837399,0.005789844319224358,0.0008303042850457132,0.0008835040498524904,0.0,0.8888888955116272,0.8888888955116272
171,train,0.0012308772808561723,0.0013703618897125125,0.0015987555962055922,0.0,1.0,1.0,1.0,1.0,0.9970380663871765,0.9925207495689392,1.0000001192092896,0.17248412161605467,0.002271037199534476,0.2288118302822113,0.22385264933109283,0.01864819973707199,0.10946805030107498,0.10770059376955032,0.011229447089135647,0.06484033912420273,0.06782600283622742,-0.04578167200088501,0.28202012181282043,0.2797382175922394,0.004058414604514837,0.001054760068655014,0.0010034433798864484,0.03157435357570648,0.010396966710686684,0.010597898624837399,-0.008540858514606953,0.0006681402446702123,0.0008835040498524904,0.0,0.8888888955116272,0.8888888955116272
171,eval,,0.001370362238958478,0.0015987561782822013,0.0,1.0,1.0,1.0,1.0,0.9970380663871765,0.9925206899642944,0.9999997615814209,,,0.2288118302822113,0.22385264933109283,0.018648212775588036,0.10946805030107498,0.10770059376955032,0.011229448020458221,0.06484034657478333,0.06782600283622742,-0.04578166827559471,0.28202012181282043,0.2797382175922394,0.004058414604514837,0.0010547603014856577,0.0010034433798864484,0.03157435357570648,0.010396967642009258,0.010597898624837399,-0.00854086596518755,0.0006681410013698041,0.0008835040498524904,0.0,0.8888888955116272,0.8888888955116272
172,train,0.0012737297414181132,0.0014044154668226838,0.0016384850023314357,0.0,1.0,1.0,1.0,1.0,0.9969554543495178,0.9919199347496033,1.0000001192092896,0.23536783592970917,0.0022905776277184486,0.2198808640241623,0.22385264933109283,0.009507190436124802,0.10479237884283066,0.10770059376955032,-0.007887549698352814,0.064356230199337,0.06782600283622742,0.05729444697499275,0.28613507747650146,0.2797382175922394,-0.0004009358526673168,0.0010169296292588115,0.0010034433798864484,-0.021493664011359215,0.010273671709001064,0.010597898624837399,0.004854369908571243,0.0006977369193919003,0.0008835040498524904,0.0,0.8888888955116272,0.8888888955116272
172,eval,,0.001404416048899293,0.0016384852351620793,0.0,1.0,1.0,1.0,1.0,0.996955394744873,0.9919201135635376,0.9999997615814209,,,0.2198808640241623,0.22385264933109283,0.009507175534963608,0.10479237139225006,0.10770059376955032,-0.007887555286288261,0.064356230199337,0.06782600283622742,0.05729445442557335,0.28613507747650146,0.2797382175922394,-0.00040094522410072386,0.0010169295128434896,0.0010034433798864484,-0.021493660286068916,0.01027367077767849,0.010597898624837399,0.004854352679103613,0.0006977372686378658,0.0008835040498524904,0.0,0.8888888955116272,0.8888888955116272
173,train,0.001259264419786632,0.0013951403088867664,0.0016276633832603693,0.0,1.0,1.0,1.0,1.0,0.9970365762710571,0.9921613335609436,1.000000238418579,0.2658561682805678,0.002143701654858887,0.22555838525295258,0.22385264933109283,-0.011952835135161877,0.10603673756122589,0.10770059376955032,0.0007151339086703956,0.06445632874965668,0.06782600283622742,-0.05616750195622444,0.26506680250167847,0.2797382175922394,0.005151758436113596,0.0009333555353805423,0.0010034433798864484,0.007661523763090372,0.010171936824917793,0.010597898624837399,0.0002912813797593117,0.000953938695602119,0.0008835040498524904,0.0,0.8888888955116272,0.8888888955116272
173,eval,,0.0013951403088867664,0.001627663616091013,0.0,1.0,1.0,1.0,1.0,0.9970364570617676,0.9921613335609436,0.9999997615814209,,,0.22555838525295258,0.22385264933109283,-0.011952824890613556,0.10603674501180649,0.10770059376955032,0.000715144444257021,0.06445634365081787,0.06782600283622742,-0.05616749823093414,0.26506680250167847,0.2797382175922394,0.005151759833097458,0.000933355710003525,0.0010034433798864484,0.007661520037800074,0.010171935893595219,0.010597898624837399,0.0002912878117058426,0.0009539393940940499,0.0008835040498524904,0.0,0.8888888955116272,0.8888888955116272
174,train,0.0012499868559340637,0.0014362505171447992,0.0016756257973611355,0.0,1.0,1.0,1.0,1.0,0.9969589710235596,0.9919306039810181,1.0,0.336429345588386,0.002393257920630276,0.2214653193950653,0.22385264933109283,0.015422511845827103,0.10238470882177353,0.10770059376955032,0.010199395939707756,0.06527312099933624,0.06782600283622742,0.052030015736818314,0.29145267605781555,0.2797382175922394,-0.007419522386044264,0.0008264617645181715,0.0010034433798864484,0.0028118237387388945,0.010650143958628178,0.010597898624837399,-0.012145108543336391,0.0006833078805357218,0.0008835040498524904,0.0,0.8888888955116272,0.8888888955116272
174,eval,,0.0014362501678988338,0.0016756256809458137,0.0,1.0,1.0,1.0,1.0,0.9969589710235596,0.9919305443763733,0.9999997615814209,,,0.2214653193950653,0.22385264933109283,0.015422530472278595,0.10238470137119293,0.10770059376955032,0.010199371725320816,0.06527310609817505,0.06782600283622742,0.05203000828623772,0.29145270586013794,0.2797382175922394,-0.0074195172637701035,0.0008264620555564761,0.0010034433798864484,0.002811810001730919,0.010650143027305603,0.010597898624837399,-0.012145101092755795,0.0006833078223280609,0.0008835040498524904,0.0,0.8888888955116272,0.8888888955116272
175,train,0.0012884582198845844,0.0011256628204137087,0.0013132733292877674,0.0,1.0,1.0,1.0,1.0,0.9974997639656067,0.9933215975761414,1.0000001192092896,0.30377221081894057,0.002369230962358415,0.22262386977672577,0.22385264933109283,-0.011100847274065018,0.10348048061132431,0.10770059376955032,-0.004676235839724541,0.06431075185537338,0.06782600283622742,-0.03119409643113613,0.2667405903339386,0.2797382175922394,0.00703854113817215,0.0008897605002857745,0.0010034433798864484,-0.004499669652432203,0.010236816480755806,0.010597898624837399,0.0249358918517828,0.0007913903100416064,0.0008835040498524904,0.0,0.8888888955116272,0.8888888955116272
175,eval,,0.001125662587583065,0.0013132732128724456,0.0,1.0,1.0,1.0,1.0,0.9974998235702515,0.9933217167854309,0.9999997615814209,,,0.22262386977672577,0.22385264933109283,-0.011100863106548786,0.10348048061132431,0.10770059376955032,-0.004676236305385828,0.06431074440479279,0.06782600283622742,-0.03119407407939434,0.2667405605316162,0.2797382175922394,0.007038546726107597,0.0008897604420781136,0.0010034433798864484,-0.00449966499581933,0.01023681741207838,0.010597898624837399,0.024935895577073097,0.0007913910667411983,0.0008835040498524904,0.0,0.8888888955116272,0.8888888955116272
176,train,0.0011500915279611945,0.001120036467909813,0.0013067093677818775,0.0,1.0,1.0,1.0,1.0,0.9974980354309082,0.9933172464370728,1.0000001192092896,0.2621717258171813,0.002423008205369115,0.221888467669487,0.22385264933109283,0.00752278184518218,0.1053595021367073,0.10770059376955032,-0.0053380816243588924,0.06379096210002899,0.06782600283622742,0.023575864732265472,0.2790606915950775,0.2797382175922394,-0.005537305027246475,0.0008539296686649323,0.0010034433798864484,0.010124684311449528,0.010608452372252941,0.010597898624837399,-0.03524408116936684,0.0010969719151034951,0.0008835040498524904,0.0,0.8888888955116272,0.8888888955116272
176,eval,,0.001120036351494491,0.0013067092513665557,0.0,1.0,1.0,1.0,1.0,0.9974979758262634,0.9933172464370728,0.9999997615814209,,,0.221888467669487,0.22385264933109283,0.007522785570472479,0.1053595021367073,0.10770059376955032,-0.005338082555681467,0.06379096210002899,0.06782600283622742,0.02357586659491062,0.2790606915950775,0.2797382175922394,-0.005537310615181923,0.0008539293194189668,0.0010034433798864484,0.010124671272933483,0.010608449578285217,0.010597898624837399,-0.03524407744407654,0.0010969722643494606,0.0008835040498524904,0.0,0.8888888955116272,0.8888888955116272
177,train,0.0011425215828542907,0.0011006618151441216,0.0012841052375733852,0.0,1.0,1.0,1.0,1.0,0.997547447681427,0.9934630393981934,1.0000001192092896,0.2755257698612827,0.0024522822350263596,0.22434641420841217,0.22385264933109283,0.00020265737839508802,0.10692781955003738,0.10770059376955032,-0.01330651342868805,0.06281080842018127,0.06782600283622742,-0.017990371212363243,0.2827540636062622,0.2797382175922394,0.009124357253313065,0.000891481526196003,0.0010034433798864484,-0.016822515055537224,0.010434594005346298,0.010597898624837399,0.031094903126358986,0.0008212828543037176,0.0008835040498524904,0.0,0.8888888955116272,0.8888888955116272
177,eval,,0.0011006616987287998,0.001284105353988707,0.0,1.0,1.0,1.0,1.0,0.9975473880767822,0.9934629797935486,0.9999997615814209,,,0.22434641420841217,0.22385264933109283,0.00020268156367819756,0.10692781955003738,0.10770059376955032,-0.01330652553588152,0.06281080842018127,0.06782600283622742,-0.01799037493765354,0.2827540338039398,0.2797382175922394,0.009124350734055042,0.0008914818172343075,0.0010034433798864484,-0.016822518780827522,0.010434592142701149,0.010597898624837399,0.03109491802752018,0.0008212823886424303,0.0008835040498524904,0.0,0.8888888955116272,0.8888888955116272
178,train,0.0011045558688541253,0.0012322416296228766,0.0014376151375472546,0.0,1.0,1.0,1.0,1.0,0.9972903728485107,0.992944061756134,1.0,0.2096465071288121,0.00213569711195305,0.22656142711639404,0.22385264933109283,0.013324723578989506,0.10736193507909775,0.10770059376955032,0.029649049043655396,0.06637077033519745,0.06782600283622742,-0.0073434957303106785,0.28000926971435547,0.2797382175922394,-0.008063414134085178,0.0011494987411424518,0.0010034433798864484,0.01193200796842575,0.010776801034808159,0.010597898624837399,-0.026014456525444984,0.0019093279261142015,0.0008835040498524904,0.0,0.8888888955116272,0.8888888955116272
178,eval,,0.0012322410475462675,0.0014376146718859673,0.0,1.0,1.0,1.0,1.0,0.9972901940345764,0.9929441213607788,0.9999997615814209,,,0.22656142711639404,0.22385264933109283,0.013324707746505737,0.10736192762851715,0.10770059376955032,0.029649054631590843,0.06637076288461685,0.06782600283622742,-0.00734349712729454,0.28000926971435547,0.2797382175922394,-0.008063421584665775,0.001149499206803739,0.0010034433798864484,0.011932015419006348,0.010776801966130733,0.010597898624837399,-0.026014456525444984,0.0019093280425295234,0.0008835040498524904,0.0,0.8888888955116272,0.8888888955116272
179,train,0.001139144451978306,0.0012167878448963165,0.0014195858966559172,0.0,1.0,1.0,1.0,1.0,0.9972866177558899,0.9927528500556946,1.0000001192092896,0.21096576208902662,0.0025252598570659757,0.22144702076911926,0.22385264933109283,-0.0070875040255486965,0.10796378552913666,0.10770059376955032,-0.022175490856170654,0.06358002126216888,0.06782600283622742,0.019018134102225304,0.2851621210575104,0.2797382175922394,0.00938156247138977,0.0010805188212543726,0.0010034433798864484,-0.01349447388201952,0.010810558684170246,0.010597898624837399,0.024416184052824974,0.0011920752003788948,0.0008835040498524904,0.0,0.8888888955116272,0.8888888955116272
179,eval,,0.0012167878448963165,0.0014195857802405953,0.0,1.0,1.0,1.0,1.0,0.9972866177558899,0.9927528500556946,0.9999997615814209,,,0.22144702076911926,0.22385264933109283,-0.007087498437613249,0.10796377062797546,0.10770059376955032,-0.022175468504428864,0.06358002126216888,0.06782600283622742,0.019018122926354408,0.28516215085983276,0.2797382175922394,0.00938157457858324,0.0010805184720084071,0.0010034433798864484,-0.01349447201937437,0.010810557752847672,0.010597898624837399,0.02441616915166378,0.0011920746183022857,0.0008835040498524904,0.0,0.8888888955116272,0.8888888955116272
180,train,0.0011930627515539527,0.0010426928056403995,0.0012164749205112457,0.0,1.0,1.0,1.0,1.0,0.9977976679801941,0.9941706657409668,1.0000001192092896,0.3487773842267689,0.0027850597398355603,0.2250811755657196,0.22385264933109283,-0.018007535487413406,0.10660894215106964,0.10770059376955032,0.0054763383232057095,0.0660063847899437,0.06782600283622742,-0.02585780620574951,0.27559521794319153,0.2797382175922394,-0.00747532956302166,0.0008875373168848455,0.0010034433798864484,0.01523341704159975,0.011016586795449257,0.010597898624837399,-0.02000977098941803,0.0011212506797164679,0.0008835040498524904,0.0,0.8888888955116272,0.8888888955116272
180,eval,,0.0010426926892250776,0.0012164745712652802,0.0,1.0,1.0,1.0,1.0,0.9977976083755493,0.9941706657409668,0.9999997615814209,,,0.2250811755657196,0.22385264933109283,-0.01800750568509102,0.10660894215106964,0.10770059376955032,0.0054763429798185825,0.0660063773393631,0.06782600283622742,-0.02585781179368496,0.27559521794319153,0.2797382175922394,-0.007475330028682947,0.0008875370840542018,0.0010034433798864484,0.015233433805406094,0.011016583070158958,0.010597898624837399,-0.020009778439998627,0.0011212510289624333,0.0008835040498524904,0.0,0.8888888955116272,0.8888888955116272
181,train,0.0011025102188189824,0.0010538119822740555,0.001229447196237743,0.0,1.0,1.0,1.0,1.0,0.9977291822433472,0.9939606785774231,1.000000238418579,0.32561336031755034,0.0027274782769382,0.22166459262371063,0.22385264933109283,0.019860481843352318,0.10354309529066086,0.10770059376955032,-0.005686502903699875,0.06605369597673416,0.06782600283622742,0.02433081902563572,0.2802559435367584,0.2797382175922394,0.007631141692399979,0.0008765698876231909,0.0010034433798864484,-0.01761024259030819,0.01072644628584385,0.010597898624837399,0.013950806111097336,0.0007373652188107371,0.0008835040498524904,0.0,0.8888888955116272,0.8888888955116272
181,eval,,0.0010538117494434118,0.0012294469634070992,0.0,1.0,1.0,1.0,1.0,0.9977291822433472,0.9939607977867126,0.9999997615814209,,,0.22166459262371063,0.22385264933109283,0.019860489293932915,0.10354310274124146,0.10770059376955032,-0.005686501041054726,0.06605368107557297,0.06782600283622742,0.02433081902563572,0.2802559435367584,0.2797382175922394,0.007631139829754829,0.0008765705279074609,0.0010034433798864484,-0.017610229551792145,0.010726445354521275,0.010597898624837399,0.013950790278613567,0.0007373646949417889,0.0008835040498524904,0.0,0.8888888955116272,0.8888888955116272
182,train,0.0011152188526466489,0.0009290621965192258,0.0010839062742888927,0.0,1.0,1.0,1.0,1.0,0.9979631304740906,0.9945738911628723,1.0000001192092896,0.35852864377235055,0.0023151066270656884,0.2242932766675949,0.22385264933109283,0.004221651237457991,0.104732446372509,0.10770059376955032,0.0011355796596035361,0.06558354198932648,0.06782600283622742,-0.014087987132370472,0.2756025791168213,0.2797382175922394,-0.01115127932280302,0.0010154010960832238,0.0010034433798864484,0.0003590215928852558,0.010716663673520088,0.010597898624837399,-0.008546172641217709,0.0007332938257604837,0.0008835040498524904,0.0,0.8888888955116272,0.8888888955116272
182,eval,,0.0009290623711422086,0.0010839062742888927,0.0,1.0,1.0,1.0,1.0,0.9979629516601562,0.9945739507675171,0.9999997615814209,,,0.2242932766675949,0.22385264933109283,0.004221662413328886,0.1047324389219284,0.10770059376955032,0.0011355746537446976,0.06558353453874588,0.06782600283622742,-0.014087988995015621,0.2756025493144989,0.2797382175922394,-0.011151262558996677,0.0010154013289138675,0.0010034433798864484,0.00035900124930776656,0.010716663673520088,0.010597898624837399,-0.008546172641217709,0.0007332938257604837,0.0008835040498524904,0.0,0.8888888955116272,0.8888888955116272
183,train,0.001046135575355341,0.0011914813658222556,0.0013900614576414227,0.0,1.0,1.0,1.0,1.0,0.997340202331543,0.9928991198539734,1.0000001192092896,0.35954951820926706,0.002920133643783629,0.2214236706495285,0.22385264933109283,-0.024738969281315804,0.10518962144851685,0.10770059376955032,0.0011071505723521113,0.06806905567646027,0.06782600283622742,0.008501842617988586,0.2755851745605469,0.2797382175922394,0.0057936119846999645,0.0011383763048797846,0.0010034433798864484,0.01606622338294983,0.010693462565541267,0.010597898624837399,-0.001146287308074534,0.003028438426554203,0.0008835040498524904,0.0,0.8888888955116272,0.8888888955116272
183,eval,,0.0011914809001609683,0.0013900609919801354,0.0,1.0,1.0,1.0,1.0,0.9973403215408325,0.9928990006446838,0.9999997615814209,,,0.2214236706495285,0.22385264933109283,-0.024738959968090057,0.10518962144851685,0.10770059376955032,0.0011071687331423163,0.06806905567646027,0.06782600283622742,0.008501830510795116,0.2755851745605469,0.2797382175922394,0.005793606396764517,0.001138376072049141,0.0010034433798864484,0.016066210344433784,0.010693459771573544,0.010597898624837399,-0.0011462979018688202,0.0030284379608929157,0.0008835040498524904,0.0,0.8888888955116272,0.8888888955116272
184,train,0.0011152376343185704,0.0012450753711163998,0.0014525880105793476,0.0,1.0,1.0,1.0,1.0,0.9972324967384338,0.9926719069480896,1.0000001192092896,0.30824661475179377,0.0027369222370907664,0.22515569627285004,0.22385264933109283,0.036544352769851685,0.10280155390501022,0.10770059376955032,-0.007482469081878662,0.06613001227378845,0.06782600283622742,-0.004442291799932718,0.28021150827407837,0.2797382175922394,-0.0030987306963652372,0.0009351164917461574,0.0010034433798864484,-0.030644118785858154,0.010381645523011684,0.010597898624837399,0.01422871369868517,0.0008547101751901209,0.0008835040498524904,0.0,0.8888888955116272,0.8888888955116272
184,eval,,0.0012450756039470434,0.0014525881269946694,0.0,1.0,1.0,1.0,1.0,0.9972323775291443,0.9926718473434448,0.9999997615814209,,,0.22515569627285004,0.22385264933109283,0.03654434159398079,0.10280154645442963,0.10770059376955032,-0.007482458371669054,0.06613000482320786,0.06782600283622742,-0.004442273173481226,0.28021150827407837,0.2797382175922394,-0.0030987272039055824,0.0009351164917461574,0.0010034433798864484,-0.03064410202205181,0.010381645523011684,0.010597898624837399,0.014228719286620617,0.0008547104080207646,0.0008835040498524904,0.0,0.8888888955116272,0.8888888955116272
185,train,0.0011272802172849576,0.0014545024605467916,0.001696919440291822,0.0,1.0,1.0,1.0,1.0,0.9967866539955139,0.9914324283599854,1.0000001192092896,0.33750321172767456,0.0029469470027834177,0.22436438500881195,0.22385264933109283,-0.01517538819462061,0.10971153527498245,0.10770059376955032,0.016399135813117027,0.06446598470211029,0.06782600283622742,-0.0064263963140547276,0.27337756752967834,0.2797382175922394,0.001664855983108282,0.0011501203989610076,0.0010034433798864484,0.0307509396225214,0.010450821369886398,0.010597898624837399,-0.053371455520391464,0.0007192092598415911,0.0008835040498524904,0.0,0.8888888955116272,0.8888888955116272
185,eval,,0.0014545025769621134,0.0016969195567071438,0.0,1.0,1.0,1.0,1.0,0.9967866539955139,0.9914323687553406,0.9999997615814209,,,0.22436438500881195,0.22385264933109283,-0.015175357460975647,0.10971152782440186,0.10770059376955032,0.016399137675762177,0.06446598470211029,0.06782600283622742,-0.006426381412893534,0.27337756752967834,0.2797382175922394,0.0016648400342091918,0.0011501213302835822,0.0010034433798864484,0.030750935897231102,0.010450824163854122,0.010597898624837399,-0.05337144806981087,0.0007192092016339302,0.0008835040498524904,0.0,0.8888888955116272,0.8888888955116272
186,train,0.0011322445546587308,0.0012200376950204372,0.0014233770780265331,0.0,1.0,1.0,1.0,1.0,0.9973077178001404,0.9928296804428101,1.0000001192092896,0.15113173583521022,0.002543113427236676,0.22336634993553162,0.22385264933109283,0.024284860119223595,0.10694410651922226,0.10770059376955032,-0.017604688182473183,0.06431244313716888,0.06782600283622742,0.004270462319254875,0.28115314245224,0.2797382175922394,-0.00023399984638672322,0.0010911489371210337,0.0010034433798864484,-0.020506378263235092,0.010152206756174564,0.010597898624837399,0.03758828714489937,0.001204981468617916,0.0008835040498524904,0.0,0.8888888955116272,0.8888888955116272
186,eval,,0.0012200375786051154,0.001423377194441855,0.0,1.0,1.0,1.0,1.0,0.9973078370094299,0.9928295612335205,0.9999997615814209,,,0.2233663648366928,0.22385264933109283,0.02428487129509449,0.10694411396980286,0.10770059376955032,-0.01760469377040863,0.06431244313716888,0.06782600283622742,0.004270443692803383,0.28115314245224,0.2797382175922394,-0.00023400069039780647,0.0010911495191976428,0.0010034433798864484,-0.020506368950009346,0.010152207687497139,0.010597898624837399,0.037588294595479965,0.0012049811193719506,0.0008835040498524904,0.0,0.8888888955116272,0.8888888955116272
187,train,0.0011164318614949782,0.000981721794232726,0.0011453422484919429,0.0,1.0,1.0,1.0,1.0,0.9978134036064148,0.9941821694374084,1.000000238418579,0.3256456739981968,0.002529804711230099,0.22430142760276794,0.22385264933109283,-0.00516825495287776,0.11137821525335312,0.10770059376955032,0.01577131263911724,0.06583676487207413,0.06782600283622742,0.01565331220626831,0.2842007875442505,0.2797382175922394,0.0036452386993914843,0.0009648494888097048,0.0010034433798864484,0.005960170645266771,0.010655397549271584,0.010597898624837399,-0.027058253064751625,0.0007362196338362992,0.0008835040498524904,0.0,0.8888888955116272,0.8888888955116272
187,eval,,0.000981721794232726,0.0011453422484919429,0.0,1.0,1.0,1.0,1.0,0.99781334400177,0.9941821098327637,0.9999997615814209,,,0.22430142760276794,0.22385264933109283,-0.005168245639652014,0.11137820035219193,0.10770059376955032,0.015771305188536644,0.06583675742149353,0.06782600283622742,0.015653321519494057,0.2842007875442505,0.2797382175922394,0.0036452326457947493,0.000964849372394383,0.0010034433798864484,0.0059601799584925175,0.010655398480594158,0.010597898624837399,-0.02705824375152588,0.000736219109967351,0.0008835040498524904,0.0,0.8888888955116272,0.8888888955116272
188,train,0.0011030856209496658,0.0008674720884300768,0.0010120508959516883,0.0,1.0,1.0,1.0,1.0,0.9980639219284058,0.9948253035545349,1.0000001192092896,0.3496304339688578,0.002592969802208245,0.22287341952323914,0.22385264933109283,-0.007049728184938431,0.10844869911670685,0.10770059376955032,-0.014806188642978668,0.06358574330806732,0.06782600283622742,-0.00927108433097601,0.2794800400733948,0.2797382175922394,-0.0028366995975375175,0.0009562954073771834,0.0010034433798864484,0.012625999748706818,0.010218837298452854,0.010597898624837399,0.012701981700956821,0.0007330880034714937,0.0008835040498524904,0.0,0.8888888955116272,0.8888888955116272
188,eval,,0.0008674720884300768,0.0010120507795363665,0.0,1.0,1.0,1.0,1.0,0.9980638027191162,0.9948253631591797,0.9999997615814209,,,0.22287341952323914,0.22385264933109283,-0.007049740757793188,0.10844870656728745,0.10770059376955032,-0.01480617094784975,0.06358574330806732,0.06782600283622742,-0.009271067567169666,0.27948006987571716,0.2797382175922394,-0.0028366914484649897,0.000956295058131218,0.0010034433798864484,0.01262600440531969,0.010218839161098003,0.010597898624837399,0.01270197331905365,0.0007330887601710856,0.0008835040498524904,0.0,0.8888888955116272,0.8888888955116272
189,train,0.0009987504648355146,0.0010881985072046518,0.0012695646146312356,0.0,1.0,1.0,1.0,1.0,0.9976007342338562,0.9935954213142395,1.0000001192092896,0.2936689138466763,0.00226845673751086,0.22205333411693573,0.22385264933109283,0.010142743587493896,0.1032799482345581,0.10770059376955032,0.010961771011352539,0.06522157788276672,0.06782600283622742,0.02488969825208187,0.2797859013080597,0.2797382175922394,-0.0026675465051084757,0.0011264702770859003,0.0010034433798864484,-0.01736556552350521,0.0104664396494627,0.010597898624837399,0.0008956268429756165,0.0013765970943495631,0.0008835040498524904,0.0,0.8888888955116272,0.8888888955116272
189,eval,,0.0010881982743740082,0.0012695653131231666,0.0,1.0,1.0,1.0,1.0,0.9976004958152771,0.9935953617095947,0.9999997615814209,,,0.22205333411693573,0.22385264933109283,0.010142737068235874,0.10327994078397751,0.10770059376955032,0.01096178125590086,0.06522157788276672,0.06782600283622742,0.02488970197737217,0.2797859013080597,0.2797382175922394,-0.002667553024366498,0.0011264700442552567,0.0010034433798864484,-0.017365561798214912,0.010466441512107849,0.010597898624837399,0.0008956437814049423,0.0013765974435955286,0.0008835040498524904,0.0,0.8888888955116272,0.8888888955116272
190,train,0.0010423241183161736,0.001379510504193604,0.0016094287857413292,0.0,1.0,1.0,1.0,1.0,0.9969443082809448,0.9918959736824036,1.0,0.3127557735317112,0.0027669545961543918,0.22533491253852844,0.22385264933109283,-0.012257043272256851,0.11027030646800995,0.10770059376955032,-0.00836241152137518,0.06444058567285538,0.06782600283622742,-0.039888475090265274,0.2740698754787445,0.2797382175922394,0.024315275251865387,0.0011745954398065805,0.0010034433798864484,0.02771577797830105,0.010959604755043983,0.010597898624837399,-0.006382066756486893,0.0007126991986297071,0.0008835040498524904,0.0,0.8888888955116272,0.8888888955116272
190,eval,,0.001379509805701673,0.0016094278544187546,0.0,1.0,1.0,1.0,1.0,0.9969444274902344,0.9918960332870483,0.9999997615814209,,,0.22533491253852844,0.22385264933109283,-0.012257073074579239,0.11027029156684875,0.10770059376955032,-0.008362417109310627,0.06444057822227478,0.06782600283622742,-0.03988850116729736,0.2740698754787445,0.2797382175922394,0.02431526780128479,0.0011745963711291552,0.0010034433798864484,0.027715763077139854,0.010959602892398834,0.010597898624837399,-0.006382073741406202,0.0007127003045752645,0.0008835040498524904,0.0,0.8888888955116272,0.8888888955116272
191,train,0.001111843060546865,0.0011890329187735915,0.0013872048584744334,0.0,1.0,1.0,1.0,1.0,0.9973469972610474,0.9929198026657104,1.0000001192092896,0.19499877036242272,0.0023227782221511006,0.2213110327720642,0.22385264933109283,0.01981816627085209,0.10387596487998962,0.10770059376955032,-0.004965756554156542,0.0661524310708046,0.06782600283622742,0.03803746774792671,0.27759701013565063,0.2797382175922394,-0.028087856248021126,0.0010032603750005364,0.0010034433798864484,-0.019929587841033936,0.010862952098250389,0.010597898624837399,0.0014699812745675445,0.0007208159076981246,0.0008835040498524904,0.0,0.8888888955116272,0.8888888955116272
191,eval,,0.0011890333844348788,0.0013872054405510426,0.0,1.0,1.0,1.0,1.0,0.9973470568656921,0.9929197430610657,0.9999997615814209,,,0.2213110327720642,0.22385264933109283,0.01981816627085209,0.10387596487998962,0.10770059376955032,-0.004965766798704863,0.0661524310708046,0.06782600283622742,0.03803746774792671,0.27759701013565063,0.2797382175922394,-0.02808786742389202,0.0010032604914158583,0.0010034433798864484,-0.019929608330130577,0.010862947441637516,0.010597898624837399,0.0014699756866320968,0.00072081497637555,0.0008835040498524904,0.0,0.8888888955116272,0.8888888955116272
192,train,0.001076489648160835,0.0012264031684026122,0.0014308037934824824,0.0,1.0,1.0,1.0,1.0,0.9972739219665527,0.9927142262458801,1.000000238418579,0.2937630268350746,0.002490181941539049,0.22348248958587646,0.22385264933109283,-0.031099900603294373,0.10449479520320892,0.10770059376955032,-0.00040359506965614855,0.06620365381240845,0.06782600283622742,-0.03493383899331093,0.2716355621814728,0.2797382175922394,0.02750743180513382,0.0008875490166246891,0.0010034433798864484,0.015373344533145428,0.01061589177697897,0.010597898624837399,0.005260589998215437,0.0009658969938755035,0.0008835040498524904,0.0,0.8888888955116272,0.8888888955116272
192,eval,,0.0012264034012332559,0.0014308043755590916,0.0,1.0,1.0,1.0,1.0,0.9972739219665527,0.9927142858505249,0.9999997615814209,,,0.22348248958587646,0.22385264933109283,-0.031099895015358925,0.10449478775262833,0.10770059376955032,-0.00040359210106544197,0.06620364636182785,0.06782600283622742,-0.03493385761976242,0.2716355621814728,0.2797382175922394,0.027507424354553223,0.0008875494240783155,0.0010034433798864484,0.015373330563306808,0.010615892708301544,0.010597898624837399,0.005260585341602564,0.0009658974013291299,0.0008835040498524904,0.0,0.8888888955116272,0.8888888955116272
193,train,0.0010801009678592284,0.0011452613398432732,0.0013361383462324739,0.0,1.0,1.0,1.0,1.0,0.9974395036697388,0.9931545257568359,1.000000238418579,0.320381775463454,0.002551400917582214,0.2232523113489151,0.22385264933109283,0.00587692903354764,0.1096777692437172,0.10770059376955032,-0.004654449876397848,0.06560913473367691,0.06782600283622742,0.030405620113015175,0.2887379825115204,0.2797382175922394,-0.03252662345767021,0.0008933726348914206,0.0010034433798864484,0.012025643140077591,0.010929028503596783,0.010597898624837399,-0.008212531916797161,0.0006987393135204911,0.0008835040498524904,0.0,0.8888888955116272,0.8888888955116272
193,eval,,0.0011452613398432732,0.0013361384626477957,0.0,1.0,1.0,1.0,1.0,0.9974396824836731,0.9931544661521912,0.9999997615814209,,,0.2232523113489151,0.22385264933109283,0.005876943934708834,0.10967777669429779,0.10770059376955032,-0.004654449410736561,0.06560914218425751,0.06782600283622742,0.03040563128888607,0.2887379825115204,0.2797382175922394,-0.03252662345767021,0.000893372343853116,0.0010034433798864484,0.012025636620819569,0.010929027572274208,0.010597898624837399,-0.008212531916797161,0.0006987391971051693,0.0008835040498524904,0.0,0.8888888955116272,0.8888888955116272
194,train,0.0010175983770750463,0.0009733338374644518,0.0011355560272932053,0.0,1.0,1.0,1.0,1.0,0.9978355765342712,0.9942572712898254,1.0000001192092896,0.2601585488870734,0.002377328695729375,0.22467508912086487,0.22385264933109283,-0.003139049746096134,0.10528380423784256,0.10770059376955032,0.011241774074733257,0.06661467999219894,0.06782600283622742,-0.01861030049622059,0.276480495929718,0.2797382175922394,0.02691778726875782,0.0008274527499452233,0.0010034433798864484,-0.017526762560009956,0.010571358725428581,0.010597898624837399,0.010699238628149033,0.0008225022465921938,0.0008835040498524904,0.0,0.8888888955116272,0.8888888955116272
194,eval,,0.0009733338374644518,0.0011355563765391707,0.0,1.0,1.0,1.0,1.0,0.9978356957435608,0.9942571520805359,0.9999997615814209,,,0.22467508912086487,0.22385264933109283,-0.003139059990644455,0.10528380423784256,0.10770059376955032,0.011241774074733257,0.06661467999219894,0.06782600283622742,-0.01861029863357544,0.276480495929718,0.2797382175922394,0.026917777955532074,0.0008274524589069188,0.0010034433798864484,-0.017526775598526,0.010571356862783432,0.010597898624837399,0.010699237696826458,0.0008225024212151766,0.0008835040498524904,0.0,0.8888888955116272,0.8888888955116272
195,train,0.0009514522001457711,0.0010166146093979478,0.0011860501253977418,0.0,1.0,1.0,1.0,1.0,0.9977779388427734,0.9941316246986389,1.0000001192092896,0.3030023131007105,0.002528462209738791,0.22133974730968475,0.22385264933109283,-0.013153121806681156,0.10756213217973709,0.10770059376955032,-0.024998024106025696,0.0635719820857048,0.06782600283622742,0.009175523184239864,0.27965885400772095,0.2797382175922394,-0.019367722794413567,0.0008601431618444622,0.0010034433798864484,0.025937071070075035,0.0105241434648633,0.010597898624837399,-0.009157147258520126,0.0010604660492390394,0.0008835040498524904,0.0,0.8888888955116272,0.8888888955116272
195,eval,,0.0010166143765673041,0.00118605000898242,0.0,1.0,1.0,1.0,1.0,0.9977779388427734,0.9941315650939941,0.9999997615814209,,,0.22133974730968475,0.22385264933109283,-0.013153139501810074,0.1075621247291565,0.10770059376955032,-0.0249980166554451,0.0635719820857048,0.06782600283622742,0.009175539948046207,0.27965888381004333,0.2797382175922394,-0.01936771720647812,0.0008601433364674449,0.0010034433798864484,0.025937052443623543,0.010524138808250427,0.010597898624837399,-0.00915715005248785,0.0010604654671624303,0.0008835040498524904,0.0,0.8888888955116272,0.8888888955116272
196,train,0.0009590178960934281,0.001226281514391303,0.0014306618832051754,0.0,1.0,1.0,1.0,1.0,0.9974483251571655,0.993611752986908,1.0,0.36345237226361266,0.002842587884515524,0.22764188051223755,0.22385264933109283,0.03281203657388687,0.10697347670793533,0.10770059376955032,0.039671640843153,0.0644695982336998,0.06782600283622742,-0.022252798080444336,0.27864208817481995,0.2797382175922394,0.001337104826234281,0.00080744648585096,0.0010034433798864484,-0.008146590553224087,0.010186368599534035,0.010597898624837399,0.010057532228529453,0.0007675273227505386,0.0008835040498524904,0.0,0.8888888955116272,0.8888888955116272
196,eval,,0.001226281514391303,0.0014306616503745317,0.0,1.0,1.0,1.0,1.0,0.997448205947876,0.9936118125915527,0.9999997615814209,,,0.22764188051223755,0.22385264933109283,0.03281204402446747,0.10697346925735474,0.10770059376955032,0.0396716445684433,0.0644695907831192,0.06782600283622742,-0.02225278504192829,0.27864208817481995,0.2797382175922394,0.0013371341628953815,0.0008074463112279773,0.0010034433798864484,-0.008146598003804684,0.010186365805566311,0.010597898624837399,0.010057523846626282,0.0007675268570892513,0.0008835040498524904,0.0,0.8888888955116272,0.8888888955116272
197,train,0.0010985748182671766,0.0011516896774992347,0.0013436382869258523,0.0,1.0,1.0,1.0,1.0,0.9975059032440186,0.993611216545105,1.0000001192092896,0.42173844447546366,0.0032634251983836293,0.21867482364177704,0.22385264933109283,-0.019239963963627815,0.10351330786943436,0.10770059376955032,-0.020570551976561546,0.06347544491291046,0.06782600283622742,0.014678454957902431,0.2658202350139618,0.2797382175922394,0.023850997909903526,0.0007382658077403903,0.0010034433798864484,-0.009907783009111881,0.01001205388456583,0.010597898624837399,-0.018300266936421394,0.001752637093886733,0.0008835040498524904,0.0,0.8888888955116272,0.8888888955116272
197,eval,,0.0011516896774992347,0.001343637821264565,0.0,1.0,1.0,1.0,1.0,0.997505784034729,0.9936111569404602,0.9999997615814209,,,0.21867482364177704,0.22385264933109283,-0.019239971414208412,0.10351331532001495,0.10770059376955032,-0.020570561289787292,0.06347543746232986,0.06782600283622742,0.014678440988063812,0.2658202052116394,0.2797382175922394,0.023850997909903526,0.0007382659241557121,0.0010034433798864484,-0.009907791391015053,0.010012051090598106,0.010597898624837399,-0.01830027811229229,0.0017526380252093077,0.0008835040498524904,0.0,0.8888888955116272,0.8888888955116272
198,train,0.0010599291417747736,0.001128589385189116,0.0013166879070922732,0.0,1.0,1.0,1.0,1.0,0.9975113868713379,0.9934407472610474,1.0000001192092896,0.39182864652065497,0.0028885446954518557,0.22515197098255157,0.22385264933109283,0.02509683184325695,0.10562000423669815,0.10770059376955032,0.003353034146130085,0.06450888514518738,0.06782600283622742,-0.014871892519295216,0.27996352314949036,0.2797382175922394,-0.03406604751944542,0.0008029532036744058,0.0010034433798864484,0.024206722155213356,0.010099712759256363,0.010597898624837399,0.017666539177298546,0.0006623558583669364,0.0008835040498524904,0.0,0.8888888955116272,0.8888888955116272
198,eval,,0.0011285892687737942,0.0013166875578463078,0.0,1.0,1.0,1.0,1.0,0.9975113272666931,0.9934406876564026,0.9999997615814209,,,0.22515197098255157,0.22385264933109283,0.025096839293837547,0.10562001168727875,0.10770059376955032,0.0033530339132994413,0.06450888514518738,0.06782600283622742,-0.014871891587972641,0.27996349334716797,0.2797382175922394,-0.034066032618284225,0.0008029534947127104,0.0010034433798864484,0.02420673705637455,0.010099713690578938,0.010597898624837399,0.017666535452008247,0.0006623566150665283,0.0008835040498524904,0.0,0.8888888955116272,0.8888888955116272
199,train,0.0010467355993265908,0.0012609988916665316,0.0014711651019752026,0.0,1.0,1.0,1.0,1.0,0.9971827864646912,0.9924768209457397,1.0000001192092896,0.36392961142114927,0.0028787957271561027,0.22150956094264984,0.22385264933109283,-0.031612977385520935,0.10948161780834198,0.10770059376955032,0.008211225271224976,0.06404300034046173,0.06782600283622742,0.021416420117020607,0.2794357240200043,0.2797382175922394,0.03375421091914177,0.0007771829841658473,0.0010034433798864484,-0.025628194212913513,0.010049404576420784,0.010597898624837399,-0.009238336235284805,0.0006479941657744348,0.0008835040498524904,0.0,0.8888888955116272,0.8888888955116272
199,eval,,0.0012609990080818534,0.0014711656840518117,0.0,1.0,1.0,1.0,1.0,0.9971827864646912,0.9924767017364502,0.9999997615814209,,,0.22150956094264984,0.22385264933109283,-0.03161297366023064,0.10948162525892258,0.10770059376955032,0.008211215026676655,0.06404299288988113,0.06782600283622742,0.021416425704956055,0.27943575382232666,0.2797382175922394,0.03375421464443207,0.0007771826349198818,0.0010034433798864484,-0.025628188624978065,0.010049402713775635,0.010597898624837399,-0.009238329716026783,0.0006479943403974175,0.0008835040498524904,0.0,0.8888888955116272,0.8888888955116272
200,train,0.0010733239469118416,0.001263893791474402,0.0014745433581992984,0.0,1.0,1.0,1.0,1.0,0.9971938133239746,0.9925481081008911,1.0000001192092896,0.3469488784914673,0.0029243642929941416,0.2250671237707138,0.22385264933109283,0.016903067007660866,0.10416065156459808,0.10770059376955032,-0.0020270824898034334,0.0654408261179924,0.06782600283622742,-0.024488532915711403,0.27404987812042236,0.2797382175922394,-0.03060595877468586,0.0012535059358924627,0.0010034433798864484,0.027831725776195526,0.010550961829721928,0.010597898624837399,0.0012882284354418516,0.001537672127597034,0.0008835040498524904,0.0,0.8888888955116272,0.8888888955116272
200,eval,,0.0012638936750590801,0.001474542892538011,0.0,1.0,1.0,1.0,1.0,0.9971938133239746,0.9925479888916016,0.9999997615814209,,,0.2250671237707138,0.22385264933109283,0.016903070732951164,0.10416065156459808,0.10770059376955032,-0.0020270885434001684,0.06544081121683121,0.06782600283622742,-0.0244885366410017,0.27404987812042236,0.2797382175922394,-0.03060595691204071,0.00125350640155375,0.0010034433798864484,0.027831731364130974,0.010550961829721928,0.010597898624837399,0.0012882367009297013,0.0015376716619357467,0.0008835040498524904,0.0,0.8888888955116272,0.8888888955116272
201,train,0.0009837172304590542,0.0014265048084780574,0.0016642556292936206,0.0,1.0,1.0,1.0,1.0,0.9968235492706299,0.9915034174919128,1.0000001192092896,0.2186816992486692,0.002908045193180442,0.2226799875497818,0.22385264933109283,-0.046518776565790176,0.11073614656925201,0.10770059376955032,0.003420639783143997,0.06612679362297058,0.06782600283622742,0.017399022355675697,0.2873420715332031,0.2797382175922394,0.024183712899684906,0.001159298699349165,0.0010034433798864484,-0.027635330334305763,0.010342149063944817,0.010597898624837399,0.011136497370898724,0.0007966943667270243,0.0008835040498524904,0.0,0.8888888955116272,0.8888888955116272
201,eval,,0.0014265053905546665,0.001664255978539586,0.0,1.0,1.0,1.0,1.0,0.9968236684799194,0.9915034770965576,0.9999997615814209,,,0.2226799875497818,0.22385264933109283,-0.04651877284049988,0.11073613911867142,0.10770059376955032,0.0034206409472972155,0.06612679362297058,0.06782600283622742,0.017399029806256294,0.2873420715332031,0.2797382175922394,0.024183714762330055,0.001159299281425774,0.0010034433798864484,-0.027635321021080017,0.010342148132622242,0.010597898624837399,0.011136505752801895,0.0007966946577653289,0.0008835040498524904,0.0,0.8888888955116272,0.8888888955116272
202,train,0.0010802025984351833,0.001242429600097239,0.0014495010254904628,0.0,1.0,1.0,1.0,1.0,0.9973419904708862,0.993141770362854,1.0000001192092896,0.19453991903936657,0.002823788207024336,0.2280561923980713,0.22385264933109283,0.037739258259534836,0.1056172177195549,0.10770059376955032,-0.014151117764413357,0.06486384570598602,0.06782600283622742,-0.03437550738453865,0.28121042251586914,0.2797382175922394,-0.015678564086556435,0.0010067675029858947,0.0010034433798864484,0.016202904284000397,0.010375482961535454,0.010597898624837399,-0.022422758862376213,0.0009966847719624639,0.0008835040498524904,0.0,0.8888888955116272,0.8888888955116272
202,eval,,0.0012424294836819172,0.0014495010254904628,0.0,1.0,1.0,1.0,1.0,0.9973419904708862,0.993141770362854,0.9999997615814209,,,0.2280561923980713,0.22385264933109283,0.037739288061857224,0.1056172102689743,0.10770059376955032,-0.014151118695735931,0.06486384570598602,0.06782600283622742,-0.03437549248337746,0.28121042251586914,0.2797382175922394,-0.015678560361266136,0.0010067673865705729,0.0010034433798864484,0.0162028968334198,0.010375479236245155,0.010597898624837399,-0.02242276631295681,0.000996684655547142,0.0008835040498524904,0.0,0.8888888955116272,0.8888888955116272
203,train,0.0009941018264119823,0.001069578342139721,0.0012478413991630077,0.0,1.0,1.0,1.0,1.0,0.997626543045044,0.9937371015548706,1.0000001192092896,0.18658595672044886,0.0024618934839963913,0.22008955478668213,0.22385264933109283,-0.04251523315906525,0.10531070828437805,0.10770059376955032,0.0061211250722408295,0.06558000296354294,0.06782600283622742,0.02361094020307064,0.28059107065200806,0.2797382175922394,0.00999420415610075,0.0008692952105775476,0.0010034433798864484,-0.012298042885959148,0.010251604951918125,0.010597898624837399,0.015344972722232342,0.000732635788153857,0.0008835040498524904,0.0,0.8888888955116272,0.8888888955116272
203,eval,,0.0010695784585550427,0.0012478417484089732,0.0,1.0,1.0,1.0,1.0,0.997626543045044,0.9937370419502258,0.9999997615814209,,,0.22008955478668213,0.22385264933109283,-0.04251523315906525,0.10531071573495865,0.10770059376955032,0.006121116224676371,0.06557999551296234,0.06782600283622742,0.02361096628010273,0.28059110045433044,0.2797382175922394,0.009994215331971645,0.0008692952105775476,0.0010034433798864484,-0.01229806151241064,0.010251602157950401,0.010597898624837399,0.015344996936619282,0.0007326354389078915,0.0008835040498524904,0.0,0.8888888955116272,0.8888888955116272
204,train,0.0009566529576356212,0.0010908046970143914,0.0012726053828373551,0.0,1.0,1.0,1.0,1.0,0.997608482837677,0.9937215447425842,1.0000001192092896,0.3473758840445444,0.0026111400220543146,0.22533631324768066,0.22385264933109283,0.051482904702425,0.10326536744832993,0.10770059376955032,-0.0034845962654799223,0.06466946005821228,0.06782600283622742,-0.0009560754406265914,0.2802184522151947,0.2797382175922394,-0.012561249546706676,0.0010063404915854335,0.0010034433798864484,7.284669118234888e-05,0.010240542702376842,0.010597898624837399,-0.008173428475856781,0.000885292945895344,0.0008835040498524904,0.0,0.8888888955116272,0.8888888955116272
204,eval,,0.0010908046970143914,0.0012726052664220333,0.0,1.0,1.0,1.0,1.0,0.997608482837677,0.993721604347229,0.9999997615814209,,,0.22533631324768066,0.22385264933109283,0.0514829121530056,0.10326536744832993,0.10770059376955032,-0.0034845953341573477,0.06466946005821228,0.06782600283622742,-0.0009560729376971722,0.2802184522151947,0.2797382175922394,-0.01256124209612608,0.001006340142339468,0.0010034433798864484,7.284801540663466e-05,0.010240543633699417,0.010597898624837399,-0.00817341823130846,0.0008852930623106658,0.0008835040498524904,0.0,0.8888888955116272,0.8888888955116272
205,train,0.0009882005979306996,0.0010911154095083475,0.0012729682493954897,0.0,1.0,1.0,1.0,1.0,0.9976071715354919,0.9936828017234802,1.0000001192092896,0.3202606321690911,0.0022529508569277823,0.22102177143096924,0.22385264933109283,-0.03891630843281746,0.10763929784297943,0.10770059376955032,-0.01334469299763441,0.06346050649881363,0.06782600283622742,-0.0005474165081977844,0.27731919288635254,0.2797382175922394,0.01640108786523342,0.0009505730122327805,0.0010034433798864484,0.011512979865074158,0.010570119135081768,0.010597898624837399,-0.004574143793433905,0.0008435004856437445,0.0008835040498524904,0.0,0.8888888955116272,0.8888888955116272
205,eval,,0.0010911155259236693,0.001272968016564846,0.0,1.0,1.0,1.0,1.0,0.9976072907447815,0.9936827421188354,0.9999997615814209,,,0.22102178633213043,0.22385264933109283,-0.03891630843281746,0.10763931274414062,0.10770059376955032,-0.013344687409698963,0.06346050649881363,0.06782600283622742,-0.0005473950877785683,0.27731919288635254,0.2797382175922394,0.016401084139943123,0.0009505727211944759,0.0010034433798864484,0.011512977071106434,0.010570120066404343,0.010597898624837399,-0.004574136808514595,0.00084350083488971,0.0008835040498524904,0.0,0.8888888955116272,0.8888888955116272
206,train,0.0011206640241046746,0.000973773654550314,0.0011360691860318184,0.0,1.0,1.0,1.0,1.0,0.9978255033493042,0.9941922426223755,1.0,0.5100669270966471,0.0032176715321838856,0.2238004058599472,0.22385264933109283,-0.014876719564199448,0.1028188019990921,0.10770059376955032,0.024484440684318542,0.06627136468887329,0.06782600283622742,-0.013300885446369648,0.2760932445526123,0.2797382175922394,-0.019181853160262108,0.000993806286714971,0.0010034433798864484,-0.003782121231779456,0.01018385961651802,0.010597898624837399,0.02229764126241207,0.0007498420891351998,0.0008835040498524904,0.0,0.8888888955116272,0.8888888955116272
206,eval,,0.0009737737709656358,0.001136069418862462,0.0,1.0,1.0,1.0,1.0,0.9978252649307251,0.9941924214363098,0.9999997615814209,,,0.2238004058599472,0.22385264933109283,-0.014876718632876873,0.1028188019990921,0.10770059376955032,0.024484431371092796,0.0662713572382927,0.06782600283622742,-0.013300900347530842,0.2760932445526123,0.2797382175922394,-0.01918184943497181,0.0009938060538843274,0.0010034433798864484,-0.0037821342702955008,0.010183858685195446,0.010597898624837399,0.022297659888863564,0.0007498417398892343,0.0008835040498524904,0.0,0.8888888955116272,0.8888888955116272
207,train,0.0009414238544801871,0.0013996189227327704,0.0016328883357346058,0.0,1.0,1.0,1.0,1.0,0.9968721866607666,0.9916407465934753,0.9999998211860657,0.3676933291378247,0.0031406638445332646,0.22356973588466644,0.22385264933109283,0.041067879647016525,0.10689675062894821,0.10770059376955032,-0.036981385201215744,0.06459546089172363,0.06782600283622742,0.013808450661599636,0.27881479263305664,0.2797382175922394,0.018858497962355614,0.0013426875229924917,0.0010034433798864484,-0.01250761654227972,0.010142561979591846,0.010597898624837399,-0.026725413277745247,0.0010519031202420592,0.0008835040498524904,0.0,0.8888888955116272,0.8888888955116272
207,eval,,0.0013996183406561613,0.0016328881029039621,0.0,1.0,1.0,1.0,1.0,0.996872067451477,0.9916408061981201,0.9999997615814209,,,0.22356973588466644,0.22385264933109283,0.041067853569984436,0.10689675062894821,0.10770059376955032,-0.03698139265179634,0.06459545344114304,0.06782600283622742,0.013808454386889935,0.27881482243537903,0.2797382175922394,0.018858494237065315,0.0013426863588392735,0.0010034433798864484,-0.012507610954344273,0.010142560116946697,0.010597898624837399,-0.026725411415100098,0.0010519023053348064,0.0008835040498524904,0.0,0.8888888955116272,0.8888888955116272
208,train,0.0010330017345647018,0.0013668923638761044,0.0015947078354656696,0.0,1.0,1.0,1.0,1.0,0.9969826936721802,0.9920321702957153,1.0000001192092896,0.2440384171831813,0.0027311646845191717,0.22591561079025269,0.22385264933109283,-0.04402269795536995,0.11375357210636139,0.10770059376955032,0.025707760825753212,0.06765702366828918,0.06782600283622742,-0.014159844256937504,0.28494077920913696,0.2797382175922394,-0.014815370552241802,0.001329785562120378,0.0010034433798864484,0.007690098136663437,0.010716421529650688,0.010597898624837399,0.02381049282848835,0.0007187587907537818,0.0008835040498524904,0.0,0.8888888955116272,0.8888888955116272
208,eval,,0.0013668915489688516,0.001594706904143095,0.0,1.0,1.0,1.0,1.0,0.9969824552536011,0.9920323491096497,0.9999997615814209,,,0.22591561079025269,0.22385264933109283,-0.04402269795536995,0.11375356465578079,0.10770059376955032,0.025707751512527466,0.06765701621770859,0.06782600283622742,-0.014159832149744034,0.28494080901145935,0.2797382175922394,-0.014815372414886951,0.0013297850964590907,0.0010034433798864484,0.007690091151744127,0.010716419667005539,0.010597898624837399,0.02381049655377865,0.0007187586161307991,0.0008835040498524904,0.0,0.8888888955116272,0.8888888955116272
209,train,0.0011033985065296292,0.0012506910134106874,0.0014591392828151584,0.0,1.0,1.0,1.0,1.0,0.9973140358924866,0.9929972887039185,1.0000001192092896,0.3222181536819324,0.0030160853639245033,0.2253711223602295,0.22385264933109283,0.05016935244202614,0.10647086054086685,0.10770059376955032,0.0005169901996850967,0.06698650866746902,0.06782600283622742,0.00885132234543562,0.27918770909309387,0.2797382175922394,0.009950126521289349,0.0011999286944046617,0.0010034433798864484,-0.008029450662434101,0.010259324684739113,0.010597898624837399,-0.016321538016200066,0.0013605310814455152,0.0008835040498524904,0.0,0.8888888955116272,0.8888888955116272
209,eval,,0.001250691246241331,0.0014591397484764457,0.0,1.0,1.0,1.0,1.0,0.9973140358924866,0.9929971694946289,0.9999997615814209,,,0.2253711223602295,0.22385264933109283,0.05016937479376793,0.10647086054086685,0.10770059376955032,0.0005169852520339191,0.06698650121688843,0.06782600283622742,0.008851337246596813,0.27918770909309387,0.2797382175922394,0.009950128383934498,0.0011999285779893398,0.0010034433798864484,-0.008029456250369549,0.010259323753416538,0.010597898624837399,-0.016321523115038872,0.0013605300337076187,0.0008835040498524904,0.0,0.8888888955116272,0.8888888955116272
210,train,0.0011202317740147312,0.0008862724644131958,0.0010339843574911356,0.0,1.0,1.0,1.0,1.0,0.9981299638748169,0.9950882792472839,1.0,0.49299734734577366,0.0033533716341480613,0.22211717069149017,0.22385264933109283,-0.03627155348658562,0.11035788059234619,0.10770059376955032,-0.0066272541880607605,0.06696467846632004,0.06782600283622742,0.004094730131328106,0.2769838869571686,0.2797382175922394,-0.0046999529004096985,0.000958046002779156,0.0010034433798864484,-0.0034233175683766603,0.010038978420197964,0.010597898624837399,-0.002025997033342719,0.0007201918051578104,0.0008835040498524904,0.0,0.8888888955116272,0.8888888955116272
210,eval,,0.0008862726390361786,0.001033984706737101,0.0,1.0,1.0,1.0,1.0,0.9981299042701721,0.9950881600379944,0.9999997615814209,,,0.22211717069149017,0.22385264933109283,-0.03627156466245651,0.11035788804292679,0.10770059376955032,-0.006627263035625219,0.06696468591690063,0.06782600283622742,0.004094730596989393,0.2769838571548462,0.2797382175922394,-0.004699955228716135,0.0009580455371178687,0.0010034433798864484,-0.0034233182668685913,0.010038979351520538,0.010597898624837399,-0.0020259928423911333,0.0007201918633654714,0.0008835040498524904,0.0,0.8888888955116272,0.8888888955116272
211,train,0.0010614266308645408,0.001179096638225019,0.0013756129192188382,0.0,1.0,1.0,1.0,1.0,0.9973930716514587,0.9930644631385803,1.0000001192092896,0.6057994937643927,0.0038603985449299216,0.22376014292240143,0.22385264933109283,-0.018981294706463814,0.10984690487384796,0.10770059376955032,0.009581178426742554,0.0659332126379013,0.06782600283622742,-0.00735681364312768,0.28071320056915283,0.2797382175922394,-0.005678047891706228,0.0017007725546136498,0.0010034433798864484,0.034423764795064926,0.01162803266197443,0.010597898624837399,0.012480129487812519,0.0007421852205879986,0.0008835040498524904,0.0,0.8888888955116272,0.8888888955116272
211,eval,,0.0011790962889790535,0.0013756128028035164,0.0,1.0,1.0,1.0,1.0,0.9973930716514587,0.9930643439292908,0.9999997615814209,,,0.22376014292240143,0.22385264933109283,-0.01898128353059292,0.10984691977500916,0.10770059376955032,0.009581178426742554,0.0659332126379013,0.06782600283622742,-0.007356805726885796,0.2807132303714752,0.2797382175922394,-0.005678044632077217,0.0017007736023515463,0.0010034433798864484,0.03442374989390373,0.011628029868006706,0.010597898624837399,0.012480133213102818,0.0007421851623803377,0.0008835040498524904,0.0,0.8888888955116272,0.8888888955116272
212,train,0.001016027565735082,0.001575040863826871,0.00183754728641361,0.0,1.0,1.0,1.0,1.0,0.9965853095054626,0.9909110069274902,1.0,0.3830936442696145,0.0029983072890900075,0.22250455617904663,0.22385264933109283,0.026144273579120636,0.10137591511011124,0.10770059376955032,-0.03026161529123783,0.06240706145763397,0.06782600283622742,0.007098703179508448,0.2711707353591919,0.2797382175922394,0.022190416231751442,0.0013165201526135206,0.0010034433798864484,-0.04695197567343712,0.01027071475982666,0.010597898624837399,-0.02716057561337948,0.001477283425629139,0.0008835040498524904,0.0,0.8888888955116272,0.8888888955116272
212,eval,,0.0015750402817502618,0.0018375468207523227,0.0,1.0,1.0,1.0,1.0,0.9965852499008179,0.9909108877182007,0.9999997615814209,,,0.22250455617904663,0.22385264933109283,0.026144253090023994,0.10137591511011124,0.10770059376955032,-0.030261600390076637,0.06240706518292427,0.06782600283622742,0.00709870457649231,0.2711707353591919,0.2797382175922394,0.02219041995704174,0.0013165208511054516,0.0010034433798864484,-0.04695196449756622,0.010270715691149235,0.010597898624837399,-0.027160564437508583,0.0014772835420444608,0.0008835040498524904,0.0,0.8888888955116272,0.8888888955116272
213,train,0.0011199145422627528,0.0018292656168341637,0.0021341433748602867,0.0,1.0,1.0,1.0,1.0,0.996108889579773,0.9896690249443054,1.0,0.3407267826306712,0.0031670897733420134,0.21969929337501526,0.22385264933109283,-0.027166299521923065,0.10353592038154602,0.10770059376955032,0.01616700552403927,0.0647992342710495,0.06782600283622742,0.03166064992547035,0.2823140323162079,0.2797382175922394,-0.04357364401221275,0.0010583424009382725,0.0010034433798864484,0.04586690664291382,0.011033681221306324,0.010597898624837399,0.04120460897684097,0.0009542182669974864,0.0008835040498524904,0.0,0.8888888955116272,0.8888888955116272
213,eval,,0.0018292663153260946,0.0021341436076909304,0.0,1.0,1.0,1.0,1.0,0.9961087703704834,0.989669144153595,0.9999997615814209,,,0.21969929337501526,0.22385264933109283,-0.027166305109858513,0.10353592038154602,0.10770059376955032,0.01616700552403927,0.0647992417216301,0.06782600283622742,0.031660664826631546,0.2823140025138855,0.2797382175922394,-0.04357365146279335,0.0010583426337689161,0.0010034433798864484,0.04586692526936531,0.011033681221306324,0.010597898624837399,0.04120462015271187,0.00095421849982813,0.0008835040498524904,0.0,0.8888888955116272,0.8888888955116272
214,train,0.0012570240069180727,0.0021948684006929398,0.002560678869485855,0.0,1.0,1.0,1.0,1.0,0.9956526756286621,0.9889119267463684,1.0,0.4525593485352124,0.003883781027980149,0.2301536351442337,0.22385264933109283,-0.012050538323819637,0.10826048254966736,0.10770059376955032,0.008549637161195278,0.06487490236759186,0.06782600283622742,-0.06620892882347107,0.27163636684417725,0.2797382175922394,0.046966999769210815,0.0009604007354937494,0.0010034433798864484,-0.01906147412955761,0.01121880766004324,0.010597898624837399,-0.05149441957473755,0.0008102094288915396,0.0008835040498524904,0.0,0.8888888955116272,0.8888888955116272
214,eval,,0.0021948686335235834,0.0025606798008084297,0.0,1.0,1.0,1.0,1.0,0.9956524968147278,0.988912045955658,0.9999997615814209,,,0.2301536351442337,0.22385264933109283,-0.012050536461174488,0.10826046764850616,0.10770059376955032,0.008549653925001621,0.06487490236759186,0.06782600283622742,-0.06620893627405167,0.27163636684417725,0.2797382175922394,0.04696701094508171,0.0009603996877558529,0.0010034433798864484,-0.019061479717493057,0.011218806728720665,0.010597898624837399,-0.05149443447589874,0.0008102089050225914,0.0008835040498524904,0.0,0.8888888955116272,0.8888888955116272
215,train,0.0013330802127408485,0.0019249178003519773,0.00224573677405715,0.0,1.0,1.0,1.0,1.0,0.9962302446365356,0.9901223182678223,1.0000001192092896,0.291391268331935,0.0035929186269640923,0.21936604380607605,0.22385264933109283,0.02696729265153408,0.10654878616333008,0.10770059376955032,-0.006050392519682646,0.06456087529659271,0.06782600283622742,0.07056403905153275,0.2861974835395813,0.2797382175922394,-0.029404088854789734,0.0008715373696759343,0.0010034433798864484,-0.0033498124685138464,0.011410186067223549,0.010597898624837399,0.04778216406702995,0.000854509649798274,0.0008835040498524904,0.0,0.8888888955116272,0.8888888955116272
215,eval,,0.0019249176839366555,0.0022457377053797245,0.0,1.0,1.0,1.0,1.0,0.9962302446365356,0.9901221990585327,0.9999997615814209,,,0.21936604380607605,0.22385264933109283,0.026967264711856842,0.10654880106449127,0.10770059376955032,-0.006050401832908392,0.06456088274717331,0.06782600283622742,0.07056405395269394,0.2861974835395813,0.2797382175922394,-0.029404081404209137,0.0008715370204299688,0.0010034433798864484,-0.003349818056449294,0.011410185135900974,0.010597898624837399,0.04778216406702995,0.0008545102318748832,0.0008835040498524904,0.0,0.8888888955116272,0.8888888955116272
216,train,0.001329530185709397,0.001214344403706491,0.0014167350018396974,0.0,1.0,1.0,1.0,1.0,0.997410237789154,0.9931227564811707,1.0000001192092896,0.3985789359227605,0.0033312239684164524,0.22437676787376404,0.22385264933109283,-0.020817099139094353,0.1038200631737709,0.10770059376955032,-0.0005675865686498582,0.06321123987436295,0.06782600283622742,-0.03486604243516922,0.27417218685150146,0.2797382175922394,0.008207391016185284,0.0010645795846357942,0.0010034433798864484,0.02236018143594265,0.010581127367913723,0.010597898624837399,-0.025391465052962303,0.0006897223647683859,0.0008835040498524904,0.0,0.8888888955116272,0.8888888955116272
216,eval,,0.0012143447529524565,0.0014167354675009847,0.0,1.0,1.0,1.0,1.0,0.9974100589752197,0.9931226968765259,0.9999997615814209,,,0.22437676787376404,0.22385264933109283,-0.020817117765545845,0.1038200631737709,0.10770059376955032,-0.000567579350899905,0.06321123987436295,0.06782600283622742,-0.03486606106162071,0.27417218685150146,0.2797382175922394,0.00820737611502409,0.0010645806323736906,0.0010034433798864484,0.022360198199748993,0.010581131093204021,0.010597898624837399,-0.02539147436618805,0.0006897225975990295,0.0008835040498524904,0.0,0.8888888955116272,0.8888888955116272
217,train,0.0009911024244502187,0.001040247268974781,0.0012136216973885894,0.0,1.0,1.0,1.0,1.0,0.9977533221244812,0.9940240979194641,1.0000001192092896,0.3611032432532973,0.0033351595047861338,0.22157475352287292,0.22385264933109283,0.004309749696403742,0.11102129518985748,0.10770059376955032,-0.001382022979669273,0.06562774628400803,0.06782600283622742,0.034005288034677505,0.2815106213092804,0.2797382175922394,0.0010486600222066045,0.0011525251902639866,0.0010034433798864484,-0.014980975538492203,0.010594815947115421,0.010597898624837399,0.017692551016807556,0.0006150496192276478,0.0008835040498524904,0.0,0.8888888955116272,0.8888888955116272
217,eval,,0.0010402475018054247,0.0012136218138039112,0.0,1.0,1.0,1.0,1.0,0.9977534413337708,0.9940240979194641,0.9999997615814209,,,0.22157475352287292,0.22385264933109283,0.004309747833758593,0.11102129518985748,0.10770059376955032,-0.001382029615342617,0.06562773883342743,0.06782600283622742,0.0340053029358387,0.281510591506958,0.2797382175922394,0.0010486732935532928,0.0011525250738486648,0.0010034433798864484,-0.014980996958911419,0.010594816878437996,0.010597898624837399,0.017692536115646362,0.0006150495610199869,0.0008835040498524904,0.0,0.8888888955116272,0.8888888955116272
218,train,0.0010225976584479213,0.0010537190828472376,0.0012293390464037657,0.0,1.0,1.0,1.0,1.0,0.9977370500564575,0.9939848780632019,1.0,0.44228195860493835,0.003688894910737872,0.224185511469841,0.22385264933109283,0.0012401737039908767,0.10731883347034454,0.10770059376955032,-0.0045097507536411285,0.06565423309803009,0.06782600283622742,-0.028923921287059784,0.2639615833759308,0.2797382175922394,0.0009008322958834469,0.0009449776844121516,0.0010034433798864484,0.004513442050665617,0.010763087309896946,0.010597898624837399,-0.017343910411000252,0.0018387110903859138,0.0008835040498524904,0.0,0.8888888955116272,0.8888888955116272
218,eval,,0.0010537190828472376,0.0012293390464037657,0.0,1.0,1.0,1.0,1.0,0.997736930847168,0.9939846992492676,0.9999997615814209,,,0.224185511469841,0.22385264933109283,0.0012401865096762776,0.10731882601976395,0.10770059376955032,-0.004509752616286278,0.06565423309803009,0.06782600283622742,-0.028923919424414635,0.2639615833759308,0.2797382175922394,0.0009008366614580154,0.0009449780336581171,0.0010034433798864484,0.004513427149504423,0.010763086378574371,0.010597898624837399,-0.017343901097774506,0.0018387106247246265,0.0008835040498524904,0.0,0.8888888955116272,0.8888888955116272
219,train,0.0010994443049033482,0.0010935502359643579,0.0012758085504174232,0.0,1.0,1.0,1.0,1.0,0.9975664615631104,0.9935449361801147,1.0,0.5652384202148756,0.0037963594077154994,0.2205754816532135,0.22385264933109283,-0.03947484493255615,0.1043144166469574,0.10770059376955032,0.024144649505615234,0.06533452868461609,0.06782600283622742,0.008213396184146404,0.27169135212898254,0.2797382175922394,-0.00024634040892124176,0.0009684141259640455,0.0010034433798864484,0.01092036347836256,0.010541564784944057,0.010597898624837399,-0.0019283132860437036,0.0005252590053714812,0.0008835040498524904,0.0,0.8888888955116272,0.8888888955116272
219,eval,,0.0010935502359643579,0.0012758088996633887,0.0,1.0,1.0,1.0,1.0,0.9975665211677551,0.9935450553894043,0.9999997615814209,,,0.2205754816532135,0.22385264933109283,-0.03947483375668526,0.1043144017457962,0.10770059376955032,0.024144649505615234,0.06533452123403549,0.06782600283622742,0.008213401772081852,0.27169135212898254,0.2797382175922394,-0.0002463163109496236,0.0009684145334176719,0.0010034433798864484,0.010920364409685135,0.010541567578911781,0.010597898624837399,-0.0019283037399873137,0.0005252592382021248,0.0008835040498524904,0.0,0.8888888955116272,0.8888888955116272
220,train,0.0010381876879061263,0.001187566900625825,0.001385494484566152,0.0,1.0,1.0,1.0,1.0,0.9974250793457031,0.9931921362876892,1.0000001192092896,0.4507560180496375,0.00370458560064435,0.22396236658096313,0.22385264933109283,0.0389791838824749,0.10879091173410416,0.10770059376955032,-0.017571792006492615,0.06564006209373474,0.06782600283622742,0.017936939373612404,0.28449946641921997,0.2797382175922394,-0.006892406847327948,0.0013392088003456593,0.0010034433798864484,-0.013414342887699604,0.010786903090775013,0.010597898624837399,0.022073054686188698,0.0005264502833597362,0.0008835040498524904,0.0,0.8888888955116272,0.8888888955116272
220,eval,,0.0011875670170411468,0.001385494484566152,0.0,1.0,1.0,1.0,1.0,0.9974250793457031,0.993192195892334,0.9999997615814209,,,0.22396236658096313,0.22385264933109283,0.038979172706604004,0.10879090428352356,0.10770059376955032,-0.017571792006492615,0.06564006954431534,0.06782600283622742,0.01793692447245121,0.28449946641921997,0.2797382175922394,-0.006892416160553694,0.001339209033176303,0.0010034433798864484,-0.013414338231086731,0.010786899365484715,0.010597898624837399,0.022073060274124146,0.0005264496430754662,0.0008835040498524904,0.0,0.8888888955116272,0.8888888955116272
221,train,0.0009822032880038023,0.0019573033787310123,0.002283520996570587,0.0,1.0,1.0,1.0,1.0,0.996009886264801,0.9895021319389343,1.0,0.4526390733725193,0.0034393760142847896,0.2261068969964981,0.22385264933109283,-0.04286358132958412,0.10630352795124054,0.10770059376955032,0.00015292766329366714,0.06761417537927628,0.06782600283622742,-0.04839730262756348,0.2686540484428406,0.2797382175922394,0.0388040691614151,0.0012658981140702963,0.0010034433798864484,0.0036643121857196093,0.011402756907045841,0.010597898624837399,-0.0388752818107605,0.0016879092436283827,0.0008835040498524904,0.0,0.8888888955116272,0.8888888955116272
221,eval,,0.0019573033787310123,0.0022835205309093,0.0,1.0,1.0,1.0,1.0,0.9960098266601562,0.9895020723342896,0.9999997615814209,,,0.2261068969964981,0.22385264933109283,-0.04286357760429382,0.10630353540182114,0.10770059376955032,0.0001529133878648281,0.06761417537927628,0.06782600283622742,-0.04839728772640228,0.26865407824516296,0.2797382175922394,0.0388040654361248,0.0012658981140702963,0.0010034433798864484,0.0036643228959292173,0.011402757838368416,0.010597898624837399,-0.0388752706348896,0.0016879095928743482,0.0008835040498524904,0.0,0.8888888955116272,0.8888888955116272
222,train,0.001201944163767621,0.0017864297842606902,0.0020841683726757765,0.0,1.0,1.0,1.0,1.0,0.9962152242660522,0.9899640679359436,1.0000001192092896,0.22530734694874105,0.0031190274748951197,0.2218257635831833,0.22385264933109283,0.03128580376505852,0.10558978468179703,0.10770059376955032,-0.0019310293719172478,0.06579378992319107,0.06782600283622742,0.0474182553589344,0.28558772802352905,0.2797382175922394,-0.04951518401503563,0.0009791110642254353,0.0010034433798864484,-0.002130448119714856,0.010911795310676098,0.010597898624837399,0.04314678907394409,0.0008637465070933104,0.0008835040498524904,0.0,0.8888888955116272,0.8888888955116272
222,eval,,0.0017864296678453684,0.0020841676741838455,0.0,1.0,1.0,1.0,1.0,0.9962152242660522,0.9899640679359436,0.9999997615814209,,,0.2218257635831833,0.22385264933109283,0.031285811215639114,0.10558976978063583,0.10770059376955032,-0.001931015052832663,0.06579379737377167,0.06782600283622742,0.0474182553589344,0.28558769822120667,0.2797382175922394,-0.04951518774032593,0.0009791110642254353,0.0010034433798864484,-0.0021304525434970856,0.010911796241998672,0.010597898624837399,0.043146777898073196,0.0008637458668090403,0.0008835040498524904,0.0,0.8888888955116272,0.8888888955116272
223,train,0.0011334157704065244,0.0016402213368564844,0.001913591637276113,0.0,1.0,1.0,1.0,1.0,0.9965164661407471,0.9908490180969238,1.0,0.2556586607748415,0.003364439820870757,0.2268172800540924,0.22385264933109283,-0.012505091726779938,0.10767253488302231,0.10770059376955032,-0.010443184524774551,0.06387465447187424,0.06782600283622742,-0.040033187717199326,0.2775844633579254,0.2797382175922394,0.05320094898343086,0.0009524626657366753,0.0010034433798864484,-0.004047509748488665,0.010580357164144516,0.010597898624837399,-0.04068519175052643,0.0010612828191369772,0.0008835040498524904,0.0,0.8888888955116272,0.8888888955116272
223,eval,,0.0016402212204411626,0.0019135911716148257,0.0,1.0,1.0,1.0,1.0,0.9965164661407471,0.9908490180969238,0.9999997615814209,,,0.2268172800540924,0.22385264933109283,-0.012505111284554005,0.1076725497841835,0.10770059376955032,-0.010443185456097126,0.06387466192245483,0.06782600283622742,-0.040033187717199326,0.2775844633579254,0.2797382175922394,0.053200941532850266,0.0009524631313979626,0.0010034433798864484,-0.0040475171990692616,0.010580359026789665,0.010597898624837399,-0.040685202926397324,0.00106128363404423,0.0008835040498524904,0.0,0.8888888955116272,0.8888888955116272
224,train,0.001136716998492678,0.0011748650576919317,0.001370675629004836,0.0,1.0,1.0,1.0,1.0,0.997407853603363,0.9930835962295532,1.000000238418579,0.3442822422602309,0.0032320135505869985,0.2214338779449463,0.22385264933109283,-0.009634902700781822,0.10571309924125671,0.10770059376955032,0.01522243395447731,0.06741208583116531,0.06782600283622742,0.01582915522158146,0.27325907349586487,0.2797382175922394,-0.04101591184735298,0.0011221346212550998,0.0010034433798864484,0.01736343465745449,0.011301851831376553,0.010597898624837399,0.028548358008265495,0.0008313129073940217,0.0008835040498524904,0.0,0.8888888955116272,0.8888888955116272
224,eval,,0.001174865523353219,0.0013706766767427325,0.0,1.0,1.0,1.0,1.0,0.9974077939987183,0.993083655834198,0.9999997615814209,,,0.2214338779449463,0.22385264933109283,-0.009634924121201038,0.10571310669183731,0.10770059376955032,0.015222431160509586,0.06741207093000412,0.06782600283622742,0.015829168260097504,0.27325910329818726,0.2797382175922394,-0.04101591929793358,0.0011221343884244561,0.0010034433798864484,0.01736344024538994,0.011301852762699127,0.010597898624837399,0.028548352420330048,0.0008313136640936136,0.0008835040498524904,0.0,0.8888888955116272,0.8888888955116272
225,train,0.0009496637503616512,0.001127438503317535,0.0013153451727703214,0.0,1.0,1.0,1.0,1.0,0.9975143671035767,0.9934723973274231,1.0000001192092896,0.33693451545241243,0.0029495038324967027,0.22628021240234375,0.22385264933109283,0.018408427014946938,0.10243481397628784,0.10770059376955032,-0.008657030761241913,0.06610333919525146,0.06782600283622742,-0.026498010382056236,0.28076720237731934,0.2797382175922394,0.03436397388577461,0.0016432174015790224,0.0010034433798864484,-0.01842469908297062,0.01033957302570343,0.010597898624837399,-0.00940660573542118,0.0009812917560338974,0.0008835040498524904,0.0,0.8888888955116272,0.8888888955116272
225,eval,,0.0011274387361481786,0.0013153451727703214,0.0,1.0,1.0,1.0,1.0,0.9975143074989319,0.9934723377227783,0.9999997615814209,,,0.22628021240234375,0.22385264933109283,0.018408434465527534,0.10243482142686844,0.10770059376955032,-0.008657025173306465,0.06610334664583206,0.06782600283622742,-0.02649799920618534,0.28076720237731934,0.2797382175922394,0.03436397388577461,0.001643216935917735,0.0010034433798864484,-0.018424713984131813,0.010339572094380856,0.010597898624837399,-0.009406601078808308,0.00098129129037261,0.0008835040498524904,0.0,0.8888888955116272,0.8888888955116272
226,train,0.0010148994818640251,0.000963012978900224,0.001123515423387289,0.0,1.0,1.0,1.0,1.0,0.9978504180908203,0.9942635893821716,1.0000001192092896,0.45456173121703053,0.003194420598447323,0.2237769365310669,0.22385264933109283,-0.002125636674463749,0.1075892448425293,0.10770059376955032,0.01671825535595417,0.06617940962314606,0.06782600283622742,0.01028337050229311,0.27964460849761963,0.2797382175922394,-0.012216915376484394,0.002073511015623808,0.0010034433798864484,0.017043868079781532,0.010364607907831669,0.010597898624837399,-0.023255398496985435,0.0008787441183812916,0.0008835040498524904,0.0,0.8888888955116272,0.8888888955116272
226,eval,,0.0009630133281461895,0.001123515423387289,0.0,1.0,1.0,1.0,1.0,0.9978504180908203,0.9942636489868164,0.9999997615814209,,,0.2237769365310669,0.22385264933109283,-0.0021256154868751764,0.1075892522931099,0.10770059376955032,0.01671825908124447,0.06617940962314606,0.06782600283622742,0.010283379815518856,0.27964460849761963,0.2797382175922394,-0.012216907925903797,0.0020735107827931643,0.0010034433798864484,0.017043866217136383,0.010364605113863945,0.010597898624837399,-0.02325541339814663,0.0008787443512119353,0.0008835040498524904,0.0,0.8888888955116272,0.8888888955116272
227,train,0.000983411252188186,0.001272583962418139,0.0014846815029159188,0.0,1.0,1.0,1.0,1.0,0.9971870183944702,0.9925366044044495,1.0000001192092896,0.49058797242560087,0.003704741597175598,0.22098857164382935,0.22385264933109283,-0.027252748608589172,0.10799898952245712,0.10770059376955032,-0.029330546036362648,0.06584308296442032,0.06782600283622742,-0.004853046964854002,0.2734071612358093,0.2797382175922394,0.006552349776029587,0.0015744557604193687,0.0010034433798864484,-0.013281326740980148,0.010144432075321674,0.010597898624837399,0.043818119913339615,0.0008103048312477767,0.0008835040498524904,0.0,0.8888888955116272,0.8888888955116272
227,eval,,0.0012725840788334608,0.0014846815029159188,0.0,1.0,1.0,1.0,1.0,0.9971868991851807,0.9925366640090942,0.9999997615814209,,,0.22098857164382935,0.22385264933109283,-0.027252735570073128,0.10799898207187653,0.10770059376955032,-0.029330559074878693,0.06584308296442032,0.06782600283622742,-0.0048530432395637035,0.27340713143348694,0.2797382175922394,0.0065523553639650345,0.0015744559932500124,0.0010034433798864484,-0.013281320221722126,0.010144433006644249,0.010597898624837399,0.04381812736392021,0.0008103045984171331,0.0008835040498524904,0.0,0.8888888955116272,0.8888888955116272
228,train,0.001008891190091769,0.0013937901239842176,0.0016260886332020164,0.0,1.0,1.0,1.0,1.0,0.9969531893730164,0.9921573996543884,1.0000001192092896,0.3532100035472433,0.003265442093834281,0.22779019176959991,0.22385264933109283,0.04154375195503235,0.10583774000406265,0.10770059376955032,0.0067711262963712215,0.06833667308092117,0.06782600283622742,0.014018927700817585,0.2911379635334015,0.2797382175922394,-0.004968881607055664,0.0010412088595330715,0.0010034433798864484,6.722278340021148e-05,0.010690460912883282,0.010597898624837399,-0.05200473964214325,0.0013243292924016714,0.0008835040498524904,0.0,0.8888888955116272,0.8888888955116272
228,eval,,0.0013937908224761486,0.0016260890988633037,0.0,1.0,1.0,1.0,1.0,0.9969528913497925,0.9921573996543884,0.9999997615814209,,,0.22779019176959991,0.22385264933109283,0.04154376685619354,0.10583774000406265,0.10770059376955032,0.006771117448806763,0.06833667308092117,0.06782600283622742,0.014018930494785309,0.2911379635334015,0.2797382175922394,-0.004968884866684675,0.0010412083938717842,0.0010034433798864484,6.723361002514139e-05,0.010690461844205856,0.010597898624837399,-0.05200474336743355,0.0013243297580629587,0.0008835040498524904,0.0,0.8888888955116272,0.8888888955116272
229,train,0.000997169214921693,0.0016942346701398492,0.001976607134565711,0.0,1.0,1.0,1.0,1.0,0.9962106943130493,0.989861786365509,1.0000001192092896,0.3152930811720192,0.003353796899318695,0.22123494744300842,0.22385264933109283,-0.05810486152768135,0.11090109497308731,0.10770059376955032,-0.0014276722213253379,0.06452692300081253,0.06782600283622742,0.004853620659559965,0.2808004915714264,0.2797382175922394,0.001927788369357586,0.0022468040697276592,0.0010034433798864484,0.005754506681114435,0.01054439228028059,0.010597898624837399,0.04605892300605774,0.0010291954968124628,0.0008835040498524904,0.0,0.8888888955116272,0.8888888955116272
229,eval,,0.0016942350193858147,0.0019766073673963547,0.0,1.0,1.0,1.0,1.0,0.9962105751037598,0.989861786365509,0.9999997615814209,,,0.22123494744300842,0.22385264933109283,-0.058104876428842545,0.11090110242366791,0.10770059376955032,-0.00142767617944628,0.06452692300081253,0.06782600283622742,0.0048536211252212524,0.2808004915714264,0.2797382175922394,0.0019277924438938498,0.002246804302558303,0.0010034433798864484,0.005754504352807999,0.010544393211603165,0.010597898624837399,0.04605892673134804,0.0010291950311511755,0.0008835040498524904,0.0,0.8888888955116272,0.8888888955116272
230,train,0.0011341813951730728,0.0012761321850121021,0.0014888207660987973,0.0,1.0,1.0,1.0,1.0,0.9971808791160583,0.9926133155822754,1.0,0.31518626257047244,0.0033117954153567553,0.22627153992652893,0.22385264933109283,0.048761796206235886,0.10446614027023315,0.10770059376955032,-0.0037742918357253075,0.06444720178842545,0.06782600283622742,0.0031629707664251328,0.2830115258693695,0.2797382175922394,-0.005054578650742769,0.0014182671438902617,0.0010034433798864484,-0.005993188824504614,0.010375559329986572,0.010597898624837399,-0.03129756823182106,0.0016415863065049052,0.0008835040498524904,0.0,0.8888888955116272,0.8888888955116272
230,eval,,0.0012761319521814585,0.0014888206496834755,0.0,1.0,1.0,1.0,1.0,0.9971807599067688,0.9926133155822754,0.9999997615814209,,,0.22627153992652893,0.22385264933109283,0.04876178503036499,0.10446615517139435,0.10770059376955032,-0.0037742911372333765,0.06444720923900604,0.06782600283622742,0.003162965876981616,0.2830115556716919,0.2797382175922394,-0.005054580047726631,0.001418266911059618,0.0010034433798864484,-0.005993197206407785,0.010375559329986572,0.010597898624837399,-0.03129756823182106,0.0016415856080129743,0.0008835040498524904,0.0,0.8888888955116272,0.8888888955116272
231,train,0.0011454146200170119,0.0009197172475978732,0.0010730032809078693,0.0,1.0,1.0,1.0,1.0,0.9979614019393921,0.9945620894432068,1.0000001192092896,0.5097355089102272,0.003827148466371,0.2217504233121872,0.22385264933109283,-0.022150499746203423,0.11275774240493774,0.10770059376955032,0.003402555361390114,0.0642760619521141,0.06782600283622742,0.009143364615738392,0.2762540578842163,0.2797382175922394,0.011472862213850021,0.0009321688557974994,0.0010034433798864484,0.0008141743019223213,0.011018199846148491,0.010597898624837399,0.015050828456878662,0.0008075312944129109,0.0008835040498524904,0.0,0.8888888955116272,0.8888888955116272
231,eval,,0.0009197173058055341,0.0010730038629844785,0.0,1.0,1.0,1.0,1.0,0.9979612827301025,0.994562029838562,0.9999997615814209,,,0.2217504382133484,0.22385264933109283,-0.022150514647364616,0.11275775730609894,0.10770059376955032,0.0034025658387690783,0.0642760694026947,0.06782600283622742,0.009143361821770668,0.2762540578842163,0.2797382175922394,0.011472858488559723,0.0009321692632511258,0.0010034433798864484,0.0008141821599565446,0.011018199846148491,0.010597898624837399,0.015050823800265789,0.0008075300138443708,0.0008835040498524904,0.0,0.8888888955116272,0.8888888955116272
232,train,0.0010657199891284108,0.0008688165689818561,0.0010136194759979844,0.0,1.0,1.0,1.0,1.0,0.9981066584587097,0.9950208067893982,1.0000001192092896,0.5812780815301656,0.004054008983075619,0.22610196471214294,0.22385264933109283,-0.006343393120914698,0.10553634911775589,0.10770059376955032,0.011016742326319218,0.06509183347225189,0.06782600283622742,-0.029230259358882904,0.2810419499874115,0.2797382175922394,-0.010768178850412369,0.001776714576408267,0.0010034433798864484,0.007183495908975601,0.010546027682721615,0.010597898624837399,0.004556399770081043,0.0009054546244442463,0.0008835040498524904,0.0,0.8888888955116272,0.8888888955116272
232,eval,,0.0008688167436048388,0.0010136195924133062,0.0,1.0,1.0,1.0,1.0,0.9981064796447754,0.9950209259986877,0.9999997615814209,,,0.22610196471214294,0.22385264933109283,-0.006343398243188858,0.10553634166717529,0.10770059376955032,0.011016740463674068,0.06509183347225189,0.06782600283622742,-0.0292302668094635,0.2810419499874115,0.2797382175922394,-0.010768193751573563,0.0017767158569768071,0.0010034433798864484,0.007183490786701441,0.01054602861404419,0.010597898624837399,0.004556405823677778,0.0009054546244442463,0.0008835040498524904,0.0,0.8888888955116272,0.8888888955116272
233,train,0.0009567193919792771,0.00137700152117759,0.0016065017553046346,0.0,1.0,1.0,1.0,1.0,0.997062623500824,0.9921960830688477,1.0000001192092896,0.49535789054891105,0.00371053593698889,0.22116629779338837,0.22385264933109283,0.02458113618195057,0.10308736562728882,0.10770059376955032,-0.005154271610081196,0.0652521625161171,0.06782600283622742,0.05067381635308266,0.28568482398986816,0.2797382175922394,0.012712481431663036,0.0019032030832022429,0.0010034433798864484,-0.007198837120085955,0.010802939534187317,0.010597898624837399,-0.020594868808984756,0.0009513371041975915,0.0008835040498524904,0.0,0.8888888955116272,0.8888888955116272
233,eval,,0.0013770012883469462,0.0016065016388893127,0.0,1.0,1.0,1.0,1.0,0.9970625042915344,0.9921959042549133,0.9999997615814209,,,0.22116629779338837,0.22385264933109283,0.024581125006079674,0.10308737307786942,0.10770059376955032,-0.005154291167855263,0.0652521476149559,0.06782600283622742,0.05067383125424385,0.28568482398986816,0.2797382175922394,0.01271249819546938,0.0019032021518796682,0.0010034433798864484,-0.0071988520212471485,0.010802934877574444,0.010597898624837399,-0.020594866946339607,0.0009513372788205743,0.0008835040498524904,0.0,0.8888888955116272,0.8888888955116272
234,train,0.0011066025278220575,0.0012408873299136758,0.001447701477445662,0.0,1.0,1.0,1.0,1.0,0.997275710105896,0.9927396774291992,1.0000001192092896,0.39120808485166575,0.003428022493608296,0.22432734072208405,0.22385264933109283,-0.029734095558524132,0.10877455770969391,0.10770059376955032,0.00286034494638443,0.06553222239017487,0.06782600283622742,-0.032042115926742554,0.27346351742744446,0.2797382175922394,-0.013647067360579967,0.0012869751080870628,0.0010034433798864484,0.01049486082047224,0.011202780529856682,0.010597898624837399,0.031047647818922997,0.0007162040565162897,0.0008835040498524904,0.0,0.8888888955116272,0.8888888955116272
234,eval,,0.0012408868642523885,0.0014477010117843747,0.0,1.0,1.0,1.0,1.0,0.9972755908966064,0.9927395582199097,0.9999997615814209,,,0.22432732582092285,0.22385264933109283,-0.029734104871749878,0.10877455025911331,0.10770059376955032,0.0028603270184248686,0.06553222239017487,0.06782600283622742,-0.03204210475087166,0.27346351742744446,0.2797382175922394,-0.01364708412438631,0.0012869739439338446,0.0010034433798864484,0.010494843125343323,0.011202782392501831,0.010597898624837399,0.031047651544213295,0.0007162041147239506,0.0008835040498524904,0.0,0.8888888955116272,0.8888888955116272
235,train,0.0010406096698716283,0.0012598071480169892,0.0014697746373713017,0.0,1.0,1.0,1.0,1.0,0.997266948223114,0.9928368330001831,1.0000001192092896,0.3895712290399607,0.0033764007966965437,0.2251562774181366,0.22385264933109283,0.031816516071558,0.1035093367099762,0.10770059376955032,-0.004206105135381222,0.06537030637264252,0.06782600283622742,0.029542220756411552,0.29889941215515137,0.2797382175922394,0.01135398168116808,0.0008870589663274586,0.0010034433798864484,0.004809357691556215,0.010882323607802391,0.010597898624837399,-0.03448335453867912,0.0013181008398532867,0.0008835040498524904,0.0,0.8888888955116272,0.8888888955116272
235,eval,,0.001259807264432311,0.0014697747537866235,0.0,1.0,1.0,1.0,1.0,0.997266948223114,0.9928367733955383,0.9999997615814209,,,0.2251562774181366,0.22385264933109283,0.03181653469800949,0.1035093292593956,0.10770059376955032,-0.004206105601042509,0.06537030637264252,0.06782600283622742,0.029542213305830956,0.29889941215515137,0.2797382175922394,0.011353987269103527,0.0008870579767972231,0.0010034433798864484,0.0048093353398144245,0.010882321745157242,0.010597898624837399,-0.03448336571455002,0.001318099326454103,0.0008835040498524904,0.0,0.8888888955116272,0.8888888955116272
236,train,0.0010207258552933733,0.0014418632490560412,0.0016821735771372914,0.0,1.0,1.0,1.0,1.0,0.996877908706665,0.9917212724685669,1.0000001192092896,0.40948726022298154,0.0036482069408521056,0.22170421481132507,0.22385264933109283,-0.034024473279714584,0.10938017815351486,0.10770059376955032,-0.00019541592337191105,0.06546637415885925,0.06782600283622742,-0.016343140974640846,0.2625733017921448,0.2797382175922394,-0.013751630671322346,0.0008814912871457636,0.0010034433798864484,-0.02195446938276291,0.01043305266648531,0.010597898624837399,0.038972217589616776,0.0008011852041818202,0.0008835040498524904,0.0,0.8888888955116272,0.8888888955116272
236,eval,,0.001441863365471363,0.001682173926383257,0.0,1.0,1.0,1.0,1.0,0.9968777298927307,0.9917212128639221,0.9999997615814209,,,0.22170421481132507,0.22385264933109283,-0.03402449190616608,0.10938015580177307,0.10770059376955032,-0.00019541852816473693,0.06546637415885925,0.06782600283622742,-0.016343144699931145,0.26257333159446716,0.2797382175922394,-0.013751613907516003,0.0008814905304461718,0.0010034433798864484,-0.021954454481601715,0.010433054529130459,0.010597898624837399,0.03897222504019737,0.0008011853788048029,0.0008835040498524904,0.0,0.8888888955116272,0.8888888955116272
237,train,0.0011258900631219149,0.0014921339461579919,0.001740822335705161,0.0,1.0,1.0,1.0,1.0,0.9967377781867981,0.9915487766265869,1.0000001192092896,0.5000689357479269,0.003995664068497717,0.22693310678005219,0.22385264933109283,0.004994960036128759,0.10327678918838501,0.10770059376955032,0.028185665607452393,0.06960948556661606,0.06782600283622742,-0.013446074910461903,0.2832568883895874,0.2797382175922394,-0.0010614267084747553,0.0017429313156753778,0.0010034433798864484,0.03643384948372841,0.012357065454125404,0.010597898624837399,-0.03178643807768822,0.0010442051570862532,0.0008835040498524904,0.0,0.8888888955116272,0.8888888955116272
237,eval,,0.001492133247666061,0.0017408221028745174,0.0,1.0,1.0,1.0,1.0,0.9967377185821533,0.9915487766265869,0.9999997615814209,,,0.22693310678005219,0.22385264933109283,0.004994954448193312,0.10327678918838501,0.10770059376955032,0.028185660019516945,0.06960947811603546,0.06782600283622742,-0.013446088880300522,0.283256858587265,0.2797382175922394,-0.0010614218190312386,0.0017429316649213433,0.0010034433798864484,0.03643384948372841,0.012357067316770554,0.010597898624837399,-0.031786441802978516,0.0010442056227475405,0.0008835040498524904,0.0,0.8888888955116272,0.8888888955116272
238,train,0.0011278343154117465,0.0014007495483383536,0.0016342076705768704,0.0,1.0,1.0,1.0,1.0,0.9969017505645752,0.9918729662895203,1.0,0.4166752074817535,0.0037002256140112877,0.2187342494726181,0.22385264933109283,0.004391124472022057,0.10748568177223206,0.10770059376955032,-0.027020111680030823,0.0642402172088623,0.06782600283622742,0.045275092124938965,0.2722344994544983,0.2797382175922394,-0.005138092208653688,0.0009368871687911451,0.0010034433798864484,-0.03662809729576111,0.010528490878641605,0.010597898624837399,0.020755648612976074,0.000754912500269711,0.0008835040498524904,0.0,0.8888888955116272,0.8888888955116272
238,eval,,0.0014007498975843191,0.0016342082526534796,0.0,1.0,1.0,1.0,1.0,0.9969017505645752,0.9918729662895203,0.9999997615814209,,,0.2187342494726181,0.22385264933109283,0.004391127731651068,0.10748566687107086,0.10770059376955032,-0.027020111680030823,0.0642402172088623,0.06782600283622742,0.04527508094906807,0.2722344994544983,0.2797382175922394,-0.005138091277331114,0.0009368872852064669,0.0010034433798864484,-0.0366281121969223,0.010528492741286755,0.010597898624837399,0.020755643025040627,0.0007549119764007628,0.0008835040498524904,0.0,0.8888888955116272,0.8888888955116272
239,train,0.0010732341712961595,0.0011377325281500816,0.0013273546937853098,0.0,1.0,1.0,1.0,1.0,0.9974910020828247,0.9933817982673645,1.0000001192092896,0.35740072442278775,0.0029782744823023677,0.22505223751068115,0.22385264933109283,-0.006687138695269823,0.10444564372301102,0.10770059376955032,0.04315700754523277,0.06631974875926971,0.06782600283622742,-0.028656907379627228,0.2673180103302002,0.2797382175922394,-0.006436354015022516,0.0010582132963463664,0.0010034433798864484,0.02826964668929577,0.010493554174900055,0.010597898624837399,-0.0076909139752388,0.000820895133074373,0.0008835040498524904,0.0,0.8888888955116272,0.8888888955116272
239,eval,,0.0011377327609807253,0.0013273548102006316,0.0,1.0,1.0,1.0,1.0,0.9974909424781799,0.9933817386627197,0.9999997615814209,,,0.22505223751068115,0.22385264933109283,-0.006687144283205271,0.10444564372301102,0.10770059376955032,0.04315702244639397,0.06631975620985031,0.06782600283622742,-0.028656894341111183,0.2673179805278778,0.2797382175922394,-0.006436361465603113,0.0010582134127616882,0.0010034433798864484,0.02826964296400547,0.010493552312254906,0.010597898624837399,-0.007690910249948502,0.0008208951912820339,0.0008835040498524904,0.0,0.8888888955116272,0.8888888955116272
240,train,0.0009869632000724475,0.001107661402784288,0.0012922717723995447,0.0,1.0,1.0,1.0,1.0,0.9975339770317078,0.9934097528457642,1.0000001192092896,0.4334031028228402,0.003174711368046701,0.22287070751190186,0.22385264933109283,0.020321493968367577,0.10359357297420502,0.10770059376955032,-0.01959838531911373,0.06542132049798965,0.06782600283622742,0.031188765540719032,0.291338711977005,0.2797382175922394,0.009979641996324062,0.0013339974684640765,0.0010034433798864484,-0.020324574783444405,0.010521297343075275,0.010597898624837399,-0.005954998079687357,0.001001305296085775,0.0008835040498524904,0.0,0.8888888955116272,0.8888888955116272
240,eval,,0.0011076611699536443,0.001292271539568901,0.0,1.0,1.0,1.0,1.0,0.9975339770317078,0.9934096336364746,0.9999997615814209,,,0.22287070751190186,0.22385264933109283,0.020321479067206383,0.10359358042478561,0.10770059376955032,-0.019598376005887985,0.06542131304740906,0.06782600283622742,0.031188765540719032,0.291338711977005,0.2797382175922394,0.009979650378227234,0.001333997817710042,0.0010034433798864484,-0.02032455988228321,0.010521299205720425,0.010597898624837399,-0.0059549943543970585,0.0010013050632551312,0.0008835040498524904,0.0,0.8888888955116272,0.8888888955116272
241,train,0.000918605481274426,0.0011706554796546698,0.0013657646486535668,0.0,1.0,1.0,1.0,1.0,0.9974502921104431,0.9932159185409546,1.0000001192092896,0.42926700457087985,0.00320029491558671,0.22457556426525116,0.22385264933109283,-0.010280185379087925,0.11160681396722794,0.10770059376955032,0.004677946213632822,0.06509291380643845,0.06782600283622742,-0.038428038358688354,0.2624253034591675,0.2797382175922394,-0.00977911427617073,0.0011202068999409676,0.0010034433798864484,-0.0011861036764457822,0.01030765101313591,0.010597898624837399,0.018772656098008156,0.0008008125587366521,0.0008835040498524904,0.0,0.8888888955116272,0.8888888955116272
241,eval,,0.0011706551304087043,0.001365764532238245,0.0,1.0,1.0,1.0,1.0,0.9974502921104431,0.9932159185409546,0.9999997615814209,,,0.22457556426525116,0.22385264933109283,-0.010280190035700798,0.11160682886838913,0.10770059376955032,0.0046779378317296505,0.06509292125701904,0.06782600283622742,-0.03842801973223686,0.2624253034591675,0.2797382175922394,-0.009779118932783604,0.001120206550695002,0.0010034433798864484,-0.001186090405099094,0.01030765101313591,0.010597898624837399,0.018772652372717857,0.0008008121512830257,0.0008835040498524904,0.0,0.8888888955116272,0.8888888955116272
242,train,0.0009790410210068028,0.001672846614383161,0.0019516539759933949,0.0,1.0,1.0,1.0,1.0,0.9963494539260864,0.9902878999710083,1.0,0.5296358742356483,0.003526694141328335,0.22279997169971466,0.22385264933109283,-0.020033901557326317,0.10483179986476898,0.10770059376955032,0.03498959168791771,0.0679595097899437,0.06782600283622742,0.03574715927243233,0.28514668345451355,0.2797382175922394,0.006696324795484543,0.0013239213731139898,0.0010034433798864484,0.033207714557647705,0.011450194753706455,0.010597898624837399,-0.04570350423455238,0.0012262570671737194,0.0008835040498524904,0.0,0.8888888955116272,0.8888888955116272
242,eval,,0.0016728463815525174,0.0019516543252393603,0.0,1.0,1.0,1.0,1.0,0.9963493943214417,0.9902878999710083,0.9999997615814209,,,0.22279997169971466,0.22385264933109283,-0.02003389410674572,0.10483179986476898,0.10770059376955032,0.03498958423733711,0.0679595097899437,0.06782600283622742,0.035747166723012924,0.28514665365219116,0.2797382175922394,0.006696327123790979,0.0013239214895293117,0.0010034433798864484,0.03320770338177681,0.01145019382238388,0.010597898624837399,-0.04570351541042328,0.0012262570671737194,0.0008835040498524904,0.0,0.8888888955116272,0.8888888955116272
243,train,0.0010234139238794644,0.001784497406333685,0.0020819134078919888,0.0,1.0,1.0,1.0,1.0,0.996188759803772,0.9900597333908081,1.0,0.24231790380488233,0.0031601566588506103,0.22776401042938232,0.22385264933109283,0.0337442122399807,0.10998613387346268,0.10770059376955032,-0.03840406611561775,0.06558056175708771,0.06782600283622742,-0.042561959475278854,0.2742063105106354,0.2797382175922394,-0.0035738542210310698,0.0011556298704817891,0.0010034433798864484,-0.03861721605062485,0.010654808953404427,0.010597898624837399,0.04173111915588379,0.0008352168370038271,0.0008835040498524904,0.0,0.8888888955116272,0.8888888955116272
243,eval,,0.001784497406333685,0.002081913873553276,0.0,1.0,1.0,1.0,1.0,0.9961886405944824,0.9900596737861633,0.9999997615814209,,,0.22776401042938232,0.22385264933109283,0.0337442047894001,0.10998613387346268,0.10770059376955032,-0.03840408846735954,0.06558055430650711,0.06782600283622742,-0.04256194829940796,0.27420634031295776,0.2797382175922394,-0.0035738444421440363,0.0011556295212358236,0.0010034433798864484,-0.038617219775915146,0.010654808953404427,0.010597898624837399,0.04173111915588379,0.0008352169534191489,0.0008835040498524904,0.0,0.8888888955116272,0.8888888955116272
244,train,0.0011127372660363715,0.001599845476448536,0.0018664863891899586,0.0,1.0,1.0,1.0,1.0,0.9964469075202942,0.9905150532722473,1.000000238418579,0.23010137964935104,0.0031239555682986975,0.22305749356746674,0.22385264933109283,-0.042921245098114014,0.11067264527082443,0.10770059376955032,0.039160024374723434,0.06929582357406616,0.06782600283622742,0.038098741322755814,0.2855018675327301,0.2797382175922394,0.0017085452564060688,0.0009791342308744788,0.0010034433798864484,0.02179861254990101,0.011575451120734215,0.010597898624837399,-0.0343555323779583,0.0008489986066706479,0.0008835040498524904,0.0,0.8888888955116272,0.8888888955116272
244,eval,,0.0015998455928638577,0.0018664865056052804,0.0,1.0,1.0,1.0,1.0,0.9964467883110046,0.9905151128768921,0.9999997615814209,,,0.22305747866630554,0.22385264933109283,-0.04292125627398491,0.11067264527082443,0.10770059376955032,0.039160024374723434,0.06929581612348557,0.06782600283622742,0.038098763674497604,0.2855018675327301,0.2797382175922394,0.001708533032797277,0.0009791349293664098,0.0010034433798864484,0.02179860509932041,0.011575451120734215,0.010597898624837399,-0.0343555323779583,0.0008489988395012915,0.0008835040498524904,0.0,0.8888888955116272,0.8888888955116272
245,train,0.0010131991778810818,0.0016922964714467525,0.0019743458833545446,0.0,1.0,1.0,1.0,1.0,0.9965307712554932,0.9909102320671082,1.0,0.3266872143652885,0.0029823746299371123,0.22688038647174835,0.22385264933109283,0.004148790147155523,0.10049574077129364,0.10770059376955032,-0.024988286197185516,0.06660816073417664,0.06782600283622742,-0.06756198406219482,0.27027323842048645,0.2797382175922394,-0.008565758354961872,0.0011463871924206614,0.0010034433798864484,-0.008571989834308624,0.010570583865046501,0.010597898624837399,0.029344314709305763,0.0008720566984266043,0.0008835040498524904,0.0,0.8888888955116272,0.8888888955116272
245,eval,,0.0016922964714467525,0.0019743458833545446,0.0,1.0,1.0,1.0,1.0,0.9965307712554932,0.9909101724624634,0.9999997615814209,,,0.22688038647174835,0.22385264933109283,0.004148796666413546,0.10049574822187424,0.10770059376955032,-0.02498828060925007,0.06660816818475723,0.06782600283622742,-0.06756197661161423,0.27027323842048645,0.2797382175922394,-0.008565756492316723,0.0011463871924206614,0.0010034433798864484,-0.008571974001824856,0.010570584796369076,0.010597898624837399,0.02934432029724121,0.0008720570476725698,0.0008835040498524904,0.0,0.8888888955116272,0.8888888955116272
246,train,0.0010389133434121807,0.0016398243606090546,0.001913128886371851,0.0,1.0,1.0,1.0,1.0,0.9966880083084106,0.9913085103034973,1.0000001192092896,0.2941013595502716,0.003167268820106983,0.21879343688488007,0.22385264933109283,0.021571561694145203,0.10940084606409073,0.10770059376955032,0.004928800743073225,0.0676879808306694,0.06782600283622742,0.07115402072668076,0.27064037322998047,0.2797382175922394,0.014829915948212147,0.000986584578640759,0.0010034433798864484,-0.005791155155748129,0.010738417506217957,0.010597898624837399,-0.022395780310034752,0.0007233117357827723,0.0008835040498524904,0.0,0.8888888955116272,0.8888888955116272
246,eval,,0.0016398243606090546,0.0019131284207105637,0.0,1.0,1.0,1.0,1.0,0.9966880083084106,0.9913085103034973,0.9999997615814209,,,0.21879343688488007,0.22385264933109283,0.021571585908532143,0.10940084606409073,0.10770059376955032,0.004928780719637871,0.0676879733800888,0.06782600283622742,0.07115401327610016,0.27064037322998047,0.2797382175922394,0.014829911291599274,0.000986584578640759,0.0010034433798864484,-0.005791170988231897,0.010738415643572807,0.010597898624837399,-0.022395769134163857,0.0007233109208755195,0.0008835040498524904,0.0,0.8888888955116272,0.8888888955116272
247,train,0.0010216397931799293,0.0021625913213938475,0.002523022936657071,0.0,1.0,1.0,1.0,1.0,0.9959973096847534,0.9897242188453674,1.0,0.2931717468546057,0.0033438493264839053,0.22868119180202484,0.22385264933109283,-0.060000237077474594,0.10485336184501648,0.10770059376955032,-0.014416041783988476,0.06556279212236404,0.06782600283622742,-0.07565062493085861,0.2878964841365814,0.2797382175922394,-0.010487805120646954,0.0009503278415650129,0.0010034433798864484,0.01844756305217743,0.010661459527909756,0.010597898624837399,0.01579822041094303,0.000751281448174268,0.0008835040498524904,0.0,0.8888888955116272,0.8888888955116272
247,eval,,0.002162591088563204,0.0025230227038264275,0.0,1.0,1.0,1.0,1.0,0.9959971904754639,0.9897242784500122,0.9999997615814209,,,0.22868117690086365,0.22385264933109283,-0.060000229626894,0.10485336184501648,0.10770059376955032,-0.014416036196053028,0.06556278467178345,0.06782600283622742,-0.07565061002969742,0.28789645433425903,0.2797382175922394,-0.010487803258001804,0.0009503273176960647,0.0010034433798864484,0.01844756118953228,0.01066146045923233,0.010597898624837399,0.01579822041094303,0.0007512816810049117,0.0008835040498524904,0.0,0.8888888955116272,0.8888888955116272
248,train,0.001259458833374083,0.0014886955032125115,0.0017368117114529014,0.0,1.0,1.0,1.0,1.0,0.9972447752952576,0.9928580522537231,1.0000001192092896,0.3512636105880654,0.0032006860710680485,0.22021785378456116,0.22385264933109283,0.05188588425517082,0.10119882971048355,0.10770059376955032,0.022239459678530693,0.06679585576057434,0.06782600283622742,0.04666502773761749,0.26661327481269836,0.2797382175922394,0.0028735948726534843,0.0009768749587237835,0.0010034433798864484,-0.008283399976789951,0.0104213897138834,0.010597898624837399,-0.004601785447448492,0.0011804929235950112,0.0008835040498524904,0.0,0.8888888955116272,0.8888888955116272
248,eval,,0.0014886957360431552,0.0017368120606988668,0.0,1.0,1.0,1.0,1.0,0.9972448945045471,0.9928580522537231,0.9999997615814209,,,0.22021785378456116,0.22385264933109283,0.05188590660691261,0.10119882225990295,0.10770059376955032,0.02223946712911129,0.06679585576057434,0.06782600283622742,0.046665042638778687,0.26661327481269836,0.2797382175922394,0.0028735969681292772,0.0009768743766471744,0.0010034433798864484,-0.008283381350338459,0.010421390645205975,0.010597898624837399,-0.004601786378771067,0.0011804922251030803,0.0008835040498524904,0.0,0.8888888955116272,0.8888888955116272
249,train,0.0010700552181030314,0.0009105528588406742,0.0010623116977512836,0.0,1.0,1.0,1.0,1.0,0.9981961846351624,0.9953250288963318,1.0,0.4873388088275587,0.002941428800113499,0.2224220335483551,0.22385264933109283,-0.029878588393330574,0.10826507210731506,0.10770059376955032,-0.027515368536114693,0.06337291747331619,0.06782600283622742,-0.011992626823484898,0.2788763642311096,0.2797382175922394,0.0012503460748121142,0.0009590517729520798,0.0010034433798864484,-0.008256970904767513,0.010004718787968159,0.010597898624837399,0.005251333583146334,0.0008321136119775474,0.0008835040498524904,0.0,0.8888888955116272,0.8888888955116272
249,eval,,0.0009105528588406742,0.0010623113485053182,0.0,1.0,1.0,1.0,1.0,0.9981961846351624,0.9953250288963318,0.9999997615814209,,,0.2224220484495163,0.22385264933109283,-0.029878588393330574,0.10826508700847626,0.10770059376955032,-0.027515357360243797,0.06337291747331619,0.06782600283622742,-0.011992637068033218,0.2788763642311096,0.2797382175922394,0.001250352361239493,0.0009590522386133671,0.0010034433798864484,-0.008256952278316021,0.010004718787968159,0.010597898624837399,0.005251314956694841,0.000832113204523921,0.0008835040498524904,0.0,0.8888888955116272,0.8888888955116272
250,train,0.0009239134378731251,0.0007624446880072355,0.0008895188220776618,0.0,1.0,1.0,1.0,1.0,0.9983012080192566,0.9954840540885925,1.0,0.5270532881055108,0.002890971372835338,0.2245888113975525,0.22385264933109283,-0.013047645799815655,0.10870949178934097,0.10770059376955032,-0.002444133162498474,0.06513286381959915,0.06782600283622742,-0.009128586389124393,0.28731414675712585,0.2797382175922394,0.005610063672065735,0.0009681954397819936,0.0010034433798864484,0.0278411116451025,0.010649510659277439,0.010597898624837399,-0.007496636360883713,0.0010910036507993937,0.0008835040498524904,0.0,0.8888888955116272,0.8888888955116272
250,eval,,0.0007624445133842528,0.0008895185310393572,0.0,1.0,1.0,1.0,1.0,0.998301088809967,0.9954840540885925,0.9999997615814209,,,0.2245888113975525,0.22385264933109283,-0.013047657907009125,0.10870948433876038,0.10770059376955032,-0.0024441301357001066,0.06513286381959915,0.06782600283622742,-0.009128582663834095,0.28731414675712585,0.2797382175922394,0.005610056221485138,0.0009681953233666718,0.0010034433798864484,0.0278411116451025,0.010649515315890312,0.010597898624837399,-0.007496634963899851,0.0010910040000453591,0.0008835040498524904,0.0,0.8888888955116272,0.8888888955116272
251,train,0.0008003544450427095,0.0012552938424050808,0.001464509405195713,0.0,1.0,1.0,1.0,1.0,0.9973174333572388,0.9928990006446838,1.000000238418579,0.4719107530287437,0.0029053756734356284,0.2230881154537201,0.22385264933109283,0.043810393661260605,0.10616859793663025,0.10770059376955032,0.0016062874346971512,0.0660276859998703,0.06782600283622742,0.039023663848638535,0.2808850407600403,0.2797382175922394,-0.003154503181576729,0.0009675619658082724,0.0010034433798864484,-0.03150302916765213,0.010606475174427032,0.010597898624837399,0.00246876641176641,0.0009395813103765249,0.0008835040498524904,0.0,0.8888888955116272,0.8888888955116272
251,eval,,0.0012552940752357244,0.0014645098708570004,0.0,1.0,1.0,1.0,1.0,0.9973173141479492,0.9928989410400391,0.9999997615814209,,,0.2230881154537201,0.22385264933109283,0.043810393661260605,0.10616859048604965,0.10770059376955032,0.0016062906943261623,0.0660276859998703,0.06782600283622742,0.03902366757392883,0.2808850407600403,0.2797382175922394,-0.003154515055939555,0.0009675620822235942,0.0010034433798864484,-0.03150303661823273,0.010606477968394756,0.010597898624837399,0.002468748949468136,0.000939581252168864,0.0008835040498524904,0.0,0.8888888955116272,0.8888888955116272
252,train,0.0009007001062855124,0.002096874639391899,0.002446353668347001,0.0,1.0,1.0,1.0,1.0,0.9959919452667236,0.9896270036697388,1.0,0.39072526398313895,0.0029225387843325734,0.22798839211463928,0.22385264933109283,-0.07433972507715225,0.11513780057430267,0.10770059376955032,-0.007910032756626606,0.06515900790691376,0.06782600283622742,-0.055797774344682693,0.28750142455101013,0.2797382175922394,-0.006764817982912064,0.0009906995110213757,0.0010034433798864484,0.022547001019120216,0.010465878061950207,0.010597898624837399,0.007881457917392254,0.0008487929007969797,0.0008835040498524904,0.0,0.8888888955116272,0.8888888955116272
252,eval,,0.0020968744065612555,0.0024463527370244265,0.0,1.0,1.0,1.0,1.0,0.9959917068481445,0.9896270036697388,0.9999997615814209,,,0.22798839211463928,0.22385264933109283,-0.07433973252773285,0.11513780057430267,0.10770059376955032,-0.007910028100013733,0.06515902280807495,0.06782600283622742,-0.05579778179526329,0.28750139474868774,0.2797382175922394,-0.006764830555766821,0.0009906995110213757,0.0010034433798864484,0.02254699170589447,0.010465873405337334,0.010597898624837399,0.007881429977715015,0.0008487930754199624,0.0008835040498524904,0.0,0.8888888955116272,0.8888888955116272
253,train,0.0012490635660166542,0.0012556876754388213,0.0014649690128862858,0.0,1.0,1.0,1.0,1.0,0.9976462721824646,0.9939729571342468,1.0,0.3273816095118983,0.002864298294298351,0.22353941202163696,0.22385264933109283,0.04982602596282959,0.10580114275217056,0.10770059376955032,0.015628747642040253,0.06767986714839935,0.06782600283622742,0.03796878829598427,0.28190353512763977,0.2797382175922394,0.013656402938067913,0.0009223489323630929,0.0010034433798864484,-0.003702928312122822,0.010669770650565624,0.010597898624837399,-0.0137608228251338,0.0010311718797311187,0.0008835040498524904,0.0,0.8888888955116272,0.8888888955116272
253,eval,,0.0012556866277009249,0.0014649676159024239,0.0,1.0,1.0,1.0,1.0,0.997646152973175,0.9939730167388916,0.9999997615814209,,,0.22353941202163696,0.22385264933109283,0.0498259998857975,0.10580113530158997,0.10770059376955032,0.015628745779395103,0.06767986714839935,0.06782600283622742,0.037968795746564865,0.28190356492996216,0.2797382175922394,0.01365640014410019,0.000922348874155432,0.0010034433798864484,-0.0037029359955340624,0.010669772513210773,0.010597898624837399,-0.013760823756456375,0.001031171646900475,0.0008835040498524904,0.0,0.8888888955116272,0.8888888955116272
254,train,0.0009507690944398443,0.0010490824934095144,0.0012239296920597553,0.0,1.0,1.0,1.0,1.0,0.9980246424674988,0.9948648810386658,1.0000001192092896,0.40017805716400345,0.0029410277493298054,0.22557920217514038,0.22385264933109283,-0.030281050130724907,0.10959113389253616,0.10770059376955032,-0.021527891978621483,0.06422654539346695,0.06782600283622742,-0.03613327443599701,0.28329429030418396,0.2797382175922394,-0.014418737031519413,0.0009458613349124789,0.0010034433798864484,-0.004981334321200848,0.01023312658071518,0.010597898624837399,0.01934126950800419,0.0007484422530978918,0.0008835040498524904,0.0,0.8888888955116272,0.8888888955116272
254,eval,,0.0010490830754861236,0.001223929924890399,0.0,1.0,1.0,1.0,1.0,0.9980246424674988,0.9948648810386658,0.9999997615814209,,,0.22557920217514038,0.22385264933109283,-0.03028106689453125,0.10959113389253616,0.10770059376955032,-0.021527910605072975,0.06422653794288635,0.06782600283622742,-0.0361333005130291,0.28329429030418396,0.2797382175922394,-0.014418725855648518,0.0009458611020818353,0.0010034433798864484,-0.004981339443475008,0.01023312471807003,0.010597898624837399,0.019341280683875084,0.00074844277696684,0.0008835040498524904,0.0,0.8888888955116272,0.8888888955116272
255,train,0.0009819426340982318,0.001181512139737606,0.001378430868498981,0.0,1.0,1.0,1.0,1.0,0.9974607229232788,0.9932556748390198,1.0000001192092896,0.5822997356573547,0.003457464976236224,0.2225262075662613,0.22385264933109283,-0.029685085639357567,0.10897202044725418,0.10770059376955032,0.0340895876288414,0.0659589171409607,0.06782600283622742,0.02048114687204361,0.2835521101951599,0.2797382175922394,0.004328728653490543,0.0008822187664918602,0.0010034433798864484,0.037081703543663025,0.010105944238603115,0.010597898624837399,-0.01875983364880085,0.0007280310965143144,0.0008835040498524904,0.0,0.8888888955116272,0.8888888955116272
255,eval,,0.001181512139737606,0.0013784305192530155,0.0,1.0,1.0,1.0,1.0,0.9974607229232788,0.9932558536529541,0.9999997615814209,,,0.2225262075662613,0.22385264933109283,-0.02968508005142212,0.10897200554609299,0.10770059376955032,0.0340895839035511,0.06595892459154129,0.06782600283622742,0.02048114873468876,0.2835521101951599,0.2797382175922394,0.004328747745603323,0.0008822189411148429,0.0010034433798864484,0.03708170726895332,0.010105944238603115,0.010597898624837399,-0.018759841099381447,0.0007280305726453662,0.0008835040498524904,0.0,0.8888888955116272,0.8888888955116272
256,train,0.0008813869790174067,0.0012643815716728568,0.001475112047046423,0.0,1.0,1.0,1.0,1.0,0.9971930384635925,0.9925019145011902,1.0000001192092896,0.2823934851515274,0.002499361173249781,0.22240930795669556,0.22385264933109283,0.03598492965102196,0.10449612885713577,0.10770059376955032,-0.02471015602350235,0.0629572793841362,0.06782600283622742,-0.011406210251152515,0.2619759738445282,0.2797382175922394,-0.011527039110660553,0.0008919985266402364,0.0010034433798864484,-0.03438613563776016,0.009603247977793217,0.010597898624837399,0.024549946188926697,0.0007690066122449934,0.0008835040498524904,0.0,0.8888888955116272,0.8888888955116272
256,eval,,0.0012643808731809258,0.0014751112321391702,0.0,1.0,1.0,1.0,1.0,0.9971931576728821,0.9925020337104797,0.9999997615814209,,,0.22240930795669556,0.22385264933109283,0.03598492592573166,0.10449612140655518,0.10770059376955032,-0.02471013553440571,0.0629572719335556,0.06782600283622742,-0.011406190693378448,0.2619760036468506,0.2797382175922394,-0.011527021415531635,0.0008919982938095927,0.0010034433798864484,-0.034386128187179565,0.00960325263440609,0.010597898624837399,0.02454993687570095,0.0007690059137530625,0.0008835040498524904,0.0,0.8888888955116272,0.8888888955116272
257,train,0.0008357094484381378,0.0011960903648287058,0.0013954391470178962,0.0,1.0,1.0,1.0,1.0,0.9973635077476501,0.9929669499397278,1.0000001192092896,0.21486612363689142,0.0023532191989943385,0.22273825109004974,0.22385264933109283,-0.03310975432395935,0.10752547532320023,0.10770059376955032,0.02129344455897808,0.06489241123199463,0.06782600283622742,0.014252185821533203,0.2879396378993988,0.2797382175922394,0.005402345210313797,0.0009687468409538269,0.0010034433798864484,0.031543709337711334,0.011090685613453388,0.010597898624837399,-0.010252216830849648,0.0008503455901518464,0.0008835040498524904,0.0,0.8888888955116272,0.8888888955116272
257,eval,,0.0011960905976593494,0.0013954390306025743,0.0,1.0,1.0,1.0,1.0,0.9973635077476501,0.9929669499397278,0.9999997615814209,,,0.22273825109004974,0.22385264933109283,-0.03310978412628174,0.10752548277378082,0.10770059376955032,0.02129344642162323,0.06489241868257523,0.06782600283622742,0.014252189546823502,0.2879396378993988,0.2797382175922394,0.005402343813329935,0.0009687466081231833,0.0010034433798864484,0.03154369816184044,0.011090686544775963,0.010597898624837399,-0.010252215899527073,0.0008503450662828982,0.0008835040498524904,0.0,0.8888888955116272,0.8888888955116272
258,train,0.0008244690058442453,0.0007245455635711551,0.0008453031769022346,0.0,1.0,1.0,1.0,1.0,0.9983838200569153,0.9956814050674438,1.0000001192092896,0.27205446601313077,0.00219715730054304,0.2234557718038559,0.22385264933109283,0.022127406671643257,0.10168159753084183,0.10770059376955032,-0.011081268079578876,0.06538747251033783,0.06782600283622742,-0.009706451557576656,0.27446672320365906,0.2797382175922394,-0.005688945297151804,0.0010264465818181634,0.0010034433798864484,-0.014896455220878124,0.010495576076209545,0.010597898624837399,0.010661646723747253,0.0007367784273810685,0.0008835040498524904,0.0,0.8888888955116272,0.8888888955116272
258,eval,,0.0007245457964017987,0.0008453035261482,0.0,1.0,1.0,1.0,1.0,0.9983838200569153,0.9956814646720886,0.9999997615814209,,,0.2234557718038559,0.22385264933109283,0.022127419710159302,0.10168159753084183,0.10770059376955032,-0.0110812708735466,0.06538745760917664,0.06782600283622742,-0.009706440381705761,0.27446672320365906,0.2797382175922394,-0.005688952747732401,0.0010264465818181634,0.0010034433798864484,-0.014896471053361893,0.01049557700753212,0.010597898624837399,0.01066164392977953,0.0007367783109657466,0.0008835040498524904,0.0,0.8888888955116272,0.8888888955116272
259,train,0.0007157147435160974,0.0005869098240509629,0.0006847282056696713,0.0,1.0,1.0,1.0,1.0,0.9987106323242188,0.9965736269950867,1.0,0.35315660537349086,0.0022569685243070126,0.22376695275306702,0.22385264933109283,0.011930531822144985,0.10404679924249649,0.10770059376955032,0.0035138532985001802,0.06762690097093582,0.06782600283622742,0.00544386962428689,0.28164157271385193,0.2797382175922394,0.007998396642506123,0.0009051375673152506,0.0010034433798864484,0.001221124199219048,0.011240583844482899,0.010597898624837399,-0.008143893443048,0.0006479612784460187,0.0008835040498524904,0.0,0.8888888955116272,0.8888888955116272
259,eval,,0.0005869098822586238,0.0006847280892543495,0.0,1.0,1.0,1.0,1.0,0.9987106919288635,0.9965736269950867,0.9999997615814209,,,0.2237669676542282,0.22385264933109283,0.011930543929338455,0.10404681414365768,0.10770059376955032,0.003513868898153305,0.06762690842151642,0.06782600283622742,0.005443871021270752,0.28164157271385193,0.2797382175922394,0.007998394779860973,0.0009051376837305725,0.0010034433798864484,0.001221120241098106,0.011240586638450623,0.010597898624837399,-0.008143888786435127,0.000647961045615375,0.0008835040498524904,0.0,0.8888888955116272,0.8888888955116272
260,train,0.000608419650234282,0.0007840276230126619,0.0009146987576968968,0.0,1.0,1.0,1.0,1.0,0.9982799291610718,0.9954515099525452,1.0000001192092896,0.31394191678482164,0.001978545100428164,0.2254870980978012,0.22385264933109283,-0.023236185312271118,0.10737547278404236,0.10770059376955032,0.012433434836566448,0.06676891446113586,0.06782600283622742,-0.013722744770348072,0.28641724586486816,0.2797382175922394,-0.009957822971045971,0.0009077386348508298,0.0010034433798864484,0.015124036930501461,0.0119005823507905,0.010597898624837399,-0.0006716881762258708,0.0008668485097587109,0.0008835040498524904,0.0,0.8888888955116272,0.8888888955116272
260,eval,,0.0007840276230126619,0.0009146989905275404,0.0,1.0,1.0,1.0,1.0,0.9982799291610718,0.9954515695571899,0.9999997615814209,,,0.2254870980978012,0.22385264933109283,-0.023236185312271118,0.10737547278404236,0.10770059376955032,0.012433432042598724,0.06676889955997467,0.06782600283622742,-0.01372274849563837,0.28641724586486816,0.2797382175922394,-0.009957822971045971,0.0009077389840967953,0.0010034433798864484,0.015124029479920864,0.0119005823507905,0.010597898624837399,-0.0006717045907862484,0.0008668489172123373,0.0008835040498524904,0.0,0.8888888955116272,0.8888888955116272
261,train,0.0006207882931145529,0.0007565378327853978,0.0008826275588944554,0.0,1.0,1.0,1.0,1.0,0.9983329176902771,0.9955557584762573,0.9999999403953552,0.163115921782176,0.001685485418420285,0.22306449711322784,0.22385264933109283,0.02646701969206333,0.10226410627365112,0.10770059376955032,-0.0009496803977526724,0.0651085302233696,0.06782600283622742,0.005062083248049021,0.2758887708187103,0.2797382175922394,0.0070753381587564945,0.0009085439960472286,0.0010034433798864484,-0.019205620512366295,0.011160974390804768,0.010597898624837399,0.004648661706596613,0.0008603931637480855,0.0008835040498524904,0.0,0.8888888955116272,0.8888888955116272
261,eval,,0.0007565378327853978,0.0008826274424791336,0.0,1.0,1.0,1.0,1.0,0.9983330368995667,0.9955558180809021,0.9999997615814209,,,0.22306449711322784,0.22385264933109283,0.026467010378837585,0.10226411372423172,0.10770059376955032,-0.0009496770799160004,0.0651085376739502,0.06782600283622742,0.005062099080532789,0.2758887708187103,0.2797382175922394,0.00707533722743392,0.0009085441706702113,0.0010034433798864484,-0.01920563168823719,0.011160974390804768,0.010597898624837399,0.004648657515645027,0.0008603932219557464,0.0008835040498524904,0.0,0.8888888955116272,0.8888888955116272
262,train,0.0007183401224513849,0.0007227330352179706,0.0008431884925812483,0.0,1.0,1.0,1.0,1.0,0.9985159039497375,0.9960987567901611,1.0000001192092896,0.3355020516906312,0.0023571717320010066,0.2209291011095047,0.22385264933109283,0.011956005357205868,0.1077432632446289,0.10770059376955032,0.0022331606596708298,0.06486350297927856,0.06782600283622742,0.029752830043435097,0.27706173062324524,0.2797382175922394,-0.007139983121305704,0.0009556897566653788,0.0010034433798864484,0.015389877371490002,0.010933981277048588,0.010597898624837399,-0.0011525446316227317,0.0007974787731654942,0.0008835040498524904,0.0,0.8888888955116272,0.8888888955116272
262,eval,,0.0007227328605949879,0.0008431883179582655,0.0,1.0,1.0,1.0,1.0,0.9985161423683167,0.9960988759994507,0.9999997615814209,,,0.2209291011095047,0.22385264933109283,0.011956018395721912,0.1077432706952095,0.10770059376955032,0.0022331441286951303,0.06486350297927856,0.06782600283622742,0.029752837494015694,0.27706170082092285,0.2797382175922394,-0.007140000816434622,0.0009556894656270742,0.0010034433798864484,0.015389859676361084,0.010933982208371162,0.010597898624837399,-0.001152549753896892,0.0007974793552421033,0.0008835040498524904,0.0,0.8888888955116272,0.8888888955116272
263,train,0.0006039183159979681,0.000762629380915314,0.0008897343650460243,0.0,1.0,1.0,1.0,1.0,0.9983654618263245,0.9956924915313721,1.0,0.18775349734502692,0.0016658880631439388,0.22579658031463623,0.22385264933109283,-0.0021147907245904207,0.11089272797107697,0.10770059376955032,0.00810200534760952,0.06320464611053467,0.06782600283622742,-0.033074069768190384,0.2716749310493469,0.2797382175922394,-0.004053405486047268,0.001011348213069141,0.0010034433798864484,-0.003990976605564356,0.010791786015033722,0.010597898624837399,0.0012436165707185864,0.0008582136943005025,0.0008835040498524904,0.0,0.8888888955116272,0.8888888955116272
263,eval,,0.0007626294391229749,0.0008897344814613461,0.0,1.0,1.0,1.0,1.0,0.9983652234077454,0.9956925511360168,0.9999997615814209,,,0.22579658031463623,0.22385264933109283,-0.002114784438163042,0.11089272052049637,0.10770059376955032,0.008102024905383587,0.06320465356111526,0.06782600283622742,-0.033074092119932175,0.2716749310493469,0.2797382175922394,-0.0040534078143537045,0.0010113483294844627,0.0010034433798864484,-0.0039909603074193,0.010791787877678871,0.010597898624837399,0.0012436216929927468,0.0008582142763771117,0.0008835040498524904,0.0,0.8888888955116272,0.8888888955116272
264,train,0.0005991168242568771,0.0012890247162431479,0.0015038623241707683,0.0,1.0,1.0,1.0,1.0,0.9973823428153992,0.9931212067604065,1.0000001192092896,0.2480480090390413,0.00198157224804163,0.21970362961292267,0.22385264933109283,0.016646234318614006,0.10556719452142715,0.10770059376955032,-0.011332917027175426,0.06348780542612076,0.06782600283622742,0.061453819274902344,0.28897565603256226,0.2797382175922394,0.00970033835619688,0.0009716851054690778,0.0010034433798864484,-0.004417756572365761,0.010795478709042072,0.010597898624837399,0.0008800624054856598,0.0009254752658307552,0.0008835040498524904,0.0,0.8888888955116272,0.8888888955116272
264,eval,,0.0012890243669971824,0.0015038613928481936,0.0,1.0,1.0,1.0,1.0,0.9973822236061096,0.9931213855743408,0.9999997615814209,,,0.21970362961292267,0.22385264933109283,0.016646241769194603,0.10556719452142715,0.10770059376955032,-0.011332926340401173,0.06348780542612076,0.06782600283622742,0.061453815549612045,0.28897565603256226,0.2797382175922394,0.009700332768261433,0.0009716852218843997,0.0010034433798864484,-0.004417761694639921,0.010795474983751774,0.010597898624837399,0.0008800534415058792,0.0009254748583771288,0.0008835040498524904,0.0,0.8888888955116272,0.8888888955116272
265,train,0.0008095699013210833,0.0011742532951757312,0.001369962003082037,0.0,1.0,1.0,1.0,1.0,0.9977095723152161,0.9940996170043945,1.0000001192092896,0.20626595206424284,0.002248225500807166,0.227816641330719,0.22385264933109283,-0.0070664226077497005,0.10952922701835632,0.10770059376955032,0.006661130115389824,0.06570218503475189,0.06782600283622742,-0.05921785905957222,0.26801803708076477,0.2797382175922394,-0.015604856424033642,0.0009888929780572653,0.0010034433798864484,0.000382288359105587,0.01041263248771429,0.010597898624837399,-0.0026194825768470764,0.0007756759296171367,0.0008835040498524904,0.0,0.8888888955116272,0.8888888955116272
265,eval,,0.0011742530623450875,0.001369962003082037,0.0,1.0,1.0,1.0,1.0,0.9977095723152161,0.9940997362136841,0.9999997615814209,,,0.227816641330719,0.22385264933109283,-0.007066415622830391,0.10952921956777573,0.10770059376955032,0.006661125924438238,0.06570218503475189,0.06782600283622742,-0.05921785533428192,0.26801803708076477,0.2797382175922394,-0.015604869462549686,0.0009888936765491962,0.0010034433798864484,0.00038227380719035864,0.01041263435035944,0.010597898624837399,-0.0026194751262664795,0.0007756760460324585,0.0008835040498524904,0.0,0.8888888955116272,0.8888888955116272
266,train,0.0008350791564832131,0.0007763301255181432,0.000905718537978828,0.0,1.0,1.0,1.0,1.0,0.9984209537506104,0.9958416223526001,1.0000001192092896,0.2976139748365952,0.0022661316907033324,0.22202147543430328,0.22385264933109283,-0.0033095639664679766,0.11073921620845795,0.10770059376955032,0.0038284379988908768,0.06638919562101364,0.06782600283622742,0.033971454948186874,0.28665634989738464,0.2797382175922394,0.022511878982186317,0.0009259486687369645,0.0010034433798864484,0.003856617258861661,0.010991417802870274,0.010597898624837399,-0.002891763113439083,0.0006912819226272404,0.0008835040498524904,0.0,0.8888888955116272,0.8888888955116272
266,eval,,0.0007763301255181432,0.0009057184215635061,0.0,1.0,1.0,1.0,1.0,0.9984208941459656,0.9958416223526001,0.9999997615814209,,,0.22202147543430328,0.22385264933109283,-0.003309575142338872,0.11073920875787735,0.10770059376955032,0.003828429849818349,0.06638919562101364,0.06782600283622742,0.03397145867347717,0.28665634989738464,0.2797382175922394,0.02251187153160572,0.0009259486687369645,0.0010034433798864484,0.0038566107396036386,0.010991417802870274,0.010597898624837399,-0.0028917754534631968,0.0006912814569659531,0.0008835040498524904,0.0,0.8888888955116272,0.8888888955116272
267,train,0.0006680974620394409,0.0008941411506384611,0.0010431647533550858,0.0,1.0,1.0,1.0,1.0,0.9981486797332764,0.9951192736625671,1.0000001192092896,0.31291021798396323,0.0021076550474390388,0.2253870815038681,0.22385264933109283,0.009058480150997639,0.10623749345541,0.10770059376955032,-0.03356001153588295,0.0646914392709732,0.06782600283622742,-0.004507329314947128,0.2930275499820709,0.2797382175922394,-0.02161732316017151,0.0009551974944770336,0.0010034433798864484,-0.011657304130494595,0.010784829035401344,0.010597898624837399,0.008127156645059586,0.0009522308246232569,0.0008835040498524904,0.0,0.8888888955116272,0.8888888955116272
267,eval,,0.0008941414416767657,0.0010431648697704077,0.0,1.0,1.0,1.0,1.0,0.9981485605239868,0.9951192736625671,0.9999997615814209,,,0.2253870815038681,0.22385264933109283,0.009058479219675064,0.1062374860048294,0.10770059376955032,-0.03356001526117325,0.06469143182039261,0.06782600283622742,-0.004507313948124647,0.2930275499820709,0.2797382175922394,-0.021617325022816658,0.0009551977855153382,0.0010034433798864484,-0.011657319031655788,0.010784824378788471,0.010597898624837399,0.008127150125801563,0.0009522313484922051,0.0008835040498524904,0.0,0.8888888955116272,0.8888888955116272
268,train,0.000649384077405557,0.0008897236548364162,0.0010380110470578074,0.0,1.0,1.0,1.0,1.0,0.9981034398078918,0.9950322508811951,1.0000001192092896,0.1556055326528101,0.0018536009592935443,0.2245934158563614,0.22385264933109283,-0.019935915246605873,0.10922044515609741,0.10770059376955032,0.035310834646224976,0.06798792630434036,0.06782600283622742,0.0019581590313464403,0.2826879620552063,0.2797382175922394,0.02142374776303768,0.0009208594565279782,0.0010034433798864484,0.012765772640705109,0.010624081827700138,0.010597898624837399,-0.008033723570406437,0.0007464642985723913,0.0008835040498524904,0.0,0.8888888955116272,0.8888888955116272
268,eval,,0.0008897236548364162,0.0010380105813965201,0.0,1.0,1.0,1.0,1.0,0.9981034398078918,0.9950321912765503,0.9999997615814209,,,0.2245934158563614,0.22385264933109283,-0.019935904070734978,0.10922044515609741,0.10770059376955032,0.03531082347035408,0.06798792630434036,0.06782600283622742,0.0019581771921366453,0.2826879620552063,0.2797382175922394,0.02142374776303768,0.0009208592819049954,0.0010034433798864484,0.012765766121447086,0.010624083690345287,0.010597898624837399,-0.008033737540245056,0.0007464642403647304,0.0008835040498524904,0.0,0.8888888955116272,0.8888888955116272
269,train,0.0006776096027654906,0.000992898247204721,0.0011583813466131687,0.0,1.0,1.0,1.0,1.0,0.9978234171867371,0.9941985607147217,1.0,0.3432513254422694,0.0022678429959341884,0.2230641394853592,0.22385264933109283,-0.000555140373762697,0.10690265148878098,0.10770059376955032,-0.0435681976377964,0.06524822860956192,0.06782600283622742,0.022876210510730743,0.29809367656707764,0.2797382175922394,-0.017531728371977806,0.0009439981076866388,0.0010034433798864484,0.0034035954158753157,0.010412626899778843,0.010597898624837399,0.004516230896115303,0.0008258435991592705,0.0008835040498524904,0.0,0.8888888955116272,0.8888888955116272
269,eval,,0.0009928984800353646,0.0011583815794438124,0.0,1.0,1.0,1.0,1.0,0.9978232383728027,0.9941985011100769,0.9999997615814209,,,0.2230641394853592,0.22385264933109283,-0.0005551301292143762,0.10690264403820038,0.10770059376955032,-0.043568205088377,0.06524822860956192,0.06782600283622742,0.0228761937469244,0.29809367656707764,0.2797382175922394,-0.017531728371977806,0.000943997991271317,0.0010034433798864484,0.0034035996068269014,0.010412625037133694,0.010597898624837399,0.004516232293099165,0.0008258438901975751,0.0008835040498524904,0.0,0.8888888955116272,0.8888888955116272
270,train,0.0007160758250392973,0.0010769614018499851,0.0012564549688249826,0.0,1.0,1.0,1.0,1.0,0.9976539611816406,0.9939730763435364,1.0000001192092896,0.3101532458685081,0.002240962232463062,0.22775492072105408,0.22385264933109283,0.008549564518034458,0.10391286015510559,0.10770059376955032,0.026173872873187065,0.06543595343828201,0.06782600283622742,-0.05184527114033699,0.2716304659843445,0.2797382175922394,0.017829274758696556,0.0009174363221973181,0.0010034433798864484,5.1137525588274e-05,0.010130539536476135,0.010597898624837399,-0.006418528500944376,0.0010870583355426788,0.0008835040498524904,0.0,0.8888888955116272,0.8888888955116272
270,eval,,0.001076961518265307,0.0012564552016556263,0.0,1.0,1.0,1.0,1.0,0.9976539015769958,0.9939731359481812,0.9999997615814209,,,0.22775490581989288,0.22385264933109283,0.008549557067453861,0.10391286015510559,0.10770059376955032,0.026173865422606468,0.06543594598770142,0.06782600283622742,-0.051845282316207886,0.2716304659843445,0.2797382175922394,0.017829276621341705,0.0009174365550279617,0.0010034433798864484,5.1137019909219816e-05,0.010130533017218113,0.010597898624837399,-0.006418527569621801,0.0010870588012039661,0.0008835040498524904,0.0,0.8888888955116272,0.8888888955116272
271,train,0.0008067531744018197,0.000739065813831985,0.0008622434106655419,0.0,1.0,1.0,1.0,1.0,0.9984123110771179,0.996061384677887,1.0000001192092896,0.34235104316773246,0.0025488698156550527,0.21844430267810822,0.22385264933109283,-0.026751017197966576,0.10581061244010925,0.10770059376955032,-0.004762938246130943,0.06394609063863754,0.06782600283622742,0.02734421379864216,0.2697175145149231,0.2797382175922394,-0.005099943373352289,0.0009349713800475001,0.0010034433798864484,-0.00013379815209191293,0.009757986292243004,0.010597898624837399,-0.004329770337790251,0.0010246612364426255,0.0008835040498524904,0.0,0.8888888955116272,0.8888888955116272
271,eval,,0.0007390660466626287,0.0008622436434961855,0.0,1.0,1.0,1.0,1.0,0.9984121322631836,0.9960613250732422,0.9999997615814209,,,0.21844430267810822,0.22385264933109283,-0.026751013472676277,0.10581061244010925,0.10770059376955032,-0.00476294057443738,0.06394608318805695,0.06782600283622742,0.027344221249222755,0.2697175145149231,0.2797382175922394,-0.005099945701658726,0.000934971496462822,0.0010034433798864484,-0.0001338156871497631,0.00975798536092043,0.010597898624837399,-0.004329776857048273,0.0010246613528579473,0.0008835040498524904,0.0,0.8888888955116272,0.8888888955116272
272,train,0.0006176160726075371,0.0009674126631580293,0.001128647942095995,0.0,1.0,1.0,1.0,1.0,0.9978777170181274,0.9944287538528442,1.0000001192092896,0.27933591224212306,0.002347794477827847,0.22628392279148102,0.22385264933109283,0.03654125705361366,0.103331558406353,0.10770059376955032,-0.022821655496954918,0.06537499278783798,0.06782600283622742,-0.029876405373215675,0.2794605791568756,0.2797382175922394,0.0008987616165541112,0.0010001151822507381,0.0010034433798864484,-0.004715146031230688,0.009742175228893757,0.010597898624837399,0.0034077491145581007,0.0009710124577395618,0.0008835040498524904,0.0,0.8888888955116272,0.8888888955116272
272,eval,,0.000967412895988673,0.0011286488734185696,0.0,1.0,1.0,1.0,1.0,0.9978775978088379,0.9944288730621338,0.9999997615814209,,,0.2262839376926422,0.22385264933109283,0.03654126822948456,0.1033315509557724,0.10770059376955032,-0.02282165177166462,0.06537499278783798,0.06782600283622742,-0.02987641654908657,0.2794605791568756,0.2797382175922394,0.0008987393230199814,0.0010001156479120255,0.0010034433798864484,-0.0047151511535048485,0.009742172434926033,0.010597898624837399,0.003407732816413045,0.0009710135636851192,0.0008835040498524904,0.0,0.8888888955116272,0.8888888955116272
273,train,0.000720572134014219,0.0009279632358811796,0.0010826240759342909,0.0,1.0,1.0,1.0,1.0,0.9979593753814697,0.9946198463439941,1.0000001192092896,0.28099799032910183,0.002343728207051754,0.22011183202266693,0.22385264933109283,-0.03800572082400322,0.10970933735370636,0.10770059376955032,0.016165366396307945,0.06716158986091614,0.06782600283622742,0.027371913194656372,0.27316659688949585,0.2797382175922394,0.010213657282292843,0.0010169463930651546,0.0010034433798864484,0.0067675611935555935,0.010623191483318806,0.010597898624837399,-0.0049788677133619785,0.0008835557382553816,0.0008835040498524904,0.0,0.8888888955116272,0.8888888955116272
273,eval,,0.0009279630612581968,0.0010826234938576818,0.0,1.0,1.0,1.0,1.0,0.9979592561721802,0.9946199059486389,0.9999997615814209,,,0.22011183202266693,0.22385264933109283,-0.03800571337342262,0.10970934480428696,0.10770059376955032,0.016165360808372498,0.06716158986091614,0.06782600283622742,0.027371900156140327,0.27316656708717346,0.2797382175922394,0.010213642381131649,0.0010169462766498327,0.0010034433798864484,0.006767570972442627,0.010623189620673656,0.010597898624837399,-0.004978866316378117,0.0008835552725940943,0.0008835040498524904,0.0,0.8888888955116272,0.8888888955116272
274,train,0.0007798318595935901,0.0008011299069039524,0.0009346515289507806,0.0,1.0,1.0,1.0,1.0,0.9982501268386841,0.9954288005828857,1.0,0.39382868489024697,0.0026688770158216357,0.22649696469306946,0.22385264933109283,0.01580009236931801,0.10677684098482132,0.10770059376955032,-0.006809735205024481,0.0665813609957695,0.06782600283622742,-0.02749025821685791,0.28156912326812744,0.2797382175922394,-0.025165170431137085,0.0010383176850154996,0.0010034433798864484,0.013179697096347809,0.010452324524521828,0.010597898624837399,0.014339406974613667,0.0009313500486314297,0.0008835040498524904,0.0,0.8888888955116272,0.8888888955116272
274,eval,,0.0008011297322809696,0.0009346513543277979,0.0,1.0,1.0,1.0,1.0,0.9982500076293945,0.9954289197921753,0.9999997615814209,,,0.22649697959423065,0.22385264933109283,0.01580009050667286,0.10677684843540192,0.10770059376955032,-0.006809722166508436,0.0665813758969307,0.06782600283622742,-0.02749025635421276,0.28156915307044983,0.2797382175922394,-0.025165168568491936,0.0010383175686001778,0.0010034433798864484,0.013179701752960682,0.010452328249812126,0.010597898624837399,0.014339410699903965,0.0009313502814620733,0.0008835040498524904,0.0,0.8888888955116272,0.8888888955116272
275,train,0.0006483291702655455,0.0009022076847031713,0.001052576000802219,0.0,1.0,1.0,1.0,1.0,0.9979933500289917,0.9946492314338684,1.000000238418579,0.25954810774263737,0.0023366038221865892,0.22365263104438782,0.22385264933109283,-0.016859212890267372,0.1119106337428093,0.10770059376955032,0.01167567539960146,0.06848371773958206,0.06782600283622742,0.02584974654018879,0.2855693995952606,0.2797382175922394,0.026451868936419487,0.0009472844540141523,0.0010034433798864484,-0.022726083174347878,0.010715103708207607,0.010597898624837399,-0.00992294680327177,0.0007675293018110096,0.0008835040498524904,0.0,0.8888888955116272,0.8888888955116272
275,eval,,0.0009022076847031713,0.0010525756515562534,0.0,1.0,1.0,1.0,1.0,0.9979933500289917,0.9946495294570923,0.9999997615814209,,,0.22365263104438782,0.22385264933109283,-0.01685919798910618,0.11191064119338989,0.10770059376955032,0.011675680987536907,0.06848371773958206,0.06782600283622742,0.02584974467754364,0.2855693995952606,0.2797382175922394,0.026451870799064636,0.0009472844540141523,0.0010034433798864484,-0.02272607386112213,0.010715103708207607,0.010597898624837399,-0.00992294866591692,0.000767529068980366,0.0008835040498524904,0.0,0.8888888955116272,0.8888888955116272
276,train,0.0006288568838499486,0.0011847395217046142,0.0013821959728375077,0.0,1.0,1.0,1.0,1.0,0.9974607229232788,0.9934006929397583,1.0000001192092896,0.1979874982722735,0.002323578344658017,0.22747288644313812,0.22385264933109283,0.011211094446480274,0.10621003061532974,0.10770059376955032,-0.0056641981936991215,0.06604644656181335,0.06782600283622742,-0.05116680637001991,0.27469199895858765,0.2797382175922394,-0.02160983346402645,0.0011750449193641543,0.0010034433798864484,0.02993469499051571,0.011234128847718239,0.010597898624837399,0.0028652187902480364,0.0007355123525485396,0.0008835040498524904,0.0,0.8888888955116272,0.8888888955116272
276,eval,,0.0011847395217046142,0.0013821959728375077,0.0,1.0,1.0,1.0,1.0,0.997460663318634,0.9934007525444031,0.9999997615814209,,,0.22747288644313812,0.22385264933109283,0.011211075820028782,0.10621005296707153,0.10770059376955032,-0.0056642103008925915,0.06604644656181335,0.06782600283622742,-0.05116681754589081,0.27469199895858765,0.2797382175922394,-0.021609822288155556,0.0011750450357794762,0.0010034433798864484,0.029934674501419067,0.011234127916395664,0.010597898624837399,0.002865204820409417,0.0007355121779255569,0.0008835040498524904,0.0,0.8888888955116272,0.8888888955116272
277,train,0.000774334262435635,0.0009919945150613785,0.0011573266237974167,0.0,1.0,1.0,1.0,1.0,0.9978295564651489,0.9942344427108765,1.0000001192092896,0.20473646256826855,0.0023799672489985824,0.22084029018878937,0.22385264933109283,-0.003084675408899784,0.10426843166351318,0.10770059376955032,-0.002884677378460765,0.06434156000614166,0.06782600283622742,0.03882670775055885,0.2851155996322632,0.2797382175922394,0.023403257131576538,0.0012146290391683578,0.0010034433798864484,-0.025649001821875572,0.01074343454092741,0.010597898624837399,-0.0020799010526388884,0.0008071768679656088,0.0008835040498524904,0.0,0.8888888955116272,0.8888888955116272
277,eval,,0.0009919945150613785,0.0011573269730433822,0.0,1.0,1.0,1.0,1.0,0.9978293180465698,0.9942345023155212,0.9999997615814209,,,0.22084029018878937,0.22385264933109283,-0.0030846670269966125,0.10426843166351318,0.10770059376955032,-0.002884669927880168,0.06434155255556107,0.06782600283622742,0.03882671892642975,0.2851155698299408,0.2797382175922394,0.02340325154364109,0.0012146290391683578,0.0010034433798864484,-0.02564901113510132,0.010743433609604836,0.010597898624837399,-0.002079918747767806,0.000807177450042218,0.0008835040498524904,0.0,0.8888888955116272,0.8888888955116272
278,train,0.0007027250248938799,0.0007239806582219899,0.0008446441497653723,0.0,1.0,1.0,1.0,1.0,0.9983925223350525,0.9957233667373657,1.0000001192092896,0.24275241144638776,0.0021300888038240373,0.2246371954679489,0.22385264933109283,0.00680933753028512,0.10698813945055008,0.10770059376955032,0.0023584289010614157,0.06441131979227066,0.06782600283622742,-0.025220291689038277,0.2723233699798584,0.2797382175922394,-0.014737196266651154,0.0010077496990561485,0.0010034433798864484,0.02225850336253643,0.010700401850044727,0.010597898624837399,-0.0024167601950466633,0.0008848952129483223,0.0008835040498524904,0.0,0.8888888955116272,0.8888888955116272
278,eval,,0.0007239806582219899,0.0008446440333500504,0.0,1.0,1.0,1.0,1.0,0.9983924031257629,0.9957232475280762,0.9999997615814209,,,0.2246371954679489,0.22385264933109283,0.0068093277513980865,0.10698813199996948,0.10770059376955032,0.0023584214504808187,0.06441131234169006,0.06782600283622742,-0.025220289826393127,0.2723233699798584,0.2797382175922394,-0.014737174846231937,0.0010077498154714704,0.0010034433798864484,0.022258514538407326,0.010700402781367302,0.010597898624837399,-0.002416770439594984,0.000884896726347506,0.0008835040498524904,0.0,0.8888888955116272,0.8888888955116272
279,train,0.0006966788787394762,0.0005488840397447348,0.0006403647130355239,0.0,1.0,1.0,1.0,1.0,0.9987743496894836,0.9967281818389893,1.0,0.3981044109944337,0.0023061922984197736,0.22269541025161743,0.22385264933109283,-0.004749294836074114,0.10450996458530426,0.10770059376955032,0.006925562862306833,0.06560385972261429,0.06782600283622742,-0.011574682779610157,0.2701895236968994,0.2797382175922394,0.015294741839170456,0.0008794058812782168,0.0010034433798864484,-0.0055617340840399265,0.010763738304376602,0.010597898624837399,0.0012923995964229107,0.0007616705261170864,0.0008835040498524904,0.0,0.8888888955116272,0.8888888955116272
279,eval,,0.0005488841561600566,0.0006403648876585066,0.0,1.0,1.0,1.0,1.0,0.9987743496894836,0.9967281818389893,0.9999997615814209,,,0.22269541025161743,0.22385264933109283,-0.004749286454170942,0.10450997203588486,0.10770059376955032,0.006925577763468027,0.06560386717319489,0.06782600283622742,-0.011574666947126389,0.2701895236968994,0.2797382175922394,0.015294757671654224,0.0008794060559011996,0.0010034433798864484,-0.005561752710491419,0.010763740167021751,0.010597898624837399,0.0012924126349389553,0.0007616704097017646,0.0008835040498524904,0.0,0.8888888955116272,0.8888888955116272
280,train,0.0005621778739926716,0.0006631306605413556,0.00077365234028548,0.0,1.0,1.0,1.0,1.0,0.9985400438308716,0.9961591958999634,1.0,0.3096757103307085,0.001997287094127387,0.22069941461086273,0.22385264933109283,-0.005536764860153198,0.10594771057367325,0.10770059376955032,0.006230065133422613,0.0670938566327095,0.06782600283622742,0.031441956758499146,0.2755770981311798,0.2797382175922394,-0.01645851321518421,0.0009216283215209842,0.0010034433798864484,-0.006049439311027527,0.010737167671322823,0.010597898624837399,0.0023899513762444258,0.0007560786325484514,0.0008835040498524904,0.0,0.8888888955116272,0.8888888955116272
280,eval,,0.0006631307769566774,0.0007736525731161237,0.0,1.0,1.0,1.0,1.0,0.9985398650169373,0.9961591958999634,0.9999997615814209,,,0.22069941461086273,0.22385264933109283,-0.005536746233701706,0.10594771802425385,0.10770059376955032,0.006230045109987259,0.0670938491821289,0.06782600283622742,0.03144196420907974,0.2755770981311798,0.2797382175922394,-0.016458531841635704,0.0009216286125592887,0.0010034433798864484,-0.006049450486898422,0.010737168602645397,0.010597898624837399,0.002389936475083232,0.0007560781668871641,0.0008835040498524904,0.0,0.8888888955116272,0.8888888955116272
281,train,0.000565070785038794,0.0007340369047597051,0.000856376311276108,0.0,1.0,1.0,1.0,1.0,0.9984123110771179,0.9958279132843018,1.0,0.2425610628319835,0.0018747744616121054,0.22603198885917664,0.22385264933109283,-0.006437868345528841,0.10662420094013214,0.10770059376955032,-0.003416286548599601,0.06804297119379044,0.06782600283622742,-0.037282612174749374,0.2769428789615631,0.2797382175922394,0.006736795883625746,0.0009549687965773046,0.0010034433798864484,0.017717605456709862,0.010822666808962822,0.010597898624837399,-0.004095488227903843,0.0007072273292578757,0.0008835040498524904,0.0,0.8888888955116272,0.8888888955116272
281,eval,,0.0007340367883443832,0.0008563762530684471,0.0,1.0,1.0,1.0,1.0,0.998412549495697,0.9958280920982361,0.9999997615814209,,,0.22603198885917664,0.22385264933109283,-0.006437880452722311,0.10662421584129333,0.10770059376955032,-0.0034162860829383135,0.06804297119379044,0.06782600283622742,-0.03728259727358818,0.2769428491592407,0.2797382175922394,0.006736800540238619,0.0009549684473313391,0.0010034433798864484,0.01771761104464531,0.010822668671607971,0.010597898624837399,-0.004095485899597406,0.0007072280277498066,0.0008835040498524904,0.0,0.8888888955116272,0.8888888955116272
282,train,0.0005710158147849143,0.0009060039301402867,0.0010570044396445155,0.0,1.0,1.0,1.0,1.0,0.9980869889259338,0.994964599609375,1.0000001192092896,0.21798116742942644,0.0020781824714504182,0.22374145686626434,0.22385264933109283,0.02677706629037857,0.10826682299375534,0.10770059376955032,0.018204575404524803,0.06809213757514954,0.06782600283622742,0.028262585401535034,0.27747923135757446,0.2797382175922394,0.009819475933909416,0.0011100576957687736,0.0010034433798864484,-0.021960923448204994,0.01065047550946474,0.010597898624837399,-0.011739387176930904,0.0010716693941503763,0.0008835040498524904,0.0,0.8888888955116272,0.8888888955116272
282,eval,,0.0009060038137249649,0.0010570043232291937,0.0,1.0,1.0,1.0,1.0,0.9980867505073547,0.9949645400047302,0.9999997615814209,,,0.22374147176742554,0.22385264933109283,0.026777060702443123,0.10826683789491653,0.10770059376955032,0.018204571679234505,0.06809214502573013,0.06782600283622742,0.02826257050037384,0.27747926115989685,0.2797382175922394,0.009819474071264267,0.0011100578121840954,0.0010034433798864484,-0.021960943937301636,0.010650476440787315,0.010597898624837399,-0.011739390902221203,0.0010716698598116636,0.0008835040498524904,0.0,0.8888888955116272,0.8888888955116272
283,train,0.0006299332793181142,0.0007042880752123892,0.000821669411379844,0.0,1.0,1.0,1.0,1.0,0.9985084533691406,0.9960477948188782,1.0000001192092896,0.17674708875734949,0.0018130160169675946,0.22466397285461426,0.22385264933109283,-0.019885240122675896,0.10620533674955368,0.10770059376955032,-0.01339255552738905,0.06494705379009247,0.06782600283622742,-0.024607479572296143,0.28501471877098083,0.2797382175922394,-0.007800722494721413,0.0009971910621970892,0.0010034433798864484,0.015467182733118534,0.010449131950736046,0.010597898624837399,0.009069925174117088,0.0007476243190467358,0.0008835040498524904,0.0,0.8888888955116272,0.8888888955116272
283,eval,,0.0007042881916277111,0.0008216695277951658,0.0,1.0,1.0,1.0,1.0,0.9985081553459167,0.9960479736328125,0.9999997615814209,,,0.22466397285461426,0.22385264933109283,-0.019885247573256493,0.10620534420013428,0.10770059376955032,-0.013392557390034199,0.06494705379009247,0.06782600283622742,-0.024607472121715546,0.2850147485733032,0.2797382175922394,-0.007800726220011711,0.000997191178612411,0.0010034433798864484,0.015467179007828236,0.010449131950736046,0.010597898624837399,0.009069934487342834,0.0007476242608390749,0.0008835040498524904,0.0,0.8888888955116272,0.8888888955116272
284,train,0.0006002139028472205,0.0007032736320979893,0.0008204859332181513,0.0,1.0,1.0,1.0,1.0,0.9984754323959351,0.9959873557090759,1.0000001192092896,0.3091999680538549,0.0020389020210132003,0.2205527424812317,0.22385264933109283,-0.010856921784579754,0.10653307288885117,0.10770059376955032,0.0034182847011834383,0.06587855517864227,0.06782600283622742,0.036879342049360275,0.2816656529903412,0.2797382175922394,0.0031439203303307295,0.0010932792210951447,0.0010034433798864484,0.0043717981316149235,0.010361156426370144,0.010597898624837399,-0.011228836141526699,0.0008079388062469661,0.0008835040498524904,0.0,0.8888888955116272,0.8888888955116272
284,eval,,0.0007032734574750066,0.0008204857003875077,0.0,1.0,1.0,1.0,1.0,0.998475193977356,0.9959874749183655,0.9999997615814209,,,0.2205527424812317,0.22385264933109283,-0.010856910608708858,0.10653306543827057,0.10770059376955032,0.003418290289118886,0.06587855517864227,0.06782600283622742,0.036879319697618484,0.2816656529903412,0.2797382175922394,0.0031439184676855803,0.0010932794539257884,0.0010034433798864484,0.004371803719550371,0.010361156426370144,0.010597898624837399,-0.01122884452342987,0.0008079381659626961,0.0008835040498524904,0.0,0.8888888955116272,0.8888888955116272
285,train,0.0005569967130819956,0.000878698832821101,0.0010251490166410804,0.0,1.0,1.0,1.0,1.0,0.998094916343689,0.9949817657470703,1.0,0.23127427886699464,0.001863117329776287,0.225972518324852,0.22385264933109283,0.025259366258978844,0.10347616672515869,0.10770059376955032,-0.008451277390122414,0.06350816041231155,0.06782600283622742,-0.03660077229142189,0.27343323826789856,0.2797382175922394,-0.0027629437390714884,0.0011111582862213254,0.0010034433798864484,-0.01997741125524044,0.010053018108010292,0.010597898624837399,0.013825316913425922,0.0008749218541197479,0.0008835040498524904,0.0,0.8888888955116272,0.8888888955116272
285,eval,,0.0008786991238594055,0.0010251491330564022,0.0,1.0,1.0,1.0,1.0,0.998094916343689,0.9949818849563599,0.9999997615814209,,,0.225972518324852,0.22385264933109283,0.02525937557220459,0.10347617417573929,0.10770059376955032,-0.008451282046735287,0.06350815296173096,0.06782600283622742,-0.036600783467292786,0.27343323826789856,0.2797382175922394,-0.0027629388496279716,0.0011111573548987508,0.0010034433798864484,-0.019977392628788948,0.010053016245365143,0.010597898624837399,0.013825318776071072,0.0008749225526116788,0.0008835040498524904,0.0,0.8888888955116272,0.8888888955116272
286,train,0.0005798243801109493,0.0012425942113623023,0.0014496933436021209,0.0,1.0,1.0,1.0,1.0,0.9974857568740845,0.993389368057251,1.0,0.11196007372491115,0.0019597808714024723,0.22011925280094147,0.22385264933109283,-0.01152773667126894,0.10292431712150574,0.10770059376955032,0.011833839118480682,0.06563600897789001,0.06782600283622742,0.05526873096823692,0.2928657829761505,0.2797382175922394,0.0023294761776924133,0.0010669189505279064,0.0010034433798864484,0.02657122164964676,0.010983770713210106,0.010597898624837399,-0.010804902762174606,0.0009571119444444776,0.0008835040498524904,0.0,0.8888888955116272,0.8888888955116272
286,eval,,0.0012425943277776241,0.0014496935764327645,0.0,1.0,1.0,1.0,1.0,0.9974859952926636,0.9933894872665405,0.9999997615814209,,,0.22011925280094147,0.22385264933109283,-0.011527732014656067,0.10292430967092514,0.10770059376955032,0.011833836324512959,0.06563600897789001,0.06782600283622742,0.05526873469352722,0.2928657829761505,0.2797382175922394,0.0023294815327972174,0.0010669189505279064,0.0010034433798864484,0.026571223512291908,0.010983769781887531,0.010597898624837399,-0.010804899036884308,0.000957111653406173,0.0008835040498524904,0.0,0.8888888955116272,0.8888888955116272
287,train,0.0007692502404097468,0.0010713170049712062,0.001249870052561164,0.0,1.0,1.0,1.0,1.0,0.997800350189209,0.9942270517349243,1.0000001192092896,0.22049428329789256,0.0022885031648911536,0.2261638194322586,0.22385264933109283,0.013422630727291107,0.10403499752283096,0.10770059376955032,-0.011040139012038708,0.06478706002235413,0.06782600283622742,-0.05330071970820427,0.2653968036174774,0.2797382175922394,0.003165662521496415,0.0009097108268178999,0.0010034433798864484,-0.018517736345529556,0.010230429470539093,0.010597898624837399,0.005445217248052359,0.0008721047197468579,0.0008835040498524904,0.0,0.8888888955116272,0.8888888955116272
287,eval,,0.0010713167721405625,0.0012498697033151984,0.0,1.0,1.0,1.0,1.0,0.9978002309799194,0.9942269921302795,0.9999997615814209,,,0.2261638194322586,0.22385264933109283,0.01342261303216219,0.10403500497341156,0.10770059376955032,-0.011040113866329193,0.06478706002235413,0.06782600283622742,-0.05330071225762367,0.2653968036174774,0.2797382175922394,0.003165673464536667,0.0009097104193642735,0.0010034433798864484,-0.018517719581723213,0.010230428539216518,0.010597898624837399,0.005445217248052359,0.0008721043705008924,0.0008835040498524904,0.0,0.8888888955116272,0.8888888955116272
288,train,0.0007830122097705802,0.0007216796511784196,0.0008419596706517041,0.0,1.0,1.0,1.0,1.0,0.9984307289123535,0.9958646297454834,1.000000238418579,0.34227775861747206,0.002390010398812592,0.2206011563539505,0.22385264933109283,-0.012625585310161114,0.10567760467529297,0.10770059376955032,-0.006556882988661528,0.06529512256383896,0.06782600283622742,0.030427366495132446,0.2845052480697632,0.2797382175922394,0.005209119990468025,0.0009118220186792314,0.0010034433798864484,0.014748970977962017,0.010997300036251545,0.010597898624837399,-0.006619877647608519,0.0008504266734234989,0.0008835040498524904,0.0,0.8888888955116272,0.8888888955116272
288,eval,,0.0007216795347630978,0.0008419596124440432,0.0,1.0,1.0,1.0,1.0,0.9984307289123535,0.9958645105361938,0.9999997615814209,,,0.2206011563539505,0.22385264933109283,-0.012625598348677158,0.10567761212587357,0.10770059376955032,-0.006556875538080931,0.06529513001441956,0.06782600283622742,0.030427372083067894,0.2845052480697632,0.2797382175922394,0.005209105554968119,0.0009118219604715705,0.0010034433798864484,0.014749000780284405,0.010997302830219269,0.010597898624837399,-0.006619872525334358,0.0008504278375767171,0.0008835040498524904,0.0,0.8888888955116272,0.8888888955116272
289,train,0.0006588686568041643,0.0006891020457260311,0.0008039523381739855,0.0,1.0,1.0,1.0,1.0,0.9984971284866333,0.9960824847221375,1.0000001192092896,0.400024433165443,0.0024287712294608355,0.22557669878005981,0.22385264933109283,0.0066508338786661625,0.10532597452402115,0.10770059376955032,0.01871970109641552,0.06828822940587997,0.06782600283622742,-0.009019256569445133,0.2831838130950928,0.2797382175922394,-0.015060569159686565,0.001146277179941535,0.0010034433798864484,0.010130123235285282,0.010895895771682262,0.010597898624837399,0.011212856508791447,0.0010534042958170176,0.0008835040498524904,0.0,0.8888888955116272,0.8888888955116272
289,eval,,0.0006891022203490138,0.0008039527456276119,0.0,1.0,1.0,1.0,1.0,0.9984972476959229,0.9960824847221375,0.9999997615814209,,,0.22557669878005981,0.22385264933109283,0.006650810595601797,0.10532594472169876,0.10770059376955032,0.01871970295906067,0.06828822940587997,0.06782600283622742,-0.009019262157380581,0.2831838130950928,0.2797382175922394,-0.015060562640428543,0.0011462776456028223,0.0010034433798864484,0.010130138136446476,0.010895897634327412,0.010597898624837399,0.011212870478630066,0.0010534035973250866,0.0008835040498524904,0.0,0.8888888955116272,0.8888888955116272
290,train,0.0005607599159702659,0.0006358966929838061,0.0007418794557452202,0.0,1.0,1.0,1.0,1.0,0.998586893081665,0.9962291121482849,1.0000001192092896,0.218748827417603,0.00204828183632344,0.22403265535831451,0.22385264933109283,0.0002003853878704831,0.11013943701982498,0.10770059376955032,-0.00944533757865429,0.06587972491979599,0.06782600283622742,0.005029807332903147,0.2829526364803314,0.2797382175922394,0.011247922666370869,0.0011351109715178609,0.0010034433798864484,-0.008084495551884174,0.01069553941488266,0.010597898624837399,-0.011036212556064129,0.0007793752592988312,0.0008835040498524904,0.0,0.8888888955116272,0.8888888955116272
290,eval,,0.0006358964601531625,0.0007418792229145765,0.0,1.0,1.0,1.0,1.0,0.9985869526863098,0.996229350566864,0.9999997615814209,,,0.22403265535831451,0.22385264933109283,0.00020037528884131461,0.11013945192098618,0.10770059376955032,-0.009445334784686565,0.0658797100186348,0.06782600283622742,0.005029790103435516,0.2829526364803314,0.2797382175922394,0.011247922666370869,0.0011351106222718954,0.0010034433798864484,-0.008084498345851898,0.010695538483560085,0.010597898624837399,-0.011036220006644726,0.0007793745608069003,0.0008835040498524904,0.0,0.8888888955116272,0.8888888955116272
291,train,0.0005477021913975477,0.0005946244345977902,0.0006937284488230944,0.0,1.0,1.0,1.0,1.0,0.9987064599990845,0.9965618252754211,1.0000001192092896,0.24046414281307885,0.0020882600219920278,0.223287895321846,0.22385264933109283,0.011628626845777035,0.10599805414676666,0.10770059376955032,0.015562877058982849,0.06718011945486069,0.06782600283622742,0.0036509272176772356,0.2735449969768524,0.2797382175922394,-0.010489308275282383,0.0009833814110606909,0.0010034433798864484,-0.0010084481909871101,0.010981210507452488,0.010597898624837399,0.00860846322029829,0.0008455560891889036,0.0008835040498524904,0.0,0.8888888955116272,0.8888888955116272
291,eval,,0.0005946249002590775,0.0006937289726920426,0.0,1.0,1.0,1.0,1.0,0.998706579208374,0.9965618252754211,0.9999997615814209,,,0.22328788042068481,0.22385264933109283,0.011628631502389908,0.10599804669618607,0.10770059376955032,0.015562896616756916,0.06718011945486069,0.06782600283622742,0.0036509467754513025,0.2735449969768524,0.2797382175922394,-0.010489306412637234,0.0009833815274760127,0.0010034433798864484,-0.0010084434179589152,0.010981208644807339,0.010597898624837399,0.00860845297574997,0.0008455566712655127,0.0008835040498524904,0.0,0.8888888955116272,0.8888888955116272
292,train,0.0005767696808713177,0.0007258071564137936,0.0008467751322314143,0.0,1.0,1.0,1.0,1.0,0.998562753200531,0.996238648891449,1.0000001192092896,0.311157782653316,0.0022737649269402027,0.22555722296237946,0.22385264933109283,-0.0227423757314682,0.1078752875328064,0.10770059376955032,-0.006948104593902826,0.06614866107702255,0.06782600283622742,-0.03558102250099182,0.2777683436870575,0.2797382175922394,0.00667514419183135,0.0009111152030527592,0.0010034433798864484,0.002961313584819436,0.010575189255177975,0.010597898624837399,-0.005657617002725601,0.000989561784081161,0.0008835040498524904,0.0,0.8888888955116272,0.8888888955116272
292,eval,,0.0007258069235831499,0.0008467748411931098,0.0,1.0,1.0,1.0,1.0,0.9985626339912415,0.9962384700775146,0.9999997615814209,,,0.22555722296237946,0.22385264933109283,-0.022742362692952156,0.1078752800822258,0.10770059376955032,-0.006948112044483423,0.06614865362644196,0.06782600283622742,-0.03558101877570152,0.2777683734893799,0.2797382175922394,0.006675145123153925,0.0009111149120144546,0.0010034433798864484,0.0029613052029162645,0.010575187392532825,0.010597898624837399,-0.005657614674419165,0.0009895628318190575,0.0008835040498524904,0.0,0.8888888955116272,0.8888888955116272
293,train,0.000580757565330714,0.0009441493893973529,0.0011015073396265507,0.0,1.0,1.0,1.0,1.0,0.9979959726333618,0.9946839213371277,1.0000001192092896,0.23883924910359944,0.002097955089993775,0.22209177911281586,0.22385264933109283,0.016217997297644615,0.1095549613237381,0.10770059376955032,-0.004239178728312254,0.0657142773270607,0.06782600283622742,0.047222912311553955,0.2892242968082428,0.2797382175922394,-0.006000081077218056,0.0011351840803399682,0.0010034433798864484,0.0011494267964735627,0.010608687996864319,0.010597898624837399,-0.006358103360980749,0.0007272674120031297,0.0008835040498524904,0.0,0.8888888955116272,0.8888888955116272
293,eval,,0.0009441490983590484,0.0011015073396265507,0.0,1.0,1.0,1.0,1.0,0.9979959726333618,0.9946838617324829,0.9999997615814209,,,0.22209177911281586,0.22385264933109283,0.016217991709709167,0.1095549613237381,0.10770059376955032,-0.004239180590957403,0.0657142847776413,0.06782600283622742,0.04722290858626366,0.2892242968082428,0.2797382175922394,-0.006000075023621321,0.0011351837310940027,0.0010034433798864484,0.0011494362261146307,0.010608688928186893,0.010597898624837399,-0.006358098238706589,0.0007272673537954688,0.0008835040498524904,0.0,0.8888888955116272,0.8888888955116272
294,train,0.0006360811530612409,0.0008510187035426497,0.0009928552899509668,0.0,1.0,1.0,1.0,1.0,0.9981517791748047,0.9950841069221497,1.0000001192092896,0.17469421187752898,0.0023507525911554694,0.2244681417942047,0.22385264933109283,-0.019873542711138725,0.10370875895023346,0.10770059376955032,0.011305633001029491,0.06590098887681961,0.06782600283622742,-0.03545350208878517,0.27079829573631287,0.2797382175922394,-0.002599034458398819,0.0014241570606827736,0.0010034433798864484,-0.002568908268585801,0.010502545163035393,0.010597898624837399,0.01634466089308262,0.00102646229788661,0.0008835040498524904,0.0,0.8888888955116272,0.8888888955116272
294,eval,,0.0008510189945809543,0.0009928555227816105,0.0,1.0,1.0,1.0,1.0,0.9981516599655151,0.9950841069221497,0.9999997615814209,,,0.2244681417942047,0.22385264933109283,-0.019873538985848427,0.10370876640081406,0.10770059376955032,0.011305645108222961,0.06590098142623901,0.06782600283622742,-0.035453494638204575,0.27079829573631287,0.2797382175922394,-0.002599037252366543,0.0014241570606827736,0.0010034433798864484,-0.0025689119938760996,0.010502545163035393,0.010597898624837399,0.016344653442502022,0.0010264628799632192,0.0008835040498524904,0.0,0.8888888955116272,0.8888888955116272
295,train,0.0006267937133088708,0.0006305919960141182,0.0007356905844062567,0.0,1.0,1.0,1.0,1.0,0.9986192584037781,0.9963232278823853,1.0000001192092896,0.2512899669390866,0.0022210730821825564,0.22220751643180847,0.22385264933109283,-0.001327591948211193,0.10601215809583664,0.10770059376955032,0.0047189402393996716,0.06540801376104355,0.06782600283622742,0.019054198637604713,0.2819600999355316,0.2797382175922394,0.007458600681275129,0.0012190158013254404,0.0010034433798864484,0.013767211697995663,0.010392537340521812,0.010597898624837399,-0.019762149080634117,0.0007603458361700177,0.0008835040498524904,0.0,0.8888888955116272,0.8888888955116272
295,eval,,0.0006305915303528309,0.0007356900023296475,0.0,1.0,1.0,1.0,1.0,0.998619019985199,0.9963232278823853,0.9999997615814209,,,0.22220751643180847,0.22385264933109283,-0.0013275746023282409,0.10601217299699783,0.10770059376955032,0.004718946758657694,0.06540801376104355,0.06782600283622742,0.019054191187024117,0.2819600999355316,0.2797382175922394,0.007458608131855726,0.0012190152192488313,0.0010034433798864484,0.013767191208899021,0.010392537340521812,0.010597898624837399,-0.019762154668569565,0.0007603451958857477,0.0008835040498524904,0.0,0.8888888955116272,0.8888888955116272
296,train,0.0005770043547575673,0.000856282829772681,0.0009989968966692686,0.0,1.0,1.0,1.0,1.0,0.9980990886688232,0.9949237108230591,1.0000001192092896,0.32964847769975775,0.002058287849649787,0.2229447364807129,0.22385264933109283,0.03892923519015312,0.10292372107505798,0.10770059376955032,-0.020520856603980064,0.06525357812643051,0.06782600283622742,0.010859616100788116,0.2790125012397766,0.2797382175922394,-0.01642642915248871,0.001036106375977397,0.0010034433798864484,-0.009082872420549393,0.010363256558775902,0.010597898624837399,0.013486348092556,0.000727676844689995,0.0008835040498524904,0.0,0.8888888955116272,0.8888888955116272
296,eval,,0.0008562824805267155,0.0009989964310079813,0.0,1.0,1.0,1.0,1.0,0.9980990290641785,0.9949236512184143,0.9999997615814209,,,0.2229447364807129,0.22385264933109283,0.03892922401428223,0.10292372107505798,0.10770059376955032,-0.02052084542810917,0.06525358557701111,0.06782600283622742,0.010859619826078415,0.2790125012397766,0.2797382175922394,-0.01642642170190811,0.0010361062595620751,0.0010034433798864484,-0.009082886390388012,0.010363259352743626,0.010597898624837399,0.013486340641975403,0.0007276769611053169,0.0008835040498524904,0.0,0.8888888955116272,0.8888888955116272
297,train,0.0006021249767703315,0.0008301340858452022,0.0009684896795079112,0.0,1.0,1.0,1.0,1.0,0.9982522130012512,0.9953702688217163,1.0000001192092896,0.17086460571077303,0.0018497812561690807,0.2239958643913269,0.22385264933109283,-0.04029294475913048,0.10673673450946808,0.10770059376955032,0.011202804744243622,0.06576251983642578,0.06782600283622742,-0.02122381329536438,0.2757576107978821,0.2797382175922394,0.010435666888952255,0.0009462512098252773,0.0010034433798864484,0.004465585108846426,0.01065251138061285,0.010597898624837399,-0.012787039391696453,0.0011830710573121905,0.0008835040498524904,0.0,0.8888888955116272,0.8888888955116272
297,eval,,0.0008301339112222195,0.0009684893884696066,0.0,1.0,1.0,1.0,1.0,0.9982523322105408,0.9953702092170715,0.9999997615814209,,,0.2239958643913269,0.22385264933109283,-0.04029293358325958,0.10673674941062927,0.10770059376955032,0.011202793568372726,0.06576251238584518,0.06782600283622742,-0.02122381329536438,0.2757576107978821,0.2797382175922394,0.010435670614242554,0.0009462515590712428,0.0010034433798864484,0.0044655646197497845,0.010652509517967701,0.010597898624837399,-0.012787033803761005,0.001183070708066225,0.0008835040498524904,0.0,0.8888888955116272,0.8888888955116272
298,train,0.000686256680637598,0.0005362367955967784,0.00062560971127823,0.0,1.0,1.0,1.0,1.0,0.9988350868225098,0.9969139099121094,1.000000238418579,0.36153070303724244,0.0023257849970832467,0.2238810509443283,0.22385264933109283,0.009665071032941341,0.10518429428339005,0.10770059376955032,0.013439904898405075,0.06578129529953003,0.06782600283622742,0.004513654392212629,0.282439261674881,0.2797382175922394,-0.012450429610908031,0.0009286539279855788,0.0010034433798864484,0.005422478541731834,0.010580381378531456,0.010597898624837399,0.006207528058439493,0.0007369834347628057,0.0008835040498524904,0.0,0.8888888955116272,0.8888888955116272
298,eval,,0.000536236388143152,0.0006256092456169426,0.0,1.0,1.0,1.0,1.0,0.9988347887992859,0.9969140291213989,0.9999997615814209,,,0.2238810509443283,0.22385264933109283,0.00966507289558649,0.10518430173397064,0.10770059376955032,0.013439901173114777,0.06578131020069122,0.06782600283622742,0.004513649735599756,0.2824392318725586,0.2797382175922394,-0.012450437992811203,0.0009286529966630042,0.0010034433798864484,0.0054224529303610325,0.01058038230985403,0.010597898624837399,0.006207519676536322,0.000736983201932162,0.0008835040498524904,0.0,0.8888888955116272,0.8888888955116272
299,train,0.0005159404245205224,0.0006694297771900892,0.0007810014649294317,0.0,1.0,1.0,1.0,1.0,0.9985106587409973,0.9960305690765381,1.0000001192092896,0.278769319079511,0.0023256101994775236,0.2225252091884613,0.22385264933109283,0.0025021247565746307,0.10880529880523682,0.10770059376955032,-0.015357035212218761,0.06590905040502548,0.06782600283622742,-0.006858986336737871,0.2700977027416229,0.2797382175922394,0.007076694164425135,0.000876797828823328,0.0010034433798864484,-0.011908415704965591,0.010535825043916702,0.010597898624837399,0.013175767846405506,0.001078733243048191,0.0008835040498524904,0.0,0.8888888955116272,0.8888888955116272
299,eval,,0.0006694297189824283,0.0007810012903064489,0.0,1.0,1.0,1.0,1.0,0.9985105395317078,0.9960305094718933,0.9999997615814209,,,0.2225252091884613,0.22385264933109283,0.0025021263863891363,0.10880529880523682,0.10770059376955032,-0.015357044525444508,0.06590905785560608,0.06782600283622742,-0.0068590156733989716,0.2700977027416229,0.2797382175922394,0.007076682057231665,0.0008767981780692935,0.0010034433798864484,-0.011908422224223614,0.010535825975239277,0.010597898624837399,0.013175771571695805,0.0010787330102175474,0.0008835040498524904,0.0,0.8888888955116272,0.8888888955116272
